origen,destino,anio,valor
Afghanistan,RESTO_DEL_MUNDO,1919,0
Afghanistan,RESTO_DEL_MUNDO,1920,0.02
Afghanistan,RESTO_DEL_MUNDO,1921,1.96
Afghanistan,RESTO_DEL_MUNDO,1922,0.01
Afghanistan,RESTO_DEL_MUNDO,1923,0.06
Afghanistan,RESTO_DEL_MUNDO,1924,0.711877
Afghanistan,RESTO_DEL_MUNDO,1925,1.88
Afghanistan,RESTO_DEL_MUNDO,1926,2.54
Afghanistan,RESTO_DEL_MUNDO,1927,3.97
Afghanistan,RESTO_DEL_MUNDO,1928,6.22
Afghanistan,RESTO_DEL_MUNDO,1929,6.27054
Afghanistan,RESTO_DEL_MUNDO,1930,0.633275
Afghanistan,RESTO_DEL_MUNDO,1931,6.36227
Afghanistan,RESTO_DEL_MUNDO,1932,5.96214
Afghanistan,RESTO_DEL_MUNDO,1933,3.5803
Afghanistan,RESTO_DEL_MUNDO,1934,2.84607
Afghanistan,RESTO_DEL_MUNDO,1935,4.80262
Afghanistan,RESTO_DEL_MUNDO,1936,4.36894
Afghanistan,RESTO_DEL_MUNDO,1937,3.96947
Afghanistan,RESTO_DEL_MUNDO,1938,3.42147
Afghanistan,RESTO_DEL_MUNDO,1939,1.1307
Afghanistan,RESTO_DEL_MUNDO,1940,0.33
Afghanistan,RESTO_DEL_MUNDO,1941,0
Afghanistan,RESTO_DEL_MUNDO,1942,0.02
Afghanistan,RESTO_DEL_MUNDO,1944,0
Afghanistan,RESTO_DEL_MUNDO,1945,0
Afghanistan,RESTO_DEL_MUNDO,1946,0.01
Afghanistan,RESTO_DEL_MUNDO,1947,0.078669
Afghanistan,RESTO_DEL_MUNDO,1948,0
Afghanistan,RESTO_DEL_MUNDO,1949,0
Afghanistan,India,1950,0
Afghanistan,RESTO_DEL_MUNDO,1950,0
Afghanistan,Sri Lanka,1950,0
Afghanistan,India,1951,0
Afghanistan,RESTO_DEL_MUNDO,1951,0
Afghanistan,Sri Lanka,1951,0
Afghanistan,India,1952,0
Afghanistan,RESTO_DEL_MUNDO,1952,0
Afghanistan,Sri Lanka,1952,0
Afghanistan,India,1953,0
Afghanistan,RESTO_DEL_MUNDO,1953,0
Afghanistan,Sri Lanka,1953,0
Afghanistan,India,1954,0
Afghanistan,RESTO_DEL_MUNDO,1954,0
Afghanistan,Sri Lanka,1954,0
Afghanistan,India,1955,0
Afghanistan,RESTO_DEL_MUNDO,1955,14.6
Afghanistan,Sri Lanka,1955,0
Afghanistan,India,1956,9.2
Afghanistan,RESTO_DEL_MUNDO,1956,50.9
Afghanistan,Sri Lanka,1956,0
Afghanistan,India,1957,10.4
Afghanistan,RESTO_DEL_MUNDO,1957,71.44
Afghanistan,Sri Lanka,1957,0
Afghanistan,India,1958,10.5
Afghanistan,Nepal,1958,0
Afghanistan,RESTO_DEL_MUNDO,1958,51.5
Afghanistan,Sri Lanka,1958,0
Afghanistan,India,1959,12
Afghanistan,Nepal,1959,0
Afghanistan,RESTO_DEL_MUNDO,1959,66.3
Afghanistan,Sri Lanka,1959,0
Afghanistan,India,1960,10.5
Afghanistan,Nepal,1960,0
Afghanistan,RESTO_DEL_MUNDO,1960,58.1
Afghanistan,Sri Lanka,1960,0
Afghanistan,India,1961,5.9
Afghanistan,Nepal,1961,0
Afghanistan,RESTO_DEL_MUNDO,1961,50.7
Afghanistan,Sri Lanka,1961,0
Afghanistan,India,1962,7.4
Afghanistan,Nepal,1962,0
Afghanistan,RESTO_DEL_MUNDO,1962,61.9
Afghanistan,Sri Lanka,1962,0
Afghanistan,India,1963,11.8
Afghanistan,Nepal,1963,0
Afghanistan,RESTO_DEL_MUNDO,1963,73.3
Afghanistan,Sri Lanka,1963,0
Afghanistan,India,1964,6.8
Afghanistan,Nepal,1964,0
Afghanistan,RESTO_DEL_MUNDO,1964,58.7
Afghanistan,Sri Lanka,1964,0
Afghanistan,India,1965,11
Afghanistan,Nepal,1965,0
Afghanistan,RESTO_DEL_MUNDO,1965,59.2
Afghanistan,Sri Lanka,1965,0
Afghanistan,India,1966,8.6
Afghanistan,Nepal,1966,0
Afghanistan,RESTO_DEL_MUNDO,1966,83.8
Afghanistan,Sri Lanka,1966,0
Afghanistan,India,1967,8.6
Afghanistan,Nepal,1967,0
Afghanistan,RESTO_DEL_MUNDO,1967,61.836
Afghanistan,Sri Lanka,1967,0
Afghanistan,India,1968,13.2
Afghanistan,Nepal,1968,0
Afghanistan,RESTO_DEL_MUNDO,1968,87.985
Afghanistan,Sri Lanka,1968,0
Afghanistan,India,1969,13.79
Afghanistan,Nepal,1969,0
Afghanistan,RESTO_DEL_MUNDO,1969,84.3215
Afghanistan,Sri Lanka,1969,0
Afghanistan,India,1970,11.35
Afghanistan,Nepal,1970,0
Afghanistan,RESTO_DEL_MUNDO,1970,85.0836
Afghanistan,Sri Lanka,1970,0
Afghanistan,Bangladesh,1971,0
Afghanistan,India,1971,13.49
Afghanistan,Nepal,1971,0
Afghanistan,RESTO_DEL_MUNDO,1971,98.249
Afghanistan,Sri Lanka,1971,0
Afghanistan,Bangladesh,1972,0
Afghanistan,India,1972,14.3
Afghanistan,Nepal,1972,0
Afghanistan,Pakistan,1972,15.61
Afghanistan,RESTO_DEL_MUNDO,1972,87.0408
Afghanistan,Sri Lanka,1972,0
Afghanistan,Bangladesh,1973,0
Afghanistan,India,1973,16.63
Afghanistan,Nepal,1973,0
Afghanistan,Pakistan,1973,17.15
Afghanistan,RESTO_DEL_MUNDO,1973,111.638
Afghanistan,Sri Lanka,1973,0.003
Afghanistan,Bangladesh,1974,0
Afghanistan,India,1974,18.36
Afghanistan,Nepal,1974,0
Afghanistan,Pakistan,1974,21.71
Afghanistan,RESTO_DEL_MUNDO,1974,168.79
Afghanistan,Sri Lanka,1974,0
Afghanistan,Bangladesh,1975,0
Afghanistan,India,1975,20.56
Afghanistan,Nepal,1975,0
Afghanistan,Pakistan,1975,24.21
Afghanistan,RESTO_DEL_MUNDO,1975,161.842
Afghanistan,Sri Lanka,1975,0
Afghanistan,Bangladesh,1976,0
Afghanistan,India,1976,27.46
Afghanistan,Nepal,1976,0
Afghanistan,Pakistan,1976,27.47
Afghanistan,RESTO_DEL_MUNDO,1976,199.684
Afghanistan,Sri Lanka,1976,0
Afghanistan,Bangladesh,1977,0.96
Afghanistan,India,1977,26.74
Afghanistan,Nepal,1977,0
Afghanistan,Pakistan,1977,32.04
Afghanistan,RESTO_DEL_MUNDO,1977,261.95
Afghanistan,Sri Lanka,1977,0
Afghanistan,Bangladesh,1978,0.01
Afghanistan,India,1978,27.11
Afghanistan,Nepal,1978,0
Afghanistan,Pakistan,1978,33.57
Afghanistan,RESTO_DEL_MUNDO,1978,213.266
Afghanistan,Sri Lanka,1978,0
Afghanistan,Bangladesh,1979,0
Afghanistan,India,1979,25.29
Afghanistan,Nepal,1979,0
Afghanistan,Pakistan,1979,54.34
Afghanistan,RESTO_DEL_MUNDO,1979,376.912
Afghanistan,Sri Lanka,1979,0
Afghanistan,Bangladesh,1980,0
Afghanistan,India,1980,12.99
Afghanistan,Nepal,1980,0
Afghanistan,Pakistan,1980,49.08
Afghanistan,RESTO_DEL_MUNDO,1980,562.979
Afghanistan,Sri Lanka,1980,0
Afghanistan,Bangladesh,1981,0.01
Afghanistan,India,1981,2.74
Afghanistan,Nepal,1981,0
Afghanistan,Pakistan,1981,63.43
Afghanistan,RESTO_DEL_MUNDO,1981,604.425
Afghanistan,Sri Lanka,1981,0
Afghanistan,Bangladesh,1982,0
Afghanistan,India,1982,10.9147
Afghanistan,Nepal,1982,0
Afghanistan,Pakistan,1982,61.93
Afghanistan,RESTO_DEL_MUNDO,1982,124.909
Afghanistan,Sri Lanka,1982,0.015
Afghanistan,Bangladesh,1983,0.07
Afghanistan,India,1983,13.9817
Afghanistan,Nepal,1983,0
Afghanistan,Pakistan,1983,23.34
Afghanistan,RESTO_DEL_MUNDO,1983,129.66
Afghanistan,Sri Lanka,1983,0
Afghanistan,Bangladesh,1984,0.42
Afghanistan,India,1984,14.3453
Afghanistan,Nepal,1984,0
Afghanistan,Pakistan,1984,23.94
Afghanistan,RESTO_DEL_MUNDO,1984,121.554
Afghanistan,Sri Lanka,1984,0
Afghanistan,Bangladesh,1985,0.04
Afghanistan,India,1985,11.8444
Afghanistan,Nepal,1985,0
Afghanistan,Pakistan,1985,18.11
Afghanistan,RESTO_DEL_MUNDO,1985,174.239
Afghanistan,Sri Lanka,1985,0.012
Afghanistan,Bangladesh,1986,0
Afghanistan,India,1986,19.507
Afghanistan,Nepal,1986,0
Afghanistan,Pakistan,1986,15.93
Afghanistan,RESTO_DEL_MUNDO,1986,114.044
Afghanistan,Sri Lanka,1986,0.003
Afghanistan,Bangladesh,1987,0
Afghanistan,India,1987,19.5348
Afghanistan,Nepal,1987,0
Afghanistan,Pakistan,1987,11.27
Afghanistan,RESTO_DEL_MUNDO,1987,133.663
Afghanistan,Sri Lanka,1987,0
Afghanistan,Bangladesh,1988,0
Afghanistan,India,1988,18.5497
Afghanistan,Nepal,1988,0
Afghanistan,Pakistan,1988,12.46
Afghanistan,RESTO_DEL_MUNDO,1988,131.615
Afghanistan,Sri Lanka,1988,0.00462166
Afghanistan,Bangladesh,1989,0
Afghanistan,India,1989,4.83264
Afghanistan,Nepal,1989,0
Afghanistan,Pakistan,1989,4.07841
Afghanistan,RESTO_DEL_MUNDO,1989,101.944
Afghanistan,Sri Lanka,1989,0.0720887
Afghanistan,Bangladesh,1990,0
Afghanistan,India,1990,14.0676
Afghanistan,Nepal,1990,0
Afghanistan,Pakistan,1990,6.38436
Afghanistan,RESTO_DEL_MUNDO,1990,122.622
Afghanistan,Sri Lanka,1990,0.0202277
Afghanistan,Bangladesh,1991,0
Afghanistan,India,1991,10.874
Afghanistan,Nepal,1991,0
Afghanistan,Pakistan,1991,5.13896
Afghanistan,RESTO_DEL_MUNDO,1991,182.429
Afghanistan,Sri Lanka,1991,0.410911
Afghanistan,Bangladesh,1992,0.153846
Afghanistan,India,1992,5.77202
Afghanistan,Nepal,1992,0
Afghanistan,Pakistan,1992,6.55148
Afghanistan,RESTO_DEL_MUNDO,1992,394.145
Afghanistan,Sri Lanka,1992,0
Afghanistan,Bangladesh,1993,0.151421
Afghanistan,India,1993,2.67657
Afghanistan,Nepal,1993,0
Afghanistan,Pakistan,1993,9.99563
Afghanistan,RESTO_DEL_MUNDO,1993,744.689
Afghanistan,Sri Lanka,1993,0.0165555
Afghanistan,Bangladesh,1994,0.198947
Afghanistan,India,1994,2.01059
Afghanistan,Nepal,1994,0
Afghanistan,Pakistan,1994,11.0935
Afghanistan,RESTO_DEL_MUNDO,1994,102.985
Afghanistan,Sri Lanka,1994,0
Afghanistan,Bangladesh,1995,0.819299
Afghanistan,India,1995,7.67
Afghanistan,Nepal,1995,0
Afghanistan,Pakistan,1995,15.3598
Afghanistan,RESTO_DEL_MUNDO,1995,159.103
Afghanistan,Sri Lanka,1995,0
Afghanistan,Bangladesh,1996,0.907921
Afghanistan,India,1996,4.25798
Afghanistan,Nepal,1996,0
Afghanistan,Pakistan,1996,28.0352
Afghanistan,RESTO_DEL_MUNDO,1996,109.107
Afghanistan,Sri Lanka,1996,0
Afghanistan,Bangladesh,1997,1.01873
Afghanistan,India,1997,8.8
Afghanistan,Nepal,1997,0
Afghanistan,Pakistan,1997,32.7533
Afghanistan,RESTO_DEL_MUNDO,1997,122.026
Afghanistan,Sri Lanka,1997,1
Afghanistan,Bangladesh,1998,0
Afghanistan,India,1998,23.75
Afghanistan,Nepal,1998,0
Afghanistan,Pakistan,1998,27.9632
Afghanistan,RESTO_DEL_MUNDO,1998,113.613
Afghanistan,Sri Lanka,1998,0.76219
Afghanistan,Bangladesh,1999,0.28866
Afghanistan,India,1999,22.85
Afghanistan,Nepal,1999,0
Afghanistan,Pakistan,1999,39.6451
Afghanistan,RESTO_DEL_MUNDO,1999,71.9876
Afghanistan,Sri Lanka,1999,0.1318
Afghanistan,Bangladesh,2000,2.05882
Afghanistan,India,2000,25.225
Afghanistan,Nepal,2000,0
Afghanistan,Pakistan,2000,39.0369
Afghanistan,RESTO_DEL_MUNDO,2000,90.0821
Afghanistan,Sri Lanka,2000,0.0081
Afghanistan,Bangladesh,2001,0
Afghanistan,India,2001,19.9261
Afghanistan,Nepal,2001,0
Afghanistan,Pakistan,2001,26.0228
Afghanistan,RESTO_DEL_MUNDO,2001,47.0434
Afghanistan,Sri Lanka,2001,0.017
Afghanistan,Bangladesh,2002,0
Afghanistan,India,2002,18.2233
Afghanistan,Nepal,2002,0
Afghanistan,Pakistan,2002,30.5565
Afghanistan,RESTO_DEL_MUNDO,2002,47.89
Afghanistan,Sri Lanka,2002,0.0854507
Afghanistan,Bangladesh,2003,4.09506
Afghanistan,India,2003,34.9983
Afghanistan,Nepal,2003,0
Afghanistan,Pakistan,2003,31.1616
Afghanistan,RESTO_DEL_MUNDO,2003,159.032
Afghanistan,Sri Lanka,2003,0.27
Afghanistan,Bangladesh,2004,3.65613
Afghanistan,India,2004,43.3579
Afghanistan,Nepal,2004,0
Afghanistan,Pakistan,2004,49.0227
Afghanistan,RESTO_DEL_MUNDO,2004,104.756
Afghanistan,Sri Lanka,2004,0.122
Afghanistan,Bangladesh,2005,3.35167
Afghanistan,India,2005,55.5689
Afghanistan,Nepal,2005,0
Afghanistan,Pakistan,2005,53.196
Afghanistan,RESTO_DEL_MUNDO,2005,147.566
Afghanistan,Sri Lanka,2005,0.12232
Afghanistan,Bangladesh,2006,3.11543
Afghanistan,India,2006,40.484
Afghanistan,Nepal,2006,0
Afghanistan,Pakistan,2006,65.7463
Afghanistan,RESTO_DEL_MUNDO,2006,144.066
Afghanistan,Sri Lanka,2006,0.308753
Afghanistan,Bangladesh,2007,4.52219
Afghanistan,India,2007,90.5475
Afghanistan,Nepal,2007,0
Afghanistan,Pakistan,2007,81.5907
Afghanistan,RESTO_DEL_MUNDO,2007,198.334
Afghanistan,Sri Lanka,2007,0.190676
Afghanistan,Bangladesh,2008,1.44308
Afghanistan,India,2008,123.904
Afghanistan,Nepal,2008,0
Afghanistan,Pakistan,2008,93.1493
Afghanistan,RESTO_DEL_MUNDO,2008,301.325
Afghanistan,Sri Lanka,2008,0.353491
Afghanistan,Bangladesh,2009,1.08637
Afghanistan,India,2009,120.704
Afghanistan,Nepal,2009,0
Afghanistan,Pakistan,2009,119.357
Afghanistan,RESTO_DEL_MUNDO,2009,248.868
Afghanistan,Sri Lanka,2009,0.699284
Afghanistan,Bangladesh,2010,1.93765
Afghanistan,India,2010,144.582
Afghanistan,Nepal,2010,0
Afghanistan,Pakistan,2010,151.584
Afghanistan,RESTO_DEL_MUNDO,2010,251.664
Afghanistan,Sri Lanka,2010,1.10811
Afghanistan,Bangladesh,2011,25.4804
Afghanistan,India,2011,119.905
Afghanistan,Nepal,2011,0
Afghanistan,Pakistan,2011,169.774
Afghanistan,RESTO_DEL_MUNDO,2011,196.416
Afghanistan,Sri Lanka,2011,0.00759519
Afghanistan,Bangladesh,2012,8.76028
Afghanistan,India,2012,148.643
Afghanistan,Nepal,2012,0
Afghanistan,Pakistan,2012,177
Afghanistan,RESTO_DEL_MUNDO,2012,182.093
Afghanistan,Sri Lanka,2012,0.0085143
Afghanistan,Bangladesh,2013,2.40799
Afghanistan,India,2013,209.089
Afghanistan,Nepal,2013,0
Afghanistan,Pakistan,2013,186.398
Afghanistan,RESTO_DEL_MUNDO,2013,262.476
Afghanistan,Sri Lanka,2013,0.0607307
Afghanistan,Bangladesh,2014,2.00209
Afghanistan,India,2014,242.142
Afghanistan,Nepal,2014,0
Afghanistan,Pakistan,2014,195.34
Afghanistan,RESTO_DEL_MUNDO,2014,286.274
Afghanistan,Sri Lanka,2014,0.0259791
Algeria,Libya,1962,0
Algeria,RESTO_DEL_MUNDO,1962,748.756
Algeria,Libya,1963,0
Algeria,RESTO_DEL_MUNDO,1963,674.77
Algeria,Libya,1964,0.3
Algeria,RESTO_DEL_MUNDO,1964,720.1
Algeria,Libya,1965,0.8
Algeria,RESTO_DEL_MUNDO,1965,705.15
Algeria,Libya,1966,0.1
Algeria,RESTO_DEL_MUNDO,1966,763.941
Algeria,Libya,1967,0.1
Algeria,RESTO_DEL_MUNDO,1967,759.77
Algeria,Libya,1968,0.3
Algeria,RESTO_DEL_MUNDO,1968,857.647
Algeria,Libya,1969,0.6
Algeria,RESTO_DEL_MUNDO,1969,914.996
Algeria,Libya,1970,0.5
Algeria,RESTO_DEL_MUNDO,1970,986.411
Algeria,Libya,1971,0.7
Algeria,RESTO_DEL_MUNDO,1971,711.085
Algeria,Libya,1972,0.8
Algeria,RESTO_DEL_MUNDO,1972,1096.09
Algeria,Libya,1973,0.4
Algeria,RESTO_DEL_MUNDO,1973,1459.5
Algeria,Libya,1974,0.4
Algeria,RESTO_DEL_MUNDO,1974,3692.7
Algeria,Libya,1975,0.43
Algeria,RESTO_DEL_MUNDO,1975,3708.61
Algeria,Libya,1976,0.4
Algeria,RESTO_DEL_MUNDO,1976,4284.78
Algeria,Libya,1977,0.3
Algeria,RESTO_DEL_MUNDO,1977,5140.18
Algeria,Libya,1978,0.2
Algeria,RESTO_DEL_MUNDO,1978,5895.14
Algeria,Libya,1979,0.3
Algeria,RESTO_DEL_MUNDO,1979,8756.22
Algeria,Libya,1980,1.8
Algeria,RESTO_DEL_MUNDO,1980,12085.8
Algeria,Libya,1981,3.03
Algeria,RESTO_DEL_MUNDO,1981,12911.6
Algeria,Libya,1982,0.297
Algeria,RESTO_DEL_MUNDO,1982,12182.8
Algeria,Libya,1983,0.374
Algeria,RESTO_DEL_MUNDO,1983,12198.7
Algeria,Libya,1984,0
Algeria,RESTO_DEL_MUNDO,1984,12402.2
Algeria,Libya,1985,0
Algeria,RESTO_DEL_MUNDO,1985,11891.1
Algeria,Libya,1986,0.258
Algeria,RESTO_DEL_MUNDO,1986,7596.43
Algeria,Libya,1987,17.49
Algeria,RESTO_DEL_MUNDO,1987,8229.25
Algeria,Libya,1988,16.415
Algeria,RESTO_DEL_MUNDO,1988,7996.71
Algeria,Libya,1989,32.725
Algeria,RESTO_DEL_MUNDO,1989,9233.7
Algeria,Libya,1990,6.715
Algeria,RESTO_DEL_MUNDO,1990,13585.3
Algeria,Libya,1991,8.403
Algeria,RESTO_DEL_MUNDO,1991,13161.7
Algeria,Libya,1992,2.9535
Algeria,RESTO_DEL_MUNDO,1992,12082.2
Algeria,Libya,1993,2.794
Algeria,RESTO_DEL_MUNDO,1993,11256.9
Algeria,Libya,1994,8.1818
Algeria,RESTO_DEL_MUNDO,1994,9939.15
Algeria,Libya,1995,2.24555
Algeria,RESTO_DEL_MUNDO,1995,11729
Algeria,Libya,1996,2.1241
Algeria,RESTO_DEL_MUNDO,1996,14086.9
Algeria,Libya,1997,3.19649
Algeria,RESTO_DEL_MUNDO,1997,15336.3
Algeria,Libya,1998,0.0569552
Algeria,RESTO_DEL_MUNDO,1998,11935.7
Algeria,Libya,1999,0.209809
Algeria,RESTO_DEL_MUNDO,1999,13527.5
Algeria,Libya,2000,0.201987
Algeria,RESTO_DEL_MUNDO,2000,23050
Algeria,Libya,2001,0.58588
Algeria,RESTO_DEL_MUNDO,2001,21994.1
Algeria,Libya,2002,10.0571
Algeria,RESTO_DEL_MUNDO,2002,21244.1
Algeria,Libya,2003,11.1901
Algeria,RESTO_DEL_MUNDO,2003,27411.7
Algeria,Libya,2004,17.4855
Algeria,RESTO_DEL_MUNDO,2004,35106.6
Algeria,Libya,2005,15.2545
Algeria,RESTO_DEL_MUNDO,2005,48653.9
Algeria,Libya,2006,21.2771
Algeria,RESTO_DEL_MUNDO,2006,60344
Algeria,Libya,2007,15.2526
Algeria,RESTO_DEL_MUNDO,2007,63887.7
Algeria,Libya,2008,51.3299
Algeria,RESTO_DEL_MUNDO,2008,85799.3
Algeria,Libya,2009,13.4823
Algeria,RESTO_DEL_MUNDO,2009,49628.7
Algeria,Libya,2010,33.822
Algeria,RESTO_DEL_MUNDO,2010,50944
Algeria,Libya,2011,12.5107
Algeria,RESTO_DEL_MUNDO,2011,65049.1
Algeria,Libya,2012,7.20657
Algeria,RESTO_DEL_MUNDO,2012,63280.4
Algeria,Libya,2013,24.6632
Algeria,RESTO_DEL_MUNDO,2013,59302.3
Algeria,Libya,2014,26.044
Algeria,RESTO_DEL_MUNDO,2014,57926.8
Angola,RESTO_DEL_MUNDO,1975,927.446
Angola,RESTO_DEL_MUNDO,1976,617.269
Angola,RESTO_DEL_MUNDO,1977,738.39
Angola,RESTO_DEL_MUNDO,1978,916.225
Angola,RESTO_DEL_MUNDO,1979,1173.12
Angola,RESTO_DEL_MUNDO,1980,1521.91
Angola,RESTO_DEL_MUNDO,1981,1492.29
Angola,South Africa,1981,0
Angola,RESTO_DEL_MUNDO,1982,1403.81
Angola,South Africa,1982,0
Angola,RESTO_DEL_MUNDO,1983,1905.53
Angola,South Africa,1983,0
Angola,RESTO_DEL_MUNDO,1984,2091.06
Angola,South Africa,1984,0
Angola,RESTO_DEL_MUNDO,1985,2369.24
Angola,South Africa,1985,0
Angola,RESTO_DEL_MUNDO,1986,1710.98
Angola,South Africa,1986,0
Angola,RESTO_DEL_MUNDO,1987,2404.43
Angola,South Africa,1987,0
Angola,RESTO_DEL_MUNDO,1988,2513.46
Angola,South Africa,1988,0
Angola,RESTO_DEL_MUNDO,1989,3133.58
Angola,South Africa,1989,0
Angola,RESTO_DEL_MUNDO,1990,4149.11
Angola,South Africa,1990,0
Angola,RESTO_DEL_MUNDO,1991,3422.85
Angola,South Africa,1991,0
Angola,RESTO_DEL_MUNDO,1992,3881.46
Angola,South Africa,1992,0
Angola,RESTO_DEL_MUNDO,1993,3172.76
Angola,South Africa,1993,0.345851
Angola,RESTO_DEL_MUNDO,1994,3216.75
Angola,South Africa,1994,4.75694
Angola,RESTO_DEL_MUNDO,1995,3740.58
Angola,South Africa,1995,0.961643
Angola,RESTO_DEL_MUNDO,1996,4905.73
Angola,South Africa,1996,56.8171
Angola,RESTO_DEL_MUNDO,1997,4716.17
Angola,South Africa,1997,45.1102
Angola,RESTO_DEL_MUNDO,1998,3793.22
Angola,South Africa,1998,3.13454
Angola,RESTO_DEL_MUNDO,1999,4769.26
Angola,South Africa,1999,35.0536
Angola,RESTO_DEL_MUNDO,2000,8008.45
Angola,South Africa,2000,10.7068
Angola,RESTO_DEL_MUNDO,2001,6743.87
Angola,South Africa,2001,1.44226
Angola,RESTO_DEL_MUNDO,2002,7874.68
Angola,South Africa,2002,12.511
Angola,RESTO_DEL_MUNDO,2003,9279.76
Angola,South Africa,2003,2.24864
Angola,RESTO_DEL_MUNDO,2004,12500.7
Angola,South Africa,2004,286.739
Angola,RESTO_DEL_MUNDO,2005,21813.6
Angola,South Africa,2005,325.926
Angola,RESTO_DEL_MUNDO,2006,31666.9
Angola,South Africa,2006,402.793
Angola,RESTO_DEL_MUNDO,2007,39359.8
Angola,South Africa,2007,1825.79
Angola,RESTO_DEL_MUNDO,2008,65040.7
Angola,South Africa,2008,3090.44
Angola,RESTO_DEL_MUNDO,2009,37959.1
Angola,South Africa,2009,1544.51
Angola,RESTO_DEL_MUNDO,2010,50689.3
Angola,South Africa,2010,2175.3
Angola,RESTO_DEL_MUNDO,2011,63534.4
Angola,South Africa,2011,1744.31
Angola,RESTO_DEL_MUNDO,2012,68884.2
Angola,South Africa,2012,3048.05
Angola,RESTO_DEL_MUNDO,2013,66929.4
Angola,South Africa,2013,2189.41
Angola,RESTO_DEL_MUNDO,2014,62106.1
Angola,South Africa,2014,2229.33
Australia,New Zealand,1920,46.72
Australia,RESTO_DEL_MUNDO,1920,574.17
Australia,New Zealand,1921,31.56
Australia,RESTO_DEL_MUNDO,1921,379.79
Australia,New Zealand,1922,20.5
Australia,RESTO_DEL_MUNDO,1922,426.43
Australia,New Zealand,1923,24.36
Australia,RESTO_DEL_MUNDO,1923,400.36
Australia,New Zealand,1924,30.67
Australia,RESTO_DEL_MUNDO,1924,554.334
Australia,New Zealand,1925,25.53
Australia,RESTO_DEL_MUNDO,1925,653.19
Australia,New Zealand,1926,21.81
Australia,RESTO_DEL_MUNDO,1926,611.61
Australia,New Zealand,1927,20.74
Australia,RESTO_DEL_MUNDO,1927,594.37
Australia,New Zealand,1928,0.79
Australia,RESTO_DEL_MUNDO,1928,550.95
Australia,New Zealand,1929,0.75
Australia,RESTO_DEL_MUNDO,1929,590.663
Australia,RESTO_DEL_MUNDO,1930,372.064
Australia,New Zealand,1931,9.43
Australia,RESTO_DEL_MUNDO,1931,395.747
Australia,New Zealand,1932,8.17
Australia,RESTO_DEL_MUNDO,1932,281.122
Australia,New Zealand,1933,7.05
Australia,RESTO_DEL_MUNDO,1933,310.52
Australia,New Zealand,1934,7.73
Australia,RESTO_DEL_MUNDO,1934,429.698
Australia,New Zealand,1935,17
Australia,RESTO_DEL_MUNDO,1935,451.301
Australia,New Zealand,1936,19.48
Australia,RESTO_DEL_MUNDO,1936,496.565
Australia,New Zealand,1937,25.97
Australia,RESTO_DEL_MUNDO,1937,616.168
Australia,New Zealand,1938,29
Australia,RESTO_DEL_MUNDO,1938,537.02
Australia,RESTO_DEL_MUNDO,1939,55.9579
Australia,RESTO_DEL_MUNDO,1940,49.35
Australia,RESTO_DEL_MUNDO,1941,56.52
Australia,RESTO_DEL_MUNDO,1942,0.32
Australia,RESTO_DEL_MUNDO,1943,0
Australia,RESTO_DEL_MUNDO,1944,0
Australia,RESTO_DEL_MUNDO,1945,17.457
Australia,RESTO_DEL_MUNDO,1946,213.721
Australia,RESTO_DEL_MUNDO,1947,236.451
Australia,New Zealand,1948,53.46
Australia,RESTO_DEL_MUNDO,1948,1285.7
Australia,New Zealand,1949,62.37
Australia,RESTO_DEL_MUNDO,1949,1391.5
Australia,New Zealand,1950,58.52
Australia,RESTO_DEL_MUNDO,1950,1399.44
Australia,New Zealand,1951,65.45
Australia,RESTO_DEL_MUNDO,1951,1890.03
Australia,New Zealand,1952,75.02
Australia,RESTO_DEL_MUNDO,1952,1436.07
Australia,New Zealand,1953,72.71
Australia,RESTO_DEL_MUNDO,1953,1831.69
Australia,New Zealand,1954,84.7
Australia,RESTO_DEL_MUNDO,1954,1498.09
Australia,New Zealand,1955,93.83
Australia,RESTO_DEL_MUNDO,1955,1745.85
Australia,New Zealand,1956,102.63
Australia,RESTO_DEL_MUNDO,1956,1795.69
Australia,New Zealand,1957,139.15
Australia,RESTO_DEL_MUNDO,1957,2144.68
Australia,New Zealand,1958,134.53
Australia,RESTO_DEL_MUNDO,1958,1555.15
Australia,New Zealand,1959,114.4
Australia,RESTO_DEL_MUNDO,1959,1872.48
Australia,New Zealand,1960,107.91
Australia,RESTO_DEL_MUNDO,1960,1760.98
Australia,New Zealand,1961,144.76
Australia,RESTO_DEL_MUNDO,1961,2008.53
Australia,New Zealand,1962,151.8
Australia,RESTO_DEL_MUNDO,1962,2090.8
Australia,New Zealand,1963,186.34
Australia,RESTO_DEL_MUNDO,1963,2473.19
Australia,New Zealand,1964,198.44
Australia,RESTO_DEL_MUNDO,1964,2724.89
Australia,New Zealand,1965,199.98
Australia,RESTO_DEL_MUNDO,1965,2594
Australia,New Zealand,1966,213.73
Australia,RESTO_DEL_MUNDO,1966,2857.15
Australia,New Zealand,1967,199.54
Australia,RESTO_DEL_MUNDO,1967,3167.7
Australia,New Zealand,1968,185.35
Australia,RESTO_DEL_MUNDO,1968,3238.4
Australia,New Zealand,1969,179.39
Australia,RESTO_DEL_MUNDO,1969,3923.51
Australia,New Zealand,1970,247.04
Australia,RESTO_DEL_MUNDO,1970,4520.69
Australia,New Zealand,1971,266.53
Australia,RESTO_DEL_MUNDO,1971,4894.06
Australia,New Zealand,1972,333.96
Australia,RESTO_DEL_MUNDO,1972,6127.95
Australia,New Zealand,1973,537.21
Australia,RESTO_DEL_MUNDO,1973,8870.47
Australia,New Zealand,1974,740.63
Australia,RESTO_DEL_MUNDO,1974,10713.8
Australia,New Zealand,1975,600.01
Australia,RESTO_DEL_MUNDO,1975,11634.4
Australia,New Zealand,1976,610.89
Australia,RESTO_DEL_MUNDO,1976,13485.4
Australia,New Zealand,1977,666.72
Australia,RESTO_DEL_MUNDO,1977,13769.5
Australia,New Zealand,1978,724.94
Australia,RESTO_DEL_MUNDO,1978,14879.9
Australia,New Zealand,1979,941.61
Australia,RESTO_DEL_MUNDO,1979,19312
Australia,New Zealand,1980,1011.36
Australia,RESTO_DEL_MUNDO,1980,22164.3
Australia,New Zealand,1981,1079.36
Australia,RESTO_DEL_MUNDO,1981,22003.6
Australia,New Zealand,1982,1102.58
Australia,RESTO_DEL_MUNDO,1982,22213.7
Australia,New Zealand,1983,1028.79
Australia,RESTO_DEL_MUNDO,1983,19901.9
Australia,New Zealand,1984,1252.38
Australia,RESTO_DEL_MUNDO,1984,22967.6
Australia,New Zealand,1985,1025.67
Australia,RESTO_DEL_MUNDO,1985,23779.7
Australia,New Zealand,1986,980.14
Australia,RESTO_DEL_MUNDO,1986,23144.2
Australia,New Zealand,1987,1474.63
Australia,RESTO_DEL_MUNDO,1987,25823.5
Australia,New Zealand,1988,1587.46
Australia,RESTO_DEL_MUNDO,1988,31512.2
Australia,New Zealand,1989,1829.92
Australia,RESTO_DEL_MUNDO,1989,35902.6
Australia,New Zealand,1990,1930.55
Australia,RESTO_DEL_MUNDO,1990,39720.2
Australia,New Zealand,1991,1848.81
Australia,RESTO_DEL_MUNDO,1991,40419.9
Australia,New Zealand,1992,1941.13
Australia,RESTO_DEL_MUNDO,1992,40645
Australia,New Zealand,1993,2060.16
Australia,RESTO_DEL_MUNDO,1993,39827.6
Australia,New Zealand,1994,2562.35
Australia,RESTO_DEL_MUNDO,1994,44976.6
Australia,New Zealand,1995,2981.66
Australia,RESTO_DEL_MUNDO,1995,50082.2
Australia,New Zealand,1996,3576.92
Australia,RESTO_DEL_MUNDO,1996,56454.8
Australia,New Zealand,1997,3653.84
Australia,RESTO_DEL_MUNDO,1997,58502.6
Australia,New Zealand,1998,2743.75
Australia,RESTO_DEL_MUNDO,1998,53047.1
Australia,New Zealand,1999,3454.78
Australia,RESTO_DEL_MUNDO,1999,54526
Australia,New Zealand,2000,3085.95
Australia,RESTO_DEL_MUNDO,2000,63990.7
Australia,New Zealand,2001,2925.46
Australia,RESTO_DEL_MUNDO,2001,64689.6
Australia,New Zealand,2002,3335.58
Australia,RESTO_DEL_MUNDO,2002,64242.8
Australia,New Zealand,2003,4108.82
Australia,RESTO_DEL_MUNDO,2003,67993.3
Australia,New Zealand,2004,5163.56
Australia,RESTO_DEL_MUNDO,2004,87405.5
Australia,New Zealand,2005,5459.53
Australia,RESTO_DEL_MUNDO,2005,107405
Australia,New Zealand,2006,5399.06
Australia,RESTO_DEL_MUNDO,2006,126537
Australia,New Zealand,2007,6361.77
Australia,RESTO_DEL_MUNDO,2007,145323
Australia,New Zealand,2008,6207.07
Australia,RESTO_DEL_MUNDO,2008,192619
Australia,New Zealand,2009,4717.83
Australia,RESTO_DEL_MUNDO,2009,162028
Australia,New Zealand,2010,5568.84
Australia,RESTO_DEL_MUNDO,2010,211146
Australia,New Zealand,2011,5853.16
Australia,RESTO_DEL_MUNDO,2011,269586
Australia,New Zealand,2012,5837.67
Australia,RESTO_DEL_MUNDO,2012,259119
Australia,New Zealand,2013,5274.47
Australia,RESTO_DEL_MUNDO,2013,254152
Australia,New Zealand,2014,5188.11
Australia,RESTO_DEL_MUNDO,2014,246204
Austria,RESTO_DEL_MUNDO,1919,14.4297
Austria,Switzerland,1919,0
Austria,RESTO_DEL_MUNDO,1920,168.245
Austria,Switzerland,1920,12.08
Austria,RESTO_DEL_MUNDO,1921,146.441
Austria,Switzerland,1921,5.61
Austria,Ireland,1922,0
Austria,RESTO_DEL_MUNDO,1922,161.236
Austria,Switzerland,1922,4.71
Austria,Ireland,1923,0
Austria,RESTO_DEL_MUNDO,1923,122.909
Austria,Switzerland,1923,5.6
Austria,Ireland,1924,0
Austria,RESTO_DEL_MUNDO,1924,223.526
Austria,Switzerland,1924,6.2
Austria,Ireland,1925,0
Austria,RESTO_DEL_MUNDO,1925,251.446
Austria,Switzerland,1925,7.94
Austria,Ireland,1926,0
Austria,RESTO_DEL_MUNDO,1926,218.889
Austria,Switzerland,1926,13.18
Austria,Ireland,1927,0.04
Austria,RESTO_DEL_MUNDO,1927,287.008
Austria,Switzerland,1927,8.78
Austria,Ireland,1928,0.04
Austria,RESTO_DEL_MUNDO,1928,283.228
Austria,Switzerland,1928,10.99
Austria,Ireland,1929,0.04
Austria,RESTO_DEL_MUNDO,1929,274.432
Austria,Switzerland,1929,10.59
Austria,Ireland,1930,0
Austria,RESTO_DEL_MUNDO,1930,238.16
Austria,Switzerland,1930,9.88
Austria,Ireland,1931,0
Austria,RESTO_DEL_MUNDO,1931,155.479
Austria,Switzerland,1931,8.34
Austria,Ireland,1932,0
Austria,RESTO_DEL_MUNDO,1932,85.6522
Austria,Switzerland,1932,5.43
Austria,Ireland,1933,0
Austria,RESTO_DEL_MUNDO,1933,94.6247
Austria,Switzerland,1933,8.94
Austria,Ireland,1934,0.009151
Austria,RESTO_DEL_MUNDO,1934,146.02
Austria,Switzerland,1934,11.62
Austria,Ireland,1935,0.01
Austria,RESTO_DEL_MUNDO,1935,155.177
Austria,Switzerland,1935,9
Austria,Ireland,1936,0.3
Austria,RESTO_DEL_MUNDO,1936,167.048
Austria,Switzerland,1936,8.12
Austria,Ireland,1937,0.22
Austria,RESTO_DEL_MUNDO,1937,223.038
Austria,Switzerland,1937,10.13
Austria,Ireland,1938,0
Austria,RESTO_DEL_MUNDO,1938,141.057
Austria,Switzerland,1938,8
Austria,Ireland,1955,1.4
Austria,Luxembourg,1955,0.55653
Austria,RESTO_DEL_MUNDO,1955,683.383
Austria,Switzerland,1955,29.9
Austria,Ireland,1956,0.9
Austria,Luxembourg,1956,0.676259
Austria,RESTO_DEL_MUNDO,1956,824.684
Austria,Switzerland,1956,41.1
Austria,Ireland,1957,1
Austria,Luxembourg,1957,0.73553
Austria,RESTO_DEL_MUNDO,1957,875.944
Austria,Switzerland,1957,48.4
Austria,Ireland,1958,0.9
Austria,Luxembourg,1958,0.684554
Austria,RESTO_DEL_MUNDO,1958,729.805
Austria,Switzerland,1958,35.6
Austria,Ireland,1959,1.1
Austria,Luxembourg,1959,0.763431
Austria,RESTO_DEL_MUNDO,1959,768.967
Austria,Switzerland,1959,40.9
Austria,Ireland,1960,1.1
Austria,Luxembourg,1960,1.21404
Austria,RESTO_DEL_MUNDO,1960,784.186
Austria,Switzerland,1960,48.7
Austria,Ireland,1961,1
Austria,Luxembourg,1961,1.1187
Austria,RESTO_DEL_MUNDO,1961,799.101
Austria,Switzerland,1961,66.9
Austria,Ireland,1962,1.1
Austria,Luxembourg,1962,0.999134
Austria,RESTO_DEL_MUNDO,1962,826.666
Austria,Switzerland,1962,84.9
Austria,Ireland,1963,1.3
Austria,Luxembourg,1963,0.995829
Austria,RESTO_DEL_MUNDO,1963,903.011
Austria,Switzerland,1963,84
Austria,Ireland,1964,1.2
Austria,Luxembourg,1964,1.09498
Austria,RESTO_DEL_MUNDO,1964,944.148
Austria,Switzerland,1964,102.3
Austria,Ireland,1965,1.5
Austria,Luxembourg,1965,1.0111
Austria,RESTO_DEL_MUNDO,1965,1021.81
Austria,Switzerland,1965,109.6
Austria,Ireland,1966,1.3
Austria,Luxembourg,1966,1.09691
Austria,RESTO_DEL_MUNDO,1966,1118.62
Austria,Switzerland,1966,126.8
Austria,Ireland,1967,1.4
Austria,Luxembourg,1967,0.832777
Austria,RESTO_DEL_MUNDO,1967,1298.58
Austria,Switzerland,1967,145.5
Austria,Ireland,1968,1.6
Austria,Luxembourg,1968,1.03154
Austria,RESTO_DEL_MUNDO,1968,1381.77
Austria,Switzerland,1968,170.2
Austria,Ireland,1969,2.98
Austria,Luxembourg,1969,1.52633
Austria,RESTO_DEL_MUNDO,1969,1641.19
Austria,Switzerland,1969,222.6
Austria,Ireland,1970,3.37
Austria,Luxembourg,1970,1.69556
Austria,RESTO_DEL_MUNDO,1970,1969.57
Austria,Switzerland,1970,291
Austria,Ireland,1971,4.74
Austria,Luxembourg,1971,1.87636
Austria,RESTO_DEL_MUNDO,1971,2149.16
Austria,Switzerland,1971,349
Austria,Ireland,1972,6.93
Austria,Luxembourg,1972,2.07682
Austria,RESTO_DEL_MUNDO,1972,2583.53
Austria,Switzerland,1972,437.8
Austria,Ireland,1973,8.64
Austria,Luxembourg,1973,3.06533
Austria,RESTO_DEL_MUNDO,1973,3746.11
Austria,Switzerland,1973,577.4
Austria,Ireland,1974,13.11
Austria,Luxembourg,1974,5.06393
Austria,RESTO_DEL_MUNDO,1974,5470.69
Austria,Switzerland,1974,708.7
Austria,Ireland,1975,11.57
Austria,Luxembourg,1975,5.01994
Austria,RESTO_DEL_MUNDO,1975,5589.57
Austria,Switzerland,1975,578
Austria,Ireland,1976,11.63
Austria,Luxembourg,1976,5.51674
Austria,RESTO_DEL_MUNDO,1976,6128.68
Austria,Switzerland,1976,605.9
Austria,Ireland,1977,15.26
Austria,Luxembourg,1977,6.01415
Austria,RESTO_DEL_MUNDO,1977,6895.47
Austria,Switzerland,1977,680.7
Austria,Ireland,1978,21.28
Austria,Luxembourg,1978,7.77704
Austria,RESTO_DEL_MUNDO,1978,8032
Austria,Switzerland,1978,930.2
Austria,Ireland,1979,30.89
Austria,Luxembourg,1979,9.83817
Austria,RESTO_DEL_MUNDO,1979,9907.43
Austria,Switzerland,1979,1209.4
Austria,Ireland,1980,35.61
Austria,Luxembourg,1980,11.5637
Austria,RESTO_DEL_MUNDO,1980,11555.4
Austria,Switzerland,1980,1306.6
Austria,Ireland,1981,34.57
Austria,Luxembourg,1981,9.62979
Austria,RESTO_DEL_MUNDO,1981,11007.9
Austria,Switzerland,1981,1156.5
Austria,Ireland,1982,35.45
Austria,Luxembourg,1982,10.8031
Austria,RESTO_DEL_MUNDO,1982,10820.3
Austria,Switzerland,1982,1063.1
Austria,Ireland,1983,37.07
Austria,Luxembourg,1983,13.2753
Austria,RESTO_DEL_MUNDO,1983,10596.2
Austria,Switzerland,1983,1031.5
Austria,Ireland,1984,36.2
Austria,Luxembourg,1984,13.7912
Austria,RESTO_DEL_MUNDO,1984,10856.8
Austria,Switzerland,1984,1036.2
Austria,Ireland,1985,34.31
Austria,Luxembourg,1985,18.8772
Austria,RESTO_DEL_MUNDO,1985,11850.2
Austria,Switzerland,1985,1096.4
Austria,Ireland,1986,43.71
Austria,Luxembourg,1986,29.2152
Austria,RESTO_DEL_MUNDO,1986,14150.2
Austria,Switzerland,1986,1620
Austria,Ireland,1987,50.3
Austria,Luxembourg,1987,32.2345
Austria,RESTO_DEL_MUNDO,1987,17013.2
Austria,Switzerland,1987,1954
Austria,Ireland,1988,60.849
Austria,Luxembourg,1988,37.5873
Austria,RESTO_DEL_MUNDO,1988,19661.5
Austria,Switzerland,1988,2197.9
Austria,Ireland,1989,59.9251
Austria,Luxembourg,1989,42.7942
Austria,RESTO_DEL_MUNDO,1989,20766.6
Austria,Switzerland,1989,2239.42
Austria,Ireland,1990,77.0399
Austria,Luxembourg,1990,49.9463
Austria,RESTO_DEL_MUNDO,1990,39133.2
Austria,Switzerland,1990,2747.26
Austria,Ireland,1991,86.7849
Austria,Luxembourg,1991,49.5735
Austria,RESTO_DEL_MUNDO,1991,40077.8
Austria,Switzerland,1991,2543.75
Austria,Ireland,1992,91.7626
Austria,Luxembourg,1992,53.3249
Austria,RESTO_DEL_MUNDO,1992,43199.1
Austria,Switzerland,1992,2571.49
Austria,Ireland,1993,90.9273
Austria,Luxembourg,1993,47.6468
Austria,RESTO_DEL_MUNDO,1993,40763.6
Austria,Switzerland,1993,2478.27
Austria,Ireland,1994,97.4632
Austria,Luxembourg,1994,49.5733
Austria,RESTO_DEL_MUNDO,1994,43998.3
Austria,Switzerland,1994,2807.35
Austria,Ireland,1995,72.6155
Austria,Luxembourg,1995,60.2349
Austria,RESTO_DEL_MUNDO,1995,46446.7
Austria,Switzerland,1995,3384.88
Austria,Ireland,1996,80.0579
Austria,Luxembourg,1996,63.7209
Austria,RESTO_DEL_MUNDO,1996,47921.8
Austria,Switzerland,1996,3097.39
Austria,Ireland,1997,74.8059
Austria,Luxembourg,1997,54.9408
Austria,RESTO_DEL_MUNDO,1997,47709.1
Austria,Switzerland,1997,2860.69
Austria,Ireland,1998,90.0536
Austria,Luxembourg,1998,57.8181
Austria,RESTO_DEL_MUNDO,1998,51386.9
Austria,Switzerland,1998,3164.28
Austria,Ireland,1999,112.385
Austria,Luxembourg,1999,75.4712
Austria,RESTO_DEL_MUNDO,1999,53347.4
Austria,Switzerland,1999,3120
Austria,Ireland,2000,114.802
Austria,Luxembourg,2000,107.705
Austria,RESTO_DEL_MUNDO,2000,54584
Austria,Switzerland,2000,2927.79
Austria,Ireland,2001,139.915
Austria,Luxembourg,2001,107.875
Austria,RESTO_DEL_MUNDO,2001,56980.8
Austria,Switzerland,2001,3010.37
Austria,Ireland,2002,205.852
Austria,Luxembourg,2002,102.428
Austria,RESTO_DEL_MUNDO,2002,62390.2
Austria,Switzerland,2002,3501.02
Austria,Ireland,2003,213.387
Austria,Luxembourg,2003,136.163
Austria,RESTO_DEL_MUNDO,2003,77144.2
Austria,Switzerland,2003,4204.91
Austria,Ireland,2004,180.072
Austria,Luxembourg,2004,138.386
Austria,RESTO_DEL_MUNDO,2004,95842.1
Austria,Switzerland,2004,4894.01
Austria,Ireland,2005,232.272
Austria,Luxembourg,2005,144.713
Austria,RESTO_DEL_MUNDO,2005,101002
Austria,Switzerland,2005,5798.26
Austria,Ireland,2006,206.529
Austria,Luxembourg,2006,166.33
Austria,RESTO_DEL_MUNDO,2006,122669
Austria,Switzerland,2006,6070.8
Austria,Ireland,2007,252.638
Austria,Luxembourg,2007,183.47
Austria,RESTO_DEL_MUNDO,2007,149897
Austria,Switzerland,2007,6740.84
Austria,Ireland,2008,288.993
Austria,Luxembourg,2008,183.939
Austria,RESTO_DEL_MUNDO,2008,163890
Austria,Switzerland,2008,7326.43
Austria,Ireland,2009,264.112
Austria,Luxembourg,2009,132.226
Austria,RESTO_DEL_MUNDO,2009,126935
Austria,Switzerland,2009,6670.98
Austria,Ireland,2010,218.656
Austria,Luxembourg,2010,148.375
Austria,RESTO_DEL_MUNDO,2010,141712
Austria,Switzerland,2010,7639.68
Austria,Ireland,2011,252.381
Austria,Luxembourg,2011,182.969
Austria,RESTO_DEL_MUNDO,2011,167577
Austria,Switzerland,2011,9028.76
Austria,Ireland,2012,265.5
Austria,Luxembourg,2012,146.04
Austria,RESTO_DEL_MUNDO,2012,159095
Austria,Switzerland,2012,8227.97
Austria,Ireland,2013,278.85
Austria,Luxembourg,2013,147.247
Austria,RESTO_DEL_MUNDO,2013,167635
Austria,Switzerland,2013,8606.62
Austria,Ireland,2014,271.818
Austria,Luxembourg,2014,160.302
Austria,RESTO_DEL_MUNDO,2014,171444
Austria,Switzerland,2014,9569.39
Bangladesh,India,1971,0
Bangladesh,RESTO_DEL_MUNDO,1971,0
Bangladesh,Sri Lanka,1971,0
Bangladesh,India,1972,2.08
Bangladesh,Pakistan,1972,0
Bangladesh,RESTO_DEL_MUNDO,1972,201.568
Bangladesh,Sri Lanka,1972,0.38
Bangladesh,India,1973,22.83
Bangladesh,Pakistan,1973,0
Bangladesh,RESTO_DEL_MUNDO,1973,325.267
Bangladesh,Sri Lanka,1973,2.18
Bangladesh,India,1974,10.45
Bangladesh,Pakistan,1974,0.55
Bangladesh,RESTO_DEL_MUNDO,1974,372.967
Bangladesh,Sri Lanka,1974,0.398
Bangladesh,India,1975,5.07
Bangladesh,Pakistan,1975,5.18
Bangladesh,RESTO_DEL_MUNDO,1975,330.31
Bangladesh,Sri Lanka,1975,0.154
Bangladesh,India,1976,9.79
Bangladesh,Pakistan,1976,11.92
Bangladesh,RESTO_DEL_MUNDO,1976,405.606
Bangladesh,Sri Lanka,1976,0.014
Bangladesh,India,1977,0.58
Bangladesh,Pakistan,1977,35.85
Bangladesh,RESTO_DEL_MUNDO,1977,468.526
Bangladesh,Sri Lanka,1977,0.42
Bangladesh,India,1978,2.79
Bangladesh,Pakistan,1978,53.39
Bangladesh,RESTO_DEL_MUNDO,1978,556.626
Bangladesh,Sri Lanka,1978,0.494
Bangladesh,India,1979,4.52
Bangladesh,Pakistan,1979,36.2
Bangladesh,RESTO_DEL_MUNDO,1979,742.357
Bangladesh,Sri Lanka,1979,1.595
Bangladesh,India,1980,12.35
Bangladesh,Pakistan,1980,75.91
Bangladesh,RESTO_DEL_MUNDO,1980,811.696
Bangladesh,Sri Lanka,1980,2.967
Bangladesh,India,1981,13.55
Bangladesh,Pakistan,1981,51.3
Bangladesh,RESTO_DEL_MUNDO,1981,699.839
Bangladesh,Sri Lanka,1981,2.391
Bangladesh,India,1982,18.6142
Bangladesh,Pakistan,1982,62.17
Bangladesh,RESTO_DEL_MUNDO,1982,655.005
Bangladesh,Sri Lanka,1982,0.172
Bangladesh,India,1983,5.7531
Bangladesh,Pakistan,1983,64.34
Bangladesh,RESTO_DEL_MUNDO,1983,750.602
Bangladesh,Sri Lanka,1983,0.592
Bangladesh,India,1984,26.7369
Bangladesh,Pakistan,1984,72.52
Bangladesh,RESTO_DEL_MUNDO,1984,854.739
Bangladesh,Sri Lanka,1984,0.206
Bangladesh,India,1985,28.8954
Bangladesh,Pakistan,1985,45.48
Bangladesh,RESTO_DEL_MUNDO,1985,956.212
Bangladesh,Sri Lanka,1985,0.207
Bangladesh,India,1986,7.89797
Bangladesh,Pakistan,1986,43.89
Bangladesh,RESTO_DEL_MUNDO,1986,910.153
Bangladesh,Sri Lanka,1986,0.343
Bangladesh,India,1987,14.111
Bangladesh,Pakistan,1987,49.67
Bangladesh,RESTO_DEL_MUNDO,1987,1181.72
Bangladesh,Sri Lanka,1987,0.203
Bangladesh,India,1988,12.2793
Bangladesh,Pakistan,1988,39.71
Bangladesh,RESTO_DEL_MUNDO,1988,1309.59
Bangladesh,Sri Lanka,1988,16.8694
Bangladesh,India,1989,13.9539
Bangladesh,Pakistan,1989,44.6049
Bangladesh,RESTO_DEL_MUNDO,1989,1403.1
Bangladesh,Sri Lanka,1989,3.79882
Bangladesh,India,1990,15.261
Bangladesh,Pakistan,1990,38.1577
Bangladesh,RESTO_DEL_MUNDO,1990,1884.65
Bangladesh,Sri Lanka,1990,8.89678
Bangladesh,India,1991,5.734
Bangladesh,Pakistan,1991,36.9412
Bangladesh,RESTO_DEL_MUNDO,1991,1898.01
Bangladesh,Sri Lanka,1991,3.87465
Bangladesh,India,1992,9.78359
Bangladesh,Pakistan,1992,49.7058
Bangladesh,RESTO_DEL_MUNDO,1992,2363.55
Bangladesh,Sri Lanka,1992,15.089
Bangladesh,India,1993,12.9266
Bangladesh,Pakistan,1993,38.4714
Bangladesh,RESTO_DEL_MUNDO,1993,2599.63
Bangladesh,Sri Lanka,1993,6.9285
Bangladesh,India,1994,34.2674
Bangladesh,Pakistan,1994,23.9948
Bangladesh,RESTO_DEL_MUNDO,1994,3074.61
Bangladesh,Sri Lanka,1994,8
Bangladesh,India,1995,78.82
Bangladesh,Pakistan,1995,34.9942
Bangladesh,RESTO_DEL_MUNDO,1995,3762.71
Bangladesh,Sri Lanka,1995,6
Bangladesh,India,1996,57.9578
Bangladesh,Pakistan,1996,36.1453
Bangladesh,RESTO_DEL_MUNDO,1996,4099.08
Bangladesh,Sri Lanka,1996,2
Bangladesh,India,1997,53.65
Bangladesh,Pakistan,1997,43.683
Bangladesh,RESTO_DEL_MUNDO,1997,4698.54
Bangladesh,Sri Lanka,1997,2
Bangladesh,India,1998,59.5
Bangladesh,Pakistan,1998,36.3797
Bangladesh,RESTO_DEL_MUNDO,1998,4969.41
Bangladesh,Sri Lanka,1998,1.0754
Bangladesh,India,1999,74.25
Bangladesh,Pakistan,1999,28.1493
Bangladesh,RESTO_DEL_MUNDO,1999,5115.73
Bangladesh,Sri Lanka,1999,4.53992
Bangladesh,India,2000,79.85
Bangladesh,Pakistan,2000,36.3848
Bangladesh,RESTO_DEL_MUNDO,2000,6289.59
Bangladesh,Sri Lanka,2000,3.56085
Bangladesh,India,2001,59.1027
Bangladesh,Pakistan,2001,25.5248
Bangladesh,RESTO_DEL_MUNDO,2001,6448.38
Bangladesh,Sri Lanka,2001,2.05064
Bangladesh,India,2002,61.3168
Bangladesh,Pakistan,2002,31.2218
Bangladesh,RESTO_DEL_MUNDO,2002,6303.91
Bangladesh,Sri Lanka,2002,3.89322
Bangladesh,India,2003,73.7327
Bangladesh,Pakistan,2003,42.9137
Bangladesh,RESTO_DEL_MUNDO,2003,7526
Bangladesh,Sri Lanka,2003,5.64
Bangladesh,India,2004,60.5657
Bangladesh,Pakistan,2004,45.2145
Bangladesh,RESTO_DEL_MUNDO,2004,9255.24
Bangladesh,Sri Lanka,2004,7.696
Bangladesh,India,2005,110.114
Bangladesh,Pakistan,2005,68.1145
Bangladesh,RESTO_DEL_MUNDO,2005,9760.77
Bangladesh,Sri Lanka,2005,8.87336
Bangladesh,India,2006,203.125
Bangladesh,Pakistan,2006,68.2597
Bangladesh,RESTO_DEL_MUNDO,2006,12106.4
Bangladesh,Sri Lanka,2006,7.98792
Bangladesh,India,2007,249.869
Bangladesh,Pakistan,2007,87.8372
Bangladesh,RESTO_DEL_MUNDO,2007,12932
Bangladesh,Sri Lanka,2007,10.9393
Bangladesh,India,2008,295.518
Bangladesh,Pakistan,2008,86.3509
Bangladesh,RESTO_DEL_MUNDO,2008,15107.1
Bangladesh,Sri Lanka,2008,9.04107
Bangladesh,India,2009,234.883
Bangladesh,Pakistan,2009,75.8448
Bangladesh,RESTO_DEL_MUNDO,2009,15356.6
Bangladesh,Sri Lanka,2009,14.6084
Bangladesh,India,2010,359.128
Bangladesh,Pakistan,2010,75.5066
Bangladesh,RESTO_DEL_MUNDO,2010,18207.5
Bangladesh,Sri Lanka,2010,12.6124
Bangladesh,India,2011,583.072
Bangladesh,Pakistan,2011,85.8908
Bangladesh,RESTO_DEL_MUNDO,2011,23761
Bangladesh,Sri Lanka,2011,24.3403
Bangladesh,India,2012,596.608
Bangladesh,Pakistan,2012,71.3385
Bangladesh,RESTO_DEL_MUNDO,2012,24882.8
Bangladesh,Sri Lanka,2012,26.6243
Bangladesh,India,2013,554.41
Bangladesh,Pakistan,2013,61.0325
Bangladesh,RESTO_DEL_MUNDO,2013,28001.3
Bangladesh,Sri Lanka,2013,25.0519
Bangladesh,India,2014,556.637
Bangladesh,Pakistan,2014,58.8124
Bangladesh,RESTO_DEL_MUNDO,2014,29912.7
Bangladesh,Sri Lanka,2014,25.9818
Belgium,RESTO_DEL_MUNDO,1900,378.621
Belgium,Switzerland,1900,5.74
Belgium,RESTO_DEL_MUNDO,1901,321.19
Belgium,Switzerland,1901,5.05
Belgium,RESTO_DEL_MUNDO,1902,398.101
Belgium,Switzerland,1902,4.72
Belgium,RESTO_DEL_MUNDO,1903,410.23
Belgium,Switzerland,1903,4.84
Belgium,RESTO_DEL_MUNDO,1904,429.039
Belgium,Switzerland,1904,5.04
Belgium,RESTO_DEL_MUNDO,1905,467.15
Belgium,Switzerland,1905,6.19
Belgium,RESTO_DEL_MUNDO,1906,456.73
Belgium,Switzerland,1906,5.58
Belgium,RESTO_DEL_MUNDO,1907,530.05
Belgium,Switzerland,1907,6.64
Belgium,RESTO_DEL_MUNDO,1908,509.63
Belgium,Switzerland,1908,6.16
Belgium,RESTO_DEL_MUNDO,1909,395.7
Belgium,Switzerland,1909,6.76
Belgium,RESTO_DEL_MUNDO,1910,528.9
Belgium,Switzerland,1910,7.21
Belgium,RESTO_DEL_MUNDO,1911,544.82
Belgium,Switzerland,1911,9.91
Belgium,RESTO_DEL_MUNDO,1912,626.84
Belgium,Switzerland,1912,7.6
Belgium,RESTO_DEL_MUNDO,1913,623.27
Belgium,Switzerland,1913,6.77
Belgium,Austria,1920,0.58
Belgium,RESTO_DEL_MUNDO,1920,715.399
Belgium,Switzerland,1920,18.44
Belgium,Austria,1921,0.58
Belgium,RESTO_DEL_MUNDO,1921,531.876
Belgium,Switzerland,1921,12.09
Belgium,RESTO_DEL_MUNDO,1922,469.489
Belgium,Switzerland,1922,15.93
Belgium,RESTO_DEL_MUNDO,1923,598.76
Belgium,Switzerland,1923,16.95
Belgium,Ireland,1924,2.68
Belgium,RESTO_DEL_MUNDO,1924,651.64
Belgium,Switzerland,1924,15.43
Belgium,Ireland,1925,2.36
Belgium,RESTO_DEL_MUNDO,1925,669.84
Belgium,Switzerland,1925,15.69
Belgium,Ireland,1926,5.04
Belgium,RESTO_DEL_MUNDO,1926,614.63
Belgium,Switzerland,1926,13.75
Belgium,Austria,1927,3.53
Belgium,Ireland,1927,3.4
Belgium,RESTO_DEL_MUNDO,1927,917.45
Belgium,Switzerland,1927,17.09
Belgium,Austria,1928,4.07
Belgium,Ireland,1928,3.37
Belgium,RESTO_DEL_MUNDO,1928,896.92
Belgium,Switzerland,1928,18.16
Belgium,Austria,1929,4.54
Belgium,Ireland,1929,3.5
Belgium,RESTO_DEL_MUNDO,1929,922.77
Belgium,Switzerland,1929,17.34
Belgium,Austria,1930,3.09
Belgium,RESTO_DEL_MUNDO,1930,360.55
Belgium,Switzerland,1930,16.47
Belgium,Austria,1931,2.24
Belgium,Ireland,1931,3.34
Belgium,RESTO_DEL_MUNDO,1931,606.44
Belgium,Switzerland,1931,15.71
Belgium,Austria,1932,1.25
Belgium,Ireland,1932,2.37
Belgium,RESTO_DEL_MUNDO,1932,340.49
Belgium,Switzerland,1932,13.77
Belgium,Austria,1933,1.11
Belgium,Ireland,1933,3.07
Belgium,RESTO_DEL_MUNDO,1933,338.74
Belgium,Switzerland,1933,15.89
Belgium,Austria,1934,1.93
Belgium,Ireland,1934,5.68
Belgium,RESTO_DEL_MUNDO,1934,475.89
Belgium,Switzerland,1934,16.44
Belgium,Austria,1935,3
Belgium,Ireland,1935,6
Belgium,RESTO_DEL_MUNDO,1935,507.13
Belgium,Switzerland,1935,12
Belgium,Austria,1936,3.68
Belgium,Ireland,1936,5.74
Belgium,RESTO_DEL_MUNDO,1936,584.617
Belgium,Switzerland,1936,14.1
Belgium,Austria,1937,8.83
Belgium,Ireland,1937,0.04
Belgium,RESTO_DEL_MUNDO,1937,770.77
Belgium,Switzerland,1937,17.5
Belgium,Austria,1938,4
Belgium,Ireland,1938,5
Belgium,RESTO_DEL_MUNDO,1938,628.59
Belgium,Switzerland,1938,16
Belgium,Ireland,1950,6.54556
Belgium,RESTO_DEL_MUNDO,1950,1285.94
Belgium,Switzerland,1950,51.8832
Belgium,Ireland,1951,12.9158
Belgium,RESTO_DEL_MUNDO,1951,1984.74
Belgium,Switzerland,1951,95.0987
Belgium,Ireland,1952,10.315
Belgium,RESTO_DEL_MUNDO,1952,1852.96
Belgium,Switzerland,1952,64.9462
Belgium,Ireland,1953,9.8754
Belgium,RESTO_DEL_MUNDO,1953,1631.63
Belgium,Switzerland,1953,51.3905
Belgium,Ireland,1954,8.53905
Belgium,RESTO_DEL_MUNDO,1954,1719.32
Belgium,Switzerland,1954,57.0869
Belgium,Austria,1955,16.097
Belgium,Ireland,1955,10.7313
Belgium,RESTO_DEL_MUNDO,1955,2328.53
Belgium,Switzerland,1955,64.0048
Belgium,Austria,1956,15.894
Belgium,Ireland,1956,8.42572
Belgium,RESTO_DEL_MUNDO,1956,2704.42
Belgium,Switzerland,1956,82.5337
Belgium,Austria,1957,17.9769
Belgium,Ireland,1957,10.0403
Belgium,RESTO_DEL_MUNDO,1957,2743.73
Belgium,Switzerland,1957,79.5574
Belgium,Austria,1958,18.3785
Belgium,Ireland,1958,9.66788
Belgium,RESTO_DEL_MUNDO,1958,2586.56
Belgium,Switzerland,1958,70.5468
Belgium,Austria,1959,24.7954
Belgium,Ireland,1959,11.201
Belgium,RESTO_DEL_MUNDO,1959,2801.49
Belgium,Switzerland,1959,75.152
Belgium,Austria,1960,21.9754
Belgium,Ireland,1960,12.5032
Belgium,RESTO_DEL_MUNDO,1960,3371.05
Belgium,Switzerland,1960,93.4902
Belgium,Austria,1961,23.852
Belgium,Ireland,1961,15.3945
Belgium,RESTO_DEL_MUNDO,1961,3490.4
Belgium,Switzerland,1961,105.196
Belgium,Austria,1962,26.2482
Belgium,Ireland,1962,16.5478
Belgium,RESTO_DEL_MUNDO,1962,3842.43
Belgium,Switzerland,1962,115.74
Belgium,Austria,1963,28.5427
Belgium,Ireland,1963,15.6985
Belgium,RESTO_DEL_MUNDO,1963,4279.67
Belgium,Switzerland,1963,124.446
Belgium,Austria,1964,33.0758
Belgium,Ireland,1964,21.1001
Belgium,RESTO_DEL_MUNDO,1964,5061.94
Belgium,Switzerland,1964,121.848
Belgium,Austria,1965,34.7592
Belgium,Ireland,1965,19.9032
Belgium,RESTO_DEL_MUNDO,1965,5766.43
Belgium,Switzerland,1965,131.609
Belgium,Austria,1966,36.0356
Belgium,Ireland,1966,14.5858
Belgium,RESTO_DEL_MUNDO,1966,6214.35
Belgium,Switzerland,1966,134.228
Belgium,Austria,1967,38.0555
Belgium,Ireland,1967,15.6812
Belgium,RESTO_DEL_MUNDO,1967,6483.96
Belgium,Switzerland,1967,140.27
Belgium,Austria,1968,42.5042
Belgium,Ireland,1968,15.5689
Belgium,RESTO_DEL_MUNDO,1968,7446.35
Belgium,Switzerland,1968,148.239
Belgium,Austria,1969,45.6573
Belgium,Ireland,1969,17.4623
Belgium,RESTO_DEL_MUNDO,1969,9093.56
Belgium,Switzerland,1969,175.862
Belgium,Austria,1970,62.7469
Belgium,Ireland,1970,22.2371
Belgium,RESTO_DEL_MUNDO,1970,10520.7
Belgium,Switzerland,1970,218.378
Belgium,Austria,1971,67.7348
Belgium,Ireland,1971,23.5354
Belgium,RESTO_DEL_MUNDO,1971,11836.6
Belgium,Switzerland,1971,229.535
Belgium,Austria,1972,95.0033
Belgium,Ireland,1972,29.865
Belgium,RESTO_DEL_MUNDO,1972,14912.1
Belgium,Switzerland,1972,271.561
Belgium,Austria,1973,146.113
Belgium,Ireland,1973,49.3952
Belgium,RESTO_DEL_MUNDO,1973,20692.3
Belgium,Switzerland,1973,388.146
Belgium,Austria,1974,187.462
Belgium,Ireland,1974,77.9352
Belgium,RESTO_DEL_MUNDO,1974,26905.7
Belgium,Switzerland,1974,466.283
Belgium,Austria,1975,194.283
Belgium,Ireland,1975,65.6829
Belgium,RESTO_DEL_MUNDO,1975,27111.1
Belgium,Switzerland,1975,412.301
Belgium,Austria,1976,252.714
Belgium,Ireland,1976,77.0195
Belgium,RESTO_DEL_MUNDO,1976,30269.9
Belgium,Switzerland,1976,503.42
Belgium,Austria,1977,356.922
Belgium,Ireland,1977,100.069
Belgium,RESTO_DEL_MUNDO,1977,33719.9
Belgium,Switzerland,1977,693.136
Belgium,Austria,1978,346.095
Belgium,Ireland,1978,127.556
Belgium,RESTO_DEL_MUNDO,1978,39836.5
Belgium,Switzerland,1978,875.823
Belgium,Austria,1979,446.807
Belgium,Ireland,1979,202.47
Belgium,RESTO_DEL_MUNDO,1979,49885.5
Belgium,Switzerland,1979,722.759
Belgium,Austria,1980,485.653
Belgium,Ireland,1980,212.629
Belgium,RESTO_DEL_MUNDO,1980,56695.4
Belgium,Switzerland,1980,1431.02
Belgium,Austria,1981,419.967
Belgium,Ireland,1981,210.462
Belgium,RESTO_DEL_MUNDO,1981,48788.5
Belgium,Switzerland,1981,1242.3
Belgium,Austria,1982,361.611
Belgium,Ireland,1982,200.839
Belgium,RESTO_DEL_MUNDO,1982,47049
Belgium,Switzerland,1982,1104.98
Belgium,Austria,1983,383.544
Belgium,Ireland,1983,184.614
Belgium,RESTO_DEL_MUNDO,1983,46067.8
Belgium,Switzerland,1983,1137.48
Belgium,Austria,1984,400.47
Belgium,Ireland,1984,197.218
Belgium,RESTO_DEL_MUNDO,1984,46769.5
Belgium,Switzerland,1984,1187.42
Belgium,Austria,1985,423.87
Belgium,Ireland,1985,207.631
Belgium,RESTO_DEL_MUNDO,1985,49337.3
Belgium,Switzerland,1985,1177.16
Belgium,Austria,1986,615.404
Belgium,Ireland,1986,240.54
Belgium,RESTO_DEL_MUNDO,1986,62561.6
Belgium,Switzerland,1986,1368.13
Belgium,Austria,1987,753.591
Belgium,Ireland,1987,279.45
Belgium,RESTO_DEL_MUNDO,1987,75467
Belgium,Switzerland,1987,1640.99
Belgium,Austria,1988,928.912
Belgium,Ireland,1988,309.088
Belgium,RESTO_DEL_MUNDO,1988,84666.9
Belgium,Switzerland,1988,1830.38
Belgium,Austria,1989,986.972
Belgium,Ireland,1989,358.128
Belgium,RESTO_DEL_MUNDO,1989,89849.2
Belgium,Switzerland,1989,1900.08
Belgium,Austria,1990,1342.83
Belgium,Ireland,1990,420.832
Belgium,RESTO_DEL_MUNDO,1990,106749
Belgium,Switzerland,1990,2368.74
Belgium,Austria,1991,1413.94
Belgium,Ireland,1991,411.735
Belgium,RESTO_DEL_MUNDO,1991,109865
Belgium,Switzerland,1991,2154.56
Belgium,Austria,1992,1531.97
Belgium,Ireland,1992,437.048
Belgium,RESTO_DEL_MUNDO,1992,113337
Belgium,Switzerland,1992,2387.05
Belgium,Austria,1993,1300.99
Belgium,Ireland,1993,311.858
Belgium,RESTO_DEL_MUNDO,1993,92448.4
Belgium,Switzerland,1993,2045.46
Belgium,Austria,1994,1493.83
Belgium,Ireland,1994,326.378
Belgium,RESTO_DEL_MUNDO,1994,106799
Belgium,Switzerland,1994,2404.84
Belgium,Austria,1995,1659.3
Belgium,Ireland,1995,372.931
Belgium,RESTO_DEL_MUNDO,1995,128208
Belgium,Switzerland,1995,2650.38
Belgium,Austria,1996,1438.51
Belgium,Ireland,1996,429.925
Belgium,RESTO_DEL_MUNDO,1996,126277
Belgium,Switzerland,1996,2576.96
Belgium,Austria,1997,1823.94
Belgium,Ireland,1997,758.139
Belgium,Luxembourg,1997,3564.38
Belgium,RESTO_DEL_MUNDO,1997,157752
Belgium,Switzerland,1997,2844.46
Belgium,Austria,1998,2018.38
Belgium,Ireland,1998,978.813
Belgium,Luxembourg,1998,3721.52
Belgium,RESTO_DEL_MUNDO,1998,164160
Belgium,Switzerland,1998,2824.88
Belgium,Austria,1999,1654.6
Belgium,Ireland,1999,718.808
Belgium,Luxembourg,1999,3763.66
Belgium,RESTO_DEL_MUNDO,1999,144286
Belgium,Switzerland,1999,2277.6
Belgium,Austria,2000,1803.39
Belgium,Ireland,2000,943.955
Belgium,Luxembourg,2000,3939.33
Belgium,RESTO_DEL_MUNDO,2000,152272
Belgium,Switzerland,2000,2454.16
Belgium,Austria,2001,1848.56
Belgium,Ireland,2001,919
Belgium,Luxembourg,2001,3770.71
Belgium,RESTO_DEL_MUNDO,2001,149044
Belgium,Switzerland,2001,2511.16
Belgium,Austria,2002,1982.55
Belgium,Ireland,2002,933.873
Belgium,Luxembourg,2002,3902.6
Belgium,RESTO_DEL_MUNDO,2002,160343
Belgium,Switzerland,2002,2531.34
Belgium,Austria,2003,2378.7
Belgium,Ireland,2003,1081.82
Belgium,Luxembourg,2003,4721.62
Belgium,RESTO_DEL_MUNDO,2003,191204
Belgium,Switzerland,2003,2993.34
Belgium,Austria,2004,2646.02
Belgium,Ireland,2004,1427.6
Belgium,Luxembourg,2004,5971.99
Belgium,RESTO_DEL_MUNDO,2004,231799
Belgium,Switzerland,2004,3417.39
Belgium,Austria,2005,2797.51
Belgium,Ireland,2005,1573.8
Belgium,Luxembourg,2005,6308.86
Belgium,RESTO_DEL_MUNDO,2005,258371
Belgium,Switzerland,2005,3849.82
Belgium,Austria,2006,3212.43
Belgium,Ireland,2006,1798.56
Belgium,Luxembourg,2006,7152.85
Belgium,RESTO_DEL_MUNDO,2006,310794
Belgium,Switzerland,2006,4489.26
Belgium,Austria,2007,3550.98
Belgium,Ireland,2007,2017.4
Belgium,Luxembourg,2007,7747.32
Belgium,RESTO_DEL_MUNDO,2007,366285
Belgium,Switzerland,2007,4925.19
Belgium,Austria,2008,3811.2
Belgium,Ireland,2008,2203.62
Belgium,Luxembourg,2008,9021.43
Belgium,RESTO_DEL_MUNDO,2008,405781
Belgium,Switzerland,2008,5792.46
Belgium,Austria,2009,2941.72
Belgium,Ireland,2009,1448.24
Belgium,Luxembourg,2009,6889.49
Belgium,RESTO_DEL_MUNDO,2009,317177
Belgium,Switzerland,2009,4390.74
Belgium,Austria,2010,3269.09
Belgium,Ireland,2010,1613.91
Belgium,Luxembourg,2010,7587.9
Belgium,RESTO_DEL_MUNDO,2010,344595
Belgium,Switzerland,2010,4929.5
Belgium,Austria,2011,3706.64
Belgium,Ireland,2011,1790.98
Belgium,Luxembourg,2011,9116.79
Belgium,RESTO_DEL_MUNDO,2011,407693
Belgium,Switzerland,2011,6425.65
Belgium,Austria,2012,3659.19
Belgium,Ireland,2012,1460.35
Belgium,Luxembourg,2012,8521.4
Belgium,RESTO_DEL_MUNDO,2012,383678
Belgium,Switzerland,2012,5404.92
Belgium,Austria,2013,3859.32
Belgium,Ireland,2013,1526.4
Belgium,Luxembourg,2013,8391.84
Belgium,RESTO_DEL_MUNDO,2013,399241
Belgium,Switzerland,2013,4814.85
Belgium,Austria,2014,4064.65
Belgium,Ireland,2014,1856.13
Belgium,Luxembourg,2014,8129.06
Belgium,RESTO_DEL_MUNDO,2014,407220
Belgium,Switzerland,2014,4456.04
Bolivia,RESTO_DEL_MUNDO,1900,0.04
Bolivia,RESTO_DEL_MUNDO,1905,2.65
Bolivia,RESTO_DEL_MUNDO,1906,5.55
Bolivia,RESTO_DEL_MUNDO,1907,5.1
Bolivia,RESTO_DEL_MUNDO,1908,3.74
Bolivia,RESTO_DEL_MUNDO,1909,5.1
Bolivia,RESTO_DEL_MUNDO,1910,14.18
Bolivia,RESTO_DEL_MUNDO,1911,27.8
Bolivia,Chile,1912,0.09
Bolivia,RESTO_DEL_MUNDO,1912,29.45
Bolivia,Argentina,1913,0.33
Bolivia,Brazil,1913,0.0051661
Bolivia,Chile,1913,0.05
Bolivia,RESTO_DEL_MUNDO,1913,32.78
Bolivia,RESTO_DEL_MUNDO,1919,0.142447
Bolivia,Argentina,1920,0.77
Bolivia,Brazil,1920,0.64
Bolivia,Chile,1920,1.07
Bolivia,RESTO_DEL_MUNDO,1920,32.5443
Bolivia,Argentina,1921,0.51
Bolivia,Brazil,1921,0.44
Bolivia,Chile,1921,0.13
Bolivia,RESTO_DEL_MUNDO,1921,14.4003
Bolivia,Argentina,1922,0.4
Bolivia,Brazil,1922,0.21
Bolivia,Chile,1922,0.1
Bolivia,RESTO_DEL_MUNDO,1922,15.8119
Bolivia,Argentina,1923,0.54
Bolivia,Brazil,1923,0.41
Bolivia,Chile,1923,0.1
Bolivia,RESTO_DEL_MUNDO,1923,26.4326
Bolivia,Argentina,1924,0.99
Bolivia,Brazil,1924,0.42
Bolivia,Chile,1924,0.1
Bolivia,RESTO_DEL_MUNDO,1924,34.558
Bolivia,Argentina,1925,1.27
Bolivia,Brazil,1925,0.95
Bolivia,Chile,1925,0.16
Bolivia,RESTO_DEL_MUNDO,1925,38.2689
Bolivia,Argentina,1926,0.91
Bolivia,Brazil,1926,0.82
Bolivia,Chile,1926,0.31
Bolivia,RESTO_DEL_MUNDO,1926,40.1076
Bolivia,Argentina,1927,0.63
Bolivia,Brazil,1927,0.89
Bolivia,Chile,1927,0.04
Bolivia,RESTO_DEL_MUNDO,1927,40.8086
Bolivia,Argentina,1928,0.91
Bolivia,Brazil,1928,0.5
Bolivia,Chile,1928,0.09
Bolivia,RESTO_DEL_MUNDO,1928,38.2779
Bolivia,Argentina,1929,1.01
Bolivia,Brazil,1929,0.41
Bolivia,Chile,1929,0.15
Bolivia,RESTO_DEL_MUNDO,1929,47.1125
Bolivia,Chile,1930,0.12
Bolivia,RESTO_DEL_MUNDO,1930,35.8454
Bolivia,Argentina,1931,0.6
Bolivia,Brazil,1931,0.12
Bolivia,Chile,1931,0.02
Bolivia,RESTO_DEL_MUNDO,1931,19.0463
Bolivia,Argentina,1932,0.72
Bolivia,Brazil,1932,0.1
Bolivia,Chile,1932,0.05
Bolivia,RESTO_DEL_MUNDO,1932,17.0038
Bolivia,Argentina,1933,1.22
Bolivia,Brazil,1933,0.14
Bolivia,Chile,1933,0.02
Bolivia,RESTO_DEL_MUNDO,1933,25.9719
Bolivia,Chile,1934,0.03
Bolivia,RESTO_DEL_MUNDO,1934,5.13984
Bolivia,Chile,1935,0.01
Bolivia,RESTO_DEL_MUNDO,1935,26.1934
Bolivia,Argentina,1936,0.15
Bolivia,Brazil,1936,0.03
Bolivia,Chile,1936,0.01
Bolivia,RESTO_DEL_MUNDO,1936,9.59855
Bolivia,Argentina,1937,0.09
Bolivia,Brazil,1937,0.03
Bolivia,Chile,1937,0.02
Bolivia,RESTO_DEL_MUNDO,1937,14.0699
Bolivia,Argentina,1938,1
Bolivia,Brazil,1938,1
Bolivia,Chile,1938,0.08
Bolivia,RESTO_DEL_MUNDO,1938,26.6313
Bolivia,RESTO_DEL_MUNDO,1939,5.90214
Bolivia,RESTO_DEL_MUNDO,1940,0.610227
Bolivia,RESTO_DEL_MUNDO,1941,0.63
Bolivia,RESTO_DEL_MUNDO,1942,0.29
Bolivia,RESTO_DEL_MUNDO,1944,0
Bolivia,RESTO_DEL_MUNDO,1945,0
Bolivia,RESTO_DEL_MUNDO,1946,0.55
Bolivia,RESTO_DEL_MUNDO,1947,2.3043
Bolivia,Argentina,1948,1.3
Bolivia,Brazil,1948,0.11
Bolivia,Chile,1948,0.2
Bolivia,Colombia,1948,0
Bolivia,Ecuador,1948,0
Bolivia,Paraguay,1948,0
Bolivia,RESTO_DEL_MUNDO,1948,98.16
Bolivia,Uruguay,1948,0
Bolivia,Venezuela,1948,0
Bolivia,Argentina,1949,1.5
Bolivia,Brazil,1949,0.11
Bolivia,Chile,1949,0.2
Bolivia,Colombia,1949,0
Bolivia,Ecuador,1949,0
Bolivia,Paraguay,1949,0
Bolivia,RESTO_DEL_MUNDO,1949,91.42
Bolivia,Uruguay,1949,0
Bolivia,Venezuela,1949,0
Bolivia,Argentina,1950,2.1
Bolivia,Brazil,1950,0.11
Bolivia,Chile,1950,0.1
Bolivia,Colombia,1950,0
Bolivia,Ecuador,1950,0
Bolivia,Paraguay,1950,0
Bolivia,RESTO_DEL_MUNDO,1950,75.5
Bolivia,Uruguay,1950,0
Bolivia,Venezuela,1950,0
Bolivia,Argentina,1951,1.3
Bolivia,Brazil,1951,0.11
Bolivia,Chile,1951,0.2
Bolivia,Colombia,1951,0
Bolivia,Ecuador,1951,0
Bolivia,Paraguay,1951,0
Bolivia,RESTO_DEL_MUNDO,1951,110.7
Bolivia,Uruguay,1951,0
Bolivia,Venezuela,1951,0
Bolivia,Argentina,1952,1.9
Bolivia,Brazil,1952,0.33
Bolivia,Chile,1952,0.2
Bolivia,Colombia,1952,0
Bolivia,Ecuador,1952,0
Bolivia,Paraguay,1952,0
Bolivia,RESTO_DEL_MUNDO,1952,116.81
Bolivia,Uruguay,1952,0.1
Bolivia,Venezuela,1952,0
Bolivia,Argentina,1953,1.3
Bolivia,Brazil,1953,0.22
Bolivia,Chile,1953,0.1
Bolivia,Colombia,1953,0
Bolivia,Ecuador,1953,0
Bolivia,Paraguay,1953,0
Bolivia,RESTO_DEL_MUNDO,1953,104.1
Bolivia,Uruguay,1953,0
Bolivia,Venezuela,1953,0
Bolivia,Argentina,1954,1.8
Bolivia,Brazil,1954,0.55
Bolivia,Chile,1954,0.2
Bolivia,Colombia,1954,0
Bolivia,Ecuador,1954,0
Bolivia,Paraguay,1954,0
Bolivia,RESTO_DEL_MUNDO,1954,88.4
Bolivia,Uruguay,1954,0
Bolivia,Venezuela,1954,0
Bolivia,Argentina,1955,2.6
Bolivia,Brazil,1955,2.2
Bolivia,Chile,1955,0.5
Bolivia,Colombia,1955,0
Bolivia,Ecuador,1955,0
Bolivia,Paraguay,1955,0
Bolivia,RESTO_DEL_MUNDO,1955,84.9
Bolivia,Uruguay,1955,0
Bolivia,Venezuela,1955,0
Bolivia,Argentina,1956,2.5
Bolivia,Brazil,1956,1.76
Bolivia,Chile,1956,0.6
Bolivia,Colombia,1956,0
Bolivia,Ecuador,1956,0
Bolivia,Paraguay,1956,0
Bolivia,RESTO_DEL_MUNDO,1956,89.7
Bolivia,Uruguay,1956,0.1
Bolivia,Venezuela,1956,0
Bolivia,Argentina,1957,5
Bolivia,Brazil,1957,1.76
Bolivia,Chile,1957,0.7
Bolivia,Colombia,1957,0
Bolivia,Ecuador,1957,0
Bolivia,Paraguay,1957,0
Bolivia,RESTO_DEL_MUNDO,1957,76
Bolivia,Uruguay,1957,0
Bolivia,Venezuela,1957,0
Bolivia,Argentina,1958,7.5
Bolivia,Brazil,1958,0.33
Bolivia,Chile,1958,0.8
Bolivia,Colombia,1958,0
Bolivia,Ecuador,1958,0
Bolivia,Paraguay,1958,0
Bolivia,RESTO_DEL_MUNDO,1958,57.4
Bolivia,Uruguay,1958,0
Bolivia,Venezuela,1958,0
Bolivia,Argentina,1959,5.5
Bolivia,Brazil,1959,0.55
Bolivia,Chile,1959,0.3
Bolivia,Colombia,1959,0
Bolivia,Ecuador,1959,0
Bolivia,Paraguay,1959,0
Bolivia,RESTO_DEL_MUNDO,1959,58.3
Bolivia,Uruguay,1959,0.1
Bolivia,Venezuela,1959,0
Bolivia,Argentina,1960,4.6
Bolivia,Brazil,1960,2.86
Bolivia,Chile,1960,0.2
Bolivia,Colombia,1960,0
Bolivia,Ecuador,1960,0
Bolivia,Paraguay,1960,0
Bolivia,RESTO_DEL_MUNDO,1960,50
Bolivia,Uruguay,1960,0.1
Bolivia,Venezuela,1960,0
Bolivia,Argentina,1961,4.4
Bolivia,Brazil,1961,0.99
Bolivia,Chile,1961,0.4
Bolivia,Colombia,1961,0
Bolivia,Ecuador,1961,0
Bolivia,Paraguay,1961,0
Bolivia,RESTO_DEL_MUNDO,1961,54.2
Bolivia,Uruguay,1961,0
Bolivia,Venezuela,1961,0
Bolivia,Argentina,1962,2
Bolivia,Brazil,1962,0.55
Bolivia,Chile,1962,0.2
Bolivia,Colombia,1962,0
Bolivia,Ecuador,1962,0
Bolivia,Paraguay,1962,0
Bolivia,RESTO_DEL_MUNDO,1962,55.1
Bolivia,Uruguay,1962,0
Bolivia,Venezuela,1962,0
Bolivia,Argentina,1963,3
Bolivia,Brazil,1963,0.11
Bolivia,Chile,1963,0.3
Bolivia,Colombia,1963,0
Bolivia,Ecuador,1963,0
Bolivia,Paraguay,1963,0
Bolivia,RESTO_DEL_MUNDO,1963,64.3
Bolivia,Uruguay,1963,0
Bolivia,Venezuela,1963,0
Bolivia,Argentina,1964,1.3
Bolivia,Brazil,1964,0.8
Bolivia,Chile,1964,0.4
Bolivia,Colombia,1964,0
Bolivia,Ecuador,1964,0
Bolivia,Paraguay,1964,0
Bolivia,RESTO_DEL_MUNDO,1964,91.1
Bolivia,Uruguay,1964,0
Bolivia,Venezuela,1964,0
Bolivia,Argentina,1965,1.3
Bolivia,Brazil,1965,0.44
Bolivia,Chile,1965,0.7
Bolivia,Colombia,1965,0
Bolivia,Ecuador,1965,0.01
Bolivia,Paraguay,1965,0
Bolivia,RESTO_DEL_MUNDO,1965,93.2
Bolivia,Uruguay,1965,0
Bolivia,Venezuela,1965,0
Bolivia,Argentina,1966,1.8
Bolivia,Brazil,1966,0.55
Bolivia,Chile,1966,1
Bolivia,Colombia,1966,0
Bolivia,Ecuador,1966,0.01
Bolivia,Paraguay,1966,0.088
Bolivia,RESTO_DEL_MUNDO,1966,108.4
Bolivia,Uruguay,1966,0
Bolivia,Venezuela,1966,0
Bolivia,Argentina,1967,6
Bolivia,Brazil,1967,0.44
Bolivia,Chile,1967,1.36
Bolivia,Colombia,1967,0
Bolivia,Ecuador,1967,0
Bolivia,Paraguay,1967,0.701
Bolivia,RESTO_DEL_MUNDO,1967,134.1
Bolivia,Uruguay,1967,0.2
Bolivia,Venezuela,1967,0
Bolivia,Argentina,1968,1.4
Bolivia,Brazil,1968,0.44
Bolivia,Chile,1968,1.36
Bolivia,Colombia,1968,0
Bolivia,Ecuador,1968,0
Bolivia,Paraguay,1968,0.003
Bolivia,RESTO_DEL_MUNDO,1968,126.349
Bolivia,Uruguay,1968,0.004
Bolivia,Venezuela,1968,0.002
Bolivia,Argentina,1969,11.71
Bolivia,Brazil,1969,0.781
Bolivia,Chile,1969,1.44
Bolivia,Colombia,1969,0.003
Bolivia,Ecuador,1969,0
Bolivia,Paraguay,1969,0.004
Bolivia,RESTO_DEL_MUNDO,1969,134.965
Bolivia,Uruguay,1969,0
Bolivia,Venezuela,1969,0.003
Bolivia,Argentina,1970,11.3
Bolivia,Brazil,1970,0.165
Bolivia,Chile,1970,1.21
Bolivia,Colombia,1970,0
Bolivia,Ecuador,1970,0
Bolivia,Paraguay,1970,0.011
Bolivia,RESTO_DEL_MUNDO,1970,152.476
Bolivia,Uruguay,1970,0
Bolivia,Venezuela,1970,0
Bolivia,Argentina,1971,15.42
Bolivia,Brazil,1971,1.815
Bolivia,Chile,1971,3.9
Bolivia,Colombia,1971,0.08
Bolivia,Ecuador,1971,0.01
Bolivia,Paraguay,1971,1.705
Bolivia,RESTO_DEL_MUNDO,1971,108.349
Bolivia,Uruguay,1971,0.221
Bolivia,Venezuela,1971,0
Bolivia,Argentina,1972,28.37
Bolivia,Brazil,1972,12.936
Bolivia,Chile,1972,7.32
Bolivia,Colombia,1972,1.23
Bolivia,Ecuador,1972,0
Bolivia,Paraguay,1972,0.003
Bolivia,RESTO_DEL_MUNDO,1972,132.753
Bolivia,Uruguay,1972,0
Bolivia,Venezuela,1972,0
Bolivia,Argentina,1973,32.28
Bolivia,Brazil,1973,21.593
Bolivia,Chile,1973,15.97
Bolivia,Colombia,1973,1.5
Bolivia,Ecuador,1973,0
Bolivia,Paraguay,1973,0.003
Bolivia,RESTO_DEL_MUNDO,1973,152.08
Bolivia,Uruguay,1973,3.093
Bolivia,Venezuela,1973,0
Bolivia,Argentina,1974,91.04
Bolivia,Brazil,1974,34.958
Bolivia,Chile,1974,27.98
Bolivia,Colombia,1974,3.42
Bolivia,Ecuador,1974,0.04
Bolivia,Paraguay,1974,10.001
Bolivia,RESTO_DEL_MUNDO,1974,229.946
Bolivia,Uruguay,1974,0.057
Bolivia,Venezuela,1974,0.027
Bolivia,Argentina,1975,130.72
Bolivia,Brazil,1975,19.03
Bolivia,Chile,1975,10.94
Bolivia,Colombia,1975,1.07
Bolivia,Ecuador,1975,0.01
Bolivia,Paraguay,1975,0.363
Bolivia,RESTO_DEL_MUNDO,1975,251.516
Bolivia,Uruguay,1975,0.169
Bolivia,Venezuela,1975,0.17
Bolivia,Argentina,1976,98.32
Bolivia,Brazil,1976,17.578
Bolivia,Chile,1976,14.1
Bolivia,Colombia,1976,2.15
Bolivia,Ecuador,1976,0.21
Bolivia,Paraguay,1976,0.118
Bolivia,RESTO_DEL_MUNDO,1976,274.817
Bolivia,Uruguay,1976,0.501
Bolivia,Venezuela,1976,4.4
Bolivia,Argentina,1977,174.28
Bolivia,Brazil,1977,23.397
Bolivia,Chile,1977,10.8
Bolivia,Colombia,1977,3.46
Bolivia,Ecuador,1977,0.42
Bolivia,Paraguay,1977,1.945
Bolivia,RESTO_DEL_MUNDO,1977,350.659
Bolivia,Uruguay,1977,0.128
Bolivia,Venezuela,1977,3.3
Bolivia,Argentina,1978,96.07
Bolivia,Brazil,1978,40.59
Bolivia,Chile,1978,14.4
Bolivia,Colombia,1978,5.66
Bolivia,Ecuador,1978,0.92
Bolivia,Paraguay,1978,0.01
Bolivia,RESTO_DEL_MUNDO,1978,339.371
Bolivia,Uruguay,1978,0.186
Bolivia,Venezuela,1978,2.8
Bolivia,Argentina,1979,128.88
Bolivia,Brazil,1979,98.263
Bolivia,Chile,1979,28.4
Bolivia,Colombia,1979,5.71
Bolivia,Ecuador,1979,0.58
Bolivia,Paraguay,1979,0.628
Bolivia,RESTO_DEL_MUNDO,1979,493.471
Bolivia,Uruguay,1979,0.685
Bolivia,Venezuela,1979,3.1
Bolivia,Argentina,1980,252.38
Bolivia,Brazil,1980,51.865
Bolivia,Chile,1980,26.3
Bolivia,Colombia,1980,7.35
Bolivia,Ecuador,1980,11.64
Bolivia,Paraguay,1980,0.078
Bolivia,RESTO_DEL_MUNDO,1980,516.112
Bolivia,Uruguay,1980,1.866
Bolivia,Venezuela,1980,3.6
Bolivia,Argentina,1981,343.77
Bolivia,Brazil,1981,29.425
Bolivia,Chile,1981,9
Bolivia,Colombia,1981,12.03
Bolivia,Ecuador,1981,1.33
Bolivia,Paraguay,1981,0.306
Bolivia,RESTO_DEL_MUNDO,1981,433.76
Bolivia,Uruguay,1981,0.18
Bolivia,Venezuela,1981,3.6
Bolivia,Argentina,1982,395.69
Bolivia,Brazil,1982,33.506
Bolivia,Chile,1982,9
Bolivia,Colombia,1982,6.78
Bolivia,Ecuador,1982,1.28
Bolivia,Paraguay,1982,0.1705
Bolivia,RESTO_DEL_MUNDO,1982,328.896
Bolivia,Uruguay,1982,0.118
Bolivia,Venezuela,1982,5.5
Bolivia,Argentina,1983,394.52
Bolivia,Brazil,1983,22.077
Bolivia,Chile,1983,8.7
Bolivia,Colombia,1983,4.09
Bolivia,Ecuador,1983,0.02
Bolivia,Paraguay,1983,0.1254
Bolivia,RESTO_DEL_MUNDO,1983,409.74
Bolivia,Uruguay,1983,0.098
Bolivia,Venezuela,1983,1.1
Bolivia,Argentina,1984,391.74
Bolivia,Brazil,1984,17.82
Bolivia,Chile,1984,6.6
Bolivia,Colombia,1984,5.53
Bolivia,Ecuador,1984,0.06
Bolivia,Paraguay,1984,0.0748
Bolivia,RESTO_DEL_MUNDO,1984,297.546
Bolivia,Uruguay,1984,0.002
Bolivia,Venezuela,1984,1.1
Bolivia,Argentina,1985,382.87
Bolivia,Brazil,1985,11.022
Bolivia,Chile,1985,4.5
Bolivia,Colombia,1985,5.09
Bolivia,Ecuador,1985,0.08
Bolivia,Paraguay,1985,0.1023
Bolivia,RESTO_DEL_MUNDO,1985,220.475
Bolivia,Uruguay,1985,0.198
Bolivia,Venezuela,1985,0.001
Bolivia,Argentina,1986,352.76
Bolivia,Brazil,1986,15.642
Bolivia,Chile,1986,5
Bolivia,Colombia,1986,4.14
Bolivia,Ecuador,1986,0.25
Bolivia,Paraguay,1986,0.0484
Bolivia,RESTO_DEL_MUNDO,1986,252.453
Bolivia,Uruguay,1986,0.036
Bolivia,Venezuela,1986,0.011
Bolivia,Argentina,1987,304.78
Bolivia,Brazil,1987,16.016
Bolivia,Chile,1987,8.4
Bolivia,Colombia,1987,3.4
Bolivia,Ecuador,1987,0.23
Bolivia,Paraguay,1987,0.3883
Bolivia,RESTO_DEL_MUNDO,1987,257.723
Bolivia,Uruguay,1987,0.068
Bolivia,Venezuela,1987,0.2
Bolivia,Argentina,1988,227.47
Bolivia,Brazil,1988,12.815
Bolivia,Chile,1988,11.9
Bolivia,Colombia,1988,4.628
Bolivia,Ecuador,1988,0.1071
Bolivia,Paraguay,1988,0.1243
Bolivia,RESTO_DEL_MUNDO,1988,329.895
Bolivia,Uruguay,1988,0.31
Bolivia,Venezuela,1988,1.9129
Bolivia,Argentina,1989,232.825
Bolivia,Brazil,1989,30.0507
Bolivia,Chile,1989,14.2
Bolivia,Colombia,1989,6.39445
Bolivia,Ecuador,1989,0.1709
Bolivia,Paraguay,1989,0.2178
Bolivia,RESTO_DEL_MUNDO,1989,371.354
Bolivia,Uruguay,1989,0.86
Bolivia,Venezuela,1989,0.6182
Bolivia,Argentina,1990,235.95
Bolivia,Brazil,1990,39.7309
Bolivia,Chile,1990,21.5
Bolivia,Colombia,1990,6.23973
Bolivia,Ecuador,1990,0.216
Bolivia,Paraguay,1990,1.3233
Bolivia,RESTO_DEL_MUNDO,1990,705.83
Bolivia,Uruguay,1990,0.46
Bolivia,Venezuela,1990,2.77697
Bolivia,Argentina,1991,247.472
Bolivia,Brazil,1991,24.5762
Bolivia,Chile,1991,19.5
Bolivia,Colombia,1991,26.894
Bolivia,Ecuador,1991,0.7368
Bolivia,Paraguay,1991,1.4509
Bolivia,RESTO_DEL_MUNDO,1991,401.914
Bolivia,Uruguay,1991,0.9
Bolivia,Venezuela,1991,3.9127
Bolivia,Argentina,1992,145.452
Bolivia,Brazil,1992,18.8452
Bolivia,Chile,1992,16.72
Bolivia,Colombia,1992,54.631
Bolivia,Ecuador,1992,0.5384
Bolivia,Paraguay,1992,0.935
Bolivia,RESTO_DEL_MUNDO,1992,397.359
Bolivia,Uruguay,1992,0.747
Bolivia,Venezuela,1992,1.3002
Bolivia,Argentina,1993,107.907
Bolivia,Brazil,1993,20.8604
Bolivia,Chile,1993,13.123
Bolivia,Colombia,1993,42.406
Bolivia,Ecuador,1993,0.147
Bolivia,Paraguay,1993,2.1318
Bolivia,RESTO_DEL_MUNDO,1993,419.777
Bolivia,Uruguay,1993,4.496
Bolivia,Venezuela,1993,1.2474
Bolivia,Argentina,1994,144.964
Bolivia,Brazil,1994,25.6641
Bolivia,Chile,1994,25.3
Bolivia,Colombia,1994,49.7538
Bolivia,Ecuador,1994,0.4007
Bolivia,Paraguay,1994,1.8502
Bolivia,RESTO_DEL_MUNDO,1994,570.896
Bolivia,Uruguay,1994,0.495
Bolivia,Venezuela,1994,3.64255
Bolivia,Argentina,1995,52.48
Bolivia,Brazil,1995,34.6379
Bolivia,Chile,1995,24.7
Bolivia,Colombia,1995,70.4067
Bolivia,Ecuador,1995,2.9327
Bolivia,Paraguay,1995,2.0526
Bolivia,RESTO_DEL_MUNDO,1995,969.174
Bolivia,Uruguay,1995,1.92
Bolivia,Venezuela,1995,12.6819
Bolivia,Argentina,1996,136.294
Bolivia,Brazil,1996,67.59
Bolivia,Chile,1996,35.86
Bolivia,Colombia,1996,74.2969
Bolivia,Ecuador,1996,5.52324
Bolivia,Paraguay,1996,1.1396
Bolivia,RESTO_DEL_MUNDO,1996,728.245
Bolivia,Uruguay,1996,2.378
Bolivia,Venezuela,1996,0
Bolivia,Argentina,1997,130.32
Bolivia,Brazil,1997,29.8694
Bolivia,Chile,1997,62.55
Bolivia,Colombia,1997,82.7527
Bolivia,Ecuador,1997,2.57978
Bolivia,Paraguay,1997,1.1955
Bolivia,RESTO_DEL_MUNDO,1997,803.381
Bolivia,Uruguay,1997,2.752
Bolivia,Venezuela,1997,1
Bolivia,Argentina,1998,114.713
Bolivia,Brazil,1998,24.4068
Bolivia,Chile,1998,37.59
Bolivia,Colombia,1998,128.094
Bolivia,Ecuador,1998,16.3207
Bolivia,Paraguay,1998,2.1285
Bolivia,RESTO_DEL_MUNDO,1998,840.462
Bolivia,Uruguay,1998,0.721
Bolivia,Venezuela,1998,13
Bolivia,Argentina,1999,40.0618
Bolivia,Brazil,1999,25.4639
Bolivia,Chile,1999,22.39
Bolivia,Colombia,1999,208.698
Bolivia,Ecuador,1999,78.5037
Bolivia,Paraguay,1999,2.3353
Bolivia,RESTO_DEL_MUNDO,1999,515.671
Bolivia,Uruguay,1999,0.528257
Bolivia,Venezuela,1999,14
Bolivia,Argentina,2000,20.034
Bolivia,Brazil,2000,154.278
Bolivia,Chile,2000,30.14
Bolivia,Colombia,2000,215.633
Bolivia,Ecuador,2000,6.33755
Bolivia,Paraguay,2000,0.51141
Bolivia,RESTO_DEL_MUNDO,2000,474.141
Bolivia,Uruguay,2000,1.19903
Bolivia,Venezuela,2000,37.752
Bolivia,Argentina,2001,20.5746
Bolivia,Brazil,2001,281.759
Bolivia,Chile,2001,25.02
Bolivia,Colombia,2001,131.21
Bolivia,Ecuador,2001,6.56569
Bolivia,Paraguay,2001,3.42716
Bolivia,RESTO_DEL_MUNDO,2001,441.594
Bolivia,Uruguay,2001,1.12605
Bolivia,Venezuela,2001,108.981
Bolivia,Argentina,2002,15.9374
Bolivia,Brazil,2002,435.41
Bolivia,Chile,2002,22.5
Bolivia,Colombia,2002,135.153
Bolivia,Ecuador,2002,5.45838
Bolivia,Paraguay,2002,3.40779
Bolivia,RESTO_DEL_MUNDO,2002,465.353
Bolivia,Uruguay,2002,1.23507
Bolivia,Venezuela,2002,101.608
Bolivia,Argentina,2003,22.9887
Bolivia,Brazil,2003,571.74
Bolivia,Chile,2003,42.1125
Bolivia,Colombia,2003,194.304
Bolivia,Ecuador,2003,8.95729
Bolivia,Paraguay,2003,3.33757
Bolivia,RESTO_DEL_MUNDO,2003,537.227
Bolivia,Uruguay,2003,0.744921
Bolivia,Venezuela,2003,66.071
Bolivia,Argentina,2004,130.733
Bolivia,Brazil,2004,784.873
Bolivia,Chile,2004,53.5759
Bolivia,Colombia,2004,167.953
Bolivia,Ecuador,2004,1.71046
Bolivia,Paraguay,2004,10.2126
Bolivia,RESTO_DEL_MUNDO,2004,788.47
Bolivia,Uruguay,2004,1.08034
Bolivia,Venezuela,2004,57.278
Bolivia,Argentina,2005,299.13
Bolivia,Brazil,2005,1088.75
Bolivia,Chile,2005,38.6486
Bolivia,Colombia,2005,190.917
Bolivia,Ecuador,2005,2.63588
Bolivia,Paraguay,2005,13.9921
Bolivia,RESTO_DEL_MUNDO,2005,842.285
Bolivia,Uruguay,2005,1.19623
Bolivia,Venezuela,2005,12.699
Bolivia,Argentina,2006,322.613
Bolivia,Brazil,2006,1593.22
Bolivia,Chile,2006,60.1625
Bolivia,Colombia,2006,114.315
Bolivia,Ecuador,2006,5.56446
Bolivia,Paraguay,2006,28.3816
Bolivia,RESTO_DEL_MUNDO,2006,1228.21
Bolivia,Uruguay,2006,1.33815
Bolivia,Venezuela,2006,27.749
Bolivia,Argentina,2007,220.917
Bolivia,Brazil,2007,1761.26
Bolivia,Chile,2007,56.2473
Bolivia,Colombia,2007,140.562
Bolivia,Ecuador,2007,8.99501
Bolivia,Paraguay,2007,28.8023
Bolivia,RESTO_DEL_MUNDO,2007,1565.55
Bolivia,Uruguay,2007,2.46839
Bolivia,Venezuela,2007,34.8514
Bolivia,Argentina,2008,148.827
Bolivia,Brazil,2008,3143.67
Bolivia,Chile,2008,63.7689
Bolivia,Colombia,2008,229.044
Bolivia,Ecuador,2008,18.3736
Bolivia,Paraguay,2008,57.3637
Bolivia,RESTO_DEL_MUNDO,2008,2061.62
Bolivia,Uruguay,2008,3.27481
Bolivia,Venezuela,2008,63.6023
Bolivia,Argentina,2009,212.689
Bolivia,Brazil,2009,1558.5
Bolivia,Chile,2009,65.1275
Bolivia,Colombia,2009,244.961
Bolivia,Ecuador,2009,12.1517
Bolivia,Paraguay,2009,20.9822
Bolivia,RESTO_DEL_MUNDO,2009,1755.5
Bolivia,Uruguay,2009,3.27162
Bolivia,Venezuela,2009,76.4107
Bolivia,Argentina,2010,350.975
Bolivia,Brazil,2010,2456.32
Bolivia,Chile,2010,79.4883
Bolivia,Colombia,2010,268.832
Bolivia,Ecuador,2010,19.5372
Bolivia,Paraguay,2010,17.503
Bolivia,RESTO_DEL_MUNDO,2010,2434.67
Bolivia,Uruguay,2010,5.99752
Bolivia,Venezuela,2010,139.438
Bolivia,Argentina,2011,636.381
Bolivia,Brazil,2011,3149.7
Bolivia,Chile,2011,126.958
Bolivia,Colombia,2011,167.038
Bolivia,Ecuador,2011,8.68237
Bolivia,Paraguay,2011,26.0852
Bolivia,RESTO_DEL_MUNDO,2011,3267.33
Bolivia,Uruguay,2011,7.4091
Bolivia,Venezuela,2011,47.5161
Bolivia,Argentina,2012,1430.47
Bolivia,Brazil,2012,3774.12
Bolivia,Chile,2012,238.419
Bolivia,Colombia,2012,280.569
Bolivia,Ecuador,2012,30.7078
Bolivia,Paraguay,2012,29.0713
Bolivia,RESTO_DEL_MUNDO,2012,4057.86
Bolivia,Uruguay,2012,6.15455
Bolivia,Venezuela,2012,339.953
Bolivia,Argentina,2013,1760.76
Bolivia,Brazil,2013,4331.52
Bolivia,Chile,2013,140.751
Bolivia,Colombia,2013,547.74
Bolivia,Ecuador,2013,109.791
Bolivia,Paraguay,2013,44.0079
Bolivia,RESTO_DEL_MUNDO,2013,3948.87
Bolivia,Uruguay,2013,8.13033
Bolivia,Venezuela,2013,157.228
Bolivia,Argentina,2014,2793.34
Bolivia,Brazil,2014,4197.97
Bolivia,Chile,2014,148.178
Bolivia,Colombia,2014,551.616
Bolivia,Ecuador,2014,113.975
Bolivia,Paraguay,2014,67.3661
Bolivia,RESTO_DEL_MUNDO,2014,4911.9
Bolivia,Uruguay,2014,8.08922
Bolivia,Venezuela,2014,123.469
Brazil,Argentina,1900,3.51
Brazil,Chile,1900,0.55
Brazil,RESTO_DEL_MUNDO,1900,111.478
Brazil,Uruguay,1900,1.26
Brazil,Argentina,1901,4.22
Brazil,Chile,1901,0.68
Brazil,RESTO_DEL_MUNDO,1901,188.02
Brazil,Uruguay,1901,1.54
Brazil,Argentina,1902,2.17
Brazil,Chile,1902,0.45
Brazil,RESTO_DEL_MUNDO,1902,135.4
Brazil,Uruguay,1902,0.93
Brazil,Argentina,1903,1.36
Brazil,Chile,1903,0.46
Brazil,RESTO_DEL_MUNDO,1903,133.91
Brazil,Uruguay,1903,0.55
Brazil,Argentina,1904,5.86
Brazil,Chile,1904,0.54
Brazil,RESTO_DEL_MUNDO,1904,167.493
Brazil,Uruguay,1904,1.23
Brazil,Argentina,1905,5.23
Brazil,Chile,1905,0.29
Brazil,RESTO_DEL_MUNDO,1905,191.56
Brazil,Uruguay,1905,1.66
Brazil,Argentina,1906,6.53
Brazil,RESTO_DEL_MUNDO,1906,223.41
Brazil,Uruguay,1906,1.89
Brazil,Argentina,1907,7.74
Brazil,RESTO_DEL_MUNDO,1907,215.48
Brazil,Uruguay,1907,1.85
Brazil,Argentina,1908,7.23
Brazil,RESTO_DEL_MUNDO,1908,218.54
Brazil,Uruguay,1908,3.99
Brazil,Argentina,1909,8.02
Brazil,RESTO_DEL_MUNDO,1909,242.38
Brazil,Argentina,1910,8.97
Brazil,RESTO_DEL_MUNDO,1910,307.33
Brazil,Uruguay,1910,5.58
Brazil,Argentina,1911,8.34
Brazil,RESTO_DEL_MUNDO,1911,183.71
Brazil,Uruguay,1911,2.08
Brazil,Argentina,1912,10.91
Brazil,Chile,1912,0.87
Brazil,RESTO_DEL_MUNDO,1912,324.25
Brazil,Uruguay,1912,2.73
Brazil,Argentina,1913,10.74
Brazil,Chile,1913,0.98
Brazil,RESTO_DEL_MUNDO,1913,284.705
Brazil,Uruguay,1913,3.6
Brazil,RESTO_DEL_MUNDO,1919,162.15
Brazil,Argentina,1920,48.96
Brazil,Chile,1920,3.2
Brazil,RESTO_DEL_MUNDO,1920,421.337
Brazil,Uruguay,1920,4.53
Brazil,Argentina,1921,35.14
Brazil,Chile,1921,0.74
Brazil,RESTO_DEL_MUNDO,1921,227.355
Brazil,Uruguay,1921,9.18
Brazil,Argentina,1922,38.16
Brazil,Chile,1922,1.87
Brazil,RESTO_DEL_MUNDO,1922,272.884
Brazil,Uruguay,1922,6.38
Brazil,Argentina,1923,36.93
Brazil,Chile,1923,1.5
Brazil,RESTO_DEL_MUNDO,1923,291.651
Brazil,Uruguay,1923,11.04
Brazil,Argentina,1924,26.63
Brazil,Chile,1924,1.27
Brazil,RESTO_DEL_MUNDO,1924,379.61
Brazil,Uruguay,1924,4.25
Brazil,Argentina,1925,69.16
Brazil,Chile,1925,2.41
Brazil,RESTO_DEL_MUNDO,1925,466.116
Brazil,Uruguay,1925,5.4
Brazil,Argentina,1926,37.4
Brazil,Chile,1926,2.07
Brazil,RESTO_DEL_MUNDO,1926,179.91
Brazil,Uruguay,1926,3.9
Brazil,Argentina,1927,38.46
Brazil,Chile,1927,2.24
Brazil,RESTO_DEL_MUNDO,1927,407.526
Brazil,Uruguay,1927,4.5
Brazil,Argentina,1928,29.62
Brazil,Chile,1928,2.47
Brazil,RESTO_DEL_MUNDO,1928,437.093
Brazil,Uruguay,1928,4.8
Brazil,Argentina,1929,31.65
Brazil,Chile,1929,2.06
Brazil,RESTO_DEL_MUNDO,1929,433.814
Brazil,Uruguay,1929,6.82
Brazil,Argentina,1930,20.11
Brazil,Chile,1930,1.57
Brazil,RESTO_DEL_MUNDO,1930,160.164
Brazil,Uruguay,1930,6.95
Brazil,Argentina,1931,14.28
Brazil,Chile,1931,0.9
Brazil,Colombia,1931,0.18
Brazil,RESTO_DEL_MUNDO,1931,249.771
Brazil,Uruguay,1931,5.68
Brazil,Argentina,1932,13.01
Brazil,Chile,1932,0.59
Brazil,Colombia,1932,0.07
Brazil,RESTO_DEL_MUNDO,1932,175.852
Brazil,Uruguay,1932,2.07
Brazil,Argentina,1933,22.59
Brazil,Chile,1933,0.23
Brazil,Colombia,1933,0.07
Brazil,RESTO_DEL_MUNDO,1933,175.402
Brazil,Uruguay,1933,2.27
Brazil,Argentina,1934,18.47
Brazil,Chile,1934,0.7
Brazil,Colombia,1934,0.2
Brazil,RESTO_DEL_MUNDO,1934,242.251
Brazil,Uruguay,1934,3.48
Brazil,Argentina,1935,20
Brazil,Chile,1935,0.77
Brazil,RESTO_DEL_MUNDO,1935,293.131
Brazil,Uruguay,1935,4
Brazil,Argentina,1936,30.47
Brazil,Chile,1936,0.95
Brazil,RESTO_DEL_MUNDO,1936,301.677
Brazil,Uruguay,1936,2.1
Brazil,Argentina,1937,19.97
Brazil,Chile,1937,0.89
Brazil,Colombia,1937,0.41
Brazil,RESTO_DEL_MUNDO,1937,351.916
Brazil,Uruguay,1937,2.96
Brazil,Argentina,1938,22
Brazil,Chile,1938,1
Brazil,Colombia,1938,0.23
Brazil,RESTO_DEL_MUNDO,1938,280.784
Brazil,Uruguay,1938,4
Brazil,Paraguay,1939,0
Brazil,RESTO_DEL_MUNDO,1939,122.1
Brazil,Paraguay,1940,0
Brazil,RESTO_DEL_MUNDO,1940,55.11
Brazil,Paraguay,1941,0
Brazil,RESTO_DEL_MUNDO,1941,45.92
Brazil,Paraguay,1942,0
Brazil,RESTO_DEL_MUNDO,1942,5.03
Brazil,Paraguay,1943,0
Brazil,RESTO_DEL_MUNDO,1943,0
Brazil,Paraguay,1944,0
Brazil,RESTO_DEL_MUNDO,1944,21.82
Brazil,Paraguay,1945,0
Brazil,RESTO_DEL_MUNDO,1945,2.9
Brazil,Paraguay,1946,0.15
Brazil,RESTO_DEL_MUNDO,1946,83.0182
Brazil,Paraguay,1947,0
Brazil,RESTO_DEL_MUNDO,1947,227.356
Brazil,Argentina,1948,133.5
Brazil,Chile,1948,11
Brazil,Colombia,1948,4.9
Brazil,Ecuador,1948,0.66
Brazil,Paraguay,1948,0.06
Brazil,RESTO_DEL_MUNDO,1948,984.8
Brazil,Uruguay,1948,19.5
Brazil,Venezuela,1948,7.7
Brazil,Argentina,1949,83.7
Brazil,Chile,1949,13
Brazil,Colombia,1949,1.1
Brazil,Ecuador,1949,0.33
Brazil,Paraguay,1949,2.31
Brazil,RESTO_DEL_MUNDO,1949,980.173
Brazil,Uruguay,1949,19.6
Brazil,Venezuela,1949,1.8
Brazil,Argentina,1950,75.7
Brazil,Chile,1950,11.2
Brazil,Colombia,1950,1.1
Brazil,Ecuador,1950,0
Brazil,Paraguay,1950,0.5
Brazil,RESTO_DEL_MUNDO,1950,1229.46
Brazil,Uruguay,1950,17.2
Brazil,Venezuela,1950,1.4
Brazil,Argentina,1951,116.9
Brazil,Chile,1951,6.1
Brazil,Colombia,1951,0.9
Brazil,Ecuador,1951,0
Brazil,Paraguay,1951,0.2
Brazil,RESTO_DEL_MUNDO,1951,1615.64
Brazil,Uruguay,1951,20
Brazil,Venezuela,1951,2.1
Brazil,Argentina,1952,114
Brazil,Chile,1952,10.9
Brazil,Colombia,1952,0.1
Brazil,Ecuador,1952,0
Brazil,Paraguay,1952,0.2
Brazil,RESTO_DEL_MUNDO,1952,1365.74
Brazil,Uruguay,1952,18.6
Brazil,Venezuela,1952,1
Brazil,Argentina,1953,89.1
Brazil,Chile,1953,10.7
Brazil,Colombia,1953,0.1
Brazil,Ecuador,1953,0
Brazil,Paraguay,1953,0.1
Brazil,RESTO_DEL_MUNDO,1953,1376.05
Brazil,Uruguay,1953,22.2
Brazil,Venezuela,1953,0.7
Brazil,Argentina,1954,120
Brazil,Chile,1954,13.3
Brazil,Colombia,1954,0
Brazil,Ecuador,1954,0
Brazil,Paraguay,1954,0.2
Brazil,RESTO_DEL_MUNDO,1954,1419.27
Brazil,Uruguay,1954,33.6
Brazil,Venezuela,1954,0.4
Brazil,Argentina,1955,110.1
Brazil,Chile,1955,11.1
Brazil,Colombia,1955,0
Brazil,Ecuador,1955,0.99
Brazil,Paraguay,1955,0
Brazil,RESTO_DEL_MUNDO,1955,1436.47
Brazil,Uruguay,1955,38.3
Brazil,Venezuela,1955,0.4
Brazil,Argentina,1956,84.8
Brazil,Chile,1956,11.4
Brazil,Colombia,1956,0
Brazil,Ecuador,1956,0
Brazil,Paraguay,1956,0.1
Brazil,RESTO_DEL_MUNDO,1956,1524.73
Brazil,Uruguay,1956,24.7
Brazil,Venezuela,1956,0.4
Brazil,Argentina,1957,123
Brazil,Chile,1957,11.6
Brazil,Colombia,1957,0
Brazil,Ecuador,1957,0
Brazil,Paraguay,1957,0.6
Brazil,RESTO_DEL_MUNDO,1957,1460.41
Brazil,Uruguay,1957,24.5
Brazil,Venezuela,1957,0.6
Brazil,Argentina,1958,127.9
Brazil,Chile,1958,13.5
Brazil,Colombia,1958,0
Brazil,Ecuador,1958,0
Brazil,Paraguay,1958,0.74
Brazil,RESTO_DEL_MUNDO,1958,1252.18
Brazil,Uruguay,1958,24.7
Brazil,Venezuela,1958,2.6
Brazil,Argentina,1959,57.6
Brazil,Chile,1959,7.2
Brazil,Colombia,1959,0.1
Brazil,Ecuador,1959,0
Brazil,Paraguay,1959,0.13
Brazil,RESTO_DEL_MUNDO,1959,1350.21
Brazil,Uruguay,1959,22.8
Brazil,Venezuela,1959,3
Brazil,Argentina,1960,61.1
Brazil,Chile,1960,13.5
Brazil,Colombia,1960,0.2
Brazil,Ecuador,1960,0
Brazil,Paraguay,1960,0.304
Brazil,RESTO_DEL_MUNDO,1960,1191.68
Brazil,Uruguay,1960,15.3
Brazil,Venezuela,1960,1.4
Brazil,Argentina,1961,77.6
Brazil,Chile,1961,9.8
Brazil,Colombia,1961,1.2
Brazil,Ecuador,1961,0
Brazil,Paraguay,1961,0.245
Brazil,RESTO_DEL_MUNDO,1961,1240.15
Brazil,Uruguay,1961,17.5
Brazil,Venezuela,1961,2.1
Brazil,Argentina,1962,62.6
Brazil,Chile,1962,7.1
Brazil,Colombia,1962,0.1
Brazil,Ecuador,1962,0
Brazil,Paraguay,1962,0.232
Brazil,RESTO_DEL_MUNDO,1962,1189.72
Brazil,Uruguay,1962,20.5
Brazil,Venezuela,1962,0.4
Brazil,Argentina,1963,57.9
Brazil,Chile,1963,18.8
Brazil,Colombia,1963,0.5
Brazil,Ecuador,1963,0.11
Brazil,Paraguay,1963,0.573
Brazil,RESTO_DEL_MUNDO,1963,1310.31
Brazil,Uruguay,1963,13.9
Brazil,Venezuela,1963,1
Brazil,Argentina,1964,100.5
Brazil,Chile,1964,12.2
Brazil,Colombia,1964,1.9
Brazil,Ecuador,1964,0.11
Brazil,Paraguay,1964,0.346
Brazil,RESTO_DEL_MUNDO,1964,1362.53
Brazil,Uruguay,1964,18.8
Brazil,Venezuela,1964,2.1
Brazil,Argentina,1965,162.4
Brazil,Chile,1965,20.7
Brazil,Colombia,1965,3.1
Brazil,Ecuador,1965,0.21
Brazil,Paraguay,1965,1.636
Brazil,RESTO_DEL_MUNDO,1965,1409.85
Brazil,Uruguay,1965,13.5
Brazil,Venezuela,1965,3.1
Brazil,Argentina,1966,132.1
Brazil,Chile,1966,26.8
Brazil,Colombia,1966,7.3
Brazil,Ecuador,1966,0.21
Brazil,Paraguay,1966,1.712
Brazil,RESTO_DEL_MUNDO,1966,1584.62
Brazil,Uruguay,1966,22.3
Brazil,Venezuela,1966,5.9
Brazil,Argentina,1967,124.1
Brazil,Chile,1967,22.78
Brazil,Colombia,1967,2.9
Brazil,Ecuador,1967,0.6
Brazil,Paraguay,1967,1.807
Brazil,RESTO_DEL_MUNDO,1967,1552.27
Brazil,Uruguay,1967,20.8
Brazil,Venezuela,1967,5
Brazil,Argentina,1968,138.5
Brazil,Chile,1968,19.34
Brazil,Colombia,1968,1.68
Brazil,Ecuador,1968,0.21
Brazil,Paraguay,1968,2.413
Brazil,RESTO_DEL_MUNDO,1968,1806.42
Brazil,Uruguay,1968,18.7
Brazil,Venezuela,1968,5.2
Brazil,Argentina,1969,174.47
Brazil,Chile,1969,31.52
Brazil,Colombia,1969,2.03
Brazil,Ecuador,1969,0.3
Brazil,Paraguay,1969,1.771
Brazil,RESTO_DEL_MUNDO,1969,2017.61
Brazil,Uruguay,1969,26.364
Brazil,Venezuela,1969,5.6
Brazil,Argentina,1970,183.68
Brazil,Chile,1970,24.8
Brazil,Colombia,1970,4.46
Brazil,Ecuador,1970,0.67
Brazil,Paraguay,1970,2.247
Brazil,RESTO_DEL_MUNDO,1970,2451.56
Brazil,Uruguay,1970,35.074
Brazil,Venezuela,1970,9.8
Brazil,Argentina,1971,196.96
Brazil,Chile,1971,27.39
Brazil,Colombia,1971,7.85
Brazil,Ecuador,1971,1.34
Brazil,Paraguay,1971,5.568
Brazil,RESTO_DEL_MUNDO,1971,2578.59
Brazil,Uruguay,1971,35.783
Brazil,Venezuela,1971,12.7
Brazil,Argentina,1972,175
Brazil,Chile,1972,38.89
Brazil,Colombia,1972,10.94
Brazil,Ecuador,1972,3.66
Brazil,Paraguay,1972,11.44
Brazil,RESTO_DEL_MUNDO,1972,3513.53
Brazil,Uruguay,1972,35.928
Brazil,Venezuela,1972,22.8
Brazil,Argentina,1973,205.32
Brazil,Chile,1973,33.95
Brazil,Colombia,1973,17.75
Brazil,Ecuador,1973,8.3
Brazil,Paraguay,1973,17.102
Brazil,RESTO_DEL_MUNDO,1973,5456.69
Brazil,Uruguay,1973,46.841
Brazil,Venezuela,1973,86.4
Brazil,Argentina,1974,296.88
Brazil,Chile,1974,84.89
Brazil,Colombia,1974,28.29
Brazil,Ecuador,1974,20.38
Brazil,Paraguay,1974,31.177
Brazil,RESTO_DEL_MUNDO,1974,6784.07
Brazil,Uruguay,1974,73.569
Brazil,Venezuela,1974,79.2
Brazil,Argentina,1975,358.85
Brazil,Chile,1975,82.19
Brazil,Colombia,1975,22.27
Brazil,Ecuador,1975,24.78
Brazil,Paraguay,1975,40.866
Brazil,RESTO_DEL_MUNDO,1975,7668.57
Brazil,Uruguay,1975,71.854
Brazil,Venezuela,1975,124.8
Brazil,Argentina,1976,371.46
Brazil,Chile,1976,65.8
Brazil,Colombia,1976,26.91
Brazil,Ecuador,1976,16.42
Brazil,Paraguay,1976,34.318
Brazil,RESTO_DEL_MUNDO,1976,8304.66
Brazil,Uruguay,1976,89.436
Brazil,Venezuela,1976,155.4
Brazil,Argentina,1977,372.52
Brazil,Chile,1977,109.7
Brazil,Colombia,1977,51.95
Brazil,Ecuador,1977,18.12
Brazil,Paraguay,1977,59.306
Brazil,RESTO_DEL_MUNDO,1977,10578.5
Brazil,Uruguay,1977,92.575
Brazil,Venezuela,1977,278.3
Brazil,Argentina,1978,340.23
Brazil,Chile,1978,253.1
Brazil,Colombia,1978,98.4
Brazil,Ecuador,1978,27.14
Brazil,Paraguay,1978,68.982
Brazil,RESTO_DEL_MUNDO,1978,10577.3
Brazil,Uruguay,1978,85.13
Brazil,Venezuela,1978,259.8
Brazil,Argentina,1979,657.18
Brazil,Chile,1979,361.8
Brazil,Colombia,1979,177.68
Brazil,Ecuador,1979,43.81
Brazil,Paraguay,1979,112.567
Brazil,RESTO_DEL_MUNDO,1979,13442.1
Brazil,Uruguay,1979,192.123
Brazil,Venezuela,1979,229.4
Brazil,Argentina,1980,1072.4
Brazil,Chile,1980,394.8
Brazil,Colombia,1980,127.09
Brazil,Ecuador,1980,49.79
Brazil,Paraguay,1980,154.555
Brazil,RESTO_DEL_MUNDO,1980,16905.9
Brazil,Uruguay,1980,283.979
Brazil,Venezuela,1980,205
Brazil,Argentina,1981,893.22
Brazil,Chile,1981,570.5
Brazil,Colombia,1981,176.14
Brazil,Ecuador,1981,83.11
Brazil,Paraguay,1981,144.43
Brazil,RESTO_DEL_MUNDO,1981,19243.7
Brazil,Uruguay,1981,321.979
Brazil,Venezuela,1981,279.8
Brazil,Argentina,1982,687.87
Brazil,Chile,1982,258.4
Brazil,Colombia,1982,286.32
Brazil,Ecuador,1982,77.92
Brazil,Paraguay,1982,169.686
Brazil,RESTO_DEL_MUNDO,1982,18184.9
Brazil,Uruguay,1982,140.623
Brazil,Venezuela,1982,515.9
Brazil,Argentina,1983,666.42
Brazil,Chile,1983,190.2
Brazil,Colombia,1983,166.65
Brazil,Ecuador,1983,73.62
Brazil,Paraguay,1983,149.831
Brazil,RESTO_DEL_MUNDO,1983,19272.2
Brazil,Uruguay,1983,69.915
Brazil,Venezuela,1983,379.5
Brazil,Argentina,1984,831.16
Brazil,Chile,1984,296.4
Brazil,Colombia,1984,178.84
Brazil,Ecuador,1984,224.94
Brazil,Paraguay,1984,184.679
Brazil,RESTO_DEL_MUNDO,1984,23815.4
Brazil,Uruguay,1984,127.1
Brazil,Venezuela,1984,402.6
Brazil,Argentina,1985,611.63
Brazil,Chile,1985,248.9
Brazil,Colombia,1985,129.2
Brazil,Ecuador,1985,121.25
Brazil,Paraguay,1985,175.86
Brazil,RESTO_DEL_MUNDO,1985,24080.9
Brazil,Uruguay,1985,125.798
Brazil,Venezuela,1985,341
Brazil,Argentina,1986,691.3
Brazil,Chile,1986,247.6
Brazil,Colombia,1986,139.18
Brazil,Ecuador,1986,110.03
Brazil,Paraguay,1986,176.922
Brazil,RESTO_DEL_MUNDO,1986,21513.5
Brazil,Uruguay,1986,212.225
Brazil,Venezuela,1986,378.4
Brazil,Argentina,1987,819.3
Brazil,Chile,1987,380
Brazil,Colombia,1987,150.5
Brazil,Ecuador,1987,117.34
Brazil,Paraguay,1987,185.907
Brazil,RESTO_DEL_MUNDO,1987,24752.9
Brazil,Uruguay,1987,279.075
Brazil,Venezuela,1987,408.8
Brazil,Argentina,1988,971.35
Brazil,Chile,1988,554.9
Brazil,Colombia,1988,222.586
Brazil,Ecuador,1988,109.766
Brazil,Paraguay,1988,165.652
Brazil,RESTO_DEL_MUNDO,1988,30810.6
Brazil,Uruguay,1988,307.022
Brazil,Venezuela,1988,611.773
Brazil,Argentina,1989,721.267
Brazil,Chile,1989,703.1
Brazil,Colombia,1989,212.785
Brazil,Ecuador,1989,173.696
Brazil,Paraguay,1989,194.866
Brazil,RESTO_DEL_MUNDO,1989,31415.6
Brazil,Uruguay,1989,320.291
Brazil,Venezuela,1989,316.952
Brazil,Argentina,1990,717.876
Brazil,Chile,1990,564.2
Brazil,Colombia,1990,186.796
Brazil,Ecuador,1990,135.623
Brazil,Paraguay,1990,228.021
Brazil,RESTO_DEL_MUNDO,1990,33375.2
Brazil,Uruguay,1990,302.571
Brazil,Venezuela,1990,265.985
Brazil,Argentina,1991,1531.86
Brazil,Chile,1991,697.6
Brazil,Colombia,1991,167.721
Brazil,Ecuador,1991,137.141
Brazil,Paraguay,1991,257.682
Brazil,RESTO_DEL_MUNDO,1991,32307.8
Brazil,Uruguay,1991,373.075
Brazil,Venezuela,1991,497.74
Brazil,Argentina,1992,3338.6
Brazil,Chile,1992,995.85
Brazil,Colombia,1992,270.082
Brazil,Ecuador,1992,119.132
Brazil,Paraguay,1992,289.567
Brazil,RESTO_DEL_MUNDO,1992,33451.6
Brazil,Uruguay,1992,474.866
Brazil,Venezuela,1992,545.872
Brazil,Argentina,1993,3568.45
Brazil,Chile,1993,1060.21
Brazil,Colombia,1993,448.716
Brazil,Ecuador,1993,99.321
Brazil,Paraguay,1993,374.453
Brazil,RESTO_DEL_MUNDO,1993,32364.5
Brazil,Uruguay,1993,641.152
Brazil,Venezuela,1993,437.803
Brazil,Argentina,1994,4286.25
Brazil,Chile,1994,999.8
Brazil,Colombia,1994,427.585
Brazil,Ecuador,1994,226.954
Brazil,Paraguay,1994,610.555
Brazil,RESTO_DEL_MUNDO,1994,38095.2
Brazil,Uruguay,1994,709.325
Brazil,Venezuela,1994,254.013
Brazil,Argentina,1995,4038.12
Brazil,Chile,1995,1194.7
Brazil,Colombia,1995,385.575
Brazil,Ecuador,1995,187.755
Brazil,Paraguay,1995,709.318
Brazil,RESTO_DEL_MUNDO,1995,40747.3
Brazil,Uruguay,1995,698.545
Brazil,Venezuela,1995,415.521
Brazil,Argentina,1996,5327.12
Brazil,Chile,1996,1065.64
Brazil,Colombia,1996,435.482
Brazil,Ecuador,1996,142.553
Brazil,Paraguay,1996,1026.43
Brazil,RESTO_DEL_MUNDO,1996,40121.2
Brazil,Uruguay,1996,745.519
Brazil,Venezuela,1996,375
Brazil,Argentina,1997,6824.04
Brazil,Chile,1997,1242.82
Brazil,Colombia,1997,514.361
Brazil,Ecuador,1997,133.991
Brazil,Paraguay,1997,1315.99
Brazil,RESTO_DEL_MUNDO,1997,42886.8
Brazil,Uruguay,1997,801.943
Brazil,Venezuela,1997,628
Brazil,Argentina,1998,7094.93
Brazil,Chile,1998,1092.32
Brazil,Colombia,1998,470.422
Brazil,Ecuador,1998,197.258
Brazil,Paraguay,1998,1374.37
Brazil,RESTO_DEL_MUNDO,1998,42047.2
Brazil,Uruguay,1998,793.379
Brazil,Venezuela,1998,618
Brazil,Argentina,1999,5600.23
Brazil,Chile,1999,967.89
Brazil,Colombia,1999,422.308
Brazil,Ecuador,1999,114.921
Brazil,Paraguay,1999,818.712
Brazil,RESTO_DEL_MUNDO,1999,43262
Brazil,Uruguay,1999,651.638
Brazil,Venezuela,1999,457
Brazil,Argentina,2000,6478.45
Brazil,Chile,2000,1332.41
Brazil,Colombia,2000,566.223
Brazil,Ecuador,2000,125.924
Brazil,Paraguay,2000,552.279
Brazil,RESTO_DEL_MUNDO,2000,49970.5
Brazil,Uruguay,2000,666.515
Brazil,Venezuela,2000,797.365
Brazil,Argentina,2001,5230.24
Brazil,Chile,2001,1491.81
Brazil,Colombia,2001,582.06
Brazil,Ecuador,2001,177.419
Brazil,Paraguay,2001,619.947
Brazil,RESTO_DEL_MUNDO,2001,53986.9
Brazil,Uruguay,2001,625.884
Brazil,Venezuela,2001,1077.38
Brazil,Argentina,2002,2517.45
Brazil,Chile,2002,1615.2
Brazil,Colombia,2002,622.544
Brazil,Ecuador,2002,374.503
Brazil,Paraguay,2002,525.34
Brazil,RESTO_DEL_MUNDO,2002,58077.7
Brazil,Uruguay,2002,451.545
Brazil,Venezuela,2002,830.326
Brazil,Argentina,2003,4699.49
Brazil,Chile,2003,2184.14
Brazil,Colombia,2003,753.062
Brazil,Ecuador,2003,335.508
Brazil,Paraguay,2003,679.049
Brazil,RESTO_DEL_MUNDO,2003,72261
Brazil,Uruguay,2003,459.767
Brazil,Venezuela,2003,552.746
Brazil,Argentina,2004,7726.07
Brazil,Chile,2004,2837.54
Brazil,Colombia,2004,955.27
Brazil,Ecuador,2004,434.703
Brazil,Paraguay,2004,880.529
Brazil,RESTO_DEL_MUNDO,2004,93798.6
Brazil,Uruguay,2004,676.525
Brazil,Venezuela,2004,1218.87
Brazil,Argentina,2005,10435.3
Brazil,Chile,2005,3824.29
Brazil,Colombia,2005,1378.56
Brazil,Ecuador,2005,685.183
Brazil,Paraguay,2005,929.586
Brazil,RESTO_DEL_MUNDO,2005,111846
Brazil,Uruguay,2005,824.684
Brazil,Venezuela,2005,1988.64
Brazil,Argentina,2006,11749.4
Brazil,Chile,2006,4280.68
Brazil,Colombia,2006,1835.79
Brazil,Ecuador,2006,883.961
Brazil,Paraguay,2006,1064.75
Brazil,RESTO_DEL_MUNDO,2006,125617
Brazil,Uruguay,2006,1106.71
Brazil,Venezuela,2006,3080.37
Brazil,Argentina,2007,14523
Brazil,Chile,2007,4530.54
Brazil,Colombia,2007,2349.74
Brazil,Ecuador,2007,729.631
Brazil,Paraguay,2007,1772.72
Brazil,RESTO_DEL_MUNDO,2007,147714
Brazil,Uruguay,2007,1417.28
Brazil,Venezuela,2007,4380.62
Brazil,Argentina,2008,17687.2
Brazil,Chile,2008,5302.3
Brazil,Colombia,2008,2328.42
Brazil,Ecuador,2008,890.095
Brazil,Paraguay,2008,2549.36
Brazil,RESTO_DEL_MUNDO,2008,189554
Brazil,Uruguay,2008,1808.54
Brazil,Venezuela,2008,5104.81
Brazil,Argentina,2009,11819.2
Brazil,Chile,2009,2878.15
Brazil,Colombia,2009,2146.58
Brazil,Ecuador,2009,673.458
Brazil,Paraguay,2009,1680.18
Brazil,RESTO_DEL_MUNDO,2009,146431
Brazil,Uruguay,2009,1461.9
Brazil,Venezuela,2009,3682.09
Brazil,Argentina,2010,17758.7
Brazil,Chile,2010,4660.33
Brazil,Colombia,2010,2369.64
Brazil,Ecuador,2010,853.81
Brazil,Paraguay,2010,2508.72
Brazil,RESTO_DEL_MUNDO,2010,181527
Brazil,Uruguay,2010,1684.18
Brazil,Venezuela,2010,3467.41
Brazil,Argentina,2011,21822.3
Brazil,Chile,2011,6224.02
Brazil,Colombia,2011,2740.25
Brazil,Ecuador,2011,938.08
Brazil,Paraguay,2011,3379.58
Brazil,RESTO_DEL_MUNDO,2011,233446
Brazil,Uruguay,2011,2392.05
Brazil,Venezuela,2011,3424.08
Brazil,Argentina,2012,17908.8
Brazil,Chile,2012,5185.97
Brazil,Colombia,2012,2795.91
Brazil,Ecuador,2012,925.333
Brazil,Paraguay,2012,2805.65
Brazil,RESTO_DEL_MUNDO,2012,224656
Brazil,Uruguay,2012,2404.95
Brazil,Venezuela,2012,5561.63
Brazil,Argentina,2013,19288.1
Brazil,Chile,2013,5109.12
Brazil,Colombia,2013,2590.48
Brazil,Ecuador,2013,876.073
Brazil,Paraguay,2013,3298.61
Brazil,RESTO_DEL_MUNDO,2013,209307
Brazil,Uruguay,2013,2278.48
Brazil,Venezuela,2013,5334.82
Brazil,Argentina,2014,15710.2
Brazil,Chile,2014,5673.77
Brazil,Colombia,2014,2465.56
Brazil,Ecuador,2014,863.832
Brazil,Paraguay,2014,3481
Brazil,RESTO_DEL_MUNDO,2014,207183
Brazil,Uruguay,2014,3239.9
Brazil,Venezuela,2014,5095.35
Bulgaria,RESTO_DEL_MUNDO,1908,18.96
Bulgaria,RESTO_DEL_MUNDO,1909,20.23
Bulgaria,RESTO_DEL_MUNDO,1910,21.75
Bulgaria,RESTO_DEL_MUNDO,1911,33.17
Bulgaria,RESTO_DEL_MUNDO,1912,28.6
Bulgaria,RESTO_DEL_MUNDO,1913,10.95
Bulgaria,RESTO_DEL_MUNDO,1919,0.141794
Bulgaria,RESTO_DEL_MUNDO,1920,30.87
Bulgaria,RESTO_DEL_MUNDO,1921,16.9405
Bulgaria,RESTO_DEL_MUNDO,1922,27.0901
Bulgaria,RESTO_DEL_MUNDO,1923,29.4242
Bulgaria,RESTO_DEL_MUNDO,1924,43.1217
Bulgaria,RESTO_DEL_MUNDO,1925,33.11
Bulgaria,Hungary,1926,1.31
Bulgaria,RESTO_DEL_MUNDO,1926,31.8924
Bulgaria,Hungary,1927,2.53
Bulgaria,RESTO_DEL_MUNDO,1927,36.3341
Bulgaria,Hungary,1928,1.03
Bulgaria,RESTO_DEL_MUNDO,1928,38.8662
Bulgaria,Hungary,1929,1.78
Bulgaria,RESTO_DEL_MUNDO,1929,39.7383
Bulgaria,RESTO_DEL_MUNDO,1930,37.2825
Bulgaria,Hungary,1931,1.32
Bulgaria,RESTO_DEL_MUNDO,1931,36.2644
Bulgaria,Hungary,1932,0.41
Bulgaria,RESTO_DEL_MUNDO,1932,21.5763
Bulgaria,Hungary,1933,0.55
Bulgaria,RESTO_DEL_MUNDO,1933,23.5005
Bulgaria,Hungary,1934,0.17
Bulgaria,RESTO_DEL_MUNDO,1934,27.7353
Bulgaria,Hungary,1935,1
Bulgaria,RESTO_DEL_MUNDO,1935,39.7012
Bulgaria,Hungary,1936,0.57
Bulgaria,RESTO_DEL_MUNDO,1936,43.7824
Bulgaria,Hungary,1937,0.67
Bulgaria,RESTO_DEL_MUNDO,1937,60.8232
Bulgaria,Hungary,1938,1
Bulgaria,RESTO_DEL_MUNDO,1938,54.648
Bulgaria,RESTO_DEL_MUNDO,1939,46.86
Bulgaria,RESTO_DEL_MUNDO,1940,71.8
Bulgaria,RESTO_DEL_MUNDO,1941,20.34
Bulgaria,RESTO_DEL_MUNDO,1942,114.91
Bulgaria,RESTO_DEL_MUNDO,1943,4.4
Bulgaria,RESTO_DEL_MUNDO,1944,95.85
Bulgaria,RESTO_DEL_MUNDO,1945,2.65
Bulgaria,RESTO_DEL_MUNDO,1946,15.4393
Bulgaria,RESTO_DEL_MUNDO,1947,24.4852
Bulgaria,Hungary,1948,1.5
Bulgaria,RESTO_DEL_MUNDO,1948,101.85
Bulgaria,RESTO_DEL_MUNDO,1949,13.92
Bulgaria,RESTO_DEL_MUNDO,1950,9.3
Bulgaria,RESTO_DEL_MUNDO,1951,6.72
Bulgaria,RESTO_DEL_MUNDO,1952,9.1
Bulgaria,RESTO_DEL_MUNDO,1953,16.4
Bulgaria,RESTO_DEL_MUNDO,1954,18.3
Bulgaria,Hungary,1955,10.2
Bulgaria,RESTO_DEL_MUNDO,1955,239.03
Bulgaria,Hungary,1956,12.1
Bulgaria,RESTO_DEL_MUNDO,1956,305.04
Bulgaria,Hungary,1957,12.5
Bulgaria,RESTO_DEL_MUNDO,1957,357.3
Bulgaria,RESTO_DEL_MUNDO,1958,53.03
Bulgaria,RESTO_DEL_MUNDO,1959,56.98
Bulgaria,Hungary,1960,0
Bulgaria,RESTO_DEL_MUNDO,1960,71.819
Bulgaria,Hungary,1961,0
Bulgaria,RESTO_DEL_MUNDO,1961,93.612
Bulgaria,RESTO_DEL_MUNDO,1962,116.807
Bulgaria,RESTO_DEL_MUNDO,1963,137.88
Bulgaria,RESTO_DEL_MUNDO,1964,147.09
Bulgaria,RESTO_DEL_MUNDO,1965,195.986
Bulgaria,RESTO_DEL_MUNDO,1966,261.625
Bulgaria,RESTO_DEL_MUNDO,1967,279.393
Bulgaria,Hungary,1968,21.93
Bulgaria,RESTO_DEL_MUNDO,1968,296.657
Bulgaria,Hungary,1969,32.69
Bulgaria,RESTO_DEL_MUNDO,1969,286.936
Bulgaria,Hungary,1970,49.55
Bulgaria,RESTO_DEL_MUNDO,1970,436.601
Bulgaria,Hungary,1971,44.98
Bulgaria,RESTO_DEL_MUNDO,1971,456.729
Bulgaria,Hungary,1972,30.94
Bulgaria,RESTO_DEL_MUNDO,1972,517.948
Bulgaria,Hungary,1973,34.55
Bulgaria,RESTO_DEL_MUNDO,1973,703.569
Bulgaria,Hungary,1974,55.07
Bulgaria,RESTO_DEL_MUNDO,1974,968.418
Bulgaria,Hungary,1975,78.78
Bulgaria,RESTO_DEL_MUNDO,1975,947.341
Bulgaria,Hungary,1976,73.16
Bulgaria,RESTO_DEL_MUNDO,1976,1082.33
Bulgaria,Hungary,1977,79.64
Bulgaria,RESTO_DEL_MUNDO,1977,1305.12
Bulgaria,Hungary,1978,97.5
Bulgaria,RESTO_DEL_MUNDO,1978,1433.74
Bulgaria,Hungary,1979,112.63
Bulgaria,RESTO_DEL_MUNDO,1979,1933.75
Bulgaria,Hungary,1980,120.6
Bulgaria,RESTO_DEL_MUNDO,1980,2709.82
Bulgaria,Hungary,1981,120.23
Bulgaria,RESTO_DEL_MUNDO,1981,2470.28
Bulgaria,Hungary,1982,122.93
Bulgaria,RESTO_DEL_MUNDO,1982,2191.7
Bulgaria,Hungary,1983,134.82
Bulgaria,RESTO_DEL_MUNDO,1983,2038.23
Bulgaria,Hungary,1984,114.82
Bulgaria,RESTO_DEL_MUNDO,1984,1956.6
Bulgaria,Hungary,1985,123.13
Bulgaria,RESTO_DEL_MUNDO,1985,2549.03
Bulgaria,Hungary,1986,130.33
Bulgaria,RESTO_DEL_MUNDO,1986,2404.61
Bulgaria,Hungary,1987,124.67
Bulgaria,RESTO_DEL_MUNDO,1987,2686.32
Bulgaria,Hungary,1988,127.96
Bulgaria,RESTO_DEL_MUNDO,1988,2942.04
Bulgaria,Hungary,1989,76.5087
Bulgaria,RESTO_DEL_MUNDO,1989,2822.43
Bulgaria,Hungary,1990,66.4021
Bulgaria,RESTO_DEL_MUNDO,1990,2170.83
Bulgaria,Hungary,1991,22.9
Bulgaria,RESTO_DEL_MUNDO,1991,2221.52
Bulgaria,Hungary,1992,17.6
Bulgaria,RESTO_DEL_MUNDO,1992,2718.79
Bulgaria,Russia,1992,584.3
Bulgaria,Ukraine,1992,0
Bulgaria,Croatia,1993,0
Bulgaria,Czechia,1993,14.6678
Bulgaria,Hungary,1993,21
Bulgaria,RESTO_DEL_MUNDO,1993,2382.05
Bulgaria,Russia,1993,244.7
Bulgaria,Slovakia,1993,11.5392
Bulgaria,Slovenia,1993,22.571
Bulgaria,Ukraine,1993,0
Bulgaria,Croatia,1994,10.714
Bulgaria,Czechia,1994,15.7878
Bulgaria,Hungary,1994,23
Bulgaria,RESTO_DEL_MUNDO,1994,3229.54
Bulgaria,Russia,1994,345.2
Bulgaria,Slovakia,1994,11.3574
Bulgaria,Slovenia,1994,28.642
Bulgaria,Ukraine,1994,68.3323
Bulgaria,Croatia,1995,21.283
Bulgaria,Czechia,1995,19.0395
Bulgaria,Hungary,1995,21.8
Bulgaria,RESTO_DEL_MUNDO,1995,4447.08
Bulgaria,Russia,1995,471.5
Bulgaria,Slovakia,1995,12.2282
Bulgaria,Slovenia,1995,23.092
Bulgaria,Ukraine,1995,209.77
Bulgaria,Croatia,1996,13.41
Bulgaria,Czechia,1996,24.8702
Bulgaria,Hungary,1996,19.188
Bulgaria,RESTO_DEL_MUNDO,1996,3947.11
Bulgaria,Russia,1996,243.617
Bulgaria,Slovakia,1996,10.6178
Bulgaria,Slovenia,1996,7.938
Bulgaria,Ukraine,1996,126.1
Bulgaria,Croatia,1997,15.99
Bulgaria,Czechia,1997,24.1497
Bulgaria,Hungary,1997,25.826
Bulgaria,RESTO_DEL_MUNDO,1997,4130.7
Bulgaria,Russia,1997,260.97
Bulgaria,Slovakia,1997,9.69734
Bulgaria,Slovenia,1997,14.909
Bulgaria,Ukraine,1997,142.9
Bulgaria,Croatia,1998,9.38
Bulgaria,Czechia,1998,24.3433
Bulgaria,Hungary,1998,34.4
Bulgaria,RESTO_DEL_MUNDO,1998,4097.99
Bulgaria,Russia,1998,163.298
Bulgaria,Slovakia,1998,13.8948
Bulgaria,Slovenia,1998,50.59
Bulgaria,Ukraine,1998,100.5
Bulgaria,Croatia,1999,8.48
Bulgaria,Czechia,1999,25.8176
Bulgaria,Hungary,1999,33.234
Bulgaria,RESTO_DEL_MUNDO,1999,3736.23
Bulgaria,Russia,1999,108.025
Bulgaria,Slovakia,1999,9.42285
Bulgaria,Slovenia,1999,46.7909
Bulgaria,Ukraine,1999,67.5
Bulgaria,Croatia,2000,7.0277
Bulgaria,Czechia,2000,25.7627
Bulgaria,Hungary,2000,34.9
Bulgaria,RESTO_DEL_MUNDO,2000,4435.32
Bulgaria,Russia,2000,115.77
Bulgaria,Slovakia,2000,8.16188
Bulgaria,Slovenia,2000,45.7405
Bulgaria,Ukraine,2000,60.4
Bulgaria,Croatia,2001,12.1129
Bulgaria,Czechia,2001,29.1518
Bulgaria,Hungary,2001,41.609
Bulgaria,RESTO_DEL_MUNDO,2001,4876.1
Bulgaria,Russia,2001,136.261
Bulgaria,Slovakia,2001,9.57499
Bulgaria,Slovenia,2001,30.9366
Bulgaria,Ukraine,2001,65.1723
Bulgaria,Croatia,2002,15.4215
Bulgaria,Czechia,2002,41.9323
Bulgaria,Hungary,2002,45.297
Bulgaria,RESTO_DEL_MUNDO,2002,5271.37
Bulgaria,Russia,2002,133.956
Bulgaria,Slovakia,2002,12.3139
Bulgaria,Slovenia,2002,34.7526
Bulgaria,Ukraine,2002,58.4213
Bulgaria,Croatia,2003,42.2453
Bulgaria,Czechia,2003,65.901
Bulgaria,Hungary,2003,68.879
Bulgaria,RESTO_DEL_MUNDO,2003,6756.77
Bulgaria,Russia,2003,157.966
Bulgaria,Slovakia,2003,19.4645
Bulgaria,Slovenia,2003,42.6309
Bulgaria,Ukraine,2003,59.6401
Bulgaria,Croatia,2004,50.5551
Bulgaria,Czechia,2004,92.0302
Bulgaria,Hungary,2004,90.62
Bulgaria,RESTO_DEL_MUNDO,2004,8938.67
Bulgaria,Russia,2004,203.303
Bulgaria,Slovakia,2004,41.9437
Bulgaria,Slovenia,2004,32.4715
Bulgaria,Ukraine,2004,82.5791
Bulgaria,Croatia,2005,162.345
Bulgaria,Czechia,2005,86.2994
Bulgaria,Hungary,2005,107.989
Bulgaria,RESTO_DEL_MUNDO,2005,10380.2
Bulgaria,Russia,2005,240.898
Bulgaria,Slovakia,2005,42.5701
Bulgaria,Slovenia,2005,60.2914
Bulgaria,Ukraine,2005,108.688
Bulgaria,Croatia,2006,293.313
Bulgaria,Czechia,2006,77.3082
Bulgaria,Hungary,2006,152.769
Bulgaria,RESTO_DEL_MUNDO,2006,13073.8
Bulgaria,Russia,2006,331.323
Bulgaria,Slovakia,2006,76.1506
Bulgaria,Slovenia,2006,131.161
Bulgaria,Ukraine,2006,130.41
Bulgaria,Croatia,2007,164.613
Bulgaria,Czechia,2007,113.342
Bulgaria,Hungary,2007,129.065
Bulgaria,RESTO_DEL_MUNDO,2007,14785.4
Bulgaria,Russia,2007,414.843
Bulgaria,Slovakia,2007,94.5994
Bulgaria,Slovenia,2007,256.927
Bulgaria,Ukraine,2007,169.587
Bulgaria,Croatia,2008,178.583
Bulgaria,Czechia,2008,145.618
Bulgaria,Hungary,2008,158.966
Bulgaria,RESTO_DEL_MUNDO,2008,18253.2
Bulgaria,Russia,2008,638.297
Bulgaria,Slovakia,2008,100.75
Bulgaria,Slovenia,2008,201.567
Bulgaria,Ukraine,2008,239.399
Bulgaria,Croatia,2009,78.404
Bulgaria,Czechia,2009,119.556
Bulgaria,Hungary,2009,137.599
Bulgaria,RESTO_DEL_MUNDO,2009,13898
Bulgaria,Russia,2009,423.609
Bulgaria,Slovakia,2009,68.3737
Bulgaria,Slovenia,2009,67.5779
Bulgaria,Ukraine,2009,151.763
Bulgaria,Croatia,2010,94.155
Bulgaria,Czechia,2010,151.785
Bulgaria,Hungary,2010,203.991
Bulgaria,RESTO_DEL_MUNDO,2010,17007.5
Bulgaria,Russia,2010,540.436
Bulgaria,Slovakia,2010,119.27
Bulgaria,Slovenia,2010,164.389
Bulgaria,Ukraine,2010,217.998
Bulgaria,Croatia,2011,142.24
Bulgaria,Czechia,2011,221.607
Bulgaria,Hungary,2011,285.598
Bulgaria,RESTO_DEL_MUNDO,2011,23676.6
Bulgaria,Russia,2011,649.371
Bulgaria,Slovakia,2011,150.754
Bulgaria,Slovenia,2011,188.652
Bulgaria,Ukraine,2011,269.655
Bulgaria,Croatia,2012,114.435
Bulgaria,Czechia,2012,229.695
Bulgaria,Hungary,2012,257.643
Bulgaria,RESTO_DEL_MUNDO,2012,23017.8
Bulgaria,Russia,2012,694.02
Bulgaria,Slovakia,2012,174.019
Bulgaria,Slovenia,2012,170.347
Bulgaria,Ukraine,2012,280.535
Bulgaria,Croatia,2013,69.075
Bulgaria,Czechia,2013,278.236
Bulgaria,Hungary,2013,329.111
Bulgaria,RESTO_DEL_MUNDO,2013,26016.5
Bulgaria,Russia,2013,702.197
Bulgaria,Slovakia,2013,235.003
Bulgaria,Slovenia,2013,123.189
Bulgaria,Ukraine,2013,300.944
Bulgaria,Croatia,2014,120.243
Bulgaria,Czechia,2014,301.32
Bulgaria,Hungary,2014,386.728
Bulgaria,RESTO_DEL_MUNDO,2014,26696.5
Bulgaria,Russia,2014,652.187
Bulgaria,Slovakia,2014,162.224
Bulgaria,Slovenia,2014,104.209
Bulgaria,Ukraine,2014,238.352
Cambodia,Indonesia,1953,0
Cambodia,Laos,1953,0
Cambodia,Myanmar,1953,0
Cambodia,Philippines,1953,0
Cambodia,RESTO_DEL_MUNDO,1953,0
Cambodia,Thailand,1953,0
Cambodia,Indonesia,1954,0
Cambodia,Laos,1954,0
Cambodia,Myanmar,1954,0
Cambodia,Philippines,1954,0
Cambodia,RESTO_DEL_MUNDO,1954,0
Cambodia,Thailand,1954,0
Cambodia,Indonesia,1955,0
Cambodia,Laos,1955,0.1
Cambodia,Myanmar,1955,0
Cambodia,Philippines,1955,0
Cambodia,RESTO_DEL_MUNDO,1955,6.9
Cambodia,Thailand,1955,0
Cambodia,Indonesia,1956,0
Cambodia,Laos,1956,0.1
Cambodia,Myanmar,1956,0
Cambodia,Philippines,1956,0
Cambodia,RESTO_DEL_MUNDO,1956,21.7
Cambodia,Thailand,1956,0.1
Cambodia,Indonesia,1957,0
Cambodia,Laos,1957,0.1
Cambodia,Malaysia,1957,0
Cambodia,Myanmar,1957,0
Cambodia,Philippines,1957,0.6
Cambodia,RESTO_DEL_MUNDO,1957,25.4
Cambodia,Thailand,1957,0.2
Cambodia,Indonesia,1958,0
Cambodia,Laos,1958,0
Cambodia,Malaysia,1958,0
Cambodia,Myanmar,1958,0
Cambodia,Philippines,1958,0.9
Cambodia,RESTO_DEL_MUNDO,1958,28.1
Cambodia,Thailand,1958,0.6
Cambodia,Indonesia,1959,0
Cambodia,Laos,1959,0
Cambodia,Malaysia,1959,0
Cambodia,Myanmar,1959,0
Cambodia,Philippines,1959,0
Cambodia,RESTO_DEL_MUNDO,1959,33.1
Cambodia,Thailand,1959,0.7
Cambodia,Indonesia,1960,0.6
Cambodia,Laos,1960,0
Cambodia,Malaysia,1960,0
Cambodia,Myanmar,1960,0
Cambodia,Philippines,1960,0
Cambodia,RESTO_DEL_MUNDO,1960,42.43
Cambodia,Thailand,1960,0
Cambodia,Indonesia,1961,0.6
Cambodia,Laos,1961,0
Cambodia,Malaysia,1961,0
Cambodia,Myanmar,1961,0
Cambodia,Philippines,1961,0
Cambodia,RESTO_DEL_MUNDO,1961,31.5
Cambodia,Thailand,1961,0.2
Cambodia,Indonesia,1962,0.2
Cambodia,Laos,1962,0
Cambodia,Malaysia,1962,0
Cambodia,Myanmar,1962,0
Cambodia,Philippines,1962,0
Cambodia,RESTO_DEL_MUNDO,1962,32.564
Cambodia,Thailand,1962,0
Cambodia,Indonesia,1963,0.6
Cambodia,Laos,1963,0
Cambodia,Malaysia,1963,0
Cambodia,Myanmar,1963,0
Cambodia,Philippines,1963,0
Cambodia,RESTO_DEL_MUNDO,1963,47.2
Cambodia,Thailand,1963,0
Cambodia,Indonesia,1964,3.3
Cambodia,Laos,1964,0
Cambodia,Malaysia,1964,0
Cambodia,Myanmar,1964,0
Cambodia,Philippines,1964,0.9
Cambodia,RESTO_DEL_MUNDO,1964,55.2
Cambodia,Thailand,1964,0
Cambodia,Indonesia,1965,0
Cambodia,Laos,1965,0.1
Cambodia,Malaysia,1965,0
Cambodia,Myanmar,1965,0
Cambodia,Philippines,1965,6.7
Cambodia,RESTO_DEL_MUNDO,1965,52.54
Cambodia,Singapore,1965,0
Cambodia,Thailand,1965,0.1
Cambodia,Indonesia,1966,0.4
Cambodia,Laos,1966,0
Cambodia,Malaysia,1966,0
Cambodia,Myanmar,1966,0
Cambodia,Philippines,1966,0
Cambodia,RESTO_DEL_MUNDO,1966,40.103
Cambodia,Singapore,1966,13.4
Cambodia,Thailand,1966,0
Cambodia,Indonesia,1967,0.5
Cambodia,Laos,1967,0
Cambodia,Malaysia,1967,2.81
Cambodia,Myanmar,1967,0
Cambodia,Philippines,1967,2.6
Cambodia,RESTO_DEL_MUNDO,1967,44.52
Cambodia,Singapore,1967,9
Cambodia,Thailand,1967,0
Cambodia,Indonesia,1968,0
Cambodia,Laos,1968,0
Cambodia,Malaysia,1968,0.52
Cambodia,Myanmar,1968,2.4
Cambodia,Philippines,1968,0
Cambodia,RESTO_DEL_MUNDO,1968,67.355
Cambodia,Singapore,1968,6.2
Cambodia,Thailand,1968,0
Cambodia,Indonesia,1969,0
Cambodia,Laos,1969,0
Cambodia,Malaysia,1969,0.33
Cambodia,Philippines,1969,0
Cambodia,RESTO_DEL_MUNDO,1969,32.122
Cambodia,Singapore,1969,5.52
Cambodia,Thailand,1969,0
Cambodia,Indonesia,1970,0
Cambodia,Laos,1970,0
Cambodia,Malaysia,1970,0.49
Cambodia,Myanmar,1970,0
Cambodia,Philippines,1970,0
Cambodia,RESTO_DEL_MUNDO,1970,35.1095
Cambodia,Singapore,1970,4.11
Cambodia,Thailand,1970,0.23
Cambodia,Indonesia,1971,0
Cambodia,Laos,1971,0
Cambodia,Malaysia,1971,0.29
Cambodia,Philippines,1971,0
Cambodia,RESTO_DEL_MUNDO,1971,7.69082
Cambodia,Singapore,1971,1.91
Cambodia,Thailand,1971,0.05
Cambodia,Indonesia,1972,0
Cambodia,Laos,1972,0
Cambodia,Malaysia,1972,0.11
Cambodia,Philippines,1972,0
Cambodia,RESTO_DEL_MUNDO,1972,2.496
Cambodia,Singapore,1972,1.09
Cambodia,Thailand,1972,0.2
Cambodia,Indonesia,1973,0
Cambodia,Laos,1973,0.002
Cambodia,Malaysia,1973,1.78
Cambodia,Philippines,1973,0
Cambodia,RESTO_DEL_MUNDO,1973,5.025
Cambodia,Singapore,1973,6.06
Cambodia,Thailand,1973,0.6
Cambodia,Indonesia,1974,0
Cambodia,Laos,1974,0
Cambodia,Malaysia,1974,0
Cambodia,Philippines,1974,0
Cambodia,RESTO_DEL_MUNDO,1974,7.708
Cambodia,Singapore,1974,9.3
Cambodia,Thailand,1974,0.9
Cambodia,Indonesia,1975,0
Cambodia,Malaysia,1975,0
Cambodia,Philippines,1975,0
Cambodia,RESTO_DEL_MUNDO,1975,3.714
Cambodia,Singapore,1975,0.23
Cambodia,Thailand,1975,0.43
Cambodia,Indonesia,1976,0.1
Cambodia,Malaysia,1976,0.04
Cambodia,Philippines,1976,0
Cambodia,RESTO_DEL_MUNDO,1976,1.186
Cambodia,Singapore,1976,0.01
Cambodia,Thailand,1976,0.69
Cambodia,Indonesia,1977,0
Cambodia,Malaysia,1977,0
Cambodia,Philippines,1977,0
Cambodia,RESTO_DEL_MUNDO,1977,22.134
Cambodia,Singapore,1977,0.14
Cambodia,Thailand,1977,0.63
Cambodia,Indonesia,1978,0
Cambodia,Malaysia,1978,0
Cambodia,Philippines,1978,0
Cambodia,RESTO_DEL_MUNDO,1978,2.636
Cambodia,Singapore,1978,0.38
Cambodia,Thailand,1978,0
Cambodia,Indonesia,1979,0
Cambodia,Malaysia,1979,0
Cambodia,Philippines,1979,0
Cambodia,RESTO_DEL_MUNDO,1979,5.328
Cambodia,Singapore,1979,0
Cambodia,Thailand,1979,0
Cambodia,Indonesia,1980,0
Cambodia,Malaysia,1980,0
Cambodia,Philippines,1980,0
Cambodia,RESTO_DEL_MUNDO,1980,4.76391
Cambodia,Singapore,1980,1.87
Cambodia,Thailand,1980,0
Cambodia,Indonesia,1981,0
Cambodia,Laos,1981,0
Cambodia,Malaysia,1981,0
Cambodia,Myanmar,1981,0
Cambodia,Philippines,1981,0
Cambodia,RESTO_DEL_MUNDO,1981,2.58
Cambodia,Singapore,1981,0.03
Cambodia,Thailand,1981,0
Cambodia,Vietnam,1981,0
Cambodia,Indonesia,1982,0.1
Cambodia,Laos,1982,0
Cambodia,Malaysia,1982,0
Cambodia,Myanmar,1982,0
Cambodia,Philippines,1982,0
Cambodia,RESTO_DEL_MUNDO,1982,5.17955
Cambodia,Singapore,1982,0.1
Cambodia,Thailand,1982,0
Cambodia,Vietnam,1982,0
Cambodia,Indonesia,1983,0
Cambodia,Laos,1983,0
Cambodia,Malaysia,1983,0
Cambodia,Myanmar,1983,0
Cambodia,Philippines,1983,0.19
Cambodia,RESTO_DEL_MUNDO,1983,2.19725
Cambodia,Singapore,1983,0.68
Cambodia,Thailand,1983,0
Cambodia,Vietnam,1983,0
Cambodia,Indonesia,1984,0
Cambodia,Laos,1984,0
Cambodia,Malaysia,1984,0
Cambodia,Myanmar,1984,0
Cambodia,Philippines,1984,0.01
Cambodia,RESTO_DEL_MUNDO,1984,1.73097
Cambodia,Singapore,1984,2.61
Cambodia,Thailand,1984,0
Cambodia,Vietnam,1984,0
Cambodia,Indonesia,1985,0
Cambodia,Laos,1985,0
Cambodia,Malaysia,1985,0.37
Cambodia,Myanmar,1985,0
Cambodia,Philippines,1985,0
Cambodia,RESTO_DEL_MUNDO,1985,3.74007
Cambodia,Singapore,1985,1.16
Cambodia,Thailand,1985,0
Cambodia,Vietnam,1985,1.3
Cambodia,Indonesia,1986,0.1
Cambodia,Laos,1986,0
Cambodia,Malaysia,1986,0
Cambodia,Myanmar,1986,0
Cambodia,Philippines,1986,0
Cambodia,RESTO_DEL_MUNDO,1986,3.33164
Cambodia,Singapore,1986,0
Cambodia,Thailand,1986,0
Cambodia,Vietnam,1986,3.361
Cambodia,Indonesia,1987,0.5
Cambodia,Laos,1987,0
Cambodia,Malaysia,1987,0.13
Cambodia,Myanmar,1987,0
Cambodia,Philippines,1987,0
Cambodia,RESTO_DEL_MUNDO,1987,9.92107
Cambodia,Singapore,1987,0
Cambodia,Thailand,1987,0
Cambodia,Vietnam,1987,3.338
Cambodia,Indonesia,1988,0
Cambodia,Laos,1988,0
Cambodia,Malaysia,1988,3.4
Cambodia,Myanmar,1988,0
Cambodia,Philippines,1988,0
Cambodia,RESTO_DEL_MUNDO,1988,5.94283
Cambodia,Singapore,1988,0
Cambodia,Thailand,1988,0.0198889
Cambodia,Vietnam,1988,3.587
Cambodia,Indonesia,1989,0.018934
Cambodia,Laos,1989,0
Cambodia,Malaysia,1989,7.49296
Cambodia,Myanmar,1989,0
Cambodia,Philippines,1989,0.254545
Cambodia,RESTO_DEL_MUNDO,1989,7.72322
Cambodia,Singapore,1989,0
Cambodia,Thailand,1989,2.43814
Cambodia,Vietnam,1989,4.566
Cambodia,Indonesia,1990,0.787956
Cambodia,Laos,1990,0
Cambodia,Malaysia,1990,16.3463
Cambodia,Myanmar,1990,0
Cambodia,Philippines,1990,0
Cambodia,RESTO_DEL_MUNDO,1990,11.3075
Cambodia,Singapore,1990,0
Cambodia,Thailand,1990,9.41526
Cambodia,Vietnam,1990,7.668
Cambodia,Indonesia,1991,0.932716
Cambodia,Laos,1991,0
Cambodia,Malaysia,1991,10.2897
Cambodia,Myanmar,1991,0
Cambodia,Philippines,1991,0
Cambodia,RESTO_DEL_MUNDO,1991,34.928
Cambodia,Singapore,1991,0
Cambodia,Thailand,1991,11.529
Cambodia,Vietnam,1991,5.213
Cambodia,Indonesia,1992,0.209152
Cambodia,Laos,1992,0
Cambodia,Malaysia,1992,14.5433
Cambodia,Myanmar,1992,0
Cambodia,Philippines,1992,0
Cambodia,RESTO_DEL_MUNDO,1992,61.5751
Cambodia,Singapore,1992,8.04361
Cambodia,Thailand,1992,93.1777
Cambodia,Vietnam,1992,6.683
Cambodia,Indonesia,1993,1.24039
Cambodia,Laos,1993,3
Cambodia,Malaysia,1993,13.3372
Cambodia,Myanmar,1993,0
Cambodia,Philippines,1993,0
Cambodia,RESTO_DEL_MUNDO,1993,142.697
Cambodia,Singapore,1993,20.7053
Cambodia,Thailand,1993,89.7728
Cambodia,Vietnam,1993,7.591
Cambodia,Indonesia,1994,0.656
Cambodia,Laos,1994,2.6
Cambodia,Malaysia,1994,26.5805
Cambodia,Myanmar,1994,0
Cambodia,Philippines,1994,0
Cambodia,RESTO_DEL_MUNDO,1994,56.2256
Cambodia,Singapore,1994,32.352
Cambodia,Thailand,1994,126.174
Cambodia,Vietnam,1994,17.743
Cambodia,Indonesia,1995,4.416
Cambodia,Laos,1995,2.8
Cambodia,Malaysia,1995,14.4833
Cambodia,Myanmar,1995,0
Cambodia,Philippines,1995,0
Cambodia,RESTO_DEL_MUNDO,1995,131.63
Cambodia,Singapore,1995,42.2069
Cambodia,Thailand,1995,160.624
Cambodia,Vietnam,1995,23.566
Cambodia,Indonesia,1996,2.752
Cambodia,Laos,1996,3
Cambodia,Malaysia,1996,8.22366
Cambodia,Myanmar,1996,0
Cambodia,Philippines,1996,0
Cambodia,RESTO_DEL_MUNDO,1996,179.418
Cambodia,Singapore,1996,47.6782
Cambodia,Thailand,1996,47.7612
Cambodia,Vietnam,1996,17.86
Cambodia,Indonesia,1997,0.097225
Cambodia,Laos,1997,0.01
Cambodia,Malaysia,1997,20.7737
Cambodia,Myanmar,1997,0
Cambodia,Philippines,1997,0.42
Cambodia,RESTO_DEL_MUNDO,1997,382.769
Cambodia,Singapore,1997,58.8724
Cambodia,Thailand,1997,78.8988
Cambodia,Vietnam,1997,24.679
Cambodia,Indonesia,1998,0.089
Cambodia,Laos,1998,0
Cambodia,Malaysia,1998,13.8303
Cambodia,Myanmar,1998,0.044
Cambodia,Philippines,1998,3.37
Cambodia,RESTO_DEL_MUNDO,1998,670.382
Cambodia,Singapore,1998,59.7273
Cambodia,Thailand,1998,24.7153
Cambodia,Vietnam,1998,42.06
Cambodia,Indonesia,1999,1.43496
Cambodia,Laos,1999,0.308
Cambodia,Malaysia,1999,10.6924
Cambodia,Myanmar,1999,0.231
Cambodia,Philippines,1999,0.019465
Cambodia,RESTO_DEL_MUNDO,1999,1126.92
Cambodia,Singapore,1999,117
Cambodia,Thailand,1999,14.7701
Cambodia,Vietnam,1999,12.737
Cambodia,Indonesia,2000,0.658591
Cambodia,Laos,2000,3.44808
Cambodia,Malaysia,2000,16.9817
Cambodia,Myanmar,2000,0.0171476
Cambodia,Philippines,2000,0.819851
Cambodia,RESTO_DEL_MUNDO,2000,1345.86
Cambodia,Singapore,2000,75.0599
Cambodia,Thailand,2000,7.87894
Cambodia,Vietnam,2000,37.298
Cambodia,Indonesia,2001,0.1343
Cambodia,Laos,2001,0.892766
Cambodia,Malaysia,2001,19.0153
Cambodia,Myanmar,2001,0.0427798
Cambodia,Philippines,2001,3.19309
Cambodia,RESTO_DEL_MUNDO,2001,1595.35
Cambodia,Singapore,2001,54.5926
Cambodia,Thailand,2001,12.3336
Cambodia,Vietnam,2001,22.8
Cambodia,Indonesia,2002,0.6947
Cambodia,Laos,2002,2.77721
Cambodia,Malaysia,2002,20.2208
Cambodia,Myanmar,2002,0.0612406
Cambodia,Philippines,2002,1.9996
Cambodia,RESTO_DEL_MUNDO,2002,1766.09
Cambodia,Singapore,2002,84.4592
Cambodia,Thailand,2002,11.1884
Cambodia,Vietnam,2002,65.4
Cambodia,Indonesia,2003,1.45061
Cambodia,Laos,2003,0.961559
Cambodia,Malaysia,2003,8.17509
Cambodia,Myanmar,2003,0.00857738
Cambodia,Philippines,2003,1.48124
Cambodia,RESTO_DEL_MUNDO,2003,2121.65
Cambodia,Singapore,2003,74.6143
Cambodia,Thailand,2003,12.3906
Cambodia,Vietnam,2003,94.7
Cambodia,Indonesia,2004,1.10397
Cambodia,Laos,2004,0.452416
Cambodia,Malaysia,2004,8.28526
Cambodia,Myanmar,2004,0.355533
Cambodia,Philippines,2004,1.31889
Cambodia,RESTO_DEL_MUNDO,2004,2640.25
Cambodia,Singapore,2004,48.3145
Cambodia,Thailand,2004,27.5525
Cambodia,Vietnam,2004,130.6
Cambodia,Indonesia,2005,0.732619
Cambodia,Laos,2005,0.226691
Cambodia,Malaysia,2005,8.27636
Cambodia,Myanmar,2005,0.0772952
Cambodia,Philippines,2005,1.50397
Cambodia,RESTO_DEL_MUNDO,2005,2886.75
Cambodia,Singapore,2005,99.9009
Cambodia,Thailand,2005,31.4141
Cambodia,Vietnam,2005,160.2
Cambodia,Indonesia,2006,1.05787
Cambodia,Laos,2006,0.303362
Cambodia,Malaysia,2006,20.2928
Cambodia,Myanmar,2006,0.0362614
Cambodia,Philippines,2006,1.01175
Cambodia,RESTO_DEL_MUNDO,2006,3565.51
Cambodia,Singapore,2006,111.153
Cambodia,Thailand,2006,35.1913
Cambodia,Vietnam,2006,169.5
Cambodia,Indonesia,2007,1.25111
Cambodia,Laos,2007,0.685102
Cambodia,Malaysia,2007,21.3473
Cambodia,Myanmar,2007,0.0122186
Cambodia,Philippines,2007,0.510155
Cambodia,RESTO_DEL_MUNDO,2007,4112.32
Cambodia,Singapore,2007,84.3392
Cambodia,Thailand,2007,49.2221
Cambodia,Vietnam,2007,205.5
Cambodia,Indonesia,2008,2.00574
Cambodia,Laos,2008,0.923638
Cambodia,Malaysia,2008,14.2066
Cambodia,Myanmar,2008,1.53419
Cambodia,Philippines,2008,1.48481
Cambodia,RESTO_DEL_MUNDO,2008,4270.93
Cambodia,Singapore,2008,116.044
Cambodia,Thailand,2008,90.0353
Cambodia,Vietnam,2008,214.3
Cambodia,Indonesia,2009,3.39932
Cambodia,Laos,2009,0.394239
Cambodia,Malaysia,2009,15.0526
Cambodia,Myanmar,2009,0.042846
Cambodia,Philippines,2009,9.97446
Cambodia,RESTO_DEL_MUNDO,2009,3796.69
Cambodia,Singapore,2009,418.278
Cambodia,Thailand,2009,78.3134
Cambodia,Vietnam,2009,186.2
Cambodia,Indonesia,2010,4.72649
Cambodia,Laos,2010,0.974127
Cambodia,Malaysia,2010,32.8889
Cambodia,Myanmar,2010,0.00232758
Cambodia,Philippines,2010,2.66983
Cambodia,RESTO_DEL_MUNDO,2010,4761.98
Cambodia,Singapore,2010,157.667
Cambodia,Thailand,2010,216.757
Cambodia,Vietnam,2010,276.623
Cambodia,Indonesia,2011,7.9561
Cambodia,Laos,2011,1.35591
Cambodia,Malaysia,2011,66.501
Cambodia,Myanmar,2011,0.0872159
Cambodia,Philippines,2011,1.29323
Cambodia,RESTO_DEL_MUNDO,2011,6549.89
Cambodia,Singapore,2011,189.982
Cambodia,Thailand,2011,176.187
Cambodia,Vietnam,2011,429.6
Cambodia,Indonesia,2012,11.5723
Cambodia,Laos,2012,2.27466
Cambodia,Malaysia,2012,128.652
Cambodia,Myanmar,2012,0.091304
Cambodia,Philippines,2012,3.12485
Cambodia,RESTO_DEL_MUNDO,2012,7472.43
Cambodia,Singapore,2012,569.327
Cambodia,Thailand,2012,251.283
Cambodia,Vietnam,2012,486.267
Cambodia,Indonesia,2013,17.8447
Cambodia,Laos,2013,0.640135
Cambodia,Malaysia,2013,193.824
Cambodia,Myanmar,2013,0.742531
Cambodia,Philippines,2013,12.6773
Cambodia,RESTO_DEL_MUNDO,2013,8940.1
Cambodia,Singapore,2013,181.459
Cambodia,Thailand,2013,354.427
Cambodia,Vietnam,2013,503.823
Cambodia,Indonesia,2014,18.6969
Cambodia,Laos,2014,0.670843
Cambodia,Malaysia,2014,183.093
Cambodia,Myanmar,2014,0.778152
Cambodia,Philippines,2014,23.3878
Cambodia,RESTO_DEL_MUNDO,2014,10080.5
Cambodia,Singapore,2014,262.596
Cambodia,Thailand,2014,590.076
Cambodia,Vietnam,2014,625.203
Cameroon,Ghana,1960,0
Cameroon,Nigeria,1960,0.6
Cameroon,RESTO_DEL_MUNDO,1960,95.1
Cameroon,Senegal,1960,0
Cameroon,South Africa,1960,0
Cameroon,Ghana,1961,0
Cameroon,Nigeria,1961,0.7
Cameroon,RESTO_DEL_MUNDO,1961,125.01
Cameroon,Senegal,1961,0
Cameroon,South Africa,1961,0.1
Cameroon,Ghana,1962,0
Cameroon,Nigeria,1962,0.1
Cameroon,RESTO_DEL_MUNDO,1962,125.2
Cameroon,Senegal,1962,0
Cameroon,South Africa,1962,0
Cameroon,Ghana,1963,0
Cameroon,Nigeria,1963,0.1
Cameroon,RESTO_DEL_MUNDO,1963,138.5
Cameroon,Senegal,1963,0
Cameroon,South Africa,1963,0.1
Cameroon,Ghana,1964,0
Cameroon,Nigeria,1964,0.5
Cameroon,RESTO_DEL_MUNDO,1964,154.8
Cameroon,Senegal,1964,0
Cameroon,South Africa,1964,0
Cameroon,Ghana,1965,0
Cameroon,Nigeria,1965,0.1
Cameroon,RESTO_DEL_MUNDO,1965,152.57
Cameroon,Senegal,1965,0
Cameroon,South Africa,1965,0
Cameroon,Botswana,1966,0
Cameroon,Ghana,1966,0
Cameroon,Nigeria,1966,0.1
Cameroon,RESTO_DEL_MUNDO,1966,165.364
Cameroon,Senegal,1966,0.1
Cameroon,South Africa,1966,0.1
Cameroon,Botswana,1967,0
Cameroon,Ghana,1967,0
Cameroon,Nigeria,1967,0.2
Cameroon,RESTO_DEL_MUNDO,1967,160.2
Cameroon,Senegal,1967,0.036
Cameroon,South Africa,1967,0
Cameroon,Botswana,1968,0
Cameroon,Ghana,1968,0
Cameroon,Nigeria,1968,0.4
Cameroon,RESTO_DEL_MUNDO,1968,182.575
Cameroon,Senegal,1968,0.1
Cameroon,South Africa,1968,0
Cameroon,Botswana,1969,0
Cameroon,Ghana,1969,0.001
Cameroon,Nigeria,1969,0.1
Cameroon,RESTO_DEL_MUNDO,1969,210.545
Cameroon,Senegal,1969,0.447
Cameroon,South Africa,1969,0
Cameroon,Botswana,1970,0
Cameroon,Ghana,1970,0.008
Cameroon,Nigeria,1970,0.4
Cameroon,RESTO_DEL_MUNDO,1970,216.955
Cameroon,Senegal,1970,0.649
Cameroon,South Africa,1970,0
Cameroon,Botswana,1971,0
Cameroon,Ghana,1971,0.009
Cameroon,Nigeria,1971,0.2
Cameroon,RESTO_DEL_MUNDO,1971,205.963
Cameroon,Senegal,1971,0.043
Cameroon,South Africa,1971,0
Cameroon,Botswana,1972,0
Cameroon,Ghana,1972,0.003
Cameroon,Nigeria,1972,0.3
Cameroon,RESTO_DEL_MUNDO,1972,229.298
Cameroon,Senegal,1972,1.982
Cameroon,South Africa,1972,0
Cameroon,Botswana,1973,0
Cameroon,Ghana,1973,0.003
Cameroon,Nigeria,1973,0.1
Cameroon,RESTO_DEL_MUNDO,1973,340.546
Cameroon,Senegal,1973,0.029
Cameroon,South Africa,1973,0.005
Cameroon,Botswana,1974,0
Cameroon,Ghana,1974,0.012
Cameroon,Nigeria,1974,1.2
Cameroon,RESTO_DEL_MUNDO,1974,479.501
Cameroon,Senegal,1974,0.065
Cameroon,South Africa,1974,0
Cameroon,Angola,1975,0
Cameroon,Botswana,1975,0
Cameroon,Ghana,1975,0.037
Cameroon,Nigeria,1975,2.8
Cameroon,RESTO_DEL_MUNDO,1975,447.026
Cameroon,Senegal,1975,0.168
Cameroon,South Africa,1975,0
Cameroon,Angola,1976,0.013
Cameroon,Botswana,1976,0
Cameroon,Ghana,1976,0.227
Cameroon,Nigeria,1976,1.6
Cameroon,RESTO_DEL_MUNDO,1976,517.106
Cameroon,Senegal,1976,0.167
Cameroon,South Africa,1976,0
Cameroon,Angola,1977,0.068
Cameroon,Botswana,1977,0
Cameroon,Ghana,1977,0.115
Cameroon,Nigeria,1977,7
Cameroon,RESTO_DEL_MUNDO,1977,670.062
Cameroon,Senegal,1977,0.35
Cameroon,South Africa,1977,0
Cameroon,Angola,1978,0
Cameroon,Botswana,1978,0
Cameroon,Ghana,1978,0.031
Cameroon,Nigeria,1978,2.6
Cameroon,RESTO_DEL_MUNDO,1978,843.062
Cameroon,Senegal,1978,0.434
Cameroon,South Africa,1978,0
Cameroon,Angola,1979,0
Cameroon,Botswana,1979,0
Cameroon,Ghana,1979,0.062
Cameroon,Nigeria,1979,9.1
Cameroon,RESTO_DEL_MUNDO,1979,1202.6
Cameroon,Senegal,1979,0.287
Cameroon,South Africa,1979,0
Cameroon,Angola,1980,0.009
Cameroon,Botswana,1980,0
Cameroon,Ghana,1980,0.003
Cameroon,Nigeria,1980,4.777
Cameroon,RESTO_DEL_MUNDO,1980,1689.17
Cameroon,Senegal,1980,5.826
Cameroon,South Africa,1980,0
Cameroon,Angola,1981,0.1243
Cameroon,Botswana,1981,0
Cameroon,Ghana,1981,0.002
Cameroon,Nigeria,1981,0.9
Cameroon,RESTO_DEL_MUNDO,1981,1760.45
Cameroon,Senegal,1981,0.296
Cameroon,South Africa,1981,0
Cameroon,Angola,1982,0
Cameroon,Botswana,1982,0
Cameroon,Ghana,1982,0.001
Cameroon,Nigeria,1982,3.4
Cameroon,RESTO_DEL_MUNDO,1982,1758.58
Cameroon,Senegal,1982,0.488
Cameroon,South Africa,1982,0
Cameroon,Angola,1983,0.0154
Cameroon,Botswana,1983,0
Cameroon,Ghana,1983,0.05
Cameroon,Nigeria,1983,28.2
Cameroon,RESTO_DEL_MUNDO,1983,1735.67
Cameroon,Senegal,1983,3.35901
Cameroon,South Africa,1983,0
Cameroon,Angola,1984,0.0154
Cameroon,Botswana,1984,0
Cameroon,Ghana,1984,0
Cameroon,Nigeria,1984,4.6
Cameroon,RESTO_DEL_MUNDO,1984,2212.3
Cameroon,Senegal,1984,0.437116
Cameroon,South Africa,1984,0
Cameroon,Angola,1985,0.181186
Cameroon,Botswana,1985,0
Cameroon,Ghana,1985,0.0111294
Cameroon,Nigeria,1985,3.18791
Cameroon,RESTO_DEL_MUNDO,1985,2406.1
Cameroon,Senegal,1985,0.164715
Cameroon,South Africa,1985,0
Cameroon,Angola,1986,0.8987
Cameroon,Botswana,1986,0
Cameroon,Ghana,1986,0.000997711
Cameroon,Nigeria,1986,3.76168
Cameroon,RESTO_DEL_MUNDO,1986,1780.11
Cameroon,Senegal,1986,0.511111
Cameroon,South Africa,1986,0
Cameroon,Angola,1987,0.0572
Cameroon,Botswana,1987,0
Cameroon,Ghana,1987,0.027333
Cameroon,Nigeria,1987,4.32456
Cameroon,RESTO_DEL_MUNDO,1987,1826.93
Cameroon,Senegal,1987,0.622223
Cameroon,South Africa,1987,0
Cameroon,Angola,1988,2.32558
Cameroon,Botswana,1988,0
Cameroon,Ghana,1988,0.113089
Cameroon,Nigeria,1988,1.87021
Cameroon,RESTO_DEL_MUNDO,1988,1721.42
Cameroon,Senegal,1988,1.13127
Cameroon,South Africa,1988,0
Cameroon,Angola,1989,0.2156
Cameroon,Botswana,1989,0
Cameroon,Ghana,1989,0.149115
Cameroon,Nigeria,1989,0.371183
Cameroon,RESTO_DEL_MUNDO,1989,1842.3
Cameroon,Senegal,1989,58.4856
Cameroon,South Africa,1989,0
Cameroon,Angola,1990,0.0727236
Cameroon,Botswana,1990,0
Cameroon,Ghana,1990,0.541387
Cameroon,Nigeria,1990,0.583596
Cameroon,RESTO_DEL_MUNDO,1990,2305.91
Cameroon,Senegal,1990,73.2014
Cameroon,South Africa,1990,0
Cameroon,Angola,1991,0.015597
Cameroon,Botswana,1991,0
Cameroon,Ghana,1991,0.021
Cameroon,Nigeria,1991,2.48498
Cameroon,RESTO_DEL_MUNDO,1991,1883.02
Cameroon,Senegal,1991,61.5594
Cameroon,South Africa,1991,0
Cameroon,Angola,1992,0
Cameroon,Botswana,1992,0
Cameroon,Ghana,1992,7.62
Cameroon,Nigeria,1992,10.5474
Cameroon,RESTO_DEL_MUNDO,1992,1757.64
Cameroon,Senegal,1992,3.05841
Cameroon,South Africa,1992,7.50307
Cameroon,Angola,1993,0.369046
Cameroon,Botswana,1993,0
Cameroon,Ghana,1993,0.520549
Cameroon,Nigeria,1993,12.264
Cameroon,RESTO_DEL_MUNDO,1993,1672.75
Cameroon,Senegal,1993,2.7059
Cameroon,South Africa,1993,1.69867
Cameroon,Angola,1994,0.99657
Cameroon,Botswana,1994,0
Cameroon,Ghana,1994,0.398232
Cameroon,Nigeria,1994,10.6948
Cameroon,RESTO_DEL_MUNDO,1994,1871.85
Cameroon,Senegal,1994,2.26787
Cameroon,South Africa,1994,1.55618
Cameroon,Angola,1995,1.9371
Cameroon,Botswana,1995,0
Cameroon,Ghana,1995,0.509067
Cameroon,Nigeria,1995,9.25136
Cameroon,RESTO_DEL_MUNDO,1995,2157.34
Cameroon,Senegal,1995,40.7287
Cameroon,South Africa,1995,3.74037
Cameroon,Angola,1996,1.47942
Cameroon,Botswana,1996,0
Cameroon,Ghana,1996,0.20213
Cameroon,Nigeria,1996,19.5012
Cameroon,RESTO_DEL_MUNDO,1996,2230.05
Cameroon,Senegal,1996,6.83999
Cameroon,South Africa,1996,6.13818
Cameroon,Angola,1997,1.26082
Cameroon,Botswana,1997,0
Cameroon,Ghana,1997,0.375041
Cameroon,Nigeria,1997,7.50459
Cameroon,RESTO_DEL_MUNDO,1997,2385.51
Cameroon,Senegal,1997,8.66649
Cameroon,South Africa,1997,3.03768
Cameroon,Angola,1998,1.90371
Cameroon,Botswana,1998,0
Cameroon,Ghana,1998,0.100686
Cameroon,Nigeria,1998,13.7418
Cameroon,RESTO_DEL_MUNDO,1998,2089.52
Cameroon,Senegal,1998,7.77109
Cameroon,South Africa,1998,4.62253
Cameroon,Angola,1999,0.428781
Cameroon,Botswana,1999,0.180283
Cameroon,Ghana,1999,0.103622
Cameroon,Nigeria,1999,4.27352
Cameroon,RESTO_DEL_MUNDO,1999,2072.55
Cameroon,Senegal,1999,7.8494
Cameroon,South Africa,1999,2.35862
Cameroon,Angola,2000,23.4422
Cameroon,Botswana,2000,0
Cameroon,Ghana,2000,0.457319
Cameroon,Nigeria,2000,0.875127
Cameroon,RESTO_DEL_MUNDO,2000,2403.42
Cameroon,Senegal,2000,6.58447
Cameroon,South Africa,2000,2.78161
Cameroon,Angola,2001,16.112
Cameroon,Botswana,2001,0
Cameroon,Ghana,2001,0.241597
Cameroon,Nigeria,2001,3.48
Cameroon,RESTO_DEL_MUNDO,2001,2255.74
Cameroon,Senegal,2001,6.39962
Cameroon,South Africa,2001,2.83983
Cameroon,Angola,2002,0.907828
Cameroon,Botswana,2002,0
Cameroon,Ghana,2002,11.9593
Cameroon,Nigeria,2002,31.7111
Cameroon,RESTO_DEL_MUNDO,2002,2047.05
Cameroon,Senegal,2002,6.94331
Cameroon,South Africa,2002,1.18744
Cameroon,Angola,2003,2.17296
Cameroon,Botswana,2003,0.000481762
Cameroon,Ghana,2003,35.9261
Cameroon,Nigeria,2003,0.808293
Cameroon,RESTO_DEL_MUNDO,2003,2744.42
Cameroon,Senegal,2003,8.28053
Cameroon,South Africa,2003,19.6253
Cameroon,Angola,2004,2.82601
Cameroon,Botswana,2004,0.000632713
Cameroon,Ghana,2004,47.1829
Cameroon,Nigeria,2004,1.05121
Cameroon,RESTO_DEL_MUNDO,2004,3607.21
Cameroon,Senegal,2004,12.6781
Cameroon,South Africa,2004,32.2387
Cameroon,Angola,2005,3.59837
Cameroon,Botswana,2005,0.000722925
Cameroon,Ghana,2005,53.9103
Cameroon,Nigeria,2005,1.33852
Cameroon,RESTO_DEL_MUNDO,2005,3618.08
Cameroon,Senegal,2005,13.2276
Cameroon,South Africa,2005,3.02523
Cameroon,Angola,2006,4.4422
Cameroon,Botswana,2006,0.000893482
Cameroon,Ghana,2006,66.6291
Cameroon,Nigeria,2006,1.6524
Cameroon,RESTO_DEL_MUNDO,2006,4959.18
Cameroon,Senegal,2006,11.7356
Cameroon,South Africa,2006,1.54176
Cameroon,Angola,2007,5.7545
Cameroon,Botswana,2007,0.0011088
Cameroon,Ghana,2007,82.6863
Cameroon,Nigeria,2007,2.14055
Cameroon,RESTO_DEL_MUNDO,2007,5153.04
Cameroon,Senegal,2007,12.4655
Cameroon,South Africa,2007,2.89738
Cameroon,Angola,2008,7.26906
Cameroon,Botswana,2008,0.00126588
Cameroon,Ghana,2008,94.4001
Cameroon,Nigeria,2008,2.70393
Cameroon,RESTO_DEL_MUNDO,2008,5906.72
Cameroon,Senegal,2008,13.6207
Cameroon,South Africa,2008,4.05122
Cameroon,Angola,2009,6.81241
Cameroon,Botswana,2009,0.00110748
Cameroon,Ghana,2009,82.5875
Cameroon,Nigeria,2009,2.53407
Cameroon,RESTO_DEL_MUNDO,2009,3996.03
Cameroon,Senegal,2009,9.62581
Cameroon,South Africa,2009,1.38171
Cameroon,Angola,2010,7.83427
Cameroon,Botswana,2010,0.0014065
Cameroon,Ghana,2010,104.886
Cameroon,Nigeria,2010,2.91418
Cameroon,RESTO_DEL_MUNDO,2010,4672.28
Cameroon,Senegal,2010,8.7731
Cameroon,South Africa,2010,2.06663
Cameroon,Angola,2011,9.00941
Cameroon,Botswana,2011,0.00157528
Cameroon,Ghana,2011,117.472
Cameroon,Nigeria,2011,3.35131
Cameroon,RESTO_DEL_MUNDO,2011,5510.94
Cameroon,Senegal,2011,9.82133
Cameroon,South Africa,2011,2.27435
Cameroon,Angola,2012,10.048
Cameroon,Botswana,2012,0.00164233
Cameroon,Ghana,2012,122.472
Cameroon,Nigeria,2012,3.73766
Cameroon,RESTO_DEL_MUNDO,2012,5612.15
Cameroon,Senegal,2012,15.083
Cameroon,South Africa,2012,2.72083
Cameroon,Angola,2013,11.2501
Cameroon,Botswana,2013,0.00172953
Cameroon,Ghana,2013,128.975
Cameroon,Nigeria,2013,4.18481
Cameroon,RESTO_DEL_MUNDO,2013,5625.73
Cameroon,Senegal,2013,16.2231
Cameroon,South Africa,2013,2.24959
Cameroon,Angola,2014,10.7166
Cameroon,Botswana,2014,0.0018125
Cameroon,Ghana,2014,135.162
Cameroon,Nigeria,2014,3.98633
Cameroon,RESTO_DEL_MUNDO,2014,6030.24
Cameroon,Senegal,2014,12.9294
Cameroon,South Africa,2014,2.75069
Chile,Argentina,1900,0.14
Chile,RESTO_DEL_MUNDO,1900,48.2136
Chile,Uruguay,1900,0.18
Chile,Argentina,1901,0.08
Chile,RESTO_DEL_MUNDO,1901,35.31
Chile,Uruguay,1901,0.21
Chile,Argentina,1902,0.15
Chile,RESTO_DEL_MUNDO,1902,65.73
Chile,Uruguay,1902,0.29
Chile,Argentina,1903,0.13
Chile,RESTO_DEL_MUNDO,1903,67.19
Chile,Uruguay,1903,0.22
Chile,Argentina,1904,0.31
Chile,RESTO_DEL_MUNDO,1904,81.09
Chile,Uruguay,1904,0.11
Chile,Argentina,1905,0.57
Chile,RESTO_DEL_MUNDO,1905,94.1
Chile,Uruguay,1905,0.13
Chile,RESTO_DEL_MUNDO,1906,94.79
Chile,Argentina,1907,1.32
Chile,RESTO_DEL_MUNDO,1907,101.56
Chile,Argentina,1908,1.04
Chile,RESTO_DEL_MUNDO,1908,75.79
Chile,Argentina,1909,0.8
Chile,RESTO_DEL_MUNDO,1909,104.54
Chile,Argentina,1910,14.15
Chile,RESTO_DEL_MUNDO,1910,233.43
Chile,Argentina,1911,1.21
Chile,RESTO_DEL_MUNDO,1911,127.74
Chile,Argentina,1912,0.65
Chile,RESTO_DEL_MUNDO,1912,146.79
Chile,Argentina,1913,0.82
Chile,RESTO_DEL_MUNDO,1913,145.8
Chile,RESTO_DEL_MUNDO,1919,40.25
Chile,Argentina,1920,6.75
Chile,RESTO_DEL_MUNDO,1920,225.583
Chile,Argentina,1921,3.38
Chile,RESTO_DEL_MUNDO,1921,130.36
Chile,Argentina,1922,2.78
Chile,RESTO_DEL_MUNDO,1922,99.5812
Chile,Argentina,1923,3.16
Chile,RESTO_DEL_MUNDO,1923,158.422
Chile,Argentina,1924,3.31
Chile,RESTO_DEL_MUNDO,1924,181.362
Chile,Argentina,1925,3.43
Chile,RESTO_DEL_MUNDO,1925,238.49
Chile,Argentina,1926,2.47
Chile,RESTO_DEL_MUNDO,1926,209.197
Chile,Argentina,1927,4.05
Chile,RESTO_DEL_MUNDO,1927,190.869
Chile,Argentina,1928,3.61
Chile,RESTO_DEL_MUNDO,1928,210.668
Chile,Argentina,1929,4.66
Chile,RESTO_DEL_MUNDO,1929,275.333
Chile,Argentina,1930,3.66
Chile,RESTO_DEL_MUNDO,1930,579.91
Chile,Argentina,1931,1.62
Chile,RESTO_DEL_MUNDO,1931,256.631
Chile,Argentina,1932,1
Chile,RESTO_DEL_MUNDO,1932,37.2101
Chile,Venezuela,1932,0.00585
Chile,Argentina,1933,3.27
Chile,RESTO_DEL_MUNDO,1933,41.4841
Chile,Venezuela,1933,0.00624
Chile,Argentina,1934,2.47
Chile,RESTO_DEL_MUNDO,1934,68.2969
Chile,Venezuela,1934,0.01
Chile,Argentina,1935,2
Chile,RESTO_DEL_MUNDO,1935,67.145
Chile,Venezuela,1935,0.01
Chile,Argentina,1936,2.96
Chile,RESTO_DEL_MUNDO,1936,85.4867
Chile,Venezuela,1936,0.01
Chile,Argentina,1937,2.6
Chile,RESTO_DEL_MUNDO,1937,156.301
Chile,Venezuela,1937,0.04
Chile,Argentina,1938,2
Chile,RESTO_DEL_MUNDO,1938,124.513
Chile,Venezuela,1938,0.04
Chile,RESTO_DEL_MUNDO,1939,55.78
Chile,RESTO_DEL_MUNDO,1940,34
Chile,RESTO_DEL_MUNDO,1941,33.3
Chile,RESTO_DEL_MUNDO,1942,0.61
Chile,RESTO_DEL_MUNDO,1944,5.96
Chile,RESTO_DEL_MUNDO,1945,2.76
Chile,RESTO_DEL_MUNDO,1946,50.3568
Chile,RESTO_DEL_MUNDO,1947,96.9896
Chile,Argentina,1948,19
Chile,RESTO_DEL_MUNDO,1948,363.53
Chile,Uruguay,1948,1.2
Chile,Venezuela,1948,0.9
Chile,Argentina,1949,11.1
Chile,RESTO_DEL_MUNDO,1949,315.95
Chile,Uruguay,1949,0.7
Chile,Venezuela,1949,0.4
Chile,Argentina,1950,17.6
Chile,RESTO_DEL_MUNDO,1950,298.75
Chile,Uruguay,1950,0.4
Chile,Venezuela,1950,0.4
Chile,Argentina,1951,25.3
Chile,RESTO_DEL_MUNDO,1951,355.77
Chile,Uruguay,1951,7
Chile,Venezuela,1951,0
Chile,Argentina,1952,45.4
Chile,RESTO_DEL_MUNDO,1952,453.25
Chile,Uruguay,1952,8.2
Chile,Venezuela,1952,0.4
Chile,Argentina,1953,44.4
Chile,RESTO_DEL_MUNDO,1953,359.24
Chile,Uruguay,1953,4
Chile,Venezuela,1953,1.1
Chile,Argentina,1954,22.6
Chile,RESTO_DEL_MUNDO,1954,343.73
Chile,Uruguay,1954,5.8
Chile,Venezuela,1954,0
Chile,Argentina,1955,49
Chile,RESTO_DEL_MUNDO,1955,464.35
Chile,Uruguay,1955,2.8
Chile,Venezuela,1955,0
Chile,Argentina,1956,25.3
Chile,RESTO_DEL_MUNDO,1956,546.65
Chile,Uruguay,1956,1.2
Chile,Venezuela,1956,0.7
Chile,Argentina,1957,21.5
Chile,RESTO_DEL_MUNDO,1957,481.22
Chile,Uruguay,1957,1.2
Chile,Venezuela,1957,1.8
Chile,Argentina,1958,25.3
Chile,RESTO_DEL_MUNDO,1958,405.56
Chile,Uruguay,1958,1
Chile,Venezuela,1958,1.5
Chile,Argentina,1959,28.5
Chile,RESTO_DEL_MUNDO,1959,513.81
Chile,Uruguay,1959,1.3
Chile,Venezuela,1959,0.8
Chile,Argentina,1960,19.3
Chile,RESTO_DEL_MUNDO,1960,412.55
Chile,Uruguay,1960,1.8
Chile,Venezuela,1960,0.8
Chile,Argentina,1961,24.1
Chile,RESTO_DEL_MUNDO,1961,414.83
Chile,Uruguay,1961,1.8
Chile,Venezuela,1961,0.9
Chile,Argentina,1962,15.1
Chile,RESTO_DEL_MUNDO,1962,475.3
Chile,Uruguay,1962,1.1
Chile,Venezuela,1962,1.3
Chile,Argentina,1963,17.2
Chile,RESTO_DEL_MUNDO,1963,496.39
Chile,Uruguay,1963,1.4
Chile,Venezuela,1963,1.2
Chile,Argentina,1964,22.9
Chile,RESTO_DEL_MUNDO,1964,573.6
Chile,Uruguay,1964,1.9
Chile,Venezuela,1964,1.5
Chile,Argentina,1965,29.2
Chile,RESTO_DEL_MUNDO,1965,639.575
Chile,Uruguay,1965,2.1
Chile,Venezuela,1965,2.1
Chile,Argentina,1966,31.6
Chile,RESTO_DEL_MUNDO,1966,758.638
Chile,Uruguay,1966,2.4
Chile,Venezuela,1966,6.3
Chile,Argentina,1967,37.2
Chile,RESTO_DEL_MUNDO,1967,761.053
Chile,Uruguay,1967,3.9
Chile,Venezuela,1967,5.4
Chile,Argentina,1968,49.1
Chile,RESTO_DEL_MUNDO,1968,818.059
Chile,Uruguay,1968,2.7
Chile,Venezuela,1968,5.7
Chile,Argentina,1969,71.56
Chile,RESTO_DEL_MUNDO,1969,895.438
Chile,Uruguay,1969,2.86
Chile,Venezuela,1969,5
Chile,Argentina,1970,75.37
Chile,RESTO_DEL_MUNDO,1970,965.224
Chile,Uruguay,1970,2.778
Chile,Venezuela,1970,7.9
Chile,Argentina,1971,69.32
Chile,RESTO_DEL_MUNDO,1971,824.441
Chile,Uruguay,1971,2.56
Chile,Venezuela,1971,3.7
Chile,Argentina,1972,55.65
Chile,RESTO_DEL_MUNDO,1972,722.83
Chile,Uruguay,1972,2.529
Chile,Venezuela,1972,4.5
Chile,Argentina,1973,81.87
Chile,RESTO_DEL_MUNDO,1973,1059.7
Chile,Uruguay,1973,1.715
Chile,Venezuela,1973,1.8
Chile,Argentina,1974,179.8
Chile,RESTO_DEL_MUNDO,1974,1977.64
Chile,Uruguay,1974,5.178
Chile,Venezuela,1974,10
Chile,Argentina,1975,162.19
Chile,RESTO_DEL_MUNDO,1975,1291.07
Chile,Uruguay,1975,7.882
Chile,Venezuela,1975,24.6
Chile,Argentina,1976,143.94
Chile,RESTO_DEL_MUNDO,1976,1729.59
Chile,Uruguay,1976,9.947
Chile,Venezuela,1976,54.4
Chile,Argentina,1977,164.18
Chile,RESTO_DEL_MUNDO,1977,1872.3
Chile,Uruguay,1977,10.857
Chile,Venezuela,1977,55.1
Chile,Argentina,1978,176.23
Chile,RESTO_DEL_MUNDO,1978,2141.92
Chile,Uruguay,1978,10.317
Chile,Venezuela,1978,73.3
Chile,Argentina,1979,265.07
Chile,RESTO_DEL_MUNDO,1979,3201.67
Chile,Uruguay,1979,15.809
Chile,Venezuela,1979,73.5
Chile,Argentina,1980,254.7
Chile,RESTO_DEL_MUNDO,1980,3999.43
Chile,Uruguay,1980,19.606
Chile,Venezuela,1980,89.2
Chile,Argentina,1981,189.5
Chile,RESTO_DEL_MUNDO,1981,3395.06
Chile,Uruguay,1981,13.617
Chile,Venezuela,1981,78.2
Chile,Argentina,1982,146.59
Chile,RESTO_DEL_MUNDO,1982,3361.43
Chile,Uruguay,1982,8.992
Chile,Venezuela,1982,56.1
Chile,Argentina,1983,116.12
Chile,RESTO_DEL_MUNDO,1983,3554.63
Chile,Uruguay,1983,5.732
Chile,Venezuela,1983,39.6
Chile,Argentina,1984,118.47
Chile,RESTO_DEL_MUNDO,1984,3497.66
Chile,Uruguay,1984,6.092
Chile,Venezuela,1984,45.1
Chile,Argentina,1985,85.41
Chile,RESTO_DEL_MUNDO,1985,3585.01
Chile,Uruguay,1985,9.061
Chile,Venezuela,1985,37.4
Chile,Argentina,1986,148.54
Chile,RESTO_DEL_MUNDO,1986,3957.87
Chile,Uruguay,1986,13.384
Chile,Venezuela,1986,44
Chile,Argentina,1987,152.42
Chile,RESTO_DEL_MUNDO,1987,4664.31
Chile,Uruguay,1987,17.015
Chile,Venezuela,1987,82.5
Chile,Argentina,1988,146.79
Chile,RESTO_DEL_MUNDO,1988,6456.63
Chile,Uruguay,1988,22.926
Chile,Venezuela,1988,103.961
Chile,Argentina,1989,111.266
Chile,RESTO_DEL_MUNDO,1989,7909.14
Chile,Uruguay,1989,19.757
Chile,Venezuela,1989,48.9841
Chile,Argentina,1990,111.874
Chile,RESTO_DEL_MUNDO,1990,9175.54
Chile,Uruguay,1990,20.147
Chile,Venezuela,1990,29.2733
Chile,Argentina,1991,235.807
Chile,RESTO_DEL_MUNDO,1991,9638.89
Chile,Uruguay,1991,25.877
Chile,Venezuela,1991,53.251
Chile,Argentina,1992,639.02
Chile,RESTO_DEL_MUNDO,1992,10092.5
Chile,Uruguay,1992,33.809
Chile,Venezuela,1992,75.8868
Chile,Argentina,1993,701.981
Chile,RESTO_DEL_MUNDO,1993,9603.51
Chile,Uruguay,1993,37.546
Chile,Venezuela,1993,81.9214
Chile,Argentina,1994,830.876
Chile,RESTO_DEL_MUNDO,1994,11640
Chile,Uruguay,1994,44.365
Chile,Venezuela,1994,64.706
Chile,Argentina,1995,501.851
Chile,RESTO_DEL_MUNDO,1995,16405.3
Chile,Uruguay,1995,49.328
Chile,Venezuela,1995,119.691
Chile,Argentina,1996,559.383
Chile,RESTO_DEL_MUNDO,1996,16133.7
Chile,Uruguay,1996,55.409
Chile,Venezuela,1996,116
Chile,Argentina,1997,681.245
Chile,RESTO_DEL_MUNDO,1997,16500.1
Chile,Uruguay,1997,62.874
Chile,Venezuela,1997,125
Chile,Argentina,1998,709.523
Chile,RESTO_DEL_MUNDO,1998,14863.7
Chile,Uruguay,1998,59.136
Chile,Venezuela,1998,174
Chile,Argentina,1999,638.697
Chile,RESTO_DEL_MUNDO,1999,15843.1
Chile,Uruguay,1999,54.8279
Chile,Venezuela,1999,198
Chile,Argentina,2000,608.115
Chile,RESTO_DEL_MUNDO,2000,19141
Chile,Uruguay,2000,59.3549
Chile,Venezuela,2000,272.834
Chile,Argentina,2001,505.724
Chile,RESTO_DEL_MUNDO,2001,18480.2
Chile,Uruguay,2001,67.1328
Chile,Venezuela,2001,318.832
Chile,Argentina,2002,176.629
Chile,RESTO_DEL_MUNDO,2002,18722.5
Chile,Uruguay,2002,45.1
Chile,Venezuela,2002,221.829
Chile,Argentina,2003,289.835
Chile,RESTO_DEL_MUNDO,2003,22468.9
Chile,Uruguay,2003,41.4563
Chile,Venezuela,2003,137.248
Chile,Argentina,2004,500.198
Chile,RESTO_DEL_MUNDO,2004,33688
Chile,Uruguay,2004,58.4254
Chile,Venezuela,2004,248.943
Chile,Argentina,2005,681.127
Chile,RESTO_DEL_MUNDO,2005,41639.4
Chile,Uruguay,2005,69.5954
Chile,Venezuela,2005,338.931
Chile,Argentina,2006,599.47
Chile,RESTO_DEL_MUNDO,2006,58546.6
Chile,Uruguay,2006,101.687
Chile,Venezuela,2006,513.838
Chile,Argentina,2007,708.485
Chile,RESTO_DEL_MUNDO,2007,67783.3
Chile,Uruguay,2007,115.882
Chile,Venezuela,2007,844.089
Chile,Argentina,2008,951.769
Chile,RESTO_DEL_MUNDO,2008,69541.5
Chile,Uruguay,2008,142.901
Chile,Venezuela,2008,1199.6
Chile,Argentina,2009,664.985
Chile,RESTO_DEL_MUNDO,2009,53213
Chile,Uruguay,2009,145.769
Chile,Venezuela,2009,859.049
Chile,Argentina,2010,917.267
Chile,RESTO_DEL_MUNDO,2010,70043.6
Chile,Uruguay,2010,166.057
Chile,Venezuela,2010,551.942
Chile,Argentina,2011,1211.69
Chile,RESTO_DEL_MUNDO,2011,83317.5
Chile,Uruguay,2011,214.388
Chile,Venezuela,2011,1237.3
Chile,Argentina,2012,1011.1
Chile,RESTO_DEL_MUNDO,2012,79173
Chile,Uruguay,2012,208.415
Chile,Venezuela,2012,757.96
Chile,Argentina,2013,971.72
Chile,RESTO_DEL_MUNDO,2013,79434.8
Chile,Uruguay,2013,246.045
Chile,Venezuela,2013,574.48
Chile,Argentina,2014,1061.62
Chile,RESTO_DEL_MUNDO,2014,77593.8
Chile,Uruguay,2014,200.963
Chile,Venezuela,2014,509.301
China,Japan,1900,14.46
China,RESTO_DEL_MUNDO,1900,40.07
China,Japan,1901,13.16
China,RESTO_DEL_MUNDO,1901,43.18
China,Japan,1902,20.04
China,RESTO_DEL_MUNDO,1902,50.11
China,Japan,1903,22.72
China,RESTO_DEL_MUNDO,1903,53.92
China,Japan,1904,27.43
China,RESTO_DEL_MUNDO,1904,52.86
China,Japan,1905,26.74
China,RESTO_DEL_MUNDO,1905,93.12
China,Japan,1906,29.26
China,RESTO_DEL_MUNDO,1906,96.6
China,Japan,1907,34.75
China,RESTO_DEL_MUNDO,1907,105.98
China,Japan,1908,34.56
China,RESTO_DEL_MUNDO,1908,85.48
China,Japan,1909,23.26
China,RESTO_DEL_MUNDO,1909,91.86
China,Japan,1910,33.96
China,RESTO_DEL_MUNDO,1910,108.52
China,Japan,1911,41.06
China,RESTO_DEL_MUNDO,1911,125.41
China,Japan,1912,27.14
China,RESTO_DEL_MUNDO,1912,186.158
China,Japan,1913,50.73
China,RESTO_DEL_MUNDO,1913,198.425
China,Japan,1914,45
China,RESTO_DEL_MUNDO,1914,24.67
China,Japan,1915,57.5
China,RESTO_DEL_MUNDO,1915,31.7
China,Japan,1916,72
China,RESTO_DEL_MUNDO,1916,31.82
China,Japan,1917,94
China,RESTO_DEL_MUNDO,1917,26.3
China,Japan,1918,191.5
China,RESTO_DEL_MUNDO,1918,0
China,Japan,1919,243
China,RESTO_DEL_MUNDO,1919,105.78
China,Japan,1920,109.86
China,RESTO_DEL_MUNDO,1920,405.007
China,Japan,1921,92.46
China,RESTO_DEL_MUNDO,1921,180.076
China,Japan,1922,89.07
China,RESTO_DEL_MUNDO,1922,251.503
China,Japan,1923,99.45
China,RESTO_DEL_MUNDO,1923,321.951
China,Japan,1924,97.83
China,RESTO_DEL_MUNDO,1924,296.182
China,Japan,1925,140.38
China,RESTO_DEL_MUNDO,1925,339.123
China,Japan,1926,112.81
China,RESTO_DEL_MUNDO,1926,194.342
China,Japan,1927,110.33
China,RESTO_DEL_MUNDO,1927,373.439
China,Japan,1928,110
China,RESTO_DEL_MUNDO,1928,379.505
China,Japan,1929,96.8
China,RESTO_DEL_MUNDO,1929,418.593
China,Japan,1930,139.44
China,RESTO_DEL_MUNDO,1930,203.938
China,Japan,1931,72.12
China,RESTO_DEL_MUNDO,1931,209.257
China,Japan,1932,36.26
China,RESTO_DEL_MUNDO,1932,124.451
China,Japan,1933,66.94
China,RESTO_DEL_MUNDO,1933,130.74
China,Japan,1934,84.39
China,RESTO_DEL_MUNDO,1934,164.777
China,Japan,1935,38.41
China,RESTO_DEL_MUNDO,1935,199.232
China,Japan,1936,44.93
China,RESTO_DEL_MUNDO,1936,202.704
China,Japan,1937,41.35
China,RESTO_DEL_MUNDO,1937,234.719
China,Japan,1938,46.83
China,RESTO_DEL_MUNDO,1938,147.765
China,Japan,1939,55.98
China,RESTO_DEL_MUNDO,1939,36.3705
China,Japan,1940,79.42
China,RESTO_DEL_MUNDO,1940,12.26
China,Japan,1941,201.34
China,RESTO_DEL_MUNDO,1941,2.19
China,Japan,1942,286.68
China,RESTO_DEL_MUNDO,1942,3.19
China,Japan,1943,310.82
China,RESTO_DEL_MUNDO,1943,0
China,Japan,1944,400.14
China,RESTO_DEL_MUNDO,1944,0.05
China,Japan,1945,200.18
China,RESTO_DEL_MUNDO,1945,0.47
China,RESTO_DEL_MUNDO,1946,9.84084
China,RESTO_DEL_MUNDO,1947,40.5047
China,RESTO_DEL_MUNDO,1948,276.64
China,RESTO_DEL_MUNDO,1949,229.13
China,South Korea,1949,3.7
China,RESTO_DEL_MUNDO,1950,287.25
China,RESTO_DEL_MUNDO,1951,239.55
China,Japan,1952,14.9
China,RESTO_DEL_MUNDO,1952,124.23
China,Japan,1953,29.7
China,RESTO_DEL_MUNDO,1953,171.51
China,Japan,1954,40.8
China,RESTO_DEL_MUNDO,1954,122.13
China,Japan,1955,80.8
China,RESTO_DEL_MUNDO,1955,1043.96
China,South Korea,1955,0
China,Japan,1956,83.7
China,RESTO_DEL_MUNDO,1956,1312.82
China,South Korea,1956,0
China,Japan,1957,80.5
China,RESTO_DEL_MUNDO,1957,1340.92
China,South Korea,1957,0
China,Japan,1958,54.4
China,RESTO_DEL_MUNDO,1958,330.4
China,South Korea,1958,0
China,Japan,1959,18.9
China,RESTO_DEL_MUNDO,1959,364.98
China,South Korea,1959,0
China,Japan,1960,20.7
China,RESTO_DEL_MUNDO,1960,347.45
China,South Korea,1960,0
China,Japan,1961,30.9
China,Mongolia,1961,0
China,RESTO_DEL_MUNDO,1961,330.44
China,South Korea,1961,0
China,Japan,1962,46
China,RESTO_DEL_MUNDO,1962,332.58
China,South Korea,1962,0
China,Japan,1963,74.6
China,RESTO_DEL_MUNDO,1963,381.03
China,South Korea,1963,0
China,Japan,1964,157.8
China,RESTO_DEL_MUNDO,1964,523.195
China,South Korea,1964,0
China,Japan,1965,224.7
China,RESTO_DEL_MUNDO,1965,658.777
China,South Korea,1965,0
China,Japan,1966,306.2
China,RESTO_DEL_MUNDO,1966,784.623
China,South Korea,1966,0
China,Japan,1967,269.5
China,RESTO_DEL_MUNDO,1967,856.881
China,South Korea,1967,0
China,Japan,1968,224.2
China,RESTO_DEL_MUNDO,1968,962.384
China,South Korea,1968,0
China,Japan,1969,234.6
China,RESTO_DEL_MUNDO,1969,1057.51
China,South Korea,1969,0
China,Japan,1970,253.8
China,RESTO_DEL_MUNDO,1970,1060.73
China,South Korea,1970,0
China,Japan,1971,322.1
China,RESTO_DEL_MUNDO,1971,1217.16
China,South Korea,1971,0
China,Japan,1972,499
China,RESTO_DEL_MUNDO,1972,1454.99
China,South Korea,1972,0
China,Japan,1973,972.5
China,RESTO_DEL_MUNDO,1973,2282.14
China,South Korea,1973,0
China,Japan,1974,1304
China,RESTO_DEL_MUNDO,1974,3150.12
China,South Korea,1974,0
China,Japan,1975,1529.4
China,RESTO_DEL_MUNDO,1975,3241.5
China,South Korea,1975,0
China,Japan,1976,1372.7
China,RESTO_DEL_MUNDO,1976,3372.12
China,South Korea,1976,0
China,Japan,1977,1560
China,RESTO_DEL_MUNDO,1977,3889.21
China,South Korea,1977,0
China,Japan,1978,2044.9
China,Mongolia,1978,0
China,RESTO_DEL_MUNDO,1978,5737.33
China,South Korea,1978,0
China,Japan,1979,2933
China,Mongolia,1979,0
China,RESTO_DEL_MUNDO,1979,7740.96
China,South Korea,1979,0
China,Japan,1980,4345.6
China,Mongolia,1980,3.5
China,RESTO_DEL_MUNDO,1980,10078.5
China,South Korea,1980,0
China,Japan,1981,5283.4
China,Mongolia,1981,2.75
China,RESTO_DEL_MUNDO,1981,11745.3
China,South Korea,1981,0
China,Japan,1982,5337.6
China,Mongolia,1982,2.42
China,RESTO_DEL_MUNDO,1982,11493.9
China,South Korea,1982,0
China,Japan,1983,5088.5
China,Mongolia,1983,2.42
China,RESTO_DEL_MUNDO,1983,10998.3
China,South Korea,1983,0
China,Japan,1984,5943.1
China,Mongolia,1984,2.2
China,RESTO_DEL_MUNDO,1984,12792.5
China,South Korea,1984,0
China,Japan,1985,6533.5
China,Mongolia,1985,4.95
China,RESTO_DEL_MUNDO,1985,15807.7
China,South Korea,1985,0
China,Japan,1986,5726.5
China,Mongolia,1986,10.34
China,RESTO_DEL_MUNDO,1986,18287.1
China,South Korea,1986,0
China,Japan,1987,7478.1
China,Mongolia,1987,22.22
China,RESTO_DEL_MUNDO,1987,23127.8
China,South Korea,1987,0
China,Japan,1988,9860.7
China,Mongolia,1988,18.48
China,RESTO_DEL_MUNDO,1988,28802.4
China,South Korea,1988,0
China,Japan,1989,11082.6
China,Mongolia,1989,21.5483
China,RESTO_DEL_MUNDO,1989,33613
China,South Korea,1989,0
China,Japan,1990,12056.6
China,Mongolia,1990,31.059
China,RESTO_DEL_MUNDO,1990,45961.7
China,South Korea,1990,432.709
China,Taiwan,1990,319.65
China,Japan,1991,14247.9
China,Mongolia,1991,28.5582
China,RESTO_DEL_MUNDO,1991,56273.1
China,South Korea,1991,3440.4
China,Taiwan,1991,594.844
China,Japan,1992,16971.9
China,Mongolia,1992,57.6
China,RESTO_DEL_MUNDO,1992,69018.8
China,South Korea,1992,3724.8
China,Taiwan,1992,697.32
China,Japan,1993,20651.5
China,Mongolia,1993,65.89
China,RESTO_DEL_MUNDO,1993,80939.5
China,South Korea,1993,3928.8
China,Taiwan,1993,1461.3
China,Japan,1994,27569.1
China,Mongolia,1994,23.9
China,RESTO_DEL_MUNDO,1994,95588.7
China,South Korea,1994,5462.4
China,Taiwan,1994,2241.98
China,Japan,1995,35922.2
China,Mongolia,1995,44.53
China,RESTO_DEL_MUNDO,1995,116015
China,South Korea,1995,7401.6
China,Taiwan,1995,3094.85
China,Japan,1996,40404.8
China,Mongolia,1996,66.04
China,RESTO_DEL_MUNDO,1996,128286
China,South Korea,1996,8538
China,Taiwan,1996,2804.04
China,Japan,1997,41827.5
China,Mongolia,1997,63.27
China,RESTO_DEL_MUNDO,1997,151587
China,South Korea,1997,9974.4
China,Taiwan,1997,3399.2
China,Japan,1998,37079
China,Mongolia,1998,58.47
China,RESTO_DEL_MUNDO,1998,166305
China,South Korea,1998,6488.4
China,Taiwan,1998,3866.4
China,Japan,1999,44877.3
China,Mongolia,1999,77.55
China,RESTO_DEL_MUNDO,1999,233462
China,South Korea,1999,9751.2
China,Taiwan,1999,8235.94
China,Japan,2000,56847.1
China,Mongolia,2000,125.76
China,RESTO_DEL_MUNDO,2000,281659
China,South Korea,2000,14060.8
China,Taiwan,2000,10173.1
China,Japan,2001,59260.3
China,Mongolia,2001,150.286
China,RESTO_DEL_MUNDO,2001,290988
China,South Korea,2001,14532.8
China,Taiwan,2001,9561.92
China,Japan,2002,63230.5
China,Mongolia,2002,183.579
China,RESTO_DEL_MUNDO,2002,347697
China,South Korea,2002,19100.3
China,Taiwan,2002,11043.9
China,Japan,2003,76933.4
China,Mongolia,2003,207.386
China,RESTO_DEL_MUNDO,2003,445400
China,South Korea,2003,24649.5
China,Taiwan,2003,14458.3
China,Japan,2004,95987
China,Mongolia,2004,282.436
China,RESTO_DEL_MUNDO,2004,598881
China,South Korea,2004,32858
China,Taiwan,2004,19880
China,Japan,2005,110040
China,Mongolia,2005,316.042
China,RESTO_DEL_MUNDO,2005,750203
China,South Korea,2005,40697.1
China,Taiwan,2005,23073.4
China,Japan,2006,120028
China,Mongolia,2006,375.33
China,RESTO_DEL_MUNDO,2006,919948
China,South Korea,2006,50664
China,Taiwan,2006,27461.3
China,Japan,2007,129244
China,Mongolia,2007,578.355
China,RESTO_DEL_MUNDO,2007,1.13801e+06
China,South Korea,2007,65179.4
China,Taiwan,2007,30305.9
China,Japan,2008,145284
China,Mongolia,2008,912.282
China,RESTO_DEL_MUNDO,2008,1.32101e+06
China,South Korea,2008,79160
China,Taiwan,2008,32978.3
China,Japan,2009,123663
China,Mongolia,2009,538.583
China,RESTO_DEL_MUNDO,2009,1.13271e+06
China,South Korea,2009,55738.3
China,Taiwan,2009,27593.1
China,Japan,2010,154920
China,Mongolia,2010,1615.13
China,RESTO_DEL_MUNDO,2010,1.43659e+06
China,South Korea,2010,73523.9
China,Taiwan,2010,38503.9
China,Japan,2011,185480
China,Mongolia,2011,3052.34
China,RESTO_DEL_MUNDO,2011,1.65891e+06
China,South Korea,2011,88746.2
China,Taiwan,2011,46174.9
China,Japan,2012,190050
China,Mongolia,2012,2958.69
China,RESTO_DEL_MUNDO,2012,1.72085e+06
China,South Korea,2012,82849.3
China,Taiwan,2012,47206.6
China,Japan,2013,182419
China,Mongolia,2013,2734.93
China,RESTO_DEL_MUNDO,2013,1.80665e+06
China,South Korea,2013,84987.1
China,Taiwan,2013,50639.7
China,Japan,2014,182579
China,Mongolia,2014,2468.25
China,RESTO_DEL_MUNDO,2014,1.91813e+06
China,South Korea,2014,91836.1
China,Taiwan,2014,56525.8
Colombia,RESTO_DEL_MUNDO,1900,4.59
Colombia,RESTO_DEL_MUNDO,1901,5.7
Colombia,RESTO_DEL_MUNDO,1902,5.95
Colombia,RESTO_DEL_MUNDO,1903,10.65
Colombia,RESTO_DEL_MUNDO,1904,9.67
Colombia,RESTO_DEL_MUNDO,1905,8.52
Colombia,RESTO_DEL_MUNDO,1906,7.66
Colombia,RESTO_DEL_MUNDO,1907,7.89
Colombia,RESTO_DEL_MUNDO,1908,8.48
Colombia,RESTO_DEL_MUNDO,1909,11.23
Colombia,RESTO_DEL_MUNDO,1910,9.11
Colombia,RESTO_DEL_MUNDO,1911,19.01
Colombia,Ecuador,1912,0.05
Colombia,RESTO_DEL_MUNDO,1912,22.85
Colombia,Ecuador,1913,0.08
Colombia,RESTO_DEL_MUNDO,1913,28.78
Colombia,Venezuela,1913,0.01
Colombia,RESTO_DEL_MUNDO,1919,5.24
Colombia,Ecuador,1920,0.02
Colombia,RESTO_DEL_MUNDO,1920,2.78053
Colombia,Venezuela,1920,0.03
Colombia,Ecuador,1921,0.02
Colombia,RESTO_DEL_MUNDO,1921,2.56068
Colombia,Venezuela,1921,0.01
Colombia,Ecuador,1922,0.02
Colombia,RESTO_DEL_MUNDO,1922,39.3155
Colombia,Venezuela,1922,0.01
Colombia,Ecuador,1923,0.0044
Colombia,RESTO_DEL_MUNDO,1923,56.6418
Colombia,Venezuela,1923,0.01
Colombia,Ecuador,1924,0.0014423
Colombia,RESTO_DEL_MUNDO,1924,65.1858
Colombia,Venezuela,1924,0.2
Colombia,RESTO_DEL_MUNDO,1925,77.7906
Colombia,Venezuela,1925,28.13
Colombia,Ecuador,1926,0.0083251
Colombia,RESTO_DEL_MUNDO,1926,110.771
Colombia,Venezuela,1926,4.79
Colombia,Ecuador,1927,0.0045782
Colombia,RESTO_DEL_MUNDO,1927,108.34
Colombia,Venezuela,1927,0.05
Colombia,Ecuador,1928,0.03
Colombia,RESTO_DEL_MUNDO,1928,123.88
Colombia,Venezuela,1928,0.0084655
Colombia,Ecuador,1929,0.06
Colombia,RESTO_DEL_MUNDO,1929,108.71
Colombia,Venezuela,1929,0.04
Colombia,RESTO_DEL_MUNDO,1930,105.819
Colombia,Venezuela,1930,0.05
Colombia,Ecuador,1931,0.01
Colombia,RESTO_DEL_MUNDO,1931,94.26
Colombia,Venezuela,1931,0.05
Colombia,Ecuador,1932,0.01
Colombia,RESTO_DEL_MUNDO,1932,65.6034
Colombia,Venezuela,1932,0.02
Colombia,Ecuador,1933,0.01
Colombia,RESTO_DEL_MUNDO,1933,54.5923
Colombia,Venezuela,1933,0.03
Colombia,Ecuador,1934,0.01
Colombia,RESTO_DEL_MUNDO,1934,74.5674
Colombia,Venezuela,1934,0.07
Colombia,RESTO_DEL_MUNDO,1935,79.1353
Colombia,Ecuador,1936,0.01
Colombia,RESTO_DEL_MUNDO,1936,61.6394
Colombia,Venezuela,1936,0.07
Colombia,Argentina,1937,0.33
Colombia,RESTO_DEL_MUNDO,1937,76.314
Colombia,Venezuela,1937,0.32
Colombia,Argentina,1938,1
Colombia,Ecuador,1938,0.01
Colombia,RESTO_DEL_MUNDO,1938,81.3977
Colombia,Venezuela,1938,0.28
Colombia,Paraguay,1939,0
Colombia,RESTO_DEL_MUNDO,1939,20.3663
Colombia,Paraguay,1940,0
Colombia,RESTO_DEL_MUNDO,1940,9.99
Colombia,Paraguay,1941,0
Colombia,RESTO_DEL_MUNDO,1941,0.11
Colombia,Paraguay,1942,0
Colombia,RESTO_DEL_MUNDO,1942,0.003537
Colombia,Paraguay,1943,0
Colombia,RESTO_DEL_MUNDO,1943,0
Colombia,Paraguay,1944,0
Colombia,RESTO_DEL_MUNDO,1944,7.67
Colombia,Paraguay,1945,0
Colombia,RESTO_DEL_MUNDO,1945,0.000867
Colombia,Paraguay,1946,0
Colombia,RESTO_DEL_MUNDO,1946,3.43815
Colombia,Paraguay,1947,0
Colombia,RESTO_DEL_MUNDO,1947,5.15848
Colombia,Argentina,1948,2.7
Colombia,Chile,1948,0.2
Colombia,Ecuador,1948,0.33
Colombia,Paraguay,1948,0
Colombia,RESTO_DEL_MUNDO,1948,287.36
Colombia,Uruguay,1948,0
Colombia,Venezuela,1948,2.9
Colombia,Argentina,1949,0.7
Colombia,Chile,1949,0.1
Colombia,Ecuador,1949,0.11
Colombia,Paraguay,1949,0
Colombia,RESTO_DEL_MUNDO,1949,303.231
Colombia,Uruguay,1949,0
Colombia,Venezuela,1949,1.4
Colombia,Argentina,1950,0
Colombia,Chile,1950,0
Colombia,Ecuador,1950,0.11
Colombia,Paraguay,1950,0
Colombia,RESTO_DEL_MUNDO,1950,369.19
Colombia,Uruguay,1950,0.6
Colombia,Venezuela,1950,1.7
Colombia,Argentina,1951,0.7
Colombia,Chile,1951,0.1
Colombia,Ecuador,1951,0.1
Colombia,Paraguay,1951,0
Colombia,RESTO_DEL_MUNDO,1951,428.8
Colombia,Uruguay,1951,0
Colombia,Venezuela,1951,1.2
Colombia,Argentina,1952,3.4
Colombia,Chile,1952,0
Colombia,Ecuador,1952,0.11
Colombia,Paraguay,1952,0
Colombia,RESTO_DEL_MUNDO,1952,463.9
Colombia,Uruguay,1952,0
Colombia,Venezuela,1952,0.6
Colombia,Argentina,1953,3.3
Colombia,Chile,1953,0
Colombia,Ecuador,1953,0.22
Colombia,Paraguay,1953,0
Colombia,RESTO_DEL_MUNDO,1953,566.61
Colombia,Uruguay,1953,0
Colombia,Venezuela,1953,0.6
Colombia,Argentina,1954,2
Colombia,Chile,1954,0.1
Colombia,Ecuador,1954,0.22
Colombia,Paraguay,1954,0
Colombia,RESTO_DEL_MUNDO,1954,622.48
Colombia,Uruguay,1954,0.4
Colombia,Venezuela,1954,3.8
Colombia,Argentina,1955,0
Colombia,Chile,1955,0.1
Colombia,Ecuador,1955,1.21
Colombia,Paraguay,1955,0
Colombia,RESTO_DEL_MUNDO,1955,619.01
Colombia,Uruguay,1955,0.9
Colombia,Venezuela,1955,1.9
Colombia,Argentina,1956,1.1
Colombia,Chile,1956,0.4
Colombia,Ecuador,1956,0.22
Colombia,Paraguay,1956,0
Colombia,RESTO_DEL_MUNDO,1956,586.28
Colombia,Uruguay,1956,1.7
Colombia,Venezuela,1956,0.6
Colombia,Argentina,1957,2.9
Colombia,Chile,1957,0.4
Colombia,Ecuador,1957,0.44
Colombia,Paraguay,1957,0
Colombia,RESTO_DEL_MUNDO,1957,556.07
Colombia,Uruguay,1957,0
Colombia,Venezuela,1957,0.4
Colombia,Argentina,1958,0
Colombia,Chile,1958,0.1
Colombia,Ecuador,1958,0.44
Colombia,Paraguay,1958,0
Colombia,RESTO_DEL_MUNDO,1958,496.21
Colombia,Uruguay,1958,0.6
Colombia,Venezuela,1958,1.2
Colombia,Argentina,1959,0.1
Colombia,Chile,1959,0.1
Colombia,Ecuador,1959,0.33
Colombia,Paraguay,1959,0
Colombia,RESTO_DEL_MUNDO,1959,546.33
Colombia,Uruguay,1959,0
Colombia,Venezuela,1959,2.1
Colombia,Argentina,1960,0.1
Colombia,Chile,1960,0.3
Colombia,Ecuador,1960,0.44
Colombia,Paraguay,1960,0
Colombia,RESTO_DEL_MUNDO,1960,441.47
Colombia,Uruguay,1960,0.1
Colombia,Venezuela,1960,1.7
Colombia,Argentina,1961,0.1
Colombia,Chile,1961,0.4
Colombia,Ecuador,1961,0.33
Colombia,Paraguay,1961,0
Colombia,RESTO_DEL_MUNDO,1961,416.08
Colombia,Uruguay,1961,0.1
Colombia,Venezuela,1961,1.7
Colombia,Argentina,1962,0.8
Colombia,Chile,1962,0.3
Colombia,Ecuador,1962,0.66
Colombia,Paraguay,1962,0
Colombia,RESTO_DEL_MUNDO,1962,437.85
Colombia,Uruguay,1962,0.1
Colombia,Venezuela,1962,1
Colombia,Argentina,1963,0.6
Colombia,Chile,1963,1.4
Colombia,Ecuador,1963,2.53
Colombia,Paraguay,1963,0
Colombia,RESTO_DEL_MUNDO,1963,426.73
Colombia,Uruguay,1963,0.2
Colombia,Venezuela,1963,0.9
Colombia,Argentina,1964,3.2
Colombia,Chile,1964,0.4
Colombia,Ecuador,1964,2.09
Colombia,Paraguay,1964,0
Colombia,RESTO_DEL_MUNDO,1964,499.59
Colombia,Uruguay,1964,0.4
Colombia,Venezuela,1964,2.2
Colombia,Argentina,1965,6.4
Colombia,Chile,1965,0.7
Colombia,Ecuador,1965,4.49
Colombia,Paraguay,1965,0.2
Colombia,RESTO_DEL_MUNDO,1965,544.976
Colombia,Uruguay,1965,0.3
Colombia,Venezuela,1965,3.3
Colombia,Argentina,1966,10.2
Colombia,Chile,1966,0.9
Colombia,Ecuador,1966,4.97
Colombia,Paraguay,1966,0.122
Colombia,RESTO_DEL_MUNDO,1966,502.713
Colombia,Uruguay,1966,0.4
Colombia,Venezuela,1966,3.4
Colombia,Argentina,1967,8.2
Colombia,Chile,1967,2.39
Colombia,Ecuador,1967,5.31
Colombia,Paraguay,1967,0.079
Colombia,RESTO_DEL_MUNDO,1967,506.422
Colombia,Uruguay,1967,0.1
Colombia,Venezuela,1967,5.1
Colombia,Argentina,1968,5.5
Colombia,Chile,1968,3.01
Colombia,Ecuador,1968,6.59
Colombia,Paraguay,1968,0.089
Colombia,RESTO_DEL_MUNDO,1968,516.82
Colombia,Uruguay,1968,0.2
Colombia,Venezuela,1968,6.8
Colombia,Argentina,1969,9.39
Colombia,Chile,1969,6.99
Colombia,Ecuador,1969,8.27
Colombia,Paraguay,1969,0.057
Colombia,RESTO_DEL_MUNDO,1969,546.51
Colombia,Uruguay,1969,0.185
Colombia,Venezuela,1969,7
Colombia,Argentina,1970,12.23
Colombia,Chile,1970,16.31
Colombia,Ecuador,1970,13.26
Colombia,Paraguay,1970,0.041
Colombia,RESTO_DEL_MUNDO,1970,654.684
Colombia,Uruguay,1970,0.123
Colombia,Venezuela,1970,6.7
Colombia,Argentina,1971,7.99
Colombia,Chile,1971,17.77
Colombia,Ecuador,1971,28.24
Colombia,Paraguay,1971,0.043
Colombia,RESTO_DEL_MUNDO,1971,586.166
Colombia,Uruguay,1971,0.201
Colombia,Venezuela,1971,6.4
Colombia,Argentina,1972,13.85
Colombia,Chile,1972,9.51
Colombia,Ecuador,1972,19
Colombia,Paraguay,1972,0.046
Colombia,RESTO_DEL_MUNDO,1972,726.248
Colombia,Uruguay,1972,0.196
Colombia,Venezuela,1972,14
Colombia,Argentina,1973,12.35
Colombia,Chile,1973,8.37
Colombia,Ecuador,1973,24.64
Colombia,Paraguay,1973,0.175
Colombia,RESTO_DEL_MUNDO,1973,949.277
Colombia,Uruguay,1973,0.306
Colombia,Venezuela,1973,14.8
Colombia,Argentina,1974,19.72
Colombia,Chile,1974,19.92
Colombia,Ecuador,1974,28.54
Colombia,Paraguay,1974,0.263
Colombia,RESTO_DEL_MUNDO,1974,1250.88
Colombia,Uruguay,1974,0.242
Colombia,Venezuela,1974,36.3
Colombia,Argentina,1975,27.16
Colombia,Chile,1975,9.9
Colombia,Ecuador,1975,37.18
Colombia,Paraguay,1975,0.342
Colombia,RESTO_DEL_MUNDO,1975,1332.88
Colombia,Uruguay,1975,0.496
Colombia,Venezuela,1975,90.9
Colombia,Argentina,1976,21.15
Colombia,Chile,1976,12.5
Colombia,Ecuador,1976,39.86
Colombia,Paraguay,1976,0.211
Colombia,RESTO_DEL_MUNDO,1976,1562.27
Colombia,Uruguay,1976,0.798
Colombia,Venezuela,1976,111.8
Colombia,Argentina,1977,43.22
Colombia,Chile,1977,14.6
Colombia,Ecuador,1977,41.75
Colombia,Paraguay,1977,0.234
Colombia,RESTO_DEL_MUNDO,1977,1888.17
Colombia,Uruguay,1977,0.376
Colombia,Venezuela,1977,152
Colombia,Argentina,1978,24.02
Colombia,Chile,1978,21.4
Colombia,Ecuador,1978,48.34
Colombia,Paraguay,1978,0.175
Colombia,RESTO_DEL_MUNDO,1978,2344.78
Colombia,Uruguay,1978,0.23
Colombia,Venezuela,1978,170.7
Colombia,Argentina,1979,41.83
Colombia,Chile,1979,36.8
Colombia,Ecuador,1979,47.02
Colombia,Paraguay,1979,0.207
Colombia,RESTO_DEL_MUNDO,1979,2858.64
Colombia,Uruguay,1979,0.575
Colombia,Venezuela,1979,187.8
Colombia,Argentina,1980,52.13
Colombia,Chile,1980,17.8
Colombia,Ecuador,1980,52.43
Colombia,Paraguay,1980,0.223
Colombia,RESTO_DEL_MUNDO,1980,3400.44
Colombia,Uruguay,1980,1.45
Colombia,Venezuela,1980,201.4
Colombia,Argentina,1981,41
Colombia,Chile,1981,25.6
Colombia,Ecuador,1981,47.85
Colombia,Paraguay,1981,0.375
Colombia,RESTO_DEL_MUNDO,1981,2499.67
Colombia,Uruguay,1981,3.02
Colombia,Venezuela,1981,214.5
Colombia,Argentina,1982,25.86
Colombia,Chile,1982,11.2
Colombia,Ecuador,1982,47.44
Colombia,Paraguay,1982,0.4367
Colombia,RESTO_DEL_MUNDO,1982,2327.87
Colombia,Uruguay,1982,0.539
Colombia,Venezuela,1982,262.9
Colombia,Argentina,1983,24.32
Colombia,Chile,1983,12.8
Colombia,Ecuador,1983,49.61
Colombia,Paraguay,1983,0.0627
Colombia,RESTO_DEL_MUNDO,1983,2485.92
Colombia,Uruguay,1983,0.313
Colombia,Venezuela,1983,100.1
Colombia,Argentina,1984,24.48
Colombia,Chile,1984,21.5
Colombia,Ecuador,1984,41.99
Colombia,Paraguay,1984,0.0407
Colombia,RESTO_DEL_MUNDO,1984,2813.73
Colombia,Uruguay,1984,0.056
Colombia,Venezuela,1984,124.3
Colombia,Argentina,1985,23.21
Colombia,Chile,1985,21.9
Colombia,Ecuador,1985,51.63
Colombia,Paraguay,1985,0.0176
Colombia,RESTO_DEL_MUNDO,1985,3043.85
Colombia,Uruguay,1985,0.35
Colombia,Venezuela,1985,122.1
Colombia,Argentina,1986,69.38
Colombia,Chile,1986,38.3
Colombia,Ecuador,1986,45.77
Colombia,Paraguay,1986,0.055
Colombia,RESTO_DEL_MUNDO,1986,4333.32
Colombia,Uruguay,1986,0.444
Colombia,Venezuela,1986,88
Colombia,Argentina,1987,30.07
Colombia,Chile,1987,99.6
Colombia,Ecuador,1987,43.28
Colombia,Paraguay,1987,0.3575
Colombia,RESTO_DEL_MUNDO,1987,4384.69
Colombia,Uruguay,1987,0.612
Colombia,Venezuela,1987,116.6
Colombia,Argentina,1988,45.74
Colombia,Chile,1988,126.5
Colombia,Ecuador,1988,34.7703
Colombia,Paraguay,1988,0.1485
Colombia,RESTO_DEL_MUNDO,1988,4426.59
Colombia,Uruguay,1988,0.646
Colombia,Venezuela,1988,172.875
Colombia,Argentina,1989,17.9184
Colombia,Chile,1989,145.1
Colombia,Ecuador,1989,45.0251
Colombia,Paraguay,1989,0.0979
Colombia,RESTO_DEL_MUNDO,1989,5017.12
Colombia,Uruguay,1989,0.667
Colombia,Venezuela,1989,101.248
Colombia,Argentina,1990,27.306
Colombia,Chile,1990,163.5
Colombia,Ecuador,1990,57.6463
Colombia,Paraguay,1990,0.6369
Colombia,RESTO_DEL_MUNDO,1990,6535.43
Colombia,Uruguay,1990,46.993
Colombia,Venezuela,1990,147.397
Colombia,Argentina,1991,34.488
Colombia,Chile,1991,159.5
Colombia,Ecuador,1991,94.4796
Colombia,Paraguay,1991,1.0219
Colombia,RESTO_DEL_MUNDO,1991,6554.31
Colombia,Uruguay,1991,1.183
Colombia,Venezuela,1991,318.486
Colombia,Argentina,1992,80.443
Colombia,Chile,1992,106.29
Colombia,Ecuador,1992,96.3277
Colombia,Paraguay,1992,1.199
Colombia,RESTO_DEL_MUNDO,1992,6762.62
Colombia,Uruguay,1992,1.276
Colombia,Venezuela,1992,535.835
Colombia,Argentina,1993,41.922
Colombia,Chile,1993,98.185
Colombia,Ecuador,1993,99.615
Colombia,Paraguay,1993,0.9119
Colombia,RESTO_DEL_MUNDO,1993,6691.75
Colombia,Uruguay,1993,1.886
Colombia,Venezuela,1993,516.492
Colombia,Argentina,1994,60.415
Colombia,Chile,1994,118.9
Colombia,Ecuador,1994,297.903
Colombia,Paraguay,1994,2.0955
Colombia,RESTO_DEL_MUNDO,1994,7723.65
Colombia,Uruguay,1994,2.944
Colombia,Venezuela,1994,401.199
Colombia,Argentina,1995,49.067
Colombia,Chile,1995,138.2
Colombia,Ecuador,1995,400.867
Colombia,Paraguay,1995,4.3736
Colombia,RESTO_DEL_MUNDO,1995,9475.63
Colombia,Uruguay,1995,6.037
Colombia,Venezuela,1995,818.801
Colombia,Argentina,1996,48.9675
Colombia,Chile,1996,222.36
Colombia,Ecuador,1996,378.469
Colombia,Paraguay,1996,3.6256
Colombia,RESTO_DEL_MUNDO,1996,9856.93
Colombia,Uruguay,1996,5.36
Colombia,Venezuela,1996,683
Colombia,Argentina,1997,89.233
Colombia,Chile,1997,201.23
Colombia,Ecuador,1997,478.853
Colombia,Paraguay,1997,3.81857
Colombia,RESTO_DEL_MUNDO,1997,10690.6
Colombia,Uruguay,1997,5.93
Colombia,Venezuela,1997,866
Colombia,Argentina,1998,111.671
Colombia,Chile,1998,176.01
Colombia,Ecuador,1998,592.167
Colombia,Paraguay,1998,5.93131
Colombia,RESTO_DEL_MUNDO,1998,10383
Colombia,Uruguay,1998,11.748
Colombia,Venezuela,1998,797
Colombia,Argentina,1999,55.3669
Colombia,Chile,1999,166
Colombia,Ecuador,1999,363.238
Colombia,Paraguay,1999,3.26619
Colombia,RESTO_DEL_MUNDO,1999,11279.1
Colombia,Uruguay,1999,5.87723
Colombia,Venezuela,1999,739
Colombia,Argentina,2000,54.814
Colombia,Chile,2000,205.34
Colombia,Ecuador,2000,477.455
Colombia,Paraguay,2000,2.93853
Colombia,RESTO_DEL_MUNDO,2000,12437.1
Colombia,Uruguay,2000,5.45428
Colombia,Venezuela,2000,1196.27
Colombia,Argentina,2001,49.8838
Colombia,Chile,2001,189.2
Colombia,Ecuador,2001,738.777
Colombia,Paraguay,2001,2.71926
Colombia,RESTO_DEL_MUNDO,2001,11200.9
Colombia,Uruguay,2001,4.72602
Colombia,Venezuela,2001,1592.82
Colombia,Argentina,2002,16.3809
Colombia,Chile,2002,206.9
Colombia,Ecuador,2002,865.78
Colombia,Paraguay,2002,1.49314
Colombia,RESTO_DEL_MUNDO,2002,11244.8
Colombia,Uruguay,2002,5.75891
Colombia,Venezuela,2002,1068.25
Colombia,Argentina,2003,19.7754
Colombia,Chile,2003,236.87
Colombia,Ecuador,2003,900.013
Colombia,Paraguay,2003,1.85177
Colombia,RESTO_DEL_MUNDO,2003,12972.4
Colombia,Uruguay,2003,2.21973
Colombia,Venezuela,2003,726.485
Colombia,Argentina,2004,45.6892
Colombia,Chile,2004,304.659
Colombia,Ecuador,2004,1107.2
Colombia,Paraguay,2004,2.846
Colombia,RESTO_DEL_MUNDO,2004,16280.3
Colombia,Uruguay,2004,2.67359
Colombia,Venezuela,2004,1707.13
Colombia,Argentina,2005,56.6384
Colombia,Chile,2005,352.268
Colombia,Ecuador,2005,1397.02
Colombia,Paraguay,2005,1.83666
Colombia,RESTO_DEL_MUNDO,2005,19903.7
Colombia,Uruguay,2005,1.95054
Colombia,Venezuela,2005,2409.2
Colombia,Argentina,2006,55.9541
Colombia,Chile,2006,380.239
Colombia,Ecuador,2006,1546.54
Colombia,Paraguay,2006,3.20448
Colombia,RESTO_DEL_MUNDO,2006,21578.8
Colombia,Uruguay,2006,5.96133
Colombia,Venezuela,2006,3125.29
Colombia,Argentina,2007,91.0183
Colombia,Chile,2007,890.477
Colombia,Ecuador,2007,1487.23
Colombia,Paraguay,2007,4.08788
Colombia,RESTO_DEL_MUNDO,2007,24438.3
Colombia,Uruguay,2007,9.78849
Colombia,Venezuela,2007,5673.3
Colombia,Argentina,2008,154.046
Colombia,Chile,2008,2174.75
Colombia,Ecuador,2008,1782.42
Colombia,Paraguay,2008,8.15393
Colombia,RESTO_DEL_MUNDO,2008,32478.8
Colombia,Uruguay,2008,20.7769
Colombia,Venezuela,2008,6812.91
Colombia,Argentina,2009,108.786
Colombia,Chile,2009,1391.2
Colombia,Ecuador,2009,1537.89
Colombia,Paraguay,2009,8.63287
Colombia,RESTO_DEL_MUNDO,2009,26286.9
Colombia,Uruguay,2009,13.1892
Colombia,Venezuela,2009,4373.34
Colombia,Argentina,2010,148.411
Colombia,Chile,2010,1557.52
Colombia,Ecuador,2010,2022.32
Colombia,Paraguay,2010,10.4161
Colombia,RESTO_DEL_MUNDO,2010,35374.8
Colombia,Uruguay,2010,15.7296
Colombia,Venezuela,2010,1452.68
Colombia,Argentina,2011,240.023
Colombia,Chile,2011,2218.71
Colombia,Ecuador,2011,2220.92
Colombia,Paraguay,2011,22.9009
Colombia,RESTO_DEL_MUNDO,2011,50237.8
Colombia,Uruguay,2011,24.1243
Colombia,Venezuela,2011,1521.87
Colombia,Argentina,2012,355.592
Colombia,Chile,2012,2184.75
Colombia,Ecuador,2012,2190.19
Colombia,Paraguay,2012,21.503
Colombia,RESTO_DEL_MUNDO,2012,54299.1
Colombia,Uruguay,2012,22.1345
Colombia,Venezuela,2012,2960.4
Colombia,Argentina,2013,435.807
Colombia,Chile,2013,1721.1
Colombia,Ecuador,2013,2296.23
Colombia,Paraguay,2013,19.4389
Colombia,RESTO_DEL_MUNDO,2013,53177
Colombia,Uruguay,2013,25.549
Colombia,Venezuela,2013,2481.41
Colombia,Argentina,2014,221.234
Colombia,Chile,2014,1130.98
Colombia,Ecuador,2014,2201.9
Colombia,Paraguay,2014,21.2555
Colombia,RESTO_DEL_MUNDO,2014,53009.8
Colombia,Uruguay,2014,23.2222
Colombia,Venezuela,2014,2185.63
Croatia,Czechia,1993,0
Croatia,RESTO_DEL_MUNDO,1993,2646.23
Croatia,Russia,1993,104.7
Croatia,Slovakia,1993,15.052
Croatia,Slovenia,1993,595.41
Croatia,Czechia,1994,13.0716
Croatia,RESTO_DEL_MUNDO,1994,3474.37
Croatia,Russia,1994,123.5
Croatia,Slovakia,1994,19.0779
Croatia,Slovenia,1994,498.218
Croatia,Czechia,1995,25.8086
Croatia,RESTO_DEL_MUNDO,1995,3559.09
Croatia,Russia,1995,140.9
Croatia,Slovakia,1995,22.2812
Croatia,Slovenia,1995,575.644
Croatia,Czechia,1996,40.5123
Croatia,RESTO_DEL_MUNDO,1996,3633.09
Croatia,Russia,1996,118.213
Croatia,Slovakia,1996,23.3839
Croatia,Slovenia,1996,590.439
Croatia,Czechia,1997,47.2132
Croatia,RESTO_DEL_MUNDO,1997,3352.74
Croatia,Russia,1997,151.879
Croatia,Slovakia,1997,22.5284
Croatia,Slovenia,1997,465.492
Croatia,Czechia,1998,45.2272
Croatia,RESTO_DEL_MUNDO,1998,3710.3
Croatia,Russia,1998,152.006
Croatia,Slovakia,1998,26.4068
Croatia,Slovenia,1998,429.36
Croatia,Czechia,1999,38.0012
Croatia,RESTO_DEL_MUNDO,1999,3348.25
Croatia,Russia,1999,91.245
Croatia,Slovakia,1999,19.9675
Croatia,Slovenia,1999,442.678
Croatia,Czechia,2000,35.5092
Croatia,RESTO_DEL_MUNDO,2000,3452.48
Croatia,Russia,2000,51.1803
Croatia,Slovakia,2000,18.7105
Croatia,Slovenia,2000,446.917
Croatia,Czechia,2001,42.3396
Croatia,RESTO_DEL_MUNDO,2001,3658.37
Croatia,Russia,2001,77.1131
Croatia,Slovakia,2001,19.7358
Croatia,Slovenia,2001,402.018
Croatia,Czechia,2002,49.8954
Croatia,RESTO_DEL_MUNDO,2002,4082.45
Croatia,Russia,2002,42.0221
Croatia,Slovakia,2002,22.1626
Croatia,Slovenia,2002,396.949
Croatia,Czechia,2003,53.5397
Croatia,RESTO_DEL_MUNDO,2003,4942.43
Croatia,Russia,2003,63.3099
Croatia,Slovakia,2003,25.0775
Croatia,Slovenia,2003,504.049
Croatia,Czechia,2004,61.5706
Croatia,RESTO_DEL_MUNDO,2004,6752.81
Croatia,Russia,2004,78.9718
Croatia,Slovakia,2004,29.1699
Croatia,Slovenia,2004,660.844
Croatia,Czechia,2005,73.025
Croatia,RESTO_DEL_MUNDO,2005,7104.38
Croatia,Russia,2005,79.5098
Croatia,Slovakia,2005,61.43
Croatia,Slovenia,2005,849.459
Croatia,Czechia,2006,93.3217
Croatia,RESTO_DEL_MUNDO,2006,8139.1
Croatia,Russia,2006,178.727
Croatia,Slovakia,2006,98.3972
Croatia,Slovenia,2006,1111.24
Croatia,Czechia,2007,104.456
Croatia,RESTO_DEL_MUNDO,2007,9027.18
Croatia,Russia,2007,156.172
Croatia,Slovakia,2007,66.2213
Croatia,Slovenia,2007,1466.43
Croatia,Czechia,2008,114.114
Croatia,RESTO_DEL_MUNDO,2008,10321.8
Croatia,Russia,2008,214.454
Croatia,Slovakia,2008,67.1877
Croatia,Slovenia,2008,1539.88
Croatia,Czechia,2009,94.089
Croatia,RESTO_DEL_MUNDO,2009,8189.6
Croatia,Russia,2009,154.326
Croatia,Slovakia,2009,68.7267
Croatia,Slovenia,2009,1143.65
Croatia,Czechia,2010,97.3684
Croatia,RESTO_DEL_MUNDO,2010,8443.8
Croatia,Russia,2010,316.313
Croatia,Slovakia,2010,76.3099
Croatia,Slovenia,2010,1394.05
Croatia,Czechia,2011,178.48
Croatia,RESTO_DEL_MUNDO,2011,10218.7
Croatia,Russia,2011,336.65
Croatia,Slovakia,2011,105.787
Croatia,Slovenia,2011,1598.46
Croatia,Czechia,2012,144.982
Croatia,RESTO_DEL_MUNDO,2012,9104.87
Croatia,Russia,2012,351.756
Croatia,Slovakia,2012,100.048
Croatia,Slovenia,2012,1527.92
Croatia,Czechia,2013,137.252
Croatia,RESTO_DEL_MUNDO,2013,9440.75
Croatia,Russia,2013,392.522
Croatia,Slovakia,2013,123.051
Croatia,Slovenia,2013,1587.73
Croatia,Czechia,2014,136.945
Croatia,RESTO_DEL_MUNDO,2014,10064.9
Croatia,Russia,2014,422.095
Croatia,Slovakia,2014,201.792
Croatia,Slovenia,2014,1458.67
Cuba,RESTO_DEL_MUNDO,1902,61.75
Cuba,RESTO_DEL_MUNDO,1903,74.54
Cuba,RESTO_DEL_MUNDO,1904,86.25
Cuba,RESTO_DEL_MUNDO,1905,107.254
Cuba,RESTO_DEL_MUNDO,1906,99.61
Cuba,RESTO_DEL_MUNDO,1909,132.902
Cuba,RESTO_DEL_MUNDO,1910,148.922
Cuba,RESTO_DEL_MUNDO,1911,71.6226
Cuba,RESTO_DEL_MUNDO,1912,156.929
Cuba,RESTO_DEL_MUNDO,1913,152.155
Cuba,RESTO_DEL_MUNDO,1919,557.72
Cuba,Costa Rica,1920,0.01
Cuba,El Salvador,1920,0.0005
Cuba,Guatemala,1920,0.01
Cuba,RESTO_DEL_MUNDO,1920,898.691
Cuba,Costa Rica,1921,0.009404
Cuba,El Salvador,1921,0.001
Cuba,Guatemala,1921,0.00968
Cuba,RESTO_DEL_MUNDO,1921,281.818
Cuba,Costa Rica,1922,0.008367
Cuba,El Salvador,1922,0.002
Cuba,Guatemala,1922,0.007147
Cuba,Panama,1922,0.05
Cuba,RESTO_DEL_MUNDO,1922,343.956
Cuba,Costa Rica,1923,0.00336
Cuba,El Salvador,1923,0.01
Cuba,Guatemala,1923,0.01
Cuba,Panama,1923,0.05
Cuba,RESTO_DEL_MUNDO,1923,444.355
Cuba,Costa Rica,1924,0.03
Cuba,El Salvador,1924,0.001603
Cuba,Guatemala,1924,0.005516
Cuba,Panama,1924,0.07
Cuba,RESTO_DEL_MUNDO,1924,440.903
Cuba,Costa Rica,1925,0.03
Cuba,El Salvador,1925,0.003219
Cuba,Guatemala,1925,0.008374
Cuba,Panama,1925,0.04
Cuba,RESTO_DEL_MUNDO,1925,351.641
Cuba,Costa Rica,1926,0.01
Cuba,El Salvador,1926,0.01
Cuba,Guatemala,1926,0.002481
Cuba,Panama,1926,0.12
Cuba,RESTO_DEL_MUNDO,1926,304.641
Cuba,Costa Rica,1927,0.01
Cuba,El Salvador,1927,0.004017
Cuba,Guatemala,1927,0.005902
Cuba,Panama,1927,0.08
Cuba,RESTO_DEL_MUNDO,1927,322.216
Cuba,Costa Rica,1928,0.15
Cuba,El Salvador,1928,0.004452
Cuba,Guatemala,1928,0.01
Cuba,Panama,1928,0.15
Cuba,RESTO_DEL_MUNDO,1928,280.96
Cuba,Costa Rica,1929,0.15
Cuba,El Salvador,1929,0.0059761
Cuba,Guatemala,1929,0.01
Cuba,Panama,1929,0.28
Cuba,RESTO_DEL_MUNDO,1929,272.54
Cuba,Costa Rica,1930,0.02
Cuba,El Salvador,1930,0.007564
Cuba,Guatemala,1930,0.009993
Cuba,Panama,1930,0.34
Cuba,RESTO_DEL_MUNDO,1930,177.399
Cuba,Costa Rica,1931,0.01
Cuba,El Salvador,1931,0.006195
Cuba,Guatemala,1931,0.01
Cuba,Panama,1931,0.3
Cuba,RESTO_DEL_MUNDO,1931,121.479
Cuba,Costa Rica,1932,0.01
Cuba,El Salvador,1932,0.007283
Cuba,Guatemala,1932,0.01
Cuba,Panama,1932,0.19
Cuba,RESTO_DEL_MUNDO,1932,84.4292
Cuba,Costa Rica,1933,0.01
Cuba,El Salvador,1933,0.002755
Cuba,Guatemala,1933,0.009288
Cuba,Panama,1933,0.09
Cuba,RESTO_DEL_MUNDO,1933,81.384
Cuba,Costa Rica,1934,0.01
Cuba,El Salvador,1934,0.002647
Cuba,Guatemala,1934,0.009161
Cuba,Panama,1934,0.05
Cuba,RESTO_DEL_MUNDO,1934,108.545
Cuba,Costa Rica,1935,0.01
Cuba,El Salvador,1935,0.00234
Cuba,Guatemala,1935,0.01
Cuba,Panama,1935,0.11
Cuba,RESTO_DEL_MUNDO,1935,135.151
Cuba,Costa Rica,1936,0.01
Cuba,El Salvador,1936,0.002165
Cuba,Guatemala,1936,0.004076
Cuba,Panama,1936,0.11
Cuba,RESTO_DEL_MUNDO,1936,165.203
Cuba,Costa Rica,1937,0.01
Cuba,El Salvador,1937,0.003201
Cuba,Guatemala,1937,0.01
Cuba,Panama,1937,0.12
Cuba,RESTO_DEL_MUNDO,1937,185.096
Cuba,Costa Rica,1938,0.01
Cuba,El Salvador,1938,0.003611
Cuba,Guatemala,1938,0.006162
Cuba,Panama,1938,0.11
Cuba,RESTO_DEL_MUNDO,1938,145.121
Cuba,Costa Rica,1939,0.08
Cuba,El Salvador,1939,0.001334
Cuba,Guatemala,1939,0.006185
Cuba,Panama,1939,0.14
Cuba,RESTO_DEL_MUNDO,1939,147.908
Cuba,Costa Rica,1940,0.27
Cuba,Guatemala,1940,0.01
Cuba,RESTO_DEL_MUNDO,1940,134.394
Cuba,Costa Rica,1941,0.09
Cuba,Guatemala,1941,0.01
Cuba,RESTO_DEL_MUNDO,1941,221.043
Cuba,Costa Rica,1942,0.008761
Cuba,Guatemala,1942,0.01
Cuba,RESTO_DEL_MUNDO,1942,175.267
Cuba,Costa Rica,1943,0.06
Cuba,RESTO_DEL_MUNDO,1943,344.019
Cuba,Costa Rica,1944,0.04
Cuba,RESTO_DEL_MUNDO,1944,430.81
Cuba,Costa Rica,1945,0.63
Cuba,RESTO_DEL_MUNDO,1945,419.69
Cuba,Costa Rica,1946,1.12
Cuba,RESTO_DEL_MUNDO,1946,498.542
Cuba,Costa Rica,1947,0.14
Cuba,RESTO_DEL_MUNDO,1947,738.365
Cuba,Costa Rica,1948,0.05
Cuba,El Salvador,1948,0.1
Cuba,Guatemala,1948,0.1
Cuba,Panama,1948,0.33
Cuba,RESTO_DEL_MUNDO,1948,618.957
Cuba,Costa Rica,1949,0.12
Cuba,El Salvador,1949,0
Cuba,Guatemala,1949,0
Cuba,Panama,1949,0.33
Cuba,RESTO_DEL_MUNDO,1949,563.123
Cuba,Costa Rica,1950,0
Cuba,Dominican Republic,1950,0.11
Cuba,El Salvador,1950,0.2
Cuba,Guatemala,1950,0
Cuba,Panama,1950,0.33
Cuba,RESTO_DEL_MUNDO,1950,665.36
Cuba,Costa Rica,1951,0.1
Cuba,Dominican Republic,1951,0.11
Cuba,El Salvador,1951,0.4
Cuba,Guatemala,1951,0.2
Cuba,Panama,1951,0.44
Cuba,RESTO_DEL_MUNDO,1951,766.69
Cuba,Costa Rica,1952,0.1
Cuba,Dominican Republic,1952,0.11
Cuba,El Salvador,1952,0.1
Cuba,Guatemala,1952,1.1
Cuba,Panama,1952,0.55
Cuba,RESTO_DEL_MUNDO,1952,756.86
Cuba,Costa Rica,1953,0.1
Cuba,Dominican Republic,1953,0.22
Cuba,El Salvador,1953,0.1
Cuba,Guatemala,1953,0.1
Cuba,Panama,1953,0.33
Cuba,RESTO_DEL_MUNDO,1953,736.26
Cuba,Costa Rica,1954,0.2
Cuba,Dominican Republic,1954,0.22
Cuba,El Salvador,1954,0.1
Cuba,Guatemala,1954,0.2
Cuba,Panama,1954,0.33
Cuba,RESTO_DEL_MUNDO,1954,587.12
Cuba,Costa Rica,1955,0.1
Cuba,Dominican Republic,1955,0.22
Cuba,El Salvador,1955,0.1
Cuba,Guatemala,1955,0.1
Cuba,Panama,1955,0.33
Cuba,RESTO_DEL_MUNDO,1955,678.46
Cuba,Costa Rica,1956,1.3
Cuba,Dominican Republic,1956,0.33
Cuba,El Salvador,1956,0.1
Cuba,Guatemala,1956,0.33
Cuba,Panama,1956,0.33
Cuba,RESTO_DEL_MUNDO,1956,788.98
Cuba,Costa Rica,1957,0.2
Cuba,Dominican Republic,1957,0.5
Cuba,El Salvador,1957,0.2
Cuba,Guatemala,1957,0.11
Cuba,Panama,1957,0.33
Cuba,RESTO_DEL_MUNDO,1957,947.31
Cuba,Costa Rica,1958,0.4
Cuba,El Salvador,1958,0.2
Cuba,Guatemala,1958,0.3
Cuba,Panama,1958,0.33
Cuba,RESTO_DEL_MUNDO,1958,816.71
Cuba,Costa Rica,1959,0.3
Cuba,Dominican Republic,1959,0.33
Cuba,El Salvador,1959,0.5
Cuba,Guatemala,1959,0.4
Cuba,Panama,1959,0.33
Cuba,RESTO_DEL_MUNDO,1959,684.25
Cuba,Costa Rica,1960,0.4
Cuba,Dominican Republic,1960,0.11
Cuba,El Salvador,1960,0.2
Cuba,Guatemala,1960,0.2
Cuba,Panama,1960,0.22
Cuba,RESTO_DEL_MUNDO,1960,527.965
Cuba,Costa Rica,1961,0
Cuba,Dominican Republic,1961,0
Cuba,El Salvador,1961,0
Cuba,Guatemala,1961,0
Cuba,Panama,1961,0
Cuba,RESTO_DEL_MUNDO,1961,137.172
Cuba,Costa Rica,1962,0
Cuba,Dominican Republic,1962,0
Cuba,El Salvador,1962,0
Cuba,Guatemala,1962,0
Cuba,Panama,1962,0
Cuba,RESTO_DEL_MUNDO,1962,155.28
Cuba,Costa Rica,1963,0
Cuba,Dominican Republic,1963,0
Cuba,El Salvador,1963,0
Cuba,Guatemala,1963,0
Cuba,Panama,1963,0
Cuba,RESTO_DEL_MUNDO,1963,249.45
Cuba,Costa Rica,1964,0
Cuba,El Salvador,1964,0
Cuba,Guatemala,1964,0
Cuba,Panama,1964,0
Cuba,RESTO_DEL_MUNDO,1964,292.85
Cuba,Costa Rica,1965,0
Cuba,Dominican Republic,1965,0
Cuba,El Salvador,1965,0
Cuba,Guatemala,1965,0
Cuba,Panama,1965,0
Cuba,RESTO_DEL_MUNDO,1965,182.33
Cuba,Costa Rica,1966,0
Cuba,Dominican Republic,1966,0
Cuba,El Salvador,1966,0
Cuba,Guatemala,1966,0
Cuba,Panama,1966,0
Cuba,RESTO_DEL_MUNDO,1966,180.357
Cuba,Costa Rica,1967,0
Cuba,Dominican Republic,1967,0
Cuba,El Salvador,1967,0
Cuba,Guatemala,1967,0
Cuba,Panama,1967,0
Cuba,RESTO_DEL_MUNDO,1967,173.72
Cuba,Costa Rica,1968,0
Cuba,Dominican Republic,1968,0
Cuba,El Salvador,1968,0
Cuba,Guatemala,1968,0
Cuba,Panama,1968,0
Cuba,RESTO_DEL_MUNDO,1968,180.956
Cuba,Costa Rica,1969,0
Cuba,El Salvador,1969,0
Cuba,Guatemala,1969,0
Cuba,Panama,1969,0
Cuba,RESTO_DEL_MUNDO,1969,218.605
Cuba,Costa Rica,1970,0
Cuba,El Salvador,1970,0
Cuba,Guatemala,1970,0
Cuba,Panama,1970,0
Cuba,RESTO_DEL_MUNDO,1970,301.364
Cuba,Costa Rica,1971,0
Cuba,El Salvador,1971,0
Cuba,Guatemala,1971,0
Cuba,Panama,1971,0
Cuba,RESTO_DEL_MUNDO,1971,344.779
Cuba,Costa Rica,1972,0
Cuba,El Salvador,1972,0
Cuba,Guatemala,1972,0
Cuba,Panama,1972,0
Cuba,RESTO_DEL_MUNDO,1972,387.75
Cuba,Costa Rica,1973,0
Cuba,El Salvador,1973,0
Cuba,Guatemala,1973,0
Cuba,Panama,1973,0
Cuba,RESTO_DEL_MUNDO,1973,472.389
Cuba,Costa Rica,1974,0.001
Cuba,El Salvador,1974,0
Cuba,Guatemala,1974,0
Cuba,Panama,1974,0
Cuba,RESTO_DEL_MUNDO,1974,1074.54
Cuba,Costa Rica,1975,0.003
Cuba,El Salvador,1975,0
Cuba,Guatemala,1975,0
Cuba,Panama,1975,0.004
Cuba,RESTO_DEL_MUNDO,1975,1263.78
Cuba,Costa Rica,1976,0.024
Cuba,El Salvador,1976,0
Cuba,Guatemala,1976,0
Cuba,Panama,1976,0.012
Cuba,RESTO_DEL_MUNDO,1976,730.756
Cuba,Costa Rica,1977,0.001
Cuba,Dominican Republic,1977,0
Cuba,El Salvador,1977,0
Cuba,Guatemala,1977,0
Cuba,Panama,1977,0.153
Cuba,RESTO_DEL_MUNDO,1977,638.323
Cuba,Costa Rica,1978,0.009
Cuba,Dominican Republic,1978,0
Cuba,El Salvador,1978,0.001
Cuba,Guatemala,1978,0
Cuba,Panama,1978,0.077
Cuba,RESTO_DEL_MUNDO,1978,760.384
Cuba,Costa Rica,1979,0.179
Cuba,Dominican Republic,1979,0
Cuba,El Salvador,1979,0
Cuba,Guatemala,1979,0
Cuba,Panama,1979,0.295
Cuba,RESTO_DEL_MUNDO,1979,995.255
Cuba,Costa Rica,1980,0.072
Cuba,Dominican Republic,1980,0
Cuba,El Salvador,1980,0
Cuba,Guatemala,1980,0
Cuba,Panama,1980,0.135
Cuba,RESTO_DEL_MUNDO,1980,1701.91
Cuba,Costa Rica,1981,0.081
Cuba,Dominican Republic,1981,0
Cuba,El Salvador,1981,0
Cuba,Guatemala,1981,0
Cuba,Panama,1981,0.546
Cuba,RESTO_DEL_MUNDO,1981,1707.14
Cuba,Costa Rica,1982,0.005
Cuba,Dominican Republic,1982,0.01
Cuba,El Salvador,1982,0
Cuba,Guatemala,1982,0
Cuba,Panama,1982,0.108
Cuba,RESTO_DEL_MUNDO,1982,1456.88
Cuba,Costa Rica,1983,0
Cuba,Dominican Republic,1983,0.01
Cuba,El Salvador,1983,0.003
Cuba,Guatemala,1983,0
Cuba,Panama,1983,0.347
Cuba,RESTO_DEL_MUNDO,1983,1200.1
Cuba,Costa Rica,1984,0.007
Cuba,Dominican Republic,1984,0.01
Cuba,El Salvador,1984,0.048
Cuba,Guatemala,1984,0
Cuba,Panama,1984,0.142
Cuba,RESTO_DEL_MUNDO,1984,1002.88
Cuba,Costa Rica,1985,0.03
Cuba,Dominican Republic,1985,0
Cuba,El Salvador,1985,0
Cuba,Guatemala,1985,0
Cuba,Panama,1985,0.21
Cuba,RESTO_DEL_MUNDO,1985,1194.16
Cuba,Costa Rica,1986,0.005
Cuba,Dominican Republic,1986,0
Cuba,El Salvador,1986,0
Cuba,Guatemala,1986,0
Cuba,Panama,1986,0.378
Cuba,RESTO_DEL_MUNDO,1986,1033.25
Cuba,Costa Rica,1987,0.059
Cuba,Dominican Republic,1987,0
Cuba,El Salvador,1987,0
Cuba,Guatemala,1987,0
Cuba,Panama,1987,0.159
Cuba,RESTO_DEL_MUNDO,1987,1289.76
Cuba,Costa Rica,1988,0.163
Cuba,Dominican Republic,1988,0
Cuba,El Salvador,1988,0
Cuba,Guatemala,1988,0
Cuba,Panama,1988,0.23
Cuba,RESTO_DEL_MUNDO,1988,1695.11
Cuba,Costa Rica,1989,0.4918
Cuba,Dominican Republic,1989,0
Cuba,El Salvador,1989,0
Cuba,Guatemala,1989,0
Cuba,Panama,1989,0.197801
Cuba,RESTO_DEL_MUNDO,1989,1825.48
Cuba,Costa Rica,1990,0.4044
Cuba,Dominican Republic,1990,0
Cuba,El Salvador,1990,0
Cuba,Guatemala,1990,0
Cuba,Panama,1990,0.035851
Cuba,RESTO_DEL_MUNDO,1990,1531.15
Cuba,Costa Rica,1991,0.0334
Cuba,Dominican Republic,1991,0
Cuba,El Salvador,1991,0
Cuba,Guatemala,1991,0
Cuba,Panama,1991,0.179405
Cuba,RESTO_DEL_MUNDO,1991,1171.55
Cuba,Costa Rica,1992,0.709
Cuba,Dominican Republic,1992,0
Cuba,El Salvador,1992,0
Cuba,Guatemala,1992,0
Cuba,Panama,1992,0.020699
Cuba,RESTO_DEL_MUNDO,1992,1815.17
Cuba,Costa Rica,1993,2.53948
Cuba,Dominican Republic,1993,0
Cuba,El Salvador,1993,0.002
Cuba,Guatemala,1993,0
Cuba,Panama,1993,0.325972
Cuba,RESTO_DEL_MUNDO,1993,1254.98
Cuba,Costa Rica,1994,6.46241
Cuba,Dominican Republic,1994,0
Cuba,El Salvador,1994,1.223
Cuba,Guatemala,1994,0
Cuba,Panama,1994,0.017257
Cuba,RESTO_DEL_MUNDO,1994,1495.49
Cuba,Costa Rica,1995,0.102718
Cuba,Dominican Republic,1995,0
Cuba,El Salvador,1995,3.35819
Cuba,Guatemala,1995,0
Cuba,Panama,1995,0.138598
Cuba,RESTO_DEL_MUNDO,1995,1645.53
Cuba,Costa Rica,1996,1.53351
Cuba,Dominican Republic,1996,0
Cuba,El Salvador,1996,0.0838843
Cuba,Guatemala,1996,0
Cuba,Panama,1996,0.16664
Cuba,RESTO_DEL_MUNDO,1996,2142.74
Cuba,Costa Rica,1997,0.36166
Cuba,Dominican Republic,1997,33.884
Cuba,El Salvador,1997,0.276143
Cuba,Guatemala,1997,0
Cuba,Panama,1997,0.24784
Cuba,RESTO_DEL_MUNDO,1997,1876.86
Cuba,Costa Rica,1998,0.269708
Cuba,Dominican Republic,1998,33.3969
Cuba,El Salvador,1998,0.483285
Cuba,Guatemala,1998,0
Cuba,Panama,1998,0.38506
Cuba,RESTO_DEL_MUNDO,1998,1587.63
Cuba,Costa Rica,1999,4.8874
Cuba,Dominican Republic,1999,29.4318
Cuba,El Salvador,1999,0.3498
Cuba,Guatemala,1999,0
Cuba,Panama,1999,0.192066
Cuba,RESTO_DEL_MUNDO,1999,1545.76
Cuba,Costa Rica,2000,5.21593
Cuba,Dominican Republic,2000,11.8983
Cuba,El Salvador,2000,0.380316
Cuba,Guatemala,2000,1.36156
Cuba,Panama,2000,1.15167
Cuba,RESTO_DEL_MUNDO,2000,1700.62
Cuba,Costa Rica,2001,2.17552
Cuba,Dominican Republic,2001,32.8394
Cuba,El Salvador,2001,0.164355
Cuba,Guatemala,2001,5.39862
Cuba,Panama,2001,0.614444
Cuba,RESTO_DEL_MUNDO,2001,1694.75
Cuba,Costa Rica,2002,1.36786
Cuba,Dominican Republic,2002,36.779
Cuba,El Salvador,2002,0.250785
Cuba,Guatemala,2002,3.3793
Cuba,Panama,2002,0.14292
Cuba,RESTO_DEL_MUNDO,2002,1618.02
Cuba,Costa Rica,2003,3.53699
Cuba,Dominican Republic,2003,42.3767
Cuba,El Salvador,2003,0.204453
Cuba,Guatemala,2003,2.2212
Cuba,Panama,2003,0.222495
Cuba,RESTO_DEL_MUNDO,2003,1710.37
Cuba,Costa Rica,2004,8.16045
Cuba,Dominican Republic,2004,26.8131
Cuba,El Salvador,2004,0.274244
Cuba,Guatemala,2004,1.97
Cuba,Panama,2004,0.448905
Cuba,RESTO_DEL_MUNDO,2004,2288.49
Cuba,Costa Rica,2005,7.60279
Cuba,Dominican Republic,2005,30.7913
Cuba,El Salvador,2005,0.30629
Cuba,Guatemala,2005,3.6527
Cuba,Panama,2005,15.586
Cuba,RESTO_DEL_MUNDO,2005,2163.71
Cuba,Costa Rica,2006,0.88427
Cuba,Dominican Republic,2006,33.3642
Cuba,El Salvador,2006,0.285721
Cuba,Guatemala,2006,2.6411
Cuba,Panama,2006,19.9715
Cuba,RESTO_DEL_MUNDO,2006,2589.53
Cuba,Costa Rica,2007,6.21167
Cuba,Dominican Republic,2007,29.4652
Cuba,El Salvador,2007,0.343798
Cuba,Guatemala,2007,2.824
Cuba,Panama,2007,25.4532
Cuba,RESTO_DEL_MUNDO,2007,3687.38
Cuba,Costa Rica,2008,34.4291
Cuba,Dominican Republic,2008,65.2029
Cuba,El Salvador,2008,0.135118
Cuba,Guatemala,2008,1.8181
Cuba,Panama,2008,24.8064
Cuba,RESTO_DEL_MUNDO,2008,3254.08
Cuba,Costa Rica,2009,8.54594
Cuba,Dominican Republic,2009,19.6565
Cuba,El Salvador,2009,0.150758
Cuba,Guatemala,2009,2.0996
Cuba,Panama,2009,35.801
Cuba,RESTO_DEL_MUNDO,2009,2378.53
Cuba,Costa Rica,2010,0.444826
Cuba,Dominican Republic,2010,26.3596
Cuba,El Salvador,2010,0.12824
Cuba,Guatemala,2010,1.4497
Cuba,Panama,2010,10.0603
Cuba,RESTO_DEL_MUNDO,2010,2801.33
Cuba,Costa Rica,2011,0.776258
Cuba,Dominican Republic,2011,81.427
Cuba,El Salvador,2011,3.41352
Cuba,Guatemala,2011,26.7809
Cuba,Panama,2011,4.1562
Cuba,RESTO_DEL_MUNDO,2011,3677.65
Cuba,Costa Rica,2012,8.79259
Cuba,Dominican Republic,2012,86.2027
Cuba,El Salvador,2012,0.270913
Cuba,Guatemala,2012,6.2707
Cuba,Panama,2012,0.999913
Cuba,RESTO_DEL_MUNDO,2012,3323.54
Cuba,Costa Rica,2013,5.47558
Cuba,Dominican Republic,2013,75.8923
Cuba,El Salvador,2013,0.273522
Cuba,Guatemala,2013,2.0413
Cuba,Panama,2013,0.649262
Cuba,RESTO_DEL_MUNDO,2013,3156.33
Cuba,Costa Rica,2014,5.73826
Cuba,Dominican Republic,2014,79.533
Cuba,El Salvador,2014,0.512755
Cuba,Guatemala,2014,1.156
Cuba,Panama,2014,0.676645
Cuba,RESTO_DEL_MUNDO,2014,2699.79
Czechia,RESTO_DEL_MUNDO,1993,11831.1
Czechia,Slovenia,1993,106.218
Czechia,RESTO_DEL_MUNDO,1994,13899.6
Czechia,Slovenia,1994,177.766
Czechia,RESTO_DEL_MUNDO,1995,19058.2
Czechia,Slovenia,1995,246.86
Czechia,RESTO_DEL_MUNDO,1996,20757.1
Czechia,Slovenia,1996,236.551
Czechia,RESTO_DEL_MUNDO,1997,21709.5
Czechia,Slovenia,1997,233.873
Czechia,RESTO_DEL_MUNDO,1998,25100.5
Czechia,Slovenia,1998,264.158
Czechia,RESTO_DEL_MUNDO,1999,25892.9
Czechia,Slovenia,1999,280.068
Czechia,RESTO_DEL_MUNDO,2000,28896.2
Czechia,Slovenia,2000,252.105
Czechia,RESTO_DEL_MUNDO,2001,32632.8
Czechia,Slovenia,2001,248.746
Czechia,RESTO_DEL_MUNDO,2002,37804.1
Czechia,Slovenia,2002,272.49
Czechia,RESTO_DEL_MUNDO,2003,49431.9
Czechia,Slovenia,2003,348.194
Czechia,RESTO_DEL_MUNDO,2004,59891.5
Czechia,Slovenia,2004,422.927
Czechia,RESTO_DEL_MUNDO,2005,69465.1
Czechia,Slovenia,2005,470.975
Czechia,RESTO_DEL_MUNDO,2006,86245.2
Czechia,Slovenia,2006,502.948
Czechia,RESTO_DEL_MUNDO,2007,113519
Czechia,Slovenia,2007,695.422
Czechia,RESTO_DEL_MUNDO,2008,136393
Czechia,Slovenia,2008,829.736
Czechia,RESTO_DEL_MUNDO,2009,109379
Czechia,Slovenia,2009,615.602
Czechia,RESTO_DEL_MUNDO,2010,127115
Czechia,Slovenia,2010,671.239
Czechia,RESTO_DEL_MUNDO,2011,155894
Czechia,Slovenia,2011,813.06
Czechia,RESTO_DEL_MUNDO,2012,151178
Czechia,Slovenia,2012,719.398
Czechia,RESTO_DEL_MUNDO,2013,156823
Czechia,Slovenia,2013,718.441
Czechia,RESTO_DEL_MUNDO,2014,167671
Czechia,Slovenia,2014,748.588
Denmark,RESTO_DEL_MUNDO,1900,102.61
Denmark,RESTO_DEL_MUNDO,1901,103.59
Denmark,RESTO_DEL_MUNDO,1902,117.24
Denmark,RESTO_DEL_MUNDO,1903,120.51
Denmark,RESTO_DEL_MUNDO,1904,122.22
Denmark,Norway,1905,4
Denmark,RESTO_DEL_MUNDO,1905,124.33
Denmark,RESTO_DEL_MUNDO,1906,134.01
Denmark,Norway,1907,8.04
Denmark,RESTO_DEL_MUNDO,1907,144.35
Denmark,Norway,1908,8.03
Denmark,RESTO_DEL_MUNDO,1908,150.23
Denmark,Norway,1909,6.3
Denmark,RESTO_DEL_MUNDO,1909,149.51
Denmark,Norway,1910,6.24
Denmark,RESTO_DEL_MUNDO,1910,153.43
Denmark,Norway,1911,5.94
Denmark,RESTO_DEL_MUNDO,1911,161.54
Denmark,Norway,1912,7.3
Denmark,RESTO_DEL_MUNDO,1912,179.59
Denmark,Norway,1913,7.66
Denmark,RESTO_DEL_MUNDO,1913,193.017
Denmark,Norway,1919,34.46
Denmark,RESTO_DEL_MUNDO,1919,122.15
Denmark,Norway,1920,31.75
Denmark,RESTO_DEL_MUNDO,1920,382.189
Denmark,Norway,1921,14.26
Denmark,RESTO_DEL_MUNDO,1921,335.891
Denmark,Norway,1922,18.18
Denmark,RESTO_DEL_MUNDO,1922,266.262
Denmark,Norway,1923,15.06
Denmark,RESTO_DEL_MUNDO,1923,284.919
Denmark,Norway,1924,10.58
Denmark,RESTO_DEL_MUNDO,1924,361.381
Denmark,Norway,1925,16.05
Denmark,RESTO_DEL_MUNDO,1925,384
Denmark,Norway,1926,18.37
Denmark,RESTO_DEL_MUNDO,1926,378.012
Denmark,Norway,1927,13.79
Denmark,RESTO_DEL_MUNDO,1927,402.265
Denmark,Norway,1928,19.47
Denmark,RESTO_DEL_MUNDO,1928,428.206
Denmark,Norway,1929,17.39
Denmark,RESTO_DEL_MUNDO,1929,444.074
Denmark,Norway,1930,19.75
Denmark,RESTO_DEL_MUNDO,1930,408.39
Denmark,Norway,1931,17.48
Denmark,RESTO_DEL_MUNDO,1931,333.014
Denmark,Norway,1932,6.11
Denmark,RESTO_DEL_MUNDO,1932,208.499
Denmark,Norway,1933,6.83
Denmark,RESTO_DEL_MUNDO,1933,188.213
Denmark,Norway,1934,10.63
Denmark,RESTO_DEL_MUNDO,1934,259.876
Denmark,Norway,1935,13
Denmark,RESTO_DEL_MUNDO,1935,267.17
Denmark,Norway,1936,12.55
Denmark,RESTO_DEL_MUNDO,1936,290.376
Denmark,Norway,1937,19.43
Denmark,RESTO_DEL_MUNDO,1937,330.975
Denmark,Norway,1938,10.25
Denmark,RESTO_DEL_MUNDO,1938,289.971
Denmark,Norway,1939,11.62
Denmark,RESTO_DEL_MUNDO,1939,281.765
Denmark,Norway,1940,7.91
Denmark,RESTO_DEL_MUNDO,1940,265.091
Denmark,RESTO_DEL_MUNDO,1945,42.17
Denmark,Norway,1946,21.63
Denmark,RESTO_DEL_MUNDO,1946,171.323
Denmark,Norway,1947,36.88
Denmark,RESTO_DEL_MUNDO,1947,285.02
Denmark,Norway,1948,37.34
Denmark,RESTO_DEL_MUNDO,1948,425.12
Denmark,Norway,1949,33.65
Denmark,RESTO_DEL_MUNDO,1949,498.888
Denmark,Iceland,1950,2.8
Denmark,Norway,1950,26
Denmark,RESTO_DEL_MUNDO,1950,504.08
Denmark,Iceland,1951,3
Denmark,Norway,1951,32
Denmark,RESTO_DEL_MUNDO,1951,641.74
Denmark,Iceland,1952,3.3
Denmark,Norway,1952,34.6
Denmark,RESTO_DEL_MUNDO,1952,663.06
Denmark,Iceland,1953,4.8
Denmark,Norway,1953,29
Denmark,RESTO_DEL_MUNDO,1953,701.3
Denmark,Iceland,1954,4.4
Denmark,Norway,1954,35.3
Denmark,RESTO_DEL_MUNDO,1954,752.78
Denmark,Iceland,1955,4.7
Denmark,Norway,1955,41.3
Denmark,RESTO_DEL_MUNDO,1955,948.89
Denmark,Iceland,1956,5.3
Denmark,Norway,1956,41
Denmark,RESTO_DEL_MUNDO,1956,1022.08
Denmark,Iceland,1957,5.8
Denmark,Norway,1957,40.3
Denmark,RESTO_DEL_MUNDO,1957,1070.15
Denmark,Iceland,1958,8.3
Denmark,Norway,1958,58
Denmark,RESTO_DEL_MUNDO,1958,1138.25
Denmark,Iceland,1959,7.6
Denmark,Norway,1959,59
Denmark,RESTO_DEL_MUNDO,1959,1260.16
Denmark,Iceland,1960,10.1
Denmark,Norway,1960,60.2
Denmark,RESTO_DEL_MUNDO,1960,1078.37
Denmark,Iceland,1961,6.3
Denmark,Norway,1961,73.8
Denmark,RESTO_DEL_MUNDO,1961,1126.07
Denmark,Iceland,1962,6.8
Denmark,Norway,1962,76.6
Denmark,RESTO_DEL_MUNDO,1962,1221.62
Denmark,Iceland,1963,8.8
Denmark,Norway,1963,108.9
Denmark,RESTO_DEL_MUNDO,1963,1414.88
Denmark,Iceland,1964,9.2
Denmark,Norway,1964,111.1
Denmark,RESTO_DEL_MUNDO,1964,1603.54
Denmark,Iceland,1965,12.4
Denmark,Norway,1965,120.6
Denmark,RESTO_DEL_MUNDO,1965,1717.97
Denmark,Iceland,1966,12.6
Denmark,Norway,1966,139.6
Denmark,RESTO_DEL_MUNDO,1966,1853.19
Denmark,Iceland,1967,14.4
Denmark,Norway,1967,171.9
Denmark,RESTO_DEL_MUNDO,1967,1958.64
Denmark,Iceland,1968,13.9
Denmark,Norway,1968,184
Denmark,RESTO_DEL_MUNDO,1968,2029.66
Denmark,Iceland,1969,11.737
Denmark,Norway,1969,192.33
Denmark,RESTO_DEL_MUNDO,1969,2318.43
Denmark,Iceland,1970,21.059
Denmark,Norway,1970,230.39
Denmark,RESTO_DEL_MUNDO,1970,2585.22
Denmark,Iceland,1971,21.282
Denmark,Norway,1971,262.97
Denmark,RESTO_DEL_MUNDO,1971,2843.85
Denmark,Iceland,1972,24.003
Denmark,Norway,1972,300.35
Denmark,RESTO_DEL_MUNDO,1972,3347.43
Denmark,Iceland,1973,31.3
Denmark,Norway,1973,398.51
Denmark,RESTO_DEL_MUNDO,1973,4527.97
Denmark,Iceland,1974,48.485
Denmark,Norway,1974,475.51
Denmark,RESTO_DEL_MUNDO,1974,5886.17
Denmark,Iceland,1975,48.602
Denmark,Norway,1975,561.43
Denmark,RESTO_DEL_MUNDO,1975,6377.2
Denmark,Iceland,1976,44.375
Denmark,Norway,1976,614.32
Denmark,RESTO_DEL_MUNDO,1976,6608.07
Denmark,Iceland,1977,61.531
Denmark,Norway,1977,736.86
Denmark,RESTO_DEL_MUNDO,1977,7324.36
Denmark,Iceland,1978,67.336
Denmark,Norway,1978,766.27
Denmark,RESTO_DEL_MUNDO,1978,8997.09
Denmark,Iceland,1979,72.669
Denmark,Norway,1979,844.59
Denmark,RESTO_DEL_MUNDO,1979,10722.2
Denmark,Iceland,1980,80.832
Denmark,Norway,1980,1044.24
Denmark,RESTO_DEL_MUNDO,1980,12265.9
Denmark,Iceland,1981,105.055
Denmark,Norway,1981,947.5
Denmark,RESTO_DEL_MUNDO,1981,11762.5
Denmark,Iceland,1982,91.097
Denmark,Norway,1982,954.52
Denmark,RESTO_DEL_MUNDO,1982,11290.4
Denmark,Iceland,1983,79.778
Denmark,Norway,1983,872.72
Denmark,RESTO_DEL_MUNDO,1983,11885.2
Denmark,Iceland,1984,77.086
Denmark,Norway,1984,881.88
Denmark,RESTO_DEL_MUNDO,1984,12262.8
Denmark,Iceland,1985,82.152
Denmark,Norway,1985,1053.93
Denmark,RESTO_DEL_MUNDO,1985,12696.5
Denmark,Iceland,1986,115.882
Denmark,Norway,1986,1448.72
Denmark,RESTO_DEL_MUNDO,1986,15254.6
Denmark,Iceland,1987,146.013
Denmark,Norway,1987,1752.44
Denmark,RESTO_DEL_MUNDO,1987,18236.5
Denmark,Iceland,1988,147.527
Denmark,Norway,1988,1756.57
Denmark,RESTO_DEL_MUNDO,1988,19908.7
Denmark,Iceland,1989,126.817
Denmark,Norway,1989,1573.31
Denmark,RESTO_DEL_MUNDO,1989,20950.9
Denmark,Iceland,1990,144.569
Denmark,Norway,1990,1800.04
Denmark,RESTO_DEL_MUNDO,1990,32061.5
Denmark,Iceland,1991,147.604
Denmark,Norway,1991,1795.77
Denmark,RESTO_DEL_MUNDO,1991,32758.6
Denmark,Iceland,1992,148.866
Denmark,Norway,1992,1951.68
Denmark,RESTO_DEL_MUNDO,1992,36336.4
Denmark,Iceland,1993,126.675
Denmark,Norway,1993,1727.04
Denmark,RESTO_DEL_MUNDO,1993,29420.8
Denmark,Iceland,1994,132.002
Denmark,Norway,1994,1974.56
Denmark,RESTO_DEL_MUNDO,1994,33157.9
Denmark,Iceland,1995,165.292
Denmark,Norway,1995,2470.71
Denmark,RESTO_DEL_MUNDO,1995,38807.5
Denmark,Iceland,1996,170.809
Denmark,Norway,1996,2631.34
Denmark,RESTO_DEL_MUNDO,1996,39062.3
Denmark,Iceland,1997,174.844
Denmark,Norway,1997,2504.75
Denmark,RESTO_DEL_MUNDO,1997,38120.4
Denmark,Iceland,1998,217.899
Denmark,Norway,1998,2479.03
Denmark,RESTO_DEL_MUNDO,1998,37418.2
Denmark,Iceland,1999,203.215
Denmark,Norway,1999,2326.78
Denmark,RESTO_DEL_MUNDO,1999,40189.4
Denmark,Iceland,2000,205.241
Denmark,Norway,2000,2195.91
Denmark,RESTO_DEL_MUNDO,2000,42603.3
Denmark,Iceland,2001,196.023
Denmark,Norway,2001,2340.55
Denmark,RESTO_DEL_MUNDO,2001,42463.9
Denmark,Iceland,2002,194.166
Denmark,Norway,2002,2756.9
Denmark,RESTO_DEL_MUNDO,2002,45924.2
Denmark,Iceland,2003,227.066
Denmark,Norway,2003,3145.22
Denmark,RESTO_DEL_MUNDO,2003,56156.3
Denmark,Iceland,2004,282.533
Denmark,Norway,2004,3544.61
Denmark,RESTO_DEL_MUNDO,2004,65634.9
Denmark,Iceland,2005,354.792
Denmark,Norway,2005,4055.69
Denmark,RESTO_DEL_MUNDO,2005,73120.9
Denmark,Iceland,2006,373.733
Denmark,Norway,2006,4429.57
Denmark,RESTO_DEL_MUNDO,2006,83019
Denmark,Iceland,2007,497.232
Denmark,Norway,2007,5145.21
Denmark,RESTO_DEL_MUNDO,2007,90323.1
Denmark,Iceland,2008,458.138
Denmark,Norway,2008,6100.09
Denmark,RESTO_DEL_MUNDO,2008,104337
Denmark,Iceland,2009,261.954
Denmark,Norway,2009,4648.83
Denmark,RESTO_DEL_MUNDO,2009,83862.5
Denmark,Iceland,2010,276.502
Denmark,Norway,2010,4806.06
Denmark,RESTO_DEL_MUNDO,2010,87094
Denmark,Iceland,2011,301.521
Denmark,Norway,2011,5739.02
Denmark,RESTO_DEL_MUNDO,2011,101451
Denmark,Iceland,2012,269.903
Denmark,Norway,2012,5429.34
Denmark,RESTO_DEL_MUNDO,2012,95341
Denmark,Iceland,2013,417.347
Denmark,Norway,2013,5447.32
Denmark,RESTO_DEL_MUNDO,2013,97739.2
Denmark,Iceland,2014,405.966
Denmark,Norway,2014,5432.05
Denmark,RESTO_DEL_MUNDO,2014,96796.7
Dominican Republic,RESTO_DEL_MUNDO,1900,0.27
Dominican Republic,RESTO_DEL_MUNDO,1911,11.07
Dominican Republic,RESTO_DEL_MUNDO,1912,11.37
Dominican Republic,RESTO_DEL_MUNDO,1913,8.8
Dominican Republic,RESTO_DEL_MUNDO,1924,22.3301
Dominican Republic,RESTO_DEL_MUNDO,1925,29.5031
Dominican Republic,RESTO_DEL_MUNDO,1926,29.2524
Dominican Republic,RESTO_DEL_MUNDO,1927,33.8163
Dominican Republic,RESTO_DEL_MUNDO,1928,26.4095
Dominican Republic,RESTO_DEL_MUNDO,1929,21.9748
Dominican Republic,RESTO_DEL_MUNDO,1930,16.2949
Dominican Republic,RESTO_DEL_MUNDO,1931,12.079
Dominican Republic,RESTO_DEL_MUNDO,1932,9.9026
Dominican Republic,RESTO_DEL_MUNDO,1933,8.08223
Dominican Republic,RESTO_DEL_MUNDO,1934,11.9485
Dominican Republic,RESTO_DEL_MUNDO,1935,17.1958
Dominican Republic,RESTO_DEL_MUNDO,1936,13.9567
Dominican Republic,RESTO_DEL_MUNDO,1937,19.0889
Dominican Republic,RESTO_DEL_MUNDO,1938,19.8693
Dominican Republic,RESTO_DEL_MUNDO,1939,17.5018
Dominican Republic,RESTO_DEL_MUNDO,1940,19.2219
Dominican Republic,RESTO_DEL_MUNDO,1941,24.1084
Dominican Republic,RESTO_DEL_MUNDO,1942,18.4113
Dominican Republic,RESTO_DEL_MUNDO,1943,41.5411
Dominican Republic,RESTO_DEL_MUNDO,1944,72.5028
Dominican Republic,RESTO_DEL_MUNDO,1945,43.9807
Dominican Republic,RESTO_DEL_MUNDO,1946,67.0318
Dominican Republic,RESTO_DEL_MUNDO,1947,86.9433
Dominican Republic,RESTO_DEL_MUNDO,1948,82.6982
Dominican Republic,RESTO_DEL_MUNDO,1949,68.4525
Dominican Republic,Panama,1950,0
Dominican Republic,RESTO_DEL_MUNDO,1950,91.02
Dominican Republic,Costa Rica,1951,0
Dominican Republic,Panama,1951,0
Dominican Republic,RESTO_DEL_MUNDO,1951,124.51
Dominican Republic,Costa Rica,1952,0
Dominican Republic,Panama,1952,0.1
Dominican Republic,RESTO_DEL_MUNDO,1952,128.51
Dominican Republic,Costa Rica,1953,0.1
Dominican Republic,Panama,1953,0.1
Dominican Republic,RESTO_DEL_MUNDO,1953,106.62
Dominican Republic,Costa Rica,1954,0
Dominican Republic,Panama,1954,0.11
Dominican Republic,RESTO_DEL_MUNDO,1954,122.83
Dominican Republic,Costa Rica,1955,0
Dominican Republic,Panama,1955,0
Dominican Republic,RESTO_DEL_MUNDO,1955,125.05
Dominican Republic,Costa Rica,1956,0
Dominican Republic,Panama,1956,0.22
Dominican Republic,RESTO_DEL_MUNDO,1956,134.33
Dominican Republic,Costa Rica,1957,0
Dominican Republic,Panama,1957,0
Dominican Republic,RESTO_DEL_MUNDO,1957,172.91
Dominican Republic,Costa Rica,1958,0
Dominican Republic,Panama,1958,0
Dominican Republic,RESTO_DEL_MUNDO,1958,140.1
Dominican Republic,Costa Rica,1959,0
Dominican Republic,Panama,1959,0.2
Dominican Republic,RESTO_DEL_MUNDO,1959,141.8
Dominican Republic,Costa Rica,1960,0.1
Dominican Republic,Panama,1960,0.33
Dominican Republic,RESTO_DEL_MUNDO,1960,185.82
Dominican Republic,Costa Rica,1961,0
Dominican Republic,Panama,1961,0.33
Dominican Republic,RESTO_DEL_MUNDO,1961,149.59
Dominican Republic,Costa Rica,1962,0
Dominican Republic,Panama,1962,0.33
Dominican Republic,RESTO_DEL_MUNDO,1962,198.47
Dominican Republic,Costa Rica,1963,0
Dominican Republic,Panama,1963,0.66
Dominican Republic,RESTO_DEL_MUNDO,1963,180.61
Dominican Republic,Costa Rica,1964,0
Dominican Republic,Panama,1964,0.11
Dominican Republic,RESTO_DEL_MUNDO,1964,199.58
Dominican Republic,Costa Rica,1965,0
Dominican Republic,Panama,1965,0
Dominican Republic,RESTO_DEL_MUNDO,1965,144.79
Dominican Republic,Costa Rica,1966,0
Dominican Republic,Panama,1966,0.11
Dominican Republic,RESTO_DEL_MUNDO,1966,155.7
Dominican Republic,Costa Rica,1967,0
Dominican Republic,Panama,1967,0
Dominican Republic,RESTO_DEL_MUNDO,1967,163.346
Dominican Republic,Costa Rica,1968,0
Dominican Republic,Panama,1968,0
Dominican Republic,RESTO_DEL_MUNDO,1968,183.087
Dominican Republic,Costa Rica,1969,0
Dominican Republic,Panama,1969,0.032
Dominican Republic,RESTO_DEL_MUNDO,1969,192.349
Dominican Republic,Costa Rica,1970,0
Dominican Republic,Panama,1970,0.022
Dominican Republic,RESTO_DEL_MUNDO,1970,236.813
Dominican Republic,Costa Rica,1971,0.003
Dominican Republic,Panama,1971,0.09
Dominican Republic,RESTO_DEL_MUNDO,1971,251.76
Dominican Republic,Costa Rica,1972,0.001
Dominican Republic,Panama,1972,0.046
Dominican Republic,RESTO_DEL_MUNDO,1972,358.482
Dominican Republic,Costa Rica,1973,0.01
Dominican Republic,Panama,1973,0.34
Dominican Republic,RESTO_DEL_MUNDO,1973,465.5
Dominican Republic,Costa Rica,1974,0.015
Dominican Republic,Panama,1974,0.075
Dominican Republic,RESTO_DEL_MUNDO,1974,713.159
Dominican Republic,Costa Rica,1975,0.029
Dominican Republic,Panama,1975,0.409
Dominican Republic,RESTO_DEL_MUNDO,1975,958.257
Dominican Republic,Costa Rica,1976,0.013
Dominican Republic,Panama,1976,0.094
Dominican Republic,RESTO_DEL_MUNDO,1976,732.967
Dominican Republic,Costa Rica,1977,0.054
Dominican Republic,Panama,1977,0.093
Dominican Republic,RESTO_DEL_MUNDO,1977,831.184
Dominican Republic,Costa Rica,1978,0.005
Dominican Republic,Panama,1978,0.208
Dominican Republic,RESTO_DEL_MUNDO,1978,735.946
Dominican Republic,Costa Rica,1979,0.148
Dominican Republic,Panama,1979,0.288
Dominican Republic,RESTO_DEL_MUNDO,1979,955.344
Dominican Republic,Costa Rica,1980,0.669
Dominican Republic,Panama,1980,0.705
Dominican Republic,RESTO_DEL_MUNDO,1980,1178.7
Dominican Republic,Costa Rica,1981,0.911
Dominican Republic,Panama,1981,0.349
Dominican Republic,RESTO_DEL_MUNDO,1981,1282.22
Dominican Republic,Costa Rica,1982,1.438
Dominican Republic,Panama,1982,0.669
Dominican Republic,RESTO_DEL_MUNDO,1982,990.926
Dominican Republic,Costa Rica,1983,3.906
Dominican Republic,Panama,1983,0.293
Dominican Republic,RESTO_DEL_MUNDO,1983,1060.39
Dominican Republic,Costa Rica,1984,0.932
Dominican Republic,Panama,1984,0.162
Dominican Republic,RESTO_DEL_MUNDO,1984,1307.16
Dominican Republic,Costa Rica,1985,0.108
Dominican Republic,Panama,1985,0.193
Dominican Republic,RESTO_DEL_MUNDO,1985,1203.09
Dominican Republic,Costa Rica,1986,0.02
Dominican Republic,Panama,1986,0.288
Dominican Republic,RESTO_DEL_MUNDO,1986,1315.32
Dominican Republic,Costa Rica,1987,0.485
Dominican Republic,Panama,1987,0.19
Dominican Republic,RESTO_DEL_MUNDO,1987,1451.26
Dominican Republic,Costa Rica,1988,0.103
Dominican Republic,Panama,1988,0.367
Dominican Republic,RESTO_DEL_MUNDO,1988,1849.34
Dominican Republic,Costa Rica,1989,0.8739
Dominican Republic,Panama,1989,0.549246
Dominican Republic,RESTO_DEL_MUNDO,1989,2108.44
Dominican Republic,Costa Rica,1990,0.5707
Dominican Republic,Panama,1990,0.425567
Dominican Republic,RESTO_DEL_MUNDO,1990,2156.64
Dominican Republic,Costa Rica,1991,0.5128
Dominican Republic,Panama,1991,0.738658
Dominican Republic,RESTO_DEL_MUNDO,1991,2403.27
Dominican Republic,Costa Rica,1992,1.109
Dominican Republic,Panama,1992,0.428589
Dominican Republic,RESTO_DEL_MUNDO,1992,2810.07
Dominican Republic,Costa Rica,1993,0.67403
Dominican Republic,Panama,1993,2.56643
Dominican Republic,RESTO_DEL_MUNDO,1993,3056.7
Dominican Republic,Costa Rica,1994,2.23217
Dominican Republic,Panama,1994,3.78864
Dominican Republic,RESTO_DEL_MUNDO,1994,3601.11
Dominican Republic,Costa Rica,1995,3.35844
Dominican Republic,Panama,1995,2.54277
Dominican Republic,RESTO_DEL_MUNDO,1995,4021.75
Dominican Republic,Costa Rica,1996,4.54153
Dominican Republic,Panama,1996,3.48455
Dominican Republic,RESTO_DEL_MUNDO,1996,4259.97
Dominican Republic,Costa Rica,1997,5.27188
Dominican Republic,Panama,1997,4.10001
Dominican Republic,RESTO_DEL_MUNDO,1997,5099.85
Dominican Republic,Costa Rica,1998,4.67849
Dominican Republic,Panama,1998,4.50948
Dominican Republic,RESTO_DEL_MUNDO,1998,5173.43
Dominican Republic,Costa Rica,1999,3.0358
Dominican Republic,Panama,1999,3.15829
Dominican Republic,RESTO_DEL_MUNDO,1999,5019.91
Dominican Republic,Costa Rica,2000,1.3563
Dominican Republic,Panama,2000,3.62947
Dominican Republic,RESTO_DEL_MUNDO,2000,5057.13
Dominican Republic,Costa Rica,2001,3.2098
Dominican Republic,Panama,2001,3.88658
Dominican Republic,RESTO_DEL_MUNDO,2001,4860.14
Dominican Republic,Costa Rica,2002,5.12424
Dominican Republic,Panama,2002,3.55154
Dominican Republic,RESTO_DEL_MUNDO,2002,4948.05
Dominican Republic,Costa Rica,2003,5.62654
Dominican Republic,Panama,2003,6.48352
Dominican Republic,RESTO_DEL_MUNDO,2003,5339.39
Dominican Republic,Costa Rica,2004,12.1963
Dominican Republic,Panama,2004,15.5006
Dominican Republic,RESTO_DEL_MUNDO,2004,5753.03
Dominican Republic,Costa Rica,2005,10.7272
Dominican Republic,Panama,2005,9.85749
Dominican Republic,RESTO_DEL_MUNDO,2005,6107.76
Dominican Republic,Costa Rica,2006,20.2344
Dominican Republic,Panama,2006,9.33101
Dominican Republic,RESTO_DEL_MUNDO,2006,6628.35
Dominican Republic,Costa Rica,2007,50.4432
Dominican Republic,Panama,2007,14.9476
Dominican Republic,RESTO_DEL_MUNDO,2007,7080.91
Dominican Republic,Costa Rica,2008,75.1841
Dominican Republic,Panama,2008,54.1123
Dominican Republic,RESTO_DEL_MUNDO,2008,7111.23
Dominican Republic,Costa Rica,2009,24.9554
Dominican Republic,Panama,2009,39.8005
Dominican Republic,RESTO_DEL_MUNDO,2009,5898.07
Dominican Republic,Costa Rica,2010,26.8369
Dominican Republic,Panama,2010,22.6765
Dominican Republic,RESTO_DEL_MUNDO,2010,7156.88
Dominican Republic,Costa Rica,2011,41.9642
Dominican Republic,Panama,2011,23.1099
Dominican Republic,RESTO_DEL_MUNDO,2011,8631.47
Dominican Republic,Costa Rica,2012,38.7386
Dominican Republic,Panama,2012,26.2683
Dominican Republic,RESTO_DEL_MUNDO,2012,9290.62
Dominican Republic,Costa Rica,2013,30.3299
Dominican Republic,Panama,2013,16.2945
Dominican Republic,RESTO_DEL_MUNDO,2013,9986.31
Dominican Republic,Costa Rica,2014,31.7848
Dominican Republic,Panama,2014,18.3118
Dominican Republic,RESTO_DEL_MUNDO,2014,10427.1
Ecuador,RESTO_DEL_MUNDO,1900,0.75
Ecuador,RESTO_DEL_MUNDO,1901,1
Ecuador,RESTO_DEL_MUNDO,1902,1.2
Ecuador,RESTO_DEL_MUNDO,1903,0.71
Ecuador,RESTO_DEL_MUNDO,1904,0.77
Ecuador,RESTO_DEL_MUNDO,1905,6.26
Ecuador,RESTO_DEL_MUNDO,1906,0.68
Ecuador,RESTO_DEL_MUNDO,1907,1.02
Ecuador,RESTO_DEL_MUNDO,1908,1.74
Ecuador,RESTO_DEL_MUNDO,1909,2.68
Ecuador,RESTO_DEL_MUNDO,1910,9.37
Ecuador,RESTO_DEL_MUNDO,1911,2.89
Ecuador,Chile,1912,0.63
Ecuador,RESTO_DEL_MUNDO,1912,12.8
Ecuador,Chile,1913,0.52
Ecuador,RESTO_DEL_MUNDO,1913,15.06
Ecuador,RESTO_DEL_MUNDO,1919,1.24
Ecuador,Chile,1920,0.29
Ecuador,RESTO_DEL_MUNDO,1920,21.08
Ecuador,Chile,1921,0.36
Ecuador,RESTO_DEL_MUNDO,1921,8.32
Ecuador,Chile,1922,0.42
Ecuador,RESTO_DEL_MUNDO,1922,10.64
Ecuador,Chile,1923,0.5
Ecuador,RESTO_DEL_MUNDO,1923,7.88408
Ecuador,Chile,1924,0.47
Ecuador,RESTO_DEL_MUNDO,1924,16.6749
Ecuador,RESTO_DEL_MUNDO,1925,15.2
Ecuador,Argentina,1926,0.04
Ecuador,Chile,1926,0.66
Ecuador,RESTO_DEL_MUNDO,1926,13.5804
Ecuador,Argentina,1927,0.05
Ecuador,Chile,1927,0.45
Ecuador,RESTO_DEL_MUNDO,1927,16.9872
Ecuador,Argentina,1928,0.04
Ecuador,Chile,1928,0.58
Ecuador,RESTO_DEL_MUNDO,1928,18.2809
Ecuador,Argentina,1929,0.03
Ecuador,Chile,1929,1.37
Ecuador,RESTO_DEL_MUNDO,1929,16.7101
Ecuador,Chile,1930,1.59
Ecuador,RESTO_DEL_MUNDO,1930,2.50842
Ecuador,Argentina,1931,0.6
Ecuador,Chile,1931,0.79
Ecuador,RESTO_DEL_MUNDO,1931,10.1259
Ecuador,Argentina,1932,0.6
Ecuador,Chile,1932,0.22
Ecuador,RESTO_DEL_MUNDO,1932,8.88423
Ecuador,Argentina,1933,0.02
Ecuador,Chile,1933,0.21
Ecuador,RESTO_DEL_MUNDO,1933,7.54457
Ecuador,Argentina,1934,0.16
Ecuador,Chile,1934,0.48
Ecuador,RESTO_DEL_MUNDO,1934,15.7816
Ecuador,Argentina,1935,1
Ecuador,Chile,1935,0.56
Ecuador,RESTO_DEL_MUNDO,1935,8.87096
Ecuador,Argentina,1936,0.68
Ecuador,Chile,1936,0.5
Ecuador,RESTO_DEL_MUNDO,1936,12.6251
Ecuador,Uruguay,1936,0.14
Ecuador,Argentina,1937,0.17
Ecuador,Chile,1937,0.57
Ecuador,RESTO_DEL_MUNDO,1937,13.6437
Ecuador,Uruguay,1937,0.78
Ecuador,Argentina,1938,0.03
Ecuador,Chile,1938,0.47
Ecuador,RESTO_DEL_MUNDO,1938,12.4575
Ecuador,Uruguay,1938,0.68
Ecuador,RESTO_DEL_MUNDO,1939,3.75105
Ecuador,RESTO_DEL_MUNDO,1940,1.01
Ecuador,RESTO_DEL_MUNDO,1941,0.35
Ecuador,RESTO_DEL_MUNDO,1942,0.12
Ecuador,RESTO_DEL_MUNDO,1944,0
Ecuador,RESTO_DEL_MUNDO,1945,0.002365
Ecuador,RESTO_DEL_MUNDO,1946,0.18
Ecuador,RESTO_DEL_MUNDO,1947,1.84316
Ecuador,Argentina,1948,2.9
Ecuador,Chile,1948,1.7
Ecuador,Paraguay,1948,0
Ecuador,RESTO_DEL_MUNDO,1948,44.13
Ecuador,Uruguay,1948,1.6
Ecuador,Venezuela,1948,1.7
Ecuador,Argentina,1949,0.6
Ecuador,Chile,1949,1.5
Ecuador,Paraguay,1949,0
Ecuador,RESTO_DEL_MUNDO,1949,31.29
Ecuador,Uruguay,1949,2.9
Ecuador,Venezuela,1949,1.5
Ecuador,Argentina,1950,0.5
Ecuador,Chile,1950,1.7
Ecuador,Paraguay,1950,0
Ecuador,RESTO_DEL_MUNDO,1950,54.87
Ecuador,Uruguay,1950,0.6
Ecuador,Venezuela,1950,2.1
Ecuador,Argentina,1951,0.1
Ecuador,Chile,1951,1.6
Ecuador,Paraguay,1951,0
Ecuador,RESTO_DEL_MUNDO,1951,59.46
Ecuador,Uruguay,1951,1.3
Ecuador,Venezuela,1951,0.3
Ecuador,Argentina,1952,1.3
Ecuador,Chile,1952,1.3
Ecuador,Paraguay,1952,0
Ecuador,RESTO_DEL_MUNDO,1952,80.21
Ecuador,Uruguay,1952,3.8
Ecuador,Venezuela,1952,0.1
Ecuador,Argentina,1953,1.9
Ecuador,Chile,1953,1.4
Ecuador,Paraguay,1953,0
Ecuador,RESTO_DEL_MUNDO,1953,72.6
Ecuador,Uruguay,1953,3
Ecuador,Venezuela,1953,0.1
Ecuador,Argentina,1954,3
Ecuador,Chile,1954,2.5
Ecuador,Paraguay,1954,0.1
Ecuador,RESTO_DEL_MUNDO,1954,98.84
Ecuador,Uruguay,1954,3.8
Ecuador,Venezuela,1954,0
Ecuador,Argentina,1955,4.6
Ecuador,Chile,1955,1.8
Ecuador,Paraguay,1955,0
Ecuador,RESTO_DEL_MUNDO,1955,105.34
Ecuador,Uruguay,1955,1.1
Ecuador,Venezuela,1955,0
Ecuador,Argentina,1956,4.1
Ecuador,Chile,1956,1.6
Ecuador,Paraguay,1956,0
Ecuador,RESTO_DEL_MUNDO,1956,107.06
Ecuador,Uruguay,1956,0.5
Ecuador,Venezuela,1956,0
Ecuador,Argentina,1957,2.5
Ecuador,Chile,1957,1.4
Ecuador,Paraguay,1957,0
Ecuador,RESTO_DEL_MUNDO,1957,129.76
Ecuador,Uruguay,1957,0
Ecuador,Venezuela,1957,0
Ecuador,Argentina,1958,1.4
Ecuador,Chile,1958,1.6
Ecuador,Paraguay,1958,0
Ecuador,RESTO_DEL_MUNDO,1958,133.81
Ecuador,Uruguay,1958,0
Ecuador,Venezuela,1958,0
Ecuador,Argentina,1959,1.3
Ecuador,Chile,1959,3.1
Ecuador,Paraguay,1959,0
Ecuador,RESTO_DEL_MUNDO,1959,130.51
Ecuador,Uruguay,1959,0
Ecuador,Venezuela,1959,2.3
Ecuador,Argentina,1960,0
Ecuador,Chile,1960,4.1
Ecuador,Paraguay,1960,0
Ecuador,RESTO_DEL_MUNDO,1960,115.22
Ecuador,Uruguay,1960,0
Ecuador,Venezuela,1960,3.6
Ecuador,Argentina,1961,0.1
Ecuador,Chile,1961,2.4
Ecuador,Paraguay,1961,0
Ecuador,RESTO_DEL_MUNDO,1961,103.61
Ecuador,Uruguay,1961,0
Ecuador,Venezuela,1961,0.4
Ecuador,Argentina,1962,0.4
Ecuador,Chile,1962,2.5
Ecuador,Paraguay,1962,0
Ecuador,RESTO_DEL_MUNDO,1962,125.35
Ecuador,Uruguay,1962,0
Ecuador,Venezuela,1962,0
Ecuador,Argentina,1963,1.3
Ecuador,Chile,1963,7.3
Ecuador,Paraguay,1963,0
Ecuador,RESTO_DEL_MUNDO,1963,156.86
Ecuador,Uruguay,1963,0
Ecuador,Venezuela,1963,0.9
Ecuador,Argentina,1964,1.9
Ecuador,Chile,1964,3.8
Ecuador,Paraguay,1964,0
Ecuador,RESTO_DEL_MUNDO,1964,175.48
Ecuador,Uruguay,1964,0.2
Ecuador,Venezuela,1964,0.1
Ecuador,Argentina,1965,2.4
Ecuador,Chile,1965,3.5
Ecuador,Paraguay,1965,0.03
Ecuador,RESTO_DEL_MUNDO,1965,181.22
Ecuador,Uruguay,1965,0.3
Ecuador,Venezuela,1965,0.2
Ecuador,Argentina,1966,2.9
Ecuador,Chile,1966,5.6
Ecuador,Paraguay,1966,0.038
Ecuador,RESTO_DEL_MUNDO,1966,187.19
Ecuador,Uruguay,1966,0.1
Ecuador,Venezuela,1966,0.03
Ecuador,Argentina,1967,3.5
Ecuador,Chile,1967,7.31
Ecuador,Paraguay,1967,0.045
Ecuador,RESTO_DEL_MUNDO,1967,223.61
Ecuador,Uruguay,1967,0.1
Ecuador,Venezuela,1967,0.05
Ecuador,Argentina,1968,3.6
Ecuador,Chile,1968,9.5
Ecuador,Paraguay,1968,0.027
Ecuador,RESTO_DEL_MUNDO,1968,240.17
Ecuador,Uruguay,1968,0.08
Ecuador,Venezuela,1968,0.3
Ecuador,Argentina,1969,5.16
Ecuador,Chile,1969,12.19
Ecuador,Paraguay,1969,0.088
Ecuador,RESTO_DEL_MUNDO,1969,220.574
Ecuador,Uruguay,1969,0.045
Ecuador,Venezuela,1969,0.1
Ecuador,Argentina,1970,4.39
Ecuador,Chile,1970,9.03
Ecuador,Paraguay,1970,0.104
Ecuador,RESTO_DEL_MUNDO,1970,290.838
Ecuador,Uruguay,1970,0.012
Ecuador,Venezuela,1970,0.1
Ecuador,Argentina,1971,5.24
Ecuador,Chile,1971,10.17
Ecuador,Paraguay,1971,0.122
Ecuador,RESTO_DEL_MUNDO,1971,257.974
Ecuador,Uruguay,1971,0.048
Ecuador,Venezuela,1971,0.1
Ecuador,Argentina,1972,5.68
Ecuador,Chile,1972,14.62
Ecuador,Paraguay,1972,0.068
Ecuador,RESTO_DEL_MUNDO,1972,342.163
Ecuador,Uruguay,1972,0.212
Ecuador,Venezuela,1972,0.3
Ecuador,Argentina,1973,11.5
Ecuador,Chile,1973,13.39
Ecuador,Paraguay,1973,0.123
Ecuador,RESTO_DEL_MUNDO,1973,534.763
Ecuador,Uruguay,1973,0.156
Ecuador,Venezuela,1973,0.04
Ecuador,Argentina,1974,10.92
Ecuador,Chile,1974,78.11
Ecuador,Paraguay,1974,0.295
Ecuador,RESTO_DEL_MUNDO,1974,1115.32
Ecuador,Uruguay,1974,0.354
Ecuador,Venezuela,1974,0.4
Ecuador,Argentina,1975,11.11
Ecuador,Chile,1975,91.3
Ecuador,Paraguay,1975,0.142
Ecuador,RESTO_DEL_MUNDO,1975,1052.32
Ecuador,Uruguay,1975,0.202
Ecuador,Venezuela,1975,1.5
Ecuador,Argentina,1976,7.91
Ecuador,Chile,1976,90.7
Ecuador,Paraguay,1976,0.141
Ecuador,RESTO_DEL_MUNDO,1976,1323.19
Ecuador,Uruguay,1976,0.515
Ecuador,Venezuela,1976,3.8
Ecuador,Argentina,1977,24.83
Ecuador,Chile,1977,107.2
Ecuador,Paraguay,1977,0.401
Ecuador,RESTO_DEL_MUNDO,1977,1466.77
Ecuador,Uruguay,1977,0.188
Ecuador,Venezuela,1977,6.4
Ecuador,Argentina,1978,13.41
Ecuador,Chile,1978,94.5
Ecuador,Paraguay,1978,0.222
Ecuador,RESTO_DEL_MUNDO,1978,1575.15
Ecuador,Uruguay,1978,0.997
Ecuador,Venezuela,1978,15.9
Ecuador,Argentina,1979,37.85
Ecuador,Chile,1979,173.5
Ecuador,Paraguay,1979,0.522
Ecuador,RESTO_DEL_MUNDO,1979,1705.22
Ecuador,Uruguay,1979,4.018
Ecuador,Venezuela,1979,36.9
Ecuador,Argentina,1980,61.12
Ecuador,Chile,1980,210.2
Ecuador,Paraguay,1980,0.379
Ecuador,RESTO_DEL_MUNDO,1980,1817.16
Ecuador,Uruguay,1980,6.278
Ecuador,Venezuela,1980,41.5
Ecuador,Argentina,1981,50.07
Ecuador,Chile,1981,99.5
Ecuador,Paraguay,1981,0.462
Ecuador,RESTO_DEL_MUNDO,1981,2202.27
Ecuador,Uruguay,1981,105.044
Ecuador,Venezuela,1981,47.2
Ecuador,Argentina,1982,35.73
Ecuador,Chile,1982,32.8
Ecuador,Paraguay,1982,0.1199
Ecuador,RESTO_DEL_MUNDO,1982,2451.85
Ecuador,Uruguay,1982,34.355
Ecuador,Venezuela,1982,61.6
Ecuador,Argentina,1983,12.06
Ecuador,Chile,1983,40.4
Ecuador,Paraguay,1983,0.0682
Ecuador,RESTO_DEL_MUNDO,1983,2515.04
Ecuador,Uruguay,1983,0.018
Ecuador,Venezuela,1983,4.4
Ecuador,Argentina,1984,8.75
Ecuador,Chile,1984,46
Ecuador,Paraguay,1984,0.0121
Ecuador,RESTO_DEL_MUNDO,1984,2666.5
Ecuador,Uruguay,1984,0.126
Ecuador,Venezuela,1984,3.3
Ecuador,Argentina,1985,11.54
Ecuador,Chile,1985,48.1
Ecuador,Paraguay,1985,0.1078
Ecuador,RESTO_DEL_MUNDO,1985,3334.77
Ecuador,Uruguay,1985,0.103
Ecuador,Venezuela,1985,2.2
Ecuador,Argentina,1986,28.23
Ecuador,Chile,1986,58.8
Ecuador,Paraguay,1986,0.0418
Ecuador,RESTO_DEL_MUNDO,1986,2502.11
Ecuador,Uruguay,1986,4.326
Ecuador,Venezuela,1986,2.2
Ecuador,Argentina,1987,21.97
Ecuador,Chile,1987,37.2
Ecuador,Paraguay,1987,0.1133
Ecuador,RESTO_DEL_MUNDO,1987,2101.97
Ecuador,Uruguay,1987,0.111
Ecuador,Venezuela,1987,8.8
Ecuador,Argentina,1988,13.22
Ecuador,Chile,1988,55.5
Ecuador,Paraguay,1988,0.1353
Ecuador,RESTO_DEL_MUNDO,1988,2361.88
Ecuador,Uruguay,1988,0.052
Ecuador,Venezuela,1988,5.2954
Ecuador,Argentina,1989,15.9133
Ecuador,Chile,1989,89.2
Ecuador,Paraguay,1989,0.11
Ecuador,RESTO_DEL_MUNDO,1989,2584.11
Ecuador,Uruguay,1989,0.088
Ecuador,Venezuela,1989,1.7941
Ecuador,Argentina,1990,17.723
Ecuador,Chile,1990,80
Ecuador,Paraguay,1990,0.2552
Ecuador,RESTO_DEL_MUNDO,1990,2824.58
Ecuador,Uruguay,1990,0.478
Ecuador,Venezuela,1990,4.19968
Ecuador,Argentina,1991,25.905
Ecuador,Chile,1991,121.5
Ecuador,Paraguay,1991,0.3685
Ecuador,RESTO_DEL_MUNDO,1991,3375.09
Ecuador,Uruguay,1991,0.444
Ecuador,Venezuela,1991,7.3117
Ecuador,Argentina,1992,39.453
Ecuador,Chile,1992,151.76
Ecuador,Paraguay,1992,0.4928
Ecuador,RESTO_DEL_MUNDO,1992,3547.45
Ecuador,Uruguay,1992,0.307
Ecuador,Venezuela,1992,15.1635
Ecuador,Argentina,1993,63.179
Ecuador,Chile,1993,129.432
Ecuador,Paraguay,1993,0.8811
Ecuador,RESTO_DEL_MUNDO,1993,3493.66
Ecuador,Uruguay,1993,0.709
Ecuador,Venezuela,1993,8.5602
Ecuador,Argentina,1994,92.403
Ecuador,Chile,1994,187.1
Ecuador,Paraguay,1994,1.1308
Ecuador,RESTO_DEL_MUNDO,1994,4548.75
Ecuador,Uruguay,1994,2.379
Ecuador,Venezuela,1994,7.93979
Ecuador,Argentina,1995,97.387
Ecuador,Chile,1995,209
Ecuador,Paraguay,1995,1.386
Ecuador,RESTO_DEL_MUNDO,1995,5106.8
Ecuador,Uruguay,1995,18.422
Ecuador,Venezuela,1995,29.5607
Ecuador,Argentina,1996,108.72
Ecuador,Chile,1996,224.88
Ecuador,Paraguay,1996,1.6412
Ecuador,RESTO_DEL_MUNDO,1996,5253.06
Ecuador,Uruguay,1996,23.567
Ecuador,Venezuela,1996,33
Ecuador,Argentina,1997,111.641
Ecuador,Chile,1997,258.57
Ecuador,Paraguay,1997,1.25726
Ecuador,RESTO_DEL_MUNDO,1997,5600.28
Ecuador,Uruguay,1997,14.458
Ecuador,Venezuela,1997,42
Ecuador,Argentina,1998,104.593
Ecuador,Chile,1998,149.57
Ecuador,Paraguay,1998,1.53031
Ecuador,RESTO_DEL_MUNDO,1998,4819.64
Ecuador,Uruguay,1998,39.787
Ecuador,Venezuela,1998,53
Ecuador,Argentina,1999,107.178
Ecuador,Chile,1999,227.5
Ecuador,Paraguay,1999,1.51807
Ecuador,RESTO_DEL_MUNDO,1999,5077.58
Ecuador,Uruguay,1999,9.9851
Ecuador,Venezuela,1999,58
Ecuador,Argentina,2000,131.645
Ecuador,Chile,2000,254.32
Ecuador,Paraguay,2000,1.09951
Ecuador,RESTO_DEL_MUNDO,2000,5867.05
Ecuador,Uruguay,2000,11.0312
Ecuador,Venezuela,2000,123.142
Ecuador,Argentina,2001,116.744
Ecuador,Chile,2001,123.45
Ecuador,Paraguay,2001,0.706871
Ecuador,RESTO_DEL_MUNDO,2001,5797.29
Ecuador,Uruguay,2001,10.0847
Ecuador,Venezuela,2001,174.217
Ecuador,Argentina,2002,23.3387
Ecuador,Chile,2002,92.5
Ecuador,Paraguay,2002,0.484646
Ecuador,RESTO_DEL_MUNDO,2002,5690.78
Ecuador,Uruguay,2002,1.32288
Ecuador,Venezuela,2002,64.922
Ecuador,Argentina,2003,39.5903
Ecuador,Chile,2003,80.3233
Ecuador,Paraguay,2003,0.182947
Ecuador,RESTO_DEL_MUNDO,2003,6699.71
Ecuador,Uruguay,2003,1.17811
Ecuador,Venezuela,2003,52.71
Ecuador,Argentina,2004,55.5129
Ecuador,Chile,2004,139.152
Ecuador,Paraguay,2004,0.40001
Ecuador,RESTO_DEL_MUNDO,2004,9169.62
Ecuador,Uruguay,2004,1.50277
Ecuador,Venezuela,2004,114.588
Ecuador,Argentina,2005,62.552
Ecuador,Chile,2005,271.554
Ecuador,Paraguay,2005,0.347413
Ecuador,RESTO_DEL_MUNDO,2005,12030.8
Ecuador,Uruguay,2005,2.89043
Ecuador,Venezuela,2005,157.428
Ecuador,Argentina,2006,71.5039
Ecuador,Chile,2006,607.723
Ecuador,Paraguay,2006,0.337939
Ecuador,RESTO_DEL_MUNDO,2006,13738.8
Ecuador,Uruguay,2006,3.29607
Ecuador,Venezuela,2006,265.312
Ecuador,Argentina,2007,110.007
Ecuador,Chile,2007,758.501
Ecuador,Paraguay,2007,1.06
Ecuador,RESTO_DEL_MUNDO,2007,14557.2
Ecuador,Uruguay,2007,4.33884
Ecuador,Venezuela,2007,440.258
Ecuador,Argentina,2008,138.579
Ecuador,Chile,2008,1597.67
Ecuador,Paraguay,2008,2.74317
Ecuador,RESTO_DEL_MUNDO,2008,22000.5
Ecuador,Uruguay,2008,5.20786
Ecuador,Venezuela,2008,537.204
Ecuador,Argentina,2009,137.405
Ecuador,Chile,2009,938.388
Ecuador,Paraguay,2009,2.22574
Ecuador,RESTO_DEL_MUNDO,2009,13776.1
Ecuador,Uruguay,2009,7.16192
Ecuador,Venezuela,2009,684.664
Ecuador,Argentina,2010,159.282
Ecuador,Chile,2010,799.443
Ecuador,Paraguay,2010,1.83629
Ecuador,RESTO_DEL_MUNDO,2010,17075.2
Ecuador,Uruguay,2010,35.9259
Ecuador,Venezuela,2010,966.022
Ecuador,Argentina,2011,202.996
Ecuador,Chile,2011,1298.34
Ecuador,Paraguay,2011,2.42214
Ecuador,RESTO_DEL_MUNDO,2011,21330
Ecuador,Uruguay,2011,55.5413
Ecuador,Venezuela,2011,766.316
Ecuador,Argentina,2012,238.523
Ecuador,Chile,2012,2154.89
Ecuador,Paraguay,2012,3.72431
Ecuador,RESTO_DEL_MUNDO,2012,23341.3
Ecuador,Uruguay,2012,15.2621
Ecuador,Venezuela,2012,1105.29
Ecuador,Argentina,2013,277.299
Ecuador,Chile,2013,2514.8
Ecuador,Paraguay,2013,3.88168
Ecuador,RESTO_DEL_MUNDO,2013,24852.5
Ecuador,Uruguay,2013,22.7341
Ecuador,Venezuela,2013,510.627
Ecuador,Argentina,2014,215.375
Ecuador,Chile,2014,2437.65
Ecuador,Paraguay,2014,4.53249
Ecuador,RESTO_DEL_MUNDO,2014,24889.2
Ecuador,Uruguay,2014,23.0404
Ecuador,Venezuela,2014,617.903
Egypt,Iran,1937,0.01
Egypt,Iraq,1937,0.003542
Egypt,RESTO_DEL_MUNDO,1937,209.241
Egypt,Saudi Arabia,1937,0
Egypt,Turkey,1937,1.95
Egypt,Iran,1938,0
Egypt,Iraq,1938,1
Egypt,RESTO_DEL_MUNDO,1938,143.022
Egypt,Saudi Arabia,1938,0
Egypt,Turkey,1938,0.82
Egypt,Iran,1939,0
Egypt,Iraq,1939,0
Egypt,RESTO_DEL_MUNDO,1939,116.992
Egypt,Saudi Arabia,1939,0
Egypt,Turkey,1939,0.45
Egypt,RESTO_DEL_MUNDO,1940,104.305
Egypt,RESTO_DEL_MUNDO,1941,64.912
Egypt,RESTO_DEL_MUNDO,1942,91.1817
Egypt,RESTO_DEL_MUNDO,1943,56.886
Egypt,RESTO_DEL_MUNDO,1944,65.2414
Egypt,RESTO_DEL_MUNDO,1945,100.363
Egypt,RESTO_DEL_MUNDO,1946,157.113
Egypt,RESTO_DEL_MUNDO,1947,318.952
Egypt,Iran,1948,0.1
Egypt,Iraq,1948,1.1
Egypt,Jordan,1948,3.1
Egypt,Lebanon,1948,0
Egypt,RESTO_DEL_MUNDO,1948,487.812
Egypt,Saudi Arabia,1948,2.8
Egypt,Syria,1948,5.6
Egypt,Turkey,1948,0.8
Egypt,Iran,1949,0.1
Egypt,Iraq,1949,0.4
Egypt,Jordan,1949,0
Egypt,Lebanon,1949,0
Egypt,RESTO_DEL_MUNDO,1949,370.642
Egypt,Saudi Arabia,1949,3.5
Egypt,Syria,1949,3.4
Egypt,Turkey,1949,1.1
Egypt,Iran,1950,0.1
Egypt,Iraq,1950,0.2
Egypt,Israel,1950,0.2
Egypt,Jordan,1950,0
Egypt,Lebanon,1950,3.5
Egypt,RESTO_DEL_MUNDO,1950,417.38
Egypt,Saudi Arabia,1950,2.2
Egypt,Syria,1950,2.2
Egypt,Turkey,1950,0.7
Egypt,Iran,1951,0
Egypt,Iraq,1951,0.3
Egypt,Israel,1951,1.1
Egypt,Jordan,1951,0
Egypt,Lebanon,1951,2.1
Egypt,Libya,1951,0
Egypt,RESTO_DEL_MUNDO,1951,515.94
Egypt,Saudi Arabia,1951,2.4
Egypt,Syria,1951,1.6
Egypt,Turkey,1951,1.2
Egypt,Iran,1952,0
Egypt,Iraq,1952,0.3
Egypt,Israel,1952,0
Egypt,Jordan,1952,0
Egypt,Lebanon,1952,1
Egypt,Libya,1952,0
Egypt,RESTO_DEL_MUNDO,1952,419.35
Egypt,Saudi Arabia,1952,2.6
Egypt,Syria,1952,0.6
Egypt,Turkey,1952,0.6
Egypt,Iran,1953,0
Egypt,Iraq,1953,0.4
Egypt,Israel,1953,0
Egypt,Jordan,1953,0.2
Egypt,Lebanon,1953,1.3
Egypt,Libya,1953,0
Egypt,RESTO_DEL_MUNDO,1953,343.64
Egypt,Saudi Arabia,1953,4.2
Egypt,Syria,1953,0.3
Egypt,Turkey,1953,0.1
Egypt,Iran,1954,0.1
Egypt,Iraq,1954,0.5
Egypt,Israel,1954,0
Egypt,Jordan,1954,1.6
Egypt,Lebanon,1954,2.3
Egypt,Libya,1954,0
Egypt,RESTO_DEL_MUNDO,1954,346.84
Egypt,Saudi Arabia,1954,5.3
Egypt,Syria,1954,2.2
Egypt,Turkey,1954,2.1
Egypt,Iran,1955,0.1
Egypt,Iraq,1955,0.7
Egypt,Israel,1955,0
Egypt,Jordan,1955,2.1
Egypt,Lebanon,1955,3.4
Egypt,Libya,1955,2.4
Egypt,RESTO_DEL_MUNDO,1955,377.08
Egypt,Saudi Arabia,1955,6.3
Egypt,Syria,1955,3.1
Egypt,Turkey,1955,2.5
Egypt,Iran,1956,0
Egypt,Iraq,1956,1.2
Egypt,Israel,1956,0
Egypt,Jordan,1956,2.5
Egypt,Lebanon,1956,4.7
Egypt,Libya,1956,2.8
Egypt,RESTO_DEL_MUNDO,1956,425.03
Egypt,Saudi Arabia,1956,5.2
Egypt,Syria,1956,3.8
Egypt,Tunisia,1956,0.9
Egypt,Turkey,1956,0.8
Egypt,Iran,1957,0
Egypt,Iraq,1957,2.1
Egypt,Israel,1957,0
Egypt,Jordan,1957,3.3
Egypt,Lebanon,1957,5.8
Egypt,Libya,1957,2.6
Egypt,RESTO_DEL_MUNDO,1957,474.27
Egypt,Saudi Arabia,1957,9.7
Egypt,Syria,1957,4
Egypt,Tunisia,1957,0.1
Egypt,Turkey,1957,1.9
Egypt,Iran,1958,0.1
Egypt,Iraq,1958,0.8
Egypt,Israel,1958,0
Egypt,Jordan,1958,2.9
Egypt,Lebanon,1958,4
Egypt,Libya,1958,2.1
Egypt,RESTO_DEL_MUNDO,1958,441.8
Egypt,Saudi Arabia,1958,8.6
Egypt,Syria,1958,0
Egypt,Tunisia,1958,0.3
Egypt,Turkey,1958,3.1
Egypt,Iran,1959,0.2
Egypt,Iraq,1959,0.5
Egypt,Israel,1959,0
Egypt,Jordan,1959,2.1
Egypt,Lebanon,1959,5.5
Egypt,Libya,1959,1.1
Egypt,RESTO_DEL_MUNDO,1959,419.48
Egypt,Saudi Arabia,1959,7.5
Egypt,Tunisia,1959,0.1
Egypt,Turkey,1959,0.2
Egypt,Iran,1960,0.2
Egypt,Iraq,1960,0.1
Egypt,Israel,1960,0
Egypt,Jordan,1960,2.2
Egypt,Lebanon,1960,5.3
Egypt,Libya,1960,2.4
Egypt,RESTO_DEL_MUNDO,1960,505.3
Egypt,Saudi Arabia,1960,8.4
Egypt,Tunisia,1960,0.1
Egypt,Turkey,1960,0.2
Egypt,Iran,1961,0
Egypt,Iraq,1961,0.1
Egypt,Israel,1961,0
Egypt,Jordan,1961,2.5
Egypt,Lebanon,1961,5.9
Egypt,Libya,1961,2
Egypt,RESTO_DEL_MUNDO,1961,432.97
Egypt,Saudi Arabia,1961,8.7
Egypt,Syria,1961,18.9
Egypt,Tunisia,1961,0.4
Egypt,Turkey,1961,0.8
Egypt,Algeria,1962,0
Egypt,Iran,1962,0
Egypt,Iraq,1962,0.4
Egypt,Israel,1962,0
Egypt,Jordan,1962,2.3
Egypt,Lebanon,1962,5.5
Egypt,Libya,1962,1.8
Egypt,RESTO_DEL_MUNDO,1962,392.34
Egypt,Saudi Arabia,1962,6.6
Egypt,Syria,1962,0.9
Egypt,Tunisia,1962,0.2
Egypt,Turkey,1962,0.2
Egypt,Algeria,1963,0
Egypt,Iran,1963,0
Egypt,Iraq,1963,0.8
Egypt,Israel,1963,0
Egypt,Jordan,1963,3.3
Egypt,Lebanon,1963,5.7
Egypt,Libya,1963,2.2
Egypt,RESTO_DEL_MUNDO,1963,475.79
Egypt,Saudi Arabia,1963,3.3
Egypt,Syria,1963,3.3
Egypt,Tunisia,1963,0.8
Egypt,Turkey,1963,0.8
Egypt,Algeria,1964,1.6
Egypt,Iran,1964,0
Egypt,Iraq,1964,2.8
Egypt,Israel,1964,0
Egypt,Jordan,1964,4.1
Egypt,Lebanon,1964,6.4
Egypt,Libya,1964,2.2
Egypt,RESTO_DEL_MUNDO,1964,510.1
Egypt,Saudi Arabia,1964,4.8
Egypt,Syria,1964,4.1
Egypt,Tunisia,1964,1.8
Egypt,Turkey,1964,1
Egypt,Algeria,1965,0
Egypt,Iran,1965,0
Egypt,Iraq,1965,3.4
Egypt,Israel,1965,0
Egypt,Jordan,1965,3.6
Egypt,Lebanon,1965,6.5
Egypt,Libya,1965,1.6
Egypt,RESTO_DEL_MUNDO,1965,577.31
Egypt,Saudi Arabia,1965,6.6
Egypt,Syria,1965,2.1
Egypt,Tunisia,1965,1.2
Egypt,Turkey,1965,0.6
Egypt,Algeria,1966,1.7
Egypt,Iran,1966,0
Egypt,Iraq,1966,4.6
Egypt,Israel,1966,0
Egypt,Jordan,1966,3.5
Egypt,Lebanon,1966,4.6
Egypt,Libya,1966,2.2
Egypt,RESTO_DEL_MUNDO,1966,577.607
Egypt,Saudi Arabia,1966,6.5
Egypt,Syria,1966,1.5
Egypt,Tunisia,1966,0
Egypt,Turkey,1966,1
Egypt,Algeria,1967,3.1
Egypt,Iran,1967,0.5
Egypt,Iraq,1967,5.5
Egypt,Israel,1967,0
Egypt,Jordan,1967,3.4
Egypt,Lebanon,1967,4.03
Egypt,Libya,1967,1.5
Egypt,RESTO_DEL_MUNDO,1967,562.952
Egypt,Saudi Arabia,1967,7
Egypt,Syria,1967,1.3
Egypt,Tunisia,1967,0
Egypt,Turkey,1967,0.9
Egypt,Algeria,1968,7.5
Egypt,Iran,1968,0
Egypt,Iraq,1968,8.1
Egypt,Israel,1968,0
Egypt,Jordan,1968,3.2
Egypt,Lebanon,1968,4.35
Egypt,Libya,1968,3
Egypt,RESTO_DEL_MUNDO,1968,630.106
Egypt,Saudi Arabia,1968,5.8
Egypt,Syria,1968,4.5
Egypt,Tunisia,1968,0.5
Egypt,Turkey,1968,1.1
Egypt,Algeria,1969,6.5
Egypt,Iran,1969,0
Egypt,Iraq,1969,10.4
Egypt,Israel,1969,0
Egypt,Jordan,1969,4.88
Egypt,Lebanon,1969,5.77
Egypt,Libya,1969,3.3
Egypt,RESTO_DEL_MUNDO,1969,758.368
Egypt,Saudi Arabia,1969,5.6
Egypt,Syria,1969,4.98
Egypt,Tunisia,1969,0.7
Egypt,Turkey,1969,6.28
Egypt,Algeria,1970,3.7
Egypt,Iran,1970,0
Egypt,Iraq,1970,9.6
Egypt,Israel,1970,0
Egypt,Jordan,1970,5.75
Egypt,Lebanon,1970,3.29
Egypt,Libya,1970,4.5
Egypt,RESTO_DEL_MUNDO,1970,878.965
Egypt,Saudi Arabia,1970,3.7
Egypt,Syria,1970,11.31
Egypt,Tunisia,1970,0.47
Egypt,Turkey,1970,2.82
Egypt,Algeria,1971,2.96
Egypt,Iran,1971,0.21
Egypt,Iraq,1971,7.8
Egypt,Israel,1971,0
Egypt,Jordan,1971,10.18
Egypt,Lebanon,1971,3.96
Egypt,Libya,1971,7.7
Egypt,RESTO_DEL_MUNDO,1971,888.254
Egypt,Saudi Arabia,1971,4.8
Egypt,Syria,1971,14.61
Egypt,Tunisia,1971,0.33
Egypt,Turkey,1971,3.62
Egypt,Algeria,1972,0.17
Egypt,Iran,1972,0
Egypt,Iraq,1972,9.2
Egypt,Israel,1972,0
Egypt,Jordan,1972,6.84
Egypt,Lebanon,1972,5.61
Egypt,Libya,1972,12.8
Egypt,RESTO_DEL_MUNDO,1972,835.521
Egypt,Saudi Arabia,1972,5.7
Egypt,Syria,1972,10.76
Egypt,Tunisia,1972,1.07
Egypt,Turkey,1972,6.13
Egypt,Algeria,1973,0.35
Egypt,Iran,1973,0.07
Egypt,Iraq,1973,6
Egypt,Israel,1973,0
Egypt,Jordan,1973,8.44
Egypt,Lebanon,1973,10.83
Egypt,Libya,1973,18.4
Egypt,RESTO_DEL_MUNDO,1973,1020.12
Egypt,Saudi Arabia,1973,10.2
Egypt,Syria,1973,9.99
Egypt,Tunisia,1973,1.06
Egypt,Turkey,1973,0.23
Egypt,Algeria,1974,0.87
Egypt,Iran,1974,0
Egypt,Iraq,1974,13
Egypt,Israel,1974,0
Egypt,Jordan,1974,21.85
Egypt,Lebanon,1974,12.58
Egypt,Libya,1974,20.7
Egypt,RESTO_DEL_MUNDO,1974,1546.18
Egypt,Saudi Arabia,1974,14.6
Egypt,Syria,1974,6.81
Egypt,Tunisia,1974,2.25
Egypt,Turkey,1974,6.28
Egypt,Algeria,1975,0.85
Egypt,Iran,1975,1.9
Egypt,Iraq,1975,10
Egypt,Israel,1975,0
Egypt,Jordan,1975,19.75
Egypt,Lebanon,1975,9.35
Egypt,Libya,1975,23.6
Egypt,RESTO_DEL_MUNDO,1975,1635.51
Egypt,Saudi Arabia,1975,13.8
Egypt,Syria,1975,6.62
Egypt,Tunisia,1975,2.63
Egypt,Turkey,1975,0.53
Egypt,Algeria,1976,15.25
Egypt,Iran,1976,12.6
Egypt,Iraq,1976,19.2
Egypt,Israel,1976,0
Egypt,Jordan,1976,28.86
Egypt,Lebanon,1976,14.74
Egypt,Libya,1976,12.7
Egypt,RESTO_DEL_MUNDO,1976,1817.68
Egypt,Saudi Arabia,1976,20.8
Egypt,Syria,1976,12.7
Egypt,Tunisia,1976,3.3
Egypt,Turkey,1976,1.92
Egypt,Algeria,1977,17.9
Egypt,Iran,1977,2.8
Egypt,Iraq,1977,7.3
Egypt,Israel,1977,0
Egypt,Jordan,1977,29.08
Egypt,Lebanon,1977,11.43
Egypt,Libya,1977,24.9
Egypt,RESTO_DEL_MUNDO,1977,1940.04
Egypt,Saudi Arabia,1977,44.9
Egypt,Syria,1977,14.75
Egypt,Tunisia,1977,2.94
Egypt,Turkey,1977,2.86
Egypt,Algeria,1978,8.08
Egypt,Iran,1978,3.34
Egypt,Iraq,1978,28
Egypt,Israel,1978,0
Egypt,Jordan,1978,27.76
Egypt,Lebanon,1978,19.66
Egypt,Libya,1978,6.4
Egypt,RESTO_DEL_MUNDO,1978,2296.31
Egypt,Saudi Arabia,1978,46
Egypt,Syria,1978,40.82
Egypt,Tunisia,1978,2.01
Egypt,Turkey,1978,32.1
Egypt,Algeria,1979,0.8
Egypt,Iran,1979,0.36
Egypt,Iraq,1979,6.05
Egypt,Israel,1979,0
Egypt,Jordan,1979,31.44
Egypt,Lebanon,1979,18.83
Egypt,Libya,1979,0.7
Egypt,RESTO_DEL_MUNDO,1979,3647.04
Egypt,Saudi Arabia,1979,61.4
Egypt,Syria,1979,9.76
Egypt,Tunisia,1979,5.12
Egypt,Turkey,1979,0.65
Egypt,Algeria,1980,1.68
Egypt,Iran,1980,0.02
Egypt,Iraq,1980,0.07
Egypt,Israel,1980,182.3
Egypt,Jordan,1980,16.13
Egypt,Lebanon,1980,18.01
Egypt,Libya,1980,0
Egypt,RESTO_DEL_MUNDO,1980,5410.32
Egypt,Saudi Arabia,1980,79.8
Egypt,Syria,1980,7.53
Egypt,Tunisia,1980,11.71
Egypt,Turkey,1980,8.95
Egypt,Algeria,1981,0.29
Egypt,Iran,1981,0
Egypt,Iraq,1981,0.022
Egypt,Israel,1981,0.1
Egypt,Jordan,1981,10.74
Egypt,Lebanon,1981,24.981
Egypt,Libya,1981,0.01
Egypt,RESTO_DEL_MUNDO,1981,5259.49
Egypt,Saudi Arabia,1981,88
Egypt,Syria,1981,0.06
Egypt,Tunisia,1981,5.34
Egypt,Turkey,1981,2.7
Egypt,Algeria,1982,0.89
Egypt,Iran,1982,0.03
Egypt,Iraq,1982,0.737
Egypt,Israel,1982,0.8
Egypt,Jordan,1982,13.07
Egypt,Lebanon,1982,22.99
Egypt,Libya,1982,0.066
Egypt,RESTO_DEL_MUNDO,1982,4584.63
Egypt,Saudi Arabia,1982,89.4
Egypt,Syria,1982,0.02
Egypt,Tunisia,1982,4.72
Egypt,Turkey,1982,13.07
Egypt,Algeria,1983,1.07
Egypt,Iran,1983,0.01
Egypt,Iraq,1983,4.07
Egypt,Israel,1983,2.3
Egypt,Jordan,1983,12.61
Egypt,Lebanon,1983,17.369
Egypt,Libya,1983,0.044
Egypt,RESTO_DEL_MUNDO,1983,4499.07
Egypt,Saudi Arabia,1983,93.3
Egypt,Syria,1983,0.05
Egypt,Tunisia,1983,5.58
Egypt,Turkey,1983,25.01
Egypt,Algeria,1984,1.37417
Egypt,Iran,1984,0
Egypt,Iraq,1984,23.771
Egypt,Israel,1984,0.7
Egypt,Jordan,1984,16.89
Egypt,Lebanon,1984,14.091
Egypt,Libya,1984,0.011
Egypt,RESTO_DEL_MUNDO,1984,4770.35
Egypt,Saudi Arabia,1984,78.8
Egypt,Syria,1984,0.3
Egypt,Tunisia,1984,5.67
Egypt,Turkey,1984,4.43
Egypt,Algeria,1985,7.76
Egypt,Iran,1985,0.202
Egypt,Iraq,1985,43.153
Egypt,Israel,1985,0.7
Egypt,Jordan,1985,10.85
Egypt,Lebanon,1985,24.739
Egypt,Libya,1985,0.209
Egypt,RESTO_DEL_MUNDO,1985,5314.69
Egypt,Saudi Arabia,1985,64.1
Egypt,Syria,1985,0.023
Egypt,Tunisia,1985,6.64
Egypt,Turkey,1985,6.89
Egypt,Algeria,1986,7.99
Egypt,Iran,1986,0.619
Egypt,Iraq,1986,17.7584
Egypt,Israel,1986,230.146
Egypt,Jordan,1986,26.3978
Egypt,Lebanon,1986,5.577
Egypt,Libya,1986,0.19
Egypt,RESTO_DEL_MUNDO,1986,3343.29
Egypt,Saudi Arabia,1986,58.7
Egypt,Syria,1986,0.05
Egypt,Tunisia,1986,5.64
Egypt,Turkey,1986,16.96
Egypt,Algeria,1987,16.49
Egypt,Iran,1987,0
Egypt,Iraq,1987,12.3464
Egypt,Israel,1987,3.8
Egypt,Jordan,1987,28.3054
Egypt,Lebanon,1987,5.3537
Egypt,Libya,1987,0.501
Egypt,RESTO_DEL_MUNDO,1987,4172.9
Egypt,Saudi Arabia,1987,73.4
Egypt,Syria,1987,0.03
Egypt,Tunisia,1987,8.27
Egypt,Turkey,1987,12.523
Egypt,Algeria,1988,13.324
Egypt,Iran,1988,3
Egypt,Iraq,1988,41.4414
Egypt,Israel,1988,2.4
Egypt,Jordan,1988,24.41
Egypt,Lebanon,1988,6.4207
Egypt,Libya,1988,0.146
Egypt,RESTO_DEL_MUNDO,1988,3561.95
Egypt,Saudi Arabia,1988,93.726
Egypt,Syria,1988,0.065657
Egypt,Tunisia,1988,15.62
Egypt,Turkey,1988,12.29
Egypt,Algeria,1989,12.874
Egypt,Iran,1989,3
Egypt,Iraq,1989,68.992
Egypt,Israel,1989,4.9
Egypt,Jordan,1989,31.9993
Egypt,Lebanon,1989,11.7788
Egypt,Libya,1989,5.582
Egypt,RESTO_DEL_MUNDO,1989,4141.29
Egypt,Saudi Arabia,1989,82.7834
Egypt,Syria,1989,2.16116
Egypt,Tunisia,1989,17.964
Egypt,Turkey,1989,21.017
Egypt,Algeria,1990,7.083
Egypt,Iran,1990,4.145
Egypt,Iraq,1990,34.4608
Egypt,Israel,1990,5
Egypt,Jordan,1990,29.174
Egypt,Lebanon,1990,10.164
Egypt,Libya,1990,38.868
Egypt,RESTO_DEL_MUNDO,1990,5061.87
Egypt,Saudi Arabia,1990,100.479
Egypt,Syria,1990,20.2413
Egypt,Tunisia,1990,33.4672
Egypt,Turkey,1990,36.827
Egypt,Algeria,1991,5.349
Egypt,Iran,1991,1.05
Egypt,Iraq,1991,3.9347
Egypt,Israel,1991,12.6
Egypt,Jordan,1991,33.6337
Egypt,Lebanon,1991,17.061
Egypt,Libya,1991,83.925
Egypt,RESTO_DEL_MUNDO,1991,4113.16
Egypt,Saudi Arabia,1991,147.082
Egypt,Syria,1991,26.2923
Egypt,Tunisia,1991,20.3418
Egypt,Turkey,1991,48.408
Egypt,Algeria,1992,51.531
Egypt,Iran,1992,2.28
Egypt,Iraq,1992,0.0231
Egypt,Israel,1992,7.3
Egypt,Jordan,1992,55.184
Egypt,Lebanon,1992,23.5279
Egypt,Libya,1992,63.9859
Egypt,RESTO_DEL_MUNDO,1992,5590.63
Egypt,Saudi Arabia,1992,246.65
Egypt,Syria,1992,42.8849
Egypt,Tunisia,1992,23.0034
Egypt,Turkey,1992,58.844
Egypt,Algeria,1993,48.247
Egypt,Iran,1993,2.7
Egypt,Iraq,1993,0.194146
Egypt,Israel,1993,16
Egypt,Jordan,1993,41.2971
Egypt,Lebanon,1993,29.4164
Egypt,Libya,1993,68.7941
Egypt,RESTO_DEL_MUNDO,1993,4826.84
Egypt,Saudi Arabia,1993,284.023
Egypt,Syria,1993,54.4335
Egypt,Tunisia,1993,24.042
Egypt,Turkey,1993,105
Egypt,Algeria,1994,62.36
Egypt,Iran,1994,0.5
Egypt,Iraq,1994,1.1451
Egypt,Israel,1994,19.5
Egypt,Jordan,1994,42.9697
Egypt,Lebanon,1994,38.6452
Egypt,Libya,1994,48.5562
Egypt,RESTO_DEL_MUNDO,1994,5165.29
Egypt,Saudi Arabia,1994,216.624
Egypt,Syria,1994,69.4374
Egypt,Tunisia,1994,25.7267
Egypt,Turkey,1994,124.187
Egypt,Algeria,1995,58.8181
Egypt,Iran,1995,0.4
Egypt,Iraq,1995,0.136633
Egypt,Israel,1995,37.2
Egypt,Jordan,1995,46.272
Egypt,Lebanon,1995,51.9305
Egypt,Libya,1995,58.1661
Egypt,RESTO_DEL_MUNDO,1995,5137.75
Egypt,Saudi Arabia,1995,236.805
Egypt,Syria,1995,69.6987
Egypt,Tunisia,1995,30.2782
Egypt,Turkey,1995,210.648
Egypt,Algeria,1996,38.991
Egypt,Iran,1996,0.037964
Egypt,Iraq,1996,0.079706
Egypt,Israel,1996,25
Egypt,Jordan,1996,93.0058
Egypt,Lebanon,1996,54.5107
Egypt,Libya,1996,56.9048
Egypt,RESTO_DEL_MUNDO,1996,5541.14
Egypt,Saudi Arabia,1996,258.309
Egypt,Syria,1996,82.7528
Egypt,Tunisia,1996,30.7271
Egypt,Turkey,1996,271.464
Egypt,Algeria,1997,22.9564
Egypt,Iran,1997,1.5
Egypt,Iraq,1997,22.0513
Egypt,Israel,1997,30.4
Egypt,Jordan,1997,36.2922
Egypt,Lebanon,1997,57.657
Egypt,Libya,1997,76.5561
Egypt,RESTO_DEL_MUNDO,1997,5312.21
Egypt,Saudi Arabia,1997,212.981
Egypt,Syria,1997,49.7283
Egypt,Tunisia,1997,41.1653
Egypt,Turkey,1997,398.79
Egypt,Algeria,1998,15.1737
Egypt,Iran,1998,0.189714
Egypt,Iraq,1998,42.3936
Egypt,Israel,1998,17.9
Egypt,Jordan,1998,44.5138
Egypt,Lebanon,1998,48.318
Egypt,Libya,1998,123.279
Egypt,RESTO_DEL_MUNDO,1998,4486.02
Egypt,Saudi Arabia,1998,277.466
Egypt,Syria,1998,57.0871
Egypt,Tunisia,1998,35.5667
Egypt,Turkey,1998,392.9
Egypt,Algeria,1999,10.2073
Egypt,Iran,1999,0.361295
Egypt,Iraq,1999,65.8843
Egypt,Israel,1999,20.1
Egypt,Jordan,1999,41.1241
Egypt,Lebanon,1999,49.5
Egypt,Libya,1999,46.2589
Egypt,RESTO_DEL_MUNDO,1999,4953.76
Egypt,Saudi Arabia,1999,205.404
Egypt,Syria,1999,43.8015
Egypt,Tunisia,1999,50.7541
Egypt,Turkey,1999,108.977
Egypt,Algeria,2000,23.5477
Egypt,Iran,2000,13.7437
Egypt,Iraq,2000,82.3554
Egypt,Israel,2000,20.7
Egypt,Jordan,2000,43.5234
Egypt,Lebanon,2000,85.5
Egypt,Libya,2000,57.8236
Egypt,RESTO_DEL_MUNDO,2000,5588.24
Egypt,Saudi Arabia,2000,201.974
Egypt,Syria,2000,50.3717
Egypt,Tunisia,2000,40.0476
Egypt,Turkey,2000,140.72
Egypt,Algeria,2001,28.9956
Egypt,Iran,2001,6.29978
Egypt,Iraq,2001,99.6148
Egypt,Israel,2001,20
Egypt,Jordan,2001,51.6168
Egypt,Lebanon,2001,106.228
Egypt,Libya,2001,49.8218
Egypt,RESTO_DEL_MUNDO,2001,5059.34
Egypt,Saudi Arabia,2001,185.529
Egypt,Syria,2001,61.5206
Egypt,Tunisia,2001,53.978
Egypt,Turkey,2001,91.7204
Egypt,Algeria,2002,57.9626
Egypt,Iran,2002,12.4315
Egypt,Iraq,2002,73.6866
Egypt,Israel,2002,20.3
Egypt,Jordan,2002,76.0796
Egypt,Lebanon,2002,134.357
Egypt,Libya,2002,76.8006
Egypt,RESTO_DEL_MUNDO,2002,5944.89
Egypt,Saudi Arabia,2002,217.224
Egypt,Syria,2002,66.4368
Egypt,Tunisia,2002,47.2066
Egypt,Turkey,2002,118.173
Egypt,Algeria,2003,46.7279
Egypt,Iran,2003,5
Egypt,Iraq,2003,57.1426
Egypt,Israel,2003,22.3
Egypt,Jordan,2003,117.89
Egypt,Lebanon,2003,174.425
Egypt,Libya,2003,120.373
Egypt,RESTO_DEL_MUNDO,2003,7051.09
Egypt,Saudi Arabia,2003,302.92
Egypt,Syria,2003,81.506
Egypt,Tunisia,2003,48.7234
Egypt,Turkey,2003,189.397
Egypt,Algeria,2004,168.943
Egypt,Iran,2004,7
Egypt,Iraq,2004,58.1583
Egypt,Israel,2004,29
Egypt,Jordan,2004,302.363
Egypt,Lebanon,2004,294.852
Egypt,Libya,2004,78.0325
Egypt,RESTO_DEL_MUNDO,2004,9422.78
Egypt,Saudi Arabia,2004,423.884
Egypt,Syria,2004,827.132
Egypt,Tunisia,2004,62.5756
Egypt,Turkey,2004,255.242
Egypt,Algeria,2005,141.496
Egypt,Iran,2005,10.8094
Egypt,Iraq,2005,61.0162
Egypt,Israel,2005,49.1
Egypt,Jordan,2005,368.105
Egypt,Lebanon,2005,303.423
Egypt,Libya,2005,163.433
Egypt,RESTO_DEL_MUNDO,2005,12279.2
Egypt,Saudi Arabia,2005,797.649
Egypt,Syria,2005,226.561
Egypt,Tunisia,2005,68.5726
Egypt,Turkey,2005,266.818
Egypt,Algeria,2006,197.72
Egypt,Iran,2006,10.3106
Egypt,Iraq,2006,50.6447
Egypt,Israel,2006,77.1
Egypt,Jordan,2006,488.587
Egypt,Lebanon,2006,379.134
Egypt,Libya,2006,183.225
Egypt,RESTO_DEL_MUNDO,2006,17416.7
Egypt,Saudi Arabia,2006,345.995
Egypt,Syria,2006,277.856
Egypt,Tunisia,2006,106.28
Egypt,Turkey,2006,392.501
Egypt,Algeria,2007,141.478
Egypt,Iran,2007,27.4523
Egypt,Iraq,2007,53.8122
Egypt,Israel,2007,93.8
Egypt,Jordan,2007,590.689
Egypt,Lebanon,2007,523.701
Egypt,Libya,2007,268.994
Egypt,RESTO_DEL_MUNDO,2007,19350.9
Egypt,Saudi Arabia,2007,416.632
Egypt,Syria,2007,225.656
Egypt,Tunisia,2007,203.998
Egypt,Turkey,2007,679.346
Egypt,Algeria,2008,195.556
Egypt,Iran,2008,46.8074
Egypt,Iraq,2008,377.82
Egypt,Israel,2008,131.8
Egypt,Jordan,2008,763.269
Egypt,Lebanon,2008,458.202
Egypt,Libya,2008,882.606
Egypt,RESTO_DEL_MUNDO,2008,26277.2
Egypt,Saudi Arabia,2008,1365.4
Egypt,Syria,2008,610.489
Egypt,Tunisia,2008,248.893
Egypt,Turkey,2008,942.817
Egypt,Algeria,2009,502.934
Egypt,Iran,2009,44.0447
Egypt,Iraq,2009,422.905
Egypt,Israel,2009,270.5
Egypt,Jordan,2009,859.629
Egypt,Lebanon,2009,420.639
Egypt,Libya,2009,1102.27
Egypt,RESTO_DEL_MUNDO,2009,18898.6
Egypt,Saudi Arabia,2009,1510.33
Egypt,Syria,2009,921.685
Egypt,Tunisia,2009,167.258
Egypt,Turkey,2009,641.552
Egypt,Algeria,2010,346.92
Egypt,Iran,2010,58.9
Egypt,Iraq,2010,458.68
Egypt,Israel,2010,354.4
Egypt,Jordan,2010,694.173
Egypt,Lebanon,2010,429.969
Egypt,Libya,2010,1329.26
Egypt,RESTO_DEL_MUNDO,2010,22224.9
Egypt,Saudi Arabia,2010,1840.63
Egypt,Syria,2010,906.808
Egypt,Tunisia,2010,172.841
Egypt,Turkey,2010,926.476
Egypt,Algeria,2011,451.76
Egypt,Iran,2011,101.828
Egypt,Iraq,2011,494.893
Egypt,Israel,2011,178.4
Egypt,Jordan,2011,753.476
Egypt,Lebanon,2011,942.382
Egypt,Libya,2011,611.405
Egypt,RESTO_DEL_MUNDO,2011,29312.9
Egypt,Saudi Arabia,2011,2170.66
Egypt,Syria,2011,837.313
Egypt,Tunisia,2011,165.711
Egypt,Turkey,2011,1382.22
Egypt,Algeria,2012,384.607
Egypt,Iran,2012,69.3555
Egypt,Iraq,2012,623.016
Egypt,Israel,2012,59.2
Egypt,Jordan,2012,789.442
Egypt,Lebanon,2012,840.682
Egypt,Libya,2012,1573.73
Egypt,RESTO_DEL_MUNDO,2012,26911.2
Egypt,Saudi Arabia,2012,2004.74
Egypt,Syria,2012,428.431
Egypt,Tunisia,2012,253.989
Egypt,Turkey,2012,1342.05
Egypt,Algeria,2013,487.068
Egypt,Iran,2013,33.3335
Egypt,Iraq,2013,806.277
Egypt,Israel,2013,49.3
Egypt,Jordan,2013,704.5
Egypt,Lebanon,2013,778.445
Egypt,Libya,2013,1406.65
Egypt,RESTO_DEL_MUNDO,2013,25732.3
Egypt,Saudi Arabia,2013,2233.62
Egypt,Syria,2013,413.106
Egypt,Tunisia,2013,236.197
Egypt,Turkey,2013,1628.87
Egypt,Algeria,2014,621.791
Egypt,Iran,2014,24.0393
Egypt,Iraq,2014,857.027
Egypt,Israel,2014,58
Egypt,Jordan,2014,550.136
Egypt,Lebanon,2014,545.702
Egypt,Libya,2014,1086.07
Egypt,RESTO_DEL_MUNDO,2014,24004.7
Egypt,Saudi Arabia,2014,2169.24
Egypt,Syria,2014,385.387
Egypt,Tunisia,2014,216.104
Egypt,Turkey,2014,1434.47
El Salvador,RESTO_DEL_MUNDO,1905,3.02
El Salvador,RESTO_DEL_MUNDO,1910,4.21
El Salvador,RESTO_DEL_MUNDO,1911,4.87
El Salvador,RESTO_DEL_MUNDO,1912,4.98
El Salvador,RESTO_DEL_MUNDO,1913,24.3331
El Salvador,RESTO_DEL_MUNDO,1919,3.32
El Salvador,Costa Rica,1920,0.03
El Salvador,Panama,1920,0.13
El Salvador,RESTO_DEL_MUNDO,1920,9.7595
El Salvador,Costa Rica,1921,0.1
El Salvador,Panama,1921,0.01
El Salvador,RESTO_DEL_MUNDO,1921,7.24
El Salvador,Costa Rica,1922,0.1
El Salvador,Panama,1922,0.09
El Salvador,RESTO_DEL_MUNDO,1922,14.52
El Salvador,Costa Rica,1923,0.0086374
El Salvador,Panama,1923,0.29
El Salvador,RESTO_DEL_MUNDO,1923,15.5602
El Salvador,Costa Rica,1924,0.02
El Salvador,Panama,1924,0.11
El Salvador,RESTO_DEL_MUNDO,1924,42.877
El Salvador,RESTO_DEL_MUNDO,1925,8.77755
El Salvador,Costa Rica,1926,0.01
El Salvador,RESTO_DEL_MUNDO,1926,6.34032
El Salvador,Costa Rica,1927,0.02
El Salvador,RESTO_DEL_MUNDO,1927,14.7155
El Salvador,Costa Rica,1928,0.07
El Salvador,RESTO_DEL_MUNDO,1928,25.0021
El Salvador,Costa Rica,1929,0.07
El Salvador,RESTO_DEL_MUNDO,1929,17.8018
El Salvador,Guatemala,1930,0.02
El Salvador,RESTO_DEL_MUNDO,1930,11.0083
El Salvador,RESTO_DEL_MUNDO,1931,10.6402
El Salvador,RESTO_DEL_MUNDO,1932,5.50466
El Salvador,Costa Rica,1933,0.009011
El Salvador,RESTO_DEL_MUNDO,1933,6.9605
El Salvador,Costa Rica,1934,0.01
El Salvador,RESTO_DEL_MUNDO,1934,8.37232
El Salvador,Guatemala,1935,0.07
El Salvador,RESTO_DEL_MUNDO,1935,10.815
El Salvador,Costa Rica,1936,0.009
El Salvador,RESTO_DEL_MUNDO,1936,9.64193
El Salvador,Costa Rica,1937,0.01
El Salvador,Guatemala,1937,0.09
El Salvador,RESTO_DEL_MUNDO,1937,15.2838
El Salvador,Guatemala,1938,0.1
El Salvador,RESTO_DEL_MUNDO,1938,12.0333
El Salvador,RESTO_DEL_MUNDO,1939,3.32576
El Salvador,RESTO_DEL_MUNDO,1940,1.24
El Salvador,RESTO_DEL_MUNDO,1941,0.02
El Salvador,RESTO_DEL_MUNDO,1942,0.03
El Salvador,RESTO_DEL_MUNDO,1944,0.11
El Salvador,RESTO_DEL_MUNDO,1945,0.003489
El Salvador,RESTO_DEL_MUNDO,1946,0.35
El Salvador,RESTO_DEL_MUNDO,1947,0.85
El Salvador,Costa Rica,1948,0.3
El Salvador,Guatemala,1948,1.5
El Salvador,Panama,1948,0.33
El Salvador,RESTO_DEL_MUNDO,1948,42.5
El Salvador,Costa Rica,1949,0.5
El Salvador,Guatemala,1949,1.6
El Salvador,Panama,1949,0.11
El Salvador,RESTO_DEL_MUNDO,1949,51.2125
El Salvador,Costa Rica,1950,0.1
El Salvador,Dominican Republic,1950,0
El Salvador,Guatemala,1950,1.5
El Salvador,Panama,1950,0.11
El Salvador,RESTO_DEL_MUNDO,1950,64.1
El Salvador,Costa Rica,1951,0
El Salvador,Dominican Republic,1951,0
El Salvador,Guatemala,1951,0.1
El Salvador,Panama,1951,0.11
El Salvador,RESTO_DEL_MUNDO,1951,80.69
El Salvador,Costa Rica,1952,0.1
El Salvador,Dominican Republic,1952,0
El Salvador,Guatemala,1952,0.2
El Salvador,Panama,1952,0.11
El Salvador,RESTO_DEL_MUNDO,1952,74.56
El Salvador,Costa Rica,1953,0.1
El Salvador,Dominican Republic,1953,0
El Salvador,Guatemala,1953,0.4
El Salvador,Panama,1953,0.22
El Salvador,RESTO_DEL_MUNDO,1953,81.43
El Salvador,Costa Rica,1954,0.1
El Salvador,Dominican Republic,1954,0
El Salvador,Guatemala,1954,0.8
El Salvador,Panama,1954,0.11
El Salvador,RESTO_DEL_MUNDO,1954,83.32
El Salvador,Costa Rica,1955,0.3
El Salvador,Dominican Republic,1955,0
El Salvador,Guatemala,1955,0.8
El Salvador,Panama,1955,0.11
El Salvador,RESTO_DEL_MUNDO,1955,117
El Salvador,Costa Rica,1956,0.6
El Salvador,Dominican Republic,1956,0
El Salvador,Guatemala,1956,0.77
El Salvador,Panama,1956,0.11
El Salvador,RESTO_DEL_MUNDO,1956,111.54
El Salvador,Costa Rica,1957,0.5
El Salvador,Dominican Republic,1957,0
El Salvador,Guatemala,1957,1.1
El Salvador,Panama,1957,0.11
El Salvador,RESTO_DEL_MUNDO,1957,132.95
El Salvador,Costa Rica,1958,0.7
El Salvador,Dominican Republic,1958,0
El Salvador,Guatemala,1958,1.3
El Salvador,Panama,1958,0.11
El Salvador,RESTO_DEL_MUNDO,1958,124.81
El Salvador,Costa Rica,1959,0.7
El Salvador,Dominican Republic,1959,0
El Salvador,Guatemala,1959,2.2
El Salvador,Panama,1959,0.11
El Salvador,RESTO_DEL_MUNDO,1959,115
El Salvador,Costa Rica,1960,1
El Salvador,Dominican Republic,1960,0
El Salvador,Guatemala,1960,5.9
El Salvador,Panama,1960,0.22
El Salvador,RESTO_DEL_MUNDO,1960,65.61
El Salvador,Costa Rica,1961,1.7
El Salvador,Dominican Republic,1961,0
El Salvador,Guatemala,1961,6.8
El Salvador,Panama,1961,0.1
El Salvador,RESTO_DEL_MUNDO,1961,76.1
El Salvador,Costa Rica,1962,2.2
El Salvador,Dominican Republic,1962,0
El Salvador,Guatemala,1962,5.9
El Salvador,Panama,1962,0.22
El Salvador,RESTO_DEL_MUNDO,1962,93.7
El Salvador,Costa Rica,1963,2.3
El Salvador,Dominican Republic,1963,0
El Salvador,Guatemala,1963,11.5
El Salvador,Panama,1963,0.22
El Salvador,RESTO_DEL_MUNDO,1963,103.9
El Salvador,Costa Rica,1964,2.9
El Salvador,Dominican Republic,1964,0
El Salvador,Guatemala,1964,19.1
El Salvador,Panama,1964,0.11
El Salvador,RESTO_DEL_MUNDO,1964,113.6
El Salvador,Costa Rica,1965,4.8
El Salvador,Dominican Republic,1965,0
El Salvador,Guatemala,1965,22.4
El Salvador,Panama,1965,0.22
El Salvador,RESTO_DEL_MUNDO,1965,127.21
El Salvador,Costa Rica,1966,7.6
El Salvador,Dominican Republic,1966,0.2
El Salvador,Guatemala,1966,23.5
El Salvador,Panama,1966,0.22
El Salvador,RESTO_DEL_MUNDO,1966,112.511
El Salvador,Costa Rica,1967,12.2
El Salvador,Dominican Republic,1967,0.19
El Salvador,Guatemala,1967,29.3
El Salvador,Panama,1967,0
El Salvador,RESTO_DEL_MUNDO,1967,118.52
El Salvador,Costa Rica,1968,16.2
El Salvador,Dominican Republic,1968,0.14
El Salvador,Guatemala,1968,27.9
El Salvador,Panama,1968,0
El Salvador,RESTO_DEL_MUNDO,1968,132.051
El Salvador,Costa Rica,1969,14.249
El Salvador,Dominican Republic,1969,0.192
El Salvador,Guatemala,1969,33.242
El Salvador,Panama,1969,0.535
El Salvador,RESTO_DEL_MUNDO,1969,107.862
El Salvador,Costa Rica,1970,20.072
El Salvador,Dominican Republic,1970,0.169
El Salvador,Guatemala,1970,39.474
El Salvador,Panama,1970,0.703
El Salvador,RESTO_DEL_MUNDO,1970,124.621
El Salvador,Costa Rica,1971,21.529
El Salvador,Dominican Republic,1971,0.118
El Salvador,Guatemala,1971,42.533
El Salvador,Panama,1971,1.067
El Salvador,RESTO_DEL_MUNDO,1971,127.57
El Salvador,Costa Rica,1972,22.807
El Salvador,Dominican Republic,1972,0.131
El Salvador,Guatemala,1972,45.768
El Salvador,Panama,1972,1.752
El Salvador,RESTO_DEL_MUNDO,1972,147.554
El Salvador,Costa Rica,1973,23.991
El Salvador,Dominican Republic,1973,0.132
El Salvador,Guatemala,1973,57.052
El Salvador,Panama,1973,2.798
El Salvador,RESTO_DEL_MUNDO,1973,246.756
El Salvador,Costa Rica,1974,33.052
El Salvador,Dominican Republic,1974,0.212
El Salvador,Guatemala,1974,72.553
El Salvador,Panama,1974,4.787
El Salvador,RESTO_DEL_MUNDO,1974,347.869
El Salvador,Costa Rica,1975,31.93
El Salvador,Dominican Republic,1975,0.378
El Salvador,Guatemala,1975,59.766
El Salvador,Panama,1975,5.432
El Salvador,RESTO_DEL_MUNDO,1975,420.647
El Salvador,Costa Rica,1976,39.989
El Salvador,Dominican Republic,1976,0.318
El Salvador,Guatemala,1976,58.704
El Salvador,Panama,1976,4.507
El Salvador,RESTO_DEL_MUNDO,1976,570.497
El Salvador,Costa Rica,1977,51.353
El Salvador,Dominican Republic,1977,0.64
El Salvador,Guatemala,1977,45.042
El Salvador,Panama,1977,4.785
El Salvador,RESTO_DEL_MUNDO,1977,793.018
El Salvador,Costa Rica,1978,62.065
El Salvador,Dominican Republic,1978,0.61
El Salvador,Guatemala,1978,113.459
El Salvador,Panama,1978,6.314
El Salvador,RESTO_DEL_MUNDO,1978,615.036
El Salvador,Costa Rica,1979,69.709
El Salvador,Dominican Republic,1979,1.2
El Salvador,Guatemala,1979,163.715
El Salvador,Panama,1979,6.454
El Salvador,RESTO_DEL_MUNDO,1979,835.379
El Salvador,Costa Rica,1980,67.648
El Salvador,Dominican Republic,1980,1.45
El Salvador,Guatemala,1980,99.27
El Salvador,Panama,1980,6.305
El Salvador,RESTO_DEL_MUNDO,1980,784.431
El Salvador,Costa Rica,1981,37.183
El Salvador,Dominican Republic,1981,1.69
El Salvador,Guatemala,1981,102.812
El Salvador,Panama,1981,5.505
El Salvador,RESTO_DEL_MUNDO,1981,534.753
El Salvador,Costa Rica,1982,22.656
El Salvador,Dominican Republic,1982,1.72
El Salvador,Guatemala,1982,117.45
El Salvador,Panama,1982,5.733
El Salvador,RESTO_DEL_MUNDO,1982,474.265
El Salvador,Costa Rica,1983,29.69
El Salvador,Dominican Republic,1983,2.07
El Salvador,Guatemala,1983,103.841
El Salvador,Panama,1983,5.846
El Salvador,RESTO_DEL_MUNDO,1983,602.396
El Salvador,Costa Rica,1984,30.801
El Salvador,Dominican Republic,1984,1.14
El Salvador,Guatemala,1984,97.5918
El Salvador,Panama,1984,5.333
El Salvador,RESTO_DEL_MUNDO,1984,589.011
El Salvador,Costa Rica,1985,30.095
El Salvador,Dominican Republic,1985,1.57
El Salvador,Guatemala,1985,47.7174
El Salvador,Panama,1985,5.657
El Salvador,RESTO_DEL_MUNDO,1985,583.525
El Salvador,Costa Rica,1986,33.789
El Salvador,Dominican Republic,1986,1.99
El Salvador,Guatemala,1986,46.0452
El Salvador,Panama,1986,5.296
El Salvador,RESTO_DEL_MUNDO,1986,620.065
El Salvador,Costa Rica,1987,36.993
El Salvador,Dominican Republic,1987,2.27754
El Salvador,Guatemala,1987,73.5567
El Salvador,Panama,1987,5.863
El Salvador,RESTO_DEL_MUNDO,1987,453.493
El Salvador,Costa Rica,1988,35.964
El Salvador,Dominican Republic,1988,2.34012
El Salvador,Guatemala,1988,81.1342
El Salvador,Panama,1988,3.523
El Salvador,RESTO_DEL_MUNDO,1988,445.592
El Salvador,Costa Rica,1989,44.1959
El Salvador,Dominican Republic,1989,2.87232
El Salvador,Guatemala,1989,88.7955
El Salvador,Panama,1989,3.90114
El Salvador,RESTO_DEL_MUNDO,1989,378.922
El Salvador,Costa Rica,1990,51.3304
El Salvador,Dominican Republic,1990,3.13939
El Salvador,Guatemala,1990,80.0512
El Salvador,Panama,1990,6.86589
El Salvador,RESTO_DEL_MUNDO,1990,486.623
El Salvador,Costa Rica,1991,51.6028
El Salvador,Dominican Republic,1991,4.05523
El Salvador,Guatemala,1991,97.4296
El Salvador,Panama,1991,7.54958
El Salvador,RESTO_DEL_MUNDO,1991,605.536
El Salvador,Costa Rica,1992,60.802
El Salvador,Dominican Republic,1992,5.3614
El Salvador,Guatemala,1992,139.472
El Salvador,Panama,1992,11.3371
El Salvador,RESTO_DEL_MUNDO,1992,667.128
El Salvador,Costa Rica,1993,68.5143
El Salvador,Dominican Republic,1993,6.5351
El Salvador,Guatemala,1993,138.881
El Salvador,Panama,1993,12.5418
El Salvador,RESTO_DEL_MUNDO,1993,809.98
El Salvador,Costa Rica,1994,76.3881
El Salvador,Dominican Republic,1994,7.404
El Salvador,Guatemala,1994,165.091
El Salvador,Panama,1994,13.6522
El Salvador,RESTO_DEL_MUNDO,1994,1133.87
El Salvador,Costa Rica,1995,84.1475
El Salvador,Dominican Republic,1995,6.98885
El Salvador,Guatemala,1995,161.241
El Salvador,Panama,1995,14.4205
El Salvador,RESTO_DEL_MUNDO,1995,1441.58
El Salvador,Costa Rica,1996,93.1769
El Salvador,Dominican Republic,1996,8.03176
El Salvador,Guatemala,1996,128.755
El Salvador,Panama,1996,20.7985
El Salvador,RESTO_DEL_MUNDO,1996,1687.68
El Salvador,Costa Rica,1997,112.798
El Salvador,Dominican Republic,1997,11.4307
El Salvador,Guatemala,1997,219.353
El Salvador,Panama,1997,21.3791
El Salvador,RESTO_DEL_MUNDO,1997,2116.14
El Salvador,Costa Rica,1998,114.78
El Salvador,Dominican Republic,1998,13.0746
El Salvador,Guatemala,1998,310.787
El Salvador,Panama,1998,23.7567
El Salvador,RESTO_DEL_MUNDO,1998,2166.04
El Salvador,Costa Rica,1999,99.205
El Salvador,Dominican Republic,1999,9.11325
El Salvador,Guatemala,1999,312.526
El Salvador,Panama,1999,28.3243
El Salvador,RESTO_DEL_MUNDO,1999,2250
El Salvador,Costa Rica,2000,86.5312
El Salvador,Dominican Republic,2000,11.5851
El Salvador,Guatemala,2000,313.779
El Salvador,Panama,2000,27.8539
El Salvador,RESTO_DEL_MUNDO,2000,2689.27
El Salvador,Costa Rica,2001,78.2112
El Salvador,Dominican Republic,2001,17.0849
El Salvador,Guatemala,2001,385.019
El Salvador,Panama,2001,26.387
El Salvador,RESTO_DEL_MUNDO,2001,2542.21
El Salvador,Costa Rica,2002,84.6041
El Salvador,Dominican Republic,2002,23.192
El Salvador,Guatemala,2002,397.685
El Salvador,Panama,2002,35.6788
El Salvador,RESTO_DEL_MUNDO,2002,2612.54
El Salvador,Costa Rica,2003,102.02
El Salvador,Dominican Republic,2003,21.4038
El Salvador,Guatemala,2003,410.054
El Salvador,Panama,2003,46.4478
El Salvador,RESTO_DEL_MUNDO,2003,2713.85
El Salvador,Costa Rica,2004,92.4896
El Salvador,Dominican Republic,2004,26.4463
El Salvador,Guatemala,2004,449.148
El Salvador,Panama,2004,50.9612
El Salvador,RESTO_DEL_MUNDO,2004,2819.18
El Salvador,Costa Rica,2005,98.158
El Salvador,Dominican Republic,2005,35.7964
El Salvador,Guatemala,2005,502.969
El Salvador,Panama,2005,55.3497
El Salvador,RESTO_DEL_MUNDO,2005,2997.37
El Salvador,Costa Rica,2006,106.106
El Salvador,Dominican Republic,2006,55.1957
El Salvador,Guatemala,2006,544.778
El Salvador,Panama,2006,60.9747
El Salvador,RESTO_DEL_MUNDO,2006,2954.35
El Salvador,Costa Rica,2007,132.062
El Salvador,Dominican Republic,2007,67.4725
El Salvador,Guatemala,2007,620.843
El Salvador,Panama,2007,72.0334
El Salvador,RESTO_DEL_MUNDO,2007,3277.55
El Salvador,Costa Rica,2008,151.19
El Salvador,Dominican Republic,2008,68.3187
El Salvador,Guatemala,2008,692.067
El Salvador,Panama,2008,91.8743
El Salvador,RESTO_DEL_MUNDO,2008,3699.45
El Salvador,Costa Rica,2009,120.302
El Salvador,Dominican Republic,2009,74.5309
El Salvador,Guatemala,2009,590.008
El Salvador,Panama,2009,82.2702
El Salvador,RESTO_DEL_MUNDO,2009,3059.92
El Salvador,Costa Rica,2010,152.367
El Salvador,Dominican Republic,2010,93.1304
El Salvador,Guatemala,2010,676.113
El Salvador,Panama,2010,80.9674
El Salvador,RESTO_DEL_MUNDO,2010,3611.47
El Salvador,Costa Rica,2011,196.422
El Salvador,Dominican Republic,2011,71.7615
El Salvador,Guatemala,2011,820.403
El Salvador,Panama,2011,101.914
El Salvador,RESTO_DEL_MUNDO,2011,4434.3
El Salvador,Costa Rica,2012,221.45
El Salvador,Dominican Republic,2012,84.1878
El Salvador,Guatemala,2012,777.144
El Salvador,Panama,2012,115.013
El Salvador,RESTO_DEL_MUNDO,2012,4453.53
El Salvador,Costa Rica,2013,248.736
El Salvador,Dominican Republic,2013,82.938
El Salvador,Guatemala,2013,819.985
El Salvador,Panama,2013,115.878
El Salvador,RESTO_DEL_MUNDO,2013,4337.03
El Salvador,Costa Rica,2014,266.638
El Salvador,Dominican Republic,2014,92.5897
El Salvador,Guatemala,2014,830.668
El Salvador,Panama,2014,117.887
El Salvador,RESTO_DEL_MUNDO,2014,4241.31
Ethiopia,RESTO_DEL_MUNDO,1906,0.0051452
Ethiopia,RESTO_DEL_MUNDO,1907,0.0091658
Ethiopia,RESTO_DEL_MUNDO,1908,0.0079504
Ethiopia,RESTO_DEL_MUNDO,1909,0.01
Ethiopia,RESTO_DEL_MUNDO,1919,0.124972
Ethiopia,RESTO_DEL_MUNDO,1920,0.048467
Ethiopia,RESTO_DEL_MUNDO,1921,0.035046
Ethiopia,RESTO_DEL_MUNDO,1922,0.041931
Ethiopia,RESTO_DEL_MUNDO,1923,0.043756
Ethiopia,RESTO_DEL_MUNDO,1924,0.42
Ethiopia,RESTO_DEL_MUNDO,1925,1.13521
Ethiopia,RESTO_DEL_MUNDO,1926,1.05062
Ethiopia,RESTO_DEL_MUNDO,1927,2.13451
Ethiopia,RESTO_DEL_MUNDO,1928,3.25703
Ethiopia,RESTO_DEL_MUNDO,1929,2.3829
Ethiopia,RESTO_DEL_MUNDO,1930,1.76895
Ethiopia,RESTO_DEL_MUNDO,1931,1.51298
Ethiopia,RESTO_DEL_MUNDO,1932,1.26551
Ethiopia,RESTO_DEL_MUNDO,1933,1.70422
Ethiopia,RESTO_DEL_MUNDO,1934,1.93178
Ethiopia,RESTO_DEL_MUNDO,1935,1.84141
Ethiopia,RESTO_DEL_MUNDO,1936,2.14996
Ethiopia,RESTO_DEL_MUNDO,1941,0.242417
Ethiopia,RESTO_DEL_MUNDO,1942,1.11005
Ethiopia,RESTO_DEL_MUNDO,1943,0.870004
Ethiopia,RESTO_DEL_MUNDO,1944,0.943391
Ethiopia,RESTO_DEL_MUNDO,1945,1.43205
Ethiopia,RESTO_DEL_MUNDO,1946,3.895
Ethiopia,RESTO_DEL_MUNDO,1947,7.35937
Ethiopia,RESTO_DEL_MUNDO,1948,21.1989
Ethiopia,RESTO_DEL_MUNDO,1949,19.7152
Ethiopia,RESTO_DEL_MUNDO,1950,23
Ethiopia,RESTO_DEL_MUNDO,1951,40.4
Ethiopia,South Africa,1951,0
Ethiopia,RESTO_DEL_MUNDO,1952,52.5
Ethiopia,South Africa,1952,0
Ethiopia,RESTO_DEL_MUNDO,1953,88.52
Ethiopia,South Africa,1953,0
Ethiopia,RESTO_DEL_MUNDO,1954,83.72
Ethiopia,South Africa,1954,0
Ethiopia,RESTO_DEL_MUNDO,1955,82.53
Ethiopia,South Africa,1955,0
Ethiopia,RESTO_DEL_MUNDO,1956,76.92
Ethiopia,South Africa,1956,0
Ethiopia,Ghana,1957,0
Ethiopia,RESTO_DEL_MUNDO,1957,84.16
Ethiopia,South Africa,1957,0.1
Ethiopia,Ghana,1958,0
Ethiopia,RESTO_DEL_MUNDO,1958,67.22
Ethiopia,South Africa,1958,0
Ethiopia,Ghana,1959,0
Ethiopia,RESTO_DEL_MUNDO,1959,65.11
Ethiopia,South Africa,1959,0
Ethiopia,Cameroon,1960,0
Ethiopia,Ghana,1960,0
Ethiopia,Nigeria,1960,0
Ethiopia,RESTO_DEL_MUNDO,1960,74.01
Ethiopia,Senegal,1960,0
Ethiopia,Cameroon,1961,0
Ethiopia,Ghana,1961,0
Ethiopia,Nigeria,1961,0
Ethiopia,RESTO_DEL_MUNDO,1961,74.41
Ethiopia,Senegal,1961,0
Ethiopia,Tanzania,1961,0
Ethiopia,Cameroon,1962,0
Ethiopia,Ghana,1962,0
Ethiopia,Nigeria,1962,0
Ethiopia,RESTO_DEL_MUNDO,1962,78
Ethiopia,Senegal,1962,0
Ethiopia,Tanzania,1962,0
Ethiopia,Uganda,1962,0
Ethiopia,Cameroon,1963,0
Ethiopia,Ghana,1963,0
Ethiopia,Kenya,1963,0.3
Ethiopia,Nigeria,1963,0
Ethiopia,RESTO_DEL_MUNDO,1963,88.1
Ethiopia,Senegal,1963,0
Ethiopia,Tanzania,1963,0
Ethiopia,Uganda,1963,0
Ethiopia,Cameroon,1964,0
Ethiopia,Ghana,1964,0
Ethiopia,Kenya,1964,0.1
Ethiopia,Nigeria,1964,0
Ethiopia,RESTO_DEL_MUNDO,1964,103
Ethiopia,Senegal,1964,0
Ethiopia,Tanzania,1964,0
Ethiopia,Uganda,1964,0.1
Ethiopia,Zambia,1964,0
Ethiopia,Cameroon,1965,0
Ethiopia,Ghana,1965,0
Ethiopia,Kenya,1965,0.3
Ethiopia,Nigeria,1965,0
Ethiopia,RESTO_DEL_MUNDO,1965,116.5
Ethiopia,Senegal,1965,0
Ethiopia,Tanzania,1965,0
Ethiopia,Uganda,1965,0.2
Ethiopia,Zambia,1965,0
Ethiopia,Zimbabwe,1965,0
Ethiopia,Botswana,1966,0
Ethiopia,Cameroon,1966,0
Ethiopia,Ghana,1966,0
Ethiopia,Kenya,1966,0.1
Ethiopia,Nigeria,1966,0
Ethiopia,RESTO_DEL_MUNDO,1966,104.601
Ethiopia,Senegal,1966,0
Ethiopia,Tanzania,1966,0.1
Ethiopia,Uganda,1966,0.1
Ethiopia,Zambia,1966,0
Ethiopia,Zimbabwe,1966,0
Ethiopia,Botswana,1967,0
Ethiopia,Cameroon,1967,0
Ethiopia,Ghana,1967,0
Ethiopia,Kenya,1967,0.1
Ethiopia,Nigeria,1967,0
Ethiopia,RESTO_DEL_MUNDO,1967,105.993
Ethiopia,Senegal,1967,0
Ethiopia,Tanzania,1967,0
Ethiopia,Uganda,1967,0.1
Ethiopia,Zambia,1967,0
Ethiopia,Zimbabwe,1967,0
Ethiopia,Botswana,1968,0
Ethiopia,Cameroon,1968,0
Ethiopia,Ghana,1968,0
Ethiopia,Kenya,1968,0.1
Ethiopia,Nigeria,1968,0
Ethiopia,RESTO_DEL_MUNDO,1968,109.411
Ethiopia,Senegal,1968,0
Ethiopia,Tanzania,1968,0
Ethiopia,Uganda,1968,0
Ethiopia,Zambia,1968,0
Ethiopia,Zimbabwe,1968,0
Ethiopia,Botswana,1969,0
Ethiopia,Cameroon,1969,0
Ethiopia,Ghana,1969,0.001
Ethiopia,Kenya,1969,0.072
Ethiopia,Nigeria,1969,0.008
Ethiopia,RESTO_DEL_MUNDO,1969,111.931
Ethiopia,Senegal,1969,0.004
Ethiopia,Tanzania,1969,0.009
Ethiopia,Uganda,1969,0.017
Ethiopia,Zambia,1969,0.0172727
Ethiopia,Zimbabwe,1969,0
Ethiopia,Botswana,1970,0
Ethiopia,Cameroon,1970,0
Ethiopia,Ghana,1970,0.018
Ethiopia,Kenya,1970,0.297
Ethiopia,Nigeria,1970,0.131
Ethiopia,RESTO_DEL_MUNDO,1970,133.093
Ethiopia,Senegal,1970,0.005
Ethiopia,Tanzania,1970,0.018
Ethiopia,Uganda,1970,0.006
Ethiopia,Zambia,1970,0.035
Ethiopia,Zimbabwe,1970,0
Ethiopia,Botswana,1971,0.002
Ethiopia,Cameroon,1971,0
Ethiopia,Ghana,1971,0.017
Ethiopia,Kenya,1971,0.46
Ethiopia,Nigeria,1971,0.035
Ethiopia,RESTO_DEL_MUNDO,1971,134.899
Ethiopia,Senegal,1971,0.018
Ethiopia,Tanzania,1971,0.034
Ethiopia,Uganda,1971,0.002
Ethiopia,Zambia,1971,0.0154545
Ethiopia,Zimbabwe,1971,0
Ethiopia,Botswana,1972,0
Ethiopia,Cameroon,1972,0.002
Ethiopia,Ghana,1972,0.02
Ethiopia,Kenya,1972,0.526
Ethiopia,Nigeria,1972,0.015
Ethiopia,RESTO_DEL_MUNDO,1972,152.316
Ethiopia,Senegal,1972,0.012
Ethiopia,Tanzania,1972,0.012
Ethiopia,Uganda,1972,0.034
Ethiopia,Zambia,1972,0.00181818
Ethiopia,Zimbabwe,1972,0
Ethiopia,Botswana,1973,0.025
Ethiopia,Cameroon,1973,0.001
Ethiopia,Ghana,1973,0.158
Ethiopia,Kenya,1973,0.494
Ethiopia,Nigeria,1973,0.039
Ethiopia,RESTO_DEL_MUNDO,1973,244.58
Ethiopia,Senegal,1973,0.015
Ethiopia,Tanzania,1973,0.027
Ethiopia,Uganda,1973,0.012
Ethiopia,Zambia,1973,0.158
Ethiopia,Zimbabwe,1973,0
Ethiopia,Botswana,1974,0
Ethiopia,Cameroon,1974,0
Ethiopia,Ghana,1974,0.323
Ethiopia,Kenya,1974,0.446
Ethiopia,Nigeria,1974,0.007
Ethiopia,RESTO_DEL_MUNDO,1974,271.419
Ethiopia,Senegal,1974,0.027
Ethiopia,Tanzania,1974,0.007
Ethiopia,Uganda,1974,0.001
Ethiopia,Zambia,1974,0.00545455
Ethiopia,Zimbabwe,1974,0
Ethiopia,Botswana,1975,0
Ethiopia,Cameroon,1975,0
Ethiopia,Ghana,1975,0.076
Ethiopia,Kenya,1975,0.289
Ethiopia,Mozambique,1975,0
Ethiopia,Nigeria,1975,0.008
Ethiopia,RESTO_DEL_MUNDO,1975,220.709
Ethiopia,Senegal,1975,0
Ethiopia,Tanzania,1975,0.002
Ethiopia,Uganda,1975,0.003
Ethiopia,Zambia,1975,0
Ethiopia,Zimbabwe,1975,0
Ethiopia,Botswana,1976,0
Ethiopia,Cameroon,1976,0.012
Ethiopia,Ghana,1976,0.055
Ethiopia,Kenya,1976,0.137
Ethiopia,Mozambique,1976,0
Ethiopia,Nigeria,1976,0.017
Ethiopia,RESTO_DEL_MUNDO,1976,272.741
Ethiopia,Senegal,1976,0
Ethiopia,Tanzania,1976,0.001
Ethiopia,Uganda,1976,0.011
Ethiopia,Zambia,1976,0.00454545
Ethiopia,Zimbabwe,1976,0
Ethiopia,Botswana,1977,0
Ethiopia,Cameroon,1977,0.016
Ethiopia,Ghana,1977,0.081
Ethiopia,Kenya,1977,0.594
Ethiopia,Mozambique,1977,0
Ethiopia,Nigeria,1977,0.007
Ethiopia,RESTO_DEL_MUNDO,1977,337.489
Ethiopia,Senegal,1977,0
Ethiopia,Tanzania,1977,0.005
Ethiopia,Uganda,1977,0.001
Ethiopia,Zambia,1977,0.00272727
Ethiopia,Zimbabwe,1977,0
Ethiopia,Botswana,1978,0
Ethiopia,Cameroon,1978,0
Ethiopia,Ghana,1978,0.048
Ethiopia,Kenya,1978,1.447
Ethiopia,Mozambique,1978,0
Ethiopia,Nigeria,1978,0.003
Ethiopia,RESTO_DEL_MUNDO,1978,296.85
Ethiopia,Senegal,1978,0
Ethiopia,Tanzania,1978,0.063
Ethiopia,Uganda,1978,0.002
Ethiopia,Zambia,1978,0.001
Ethiopia,Zimbabwe,1978,0
Ethiopia,Botswana,1979,0
Ethiopia,Cameroon,1979,0.017
Ethiopia,Ghana,1979,0.012
Ethiopia,Kenya,1979,5.995
Ethiopia,Mozambique,1979,0
Ethiopia,Nigeria,1979,0
Ethiopia,RESTO_DEL_MUNDO,1979,431.134
Ethiopia,Senegal,1979,0.009
Ethiopia,Tanzania,1979,0.083
Ethiopia,Uganda,1979,0
Ethiopia,Zambia,1979,0.00272727
Ethiopia,Zimbabwe,1979,0
Ethiopia,Botswana,1980,0
Ethiopia,Cameroon,1980,0.01
Ethiopia,Ghana,1980,0.04
Ethiopia,Kenya,1980,6.808
Ethiopia,Mozambique,1980,0
Ethiopia,Nigeria,1980,0.002
Ethiopia,RESTO_DEL_MUNDO,1980,454.963
Ethiopia,Senegal,1980,0.008
Ethiopia,Tanzania,1980,0.018
Ethiopia,Uganda,1980,0.764
Ethiopia,Zambia,1980,0.00272727
Ethiopia,Zimbabwe,1980,0
Ethiopia,Botswana,1981,0
Ethiopia,Cameroon,1981,0.014
Ethiopia,Ghana,1981,0.054
Ethiopia,Kenya,1981,9.415
Ethiopia,Mozambique,1981,0
Ethiopia,Nigeria,1981,0
Ethiopia,RESTO_DEL_MUNDO,1981,402.909
Ethiopia,Senegal,1981,0.006
Ethiopia,Tanzania,1981,0.017
Ethiopia,Uganda,1981,0
Ethiopia,Zambia,1981,0
Ethiopia,Zimbabwe,1981,0.015
Ethiopia,Botswana,1982,0
Ethiopia,Cameroon,1982,0
Ethiopia,Ghana,1982,0.088
Ethiopia,Kenya,1982,24.961
Ethiopia,Mozambique,1982,0
Ethiopia,Nigeria,1982,0
Ethiopia,RESTO_DEL_MUNDO,1982,438.694
Ethiopia,Senegal,1982,0.01
Ethiopia,Tanzania,1982,0.032
Ethiopia,Uganda,1982,0
Ethiopia,Zambia,1982,0.0409091
Ethiopia,Zimbabwe,1982,0.044
Ethiopia,Botswana,1983,0
Ethiopia,Cameroon,1983,0
Ethiopia,Ghana,1983,0.047
Ethiopia,Kenya,1983,6.672
Ethiopia,Mozambique,1983,0
Ethiopia,Nigeria,1983,0.001
Ethiopia,RESTO_DEL_MUNDO,1983,411.706
Ethiopia,Senegal,1983,0.009
Ethiopia,Tanzania,1983,0.012
Ethiopia,Uganda,1983,0
Ethiopia,Zambia,1983,0.0290198
Ethiopia,Zimbabwe,1983,0.011
Ethiopia,Botswana,1984,0
Ethiopia,Cameroon,1984,0
Ethiopia,Ghana,1984,0
Ethiopia,Kenya,1984,5.205
Ethiopia,Mozambique,1984,0
Ethiopia,Nigeria,1984,0.001
Ethiopia,RESTO_DEL_MUNDO,1984,416.017
Ethiopia,Senegal,1984,0.001
Ethiopia,Tanzania,1984,0.249
Ethiopia,Uganda,1984,0.0011
Ethiopia,Zambia,1984,0.001
Ethiopia,Zimbabwe,1984,0.013
Ethiopia,Botswana,1985,0
Ethiopia,Cameroon,1985,0
Ethiopia,Ghana,1985,0
Ethiopia,Kenya,1985,4.98084
Ethiopia,Mozambique,1985,0
Ethiopia,Nigeria,1985,0.013076
Ethiopia,RESTO_DEL_MUNDO,1985,307.025
Ethiopia,Senegal,1985,0
Ethiopia,Tanzania,1985,0.028
Ethiopia,Uganda,1985,0.2574
Ethiopia,Zambia,1985,0.00764418
Ethiopia,Zimbabwe,1985,0.008
Ethiopia,Botswana,1986,0
Ethiopia,Cameroon,1986,0
Ethiopia,Ghana,1986,0.000179364
Ethiopia,Kenya,1986,5.59511
Ethiopia,Mozambique,1986,0
Ethiopia,Nigeria,1986,0.00854705
Ethiopia,RESTO_DEL_MUNDO,1986,388.516
Ethiopia,Senegal,1986,0.000424482
Ethiopia,Tanzania,1986,0.128
Ethiopia,Uganda,1986,0.346663
Ethiopia,Zambia,1986,0
Ethiopia,Zimbabwe,1986,0.013
Ethiopia,Botswana,1987,0
Ethiopia,Cameroon,1987,0
Ethiopia,Ghana,1987,0.029252
Ethiopia,Kenya,1987,3.28129
Ethiopia,Mozambique,1987,0
Ethiopia,Nigeria,1987,0.00982601
Ethiopia,RESTO_DEL_MUNDO,1987,362.455
Ethiopia,Senegal,1987,0.00047249
Ethiopia,South Africa,1987,0
Ethiopia,Tanzania,1987,0.119
Ethiopia,Uganda,1987,0.0286
Ethiopia,Zambia,1987,0.00493725
Ethiopia,Zimbabwe,1987,0.011
Ethiopia,Botswana,1988,0
Ethiopia,Cameroon,1988,0
Ethiopia,Ghana,1988,0.0324296
Ethiopia,Kenya,1988,1.43995
Ethiopia,Mozambique,1988,0
Ethiopia,Nigeria,1988,0
Ethiopia,RESTO_DEL_MUNDO,1988,351.365
Ethiopia,Senegal,1988,0.00226626
Ethiopia,South Africa,1988,0
Ethiopia,Tanzania,1988,0
Ethiopia,Uganda,1988,0.198
Ethiopia,Zambia,1988,0.00169368
Ethiopia,Zimbabwe,1988,0.00595914
Ethiopia,Botswana,1989,0
Ethiopia,Cameroon,1989,0
Ethiopia,Ghana,1989,0.0427605
Ethiopia,Kenya,1989,1.55503
Ethiopia,Mozambique,1989,0
Ethiopia,Nigeria,1989,0.00733224
Ethiopia,RESTO_DEL_MUNDO,1989,413.525
Ethiopia,Senegal,1989,0
Ethiopia,South Africa,1989,0.019
Ethiopia,Tanzania,1989,0
Ethiopia,Uganda,1989,0.1529
Ethiopia,Zambia,1989,0.00123066
Ethiopia,Zimbabwe,1989,0.0114147
Ethiopia,Botswana,1990,0
Ethiopia,Cameroon,1990,0.0110187
Ethiopia,Ghana,1990,0
Ethiopia,Kenya,1990,0.044
Ethiopia,Mozambique,1990,0
Ethiopia,Nigeria,1990,0.0503245
Ethiopia,RESTO_DEL_MUNDO,1990,388.856
Ethiopia,Senegal,1990,0.0239547
Ethiopia,South Africa,1990,0.01
Ethiopia,Tanzania,1990,0.0820278
Ethiopia,Uganda,1990,0.0011
Ethiopia,Zambia,1990,0.000198091
Ethiopia,Zimbabwe,1990,0.0605718
Ethiopia,Botswana,1991,0
Ethiopia,Cameroon,1991,0
Ethiopia,Ghana,1991,0.004
Ethiopia,Kenya,1991,0.01
Ethiopia,Mozambique,1991,0
Ethiopia,Nigeria,1991,0.00488168
Ethiopia,RESTO_DEL_MUNDO,1991,313.349
Ethiopia,Senegal,1991,0.000620335
Ethiopia,South Africa,1991,0
Ethiopia,Tanzania,1991,0
Ethiopia,Uganda,1991,0.1232
Ethiopia,Zambia,1991,0.000293937
Ethiopia,Zimbabwe,1991,0.0617699
Ethiopia,Botswana,1992,0
Ethiopia,Cameroon,1992,0
Ethiopia,Ghana,1992,1.102
Ethiopia,Kenya,1992,0.0841796
Ethiopia,Mozambique,1992,0
Ethiopia,Nigeria,1992,0
Ethiopia,RESTO_DEL_MUNDO,1992,207.233
Ethiopia,Senegal,1992,0.00192776
Ethiopia,South Africa,1992,0
Ethiopia,Tanzania,1992,0
Ethiopia,Uganda,1992,0
Ethiopia,Zambia,1992,9.29078e-05
Ethiopia,Zimbabwe,1992,0.0404668
Ethiopia,Botswana,1993,0
Ethiopia,Cameroon,1993,0
Ethiopia,Ghana,1993,0
Ethiopia,Kenya,1993,0.0247925
Ethiopia,Mozambique,1993,0
Ethiopia,Nigeria,1993,0
Ethiopia,RESTO_DEL_MUNDO,1993,276.203
Ethiopia,Senegal,1993,0.0010418
Ethiopia,South Africa,1993,0
Ethiopia,Tanzania,1993,0
Ethiopia,Uganda,1993,0
Ethiopia,Zambia,1993,0.000552166
Ethiopia,Zimbabwe,1993,0.0307393
Ethiopia,Botswana,1994,0
Ethiopia,Cameroon,1994,0
Ethiopia,Ghana,1994,0.000201281
Ethiopia,Kenya,1994,0.178762
Ethiopia,Mozambique,1994,0
Ethiopia,Nigeria,1994,0
Ethiopia,RESTO_DEL_MUNDO,1994,353.325
Ethiopia,Senegal,1994,0.000156699
Ethiopia,South Africa,1994,0
Ethiopia,Tanzania,1994,0.0346203
Ethiopia,Uganda,1994,0.00503202
Ethiopia,Zambia,1994,0.00786825
Ethiopia,Zimbabwe,1994,0.0399678
Ethiopia,Botswana,1995,0
Ethiopia,Cameroon,1995,0.00601024
Ethiopia,Ghana,1995,0.00160758
Ethiopia,Kenya,1995,0.0944899
Ethiopia,Mozambique,1995,0
Ethiopia,Nigeria,1995,0
Ethiopia,RESTO_DEL_MUNDO,1995,545.327
Ethiopia,Senegal,1995,2.80478e-05
Ethiopia,South Africa,1995,0.927199
Ethiopia,Tanzania,1995,0.171475
Ethiopia,Uganda,1995,0.0108958
Ethiopia,Zambia,1995,0.0365295
Ethiopia,Zimbabwe,1995,0.015
Ethiopia,Botswana,1996,0
Ethiopia,Cameroon,1996,0
Ethiopia,Ghana,1996,0
Ethiopia,Kenya,1996,0.0268679
Ethiopia,Mozambique,1996,0
Ethiopia,Nigeria,1996,0.0138546
Ethiopia,RESTO_DEL_MUNDO,1996,525.544
Ethiopia,Senegal,1996,0
Ethiopia,South Africa,1996,0
Ethiopia,Tanzania,1996,0.0458934
Ethiopia,Uganda,1996,0.0145473
Ethiopia,Zambia,1996,0.0498461
Ethiopia,Zimbabwe,1996,0.00932061
Ethiopia,Botswana,1997,0
Ethiopia,Cameroon,1997,0
Ethiopia,Ghana,1997,0.000655802
Ethiopia,Kenya,1997,10.3915
Ethiopia,Mozambique,1997,0
Ethiopia,Nigeria,1997,0.000163951
Ethiopia,RESTO_DEL_MUNDO,1997,621.91
Ethiopia,Senegal,1997,1.7133e-05
Ethiopia,South Africa,1997,0.415838
Ethiopia,Tanzania,1997,0.264191
Ethiopia,Uganda,1997,1.68148
Ethiopia,Zambia,1997,0.12172
Ethiopia,Zimbabwe,1997,0.410029
Ethiopia,Botswana,1998,0
Ethiopia,Cameroon,1998,0.0118654
Ethiopia,Ghana,1998,0
Ethiopia,Kenya,1998,1.16645
Ethiopia,Mozambique,1998,0
Ethiopia,Nigeria,1998,0.0151492
Ethiopia,RESTO_DEL_MUNDO,1998,633.969
Ethiopia,Senegal,1998,0.00222561
Ethiopia,South Africa,1998,5.89599
Ethiopia,Tanzania,1998,0.825888
Ethiopia,Uganda,1998,0.0480754
Ethiopia,Zambia,1998,0.152773
Ethiopia,Zimbabwe,1998,0.0143847
Ethiopia,Botswana,1999,0
Ethiopia,Cameroon,1999,0
Ethiopia,Ghana,1999,0
Ethiopia,Kenya,1999,1.2329
Ethiopia,Mozambique,1999,0
Ethiopia,Nigeria,1999,0.0150227
Ethiopia,RESTO_DEL_MUNDO,1999,466.607
Ethiopia,Senegal,1999,0.000263116
Ethiopia,South Africa,1999,0.652208
Ethiopia,Tanzania,1999,0.863871
Ethiopia,Uganda,1999,0.0508142
Ethiopia,Zambia,1999,0.0195777
Ethiopia,Zimbabwe,1999,1.96162
Ethiopia,Botswana,2000,0
Ethiopia,Cameroon,2000,0
Ethiopia,Ghana,2000,0
Ethiopia,Kenya,2000,0.833118
Ethiopia,Mozambique,2000,0
Ethiopia,Nigeria,2000,0.179789
Ethiopia,RESTO_DEL_MUNDO,2000,478.461
Ethiopia,Senegal,2000,0
Ethiopia,South Africa,2000,0.375872
Ethiopia,Tanzania,2000,3.2518
Ethiopia,Uganda,2000,0.258554
Ethiopia,Zambia,2000,0.076113
Ethiopia,Zimbabwe,2000,0.0127731
Ethiopia,Botswana,2001,0
Ethiopia,Cameroon,2001,0
Ethiopia,Ghana,2001,8.97429e-05
Ethiopia,Kenya,2001,0.786762
Ethiopia,Mozambique,2001,0
Ethiopia,Nigeria,2001,0.39168
Ethiopia,RESTO_DEL_MUNDO,2001,471.507
Ethiopia,Senegal,2001,0.00040107
Ethiopia,South Africa,2001,0.333201
Ethiopia,Tanzania,2001,0.534482
Ethiopia,Uganda,2001,0.035903
Ethiopia,Zambia,2001,0.0220775
Ethiopia,Zimbabwe,2001,0.004536
Ethiopia,Botswana,2002,0
Ethiopia,Cameroon,2002,1.44464e-05
Ethiopia,Ghana,2002,4.44019e-05
Ethiopia,Kenya,2002,0.14348
Ethiopia,Mozambique,2002,0
Ethiopia,Nigeria,2002,0.132521
Ethiopia,RESTO_DEL_MUNDO,2002,504.147
Ethiopia,Senegal,2002,0
Ethiopia,South Africa,2002,1.09678
Ethiopia,Tanzania,2002,0.68641
Ethiopia,Uganda,2002,0.0883738
Ethiopia,Zambia,2002,0.0715211
Ethiopia,Zimbabwe,2002,0.14162
Ethiopia,Botswana,2003,0
Ethiopia,Cameroon,2003,0.00129043
Ethiopia,Ghana,2003,0
Ethiopia,Kenya,2003,0.204292
Ethiopia,Mozambique,2003,0
Ethiopia,Nigeria,2003,2.2649
Ethiopia,RESTO_DEL_MUNDO,2003,603.539
Ethiopia,Senegal,2003,0.00101384
Ethiopia,South Africa,2003,1.68372
Ethiopia,Tanzania,2003,0.000389972
Ethiopia,Uganda,2003,0.0553812
Ethiopia,Zambia,2003,0.127097
Ethiopia,Zimbabwe,2003,0.00525196
Ethiopia,Botswana,2004,0
Ethiopia,Cameroon,2004,0
Ethiopia,Ghana,2004,0.00953018
Ethiopia,Kenya,2004,1.29611
Ethiopia,Mozambique,2004,0
Ethiopia,Nigeria,2004,0.0287497
Ethiopia,RESTO_DEL_MUNDO,2004,572.959
Ethiopia,Senegal,2004,0.0342227
Ethiopia,South Africa,2004,3.8973
Ethiopia,Tanzania,2004,1.08551
Ethiopia,Uganda,2004,0.149109
Ethiopia,Zambia,2004,0.0454562
Ethiopia,Zimbabwe,2004,0.171453
Ethiopia,Botswana,2005,0
Ethiopia,Cameroon,2005,0
Ethiopia,Ghana,2005,0.130736
Ethiopia,Kenya,2005,2.68196
Ethiopia,Mozambique,2005,0
Ethiopia,Nigeria,2005,0
Ethiopia,RESTO_DEL_MUNDO,2005,866.049
Ethiopia,Senegal,2005,0.00187204
Ethiopia,South Africa,2005,1.54835
Ethiopia,Tanzania,2005,1.38752
Ethiopia,Uganda,2005,0.359292
Ethiopia,Zambia,2005,0.0250357
Ethiopia,Zimbabwe,2005,0.0804223
Ethiopia,Botswana,2006,0
Ethiopia,Cameroon,2006,0
Ethiopia,Ghana,2006,0
Ethiopia,Kenya,2006,1.67125
Ethiopia,Mozambique,2006,0
Ethiopia,Nigeria,2006,0
Ethiopia,RESTO_DEL_MUNDO,2006,998.851
Ethiopia,Senegal,2006,0.00735771
Ethiopia,South Africa,2006,3.90685
Ethiopia,Tanzania,2006,0.0144161
Ethiopia,Uganda,2006,0.216585
Ethiopia,Zambia,2006,0.149167
Ethiopia,Zimbabwe,2006,0.00556218
Ethiopia,Botswana,2007,0
Ethiopia,Cameroon,2007,0
Ethiopia,Ghana,2007,0.0483887
Ethiopia,Kenya,2007,1.84618
Ethiopia,Mozambique,2007,0
Ethiopia,Nigeria,2007,0.208171
Ethiopia,RESTO_DEL_MUNDO,2007,1107.61
Ethiopia,Senegal,2007,0.0347705
Ethiopia,South Africa,2007,4.92919
Ethiopia,Tanzania,2007,0.136534
Ethiopia,Uganda,2007,0.139929
Ethiopia,Zambia,2007,0.120305
Ethiopia,Zimbabwe,2007,0
Ethiopia,Botswana,2008,0
Ethiopia,Cameroon,2008,0
Ethiopia,Ghana,2008,0.00748249
Ethiopia,Kenya,2008,2.03586
Ethiopia,Mozambique,2008,0
Ethiopia,Nigeria,2008,0.36619
Ethiopia,RESTO_DEL_MUNDO,2008,1308.36
Ethiopia,Senegal,2008,0.277295
Ethiopia,South Africa,2008,5.84847
Ethiopia,Tanzania,2008,0.463232
Ethiopia,Uganda,2008,1.04168
Ethiopia,Zambia,2008,0.203939
Ethiopia,Zimbabwe,2008,0
Ethiopia,Botswana,2009,0
Ethiopia,Cameroon,2009,0
Ethiopia,Ghana,2009,0.00654618
Ethiopia,Kenya,2009,0.742512
Ethiopia,Mozambique,2009,0.00538567
Ethiopia,Nigeria,2009,0.343185
Ethiopia,RESTO_DEL_MUNDO,2009,1333.59
Ethiopia,Senegal,2009,0.0064326
Ethiopia,South Africa,2009,5.27237
Ethiopia,Tanzania,2009,0.405266
Ethiopia,Uganda,2009,0.911329
Ethiopia,Zambia,2009,0.0410974
Ethiopia,Zimbabwe,2009,0
Ethiopia,Botswana,2010,0
Ethiopia,Cameroon,2010,0
Ethiopia,Ghana,2010,0.00831365
Ethiopia,Kenya,2010,0.920369
Ethiopia,Mozambique,2010,0
Ethiopia,Nigeria,2010,0.394663
Ethiopia,RESTO_DEL_MUNDO,2010,1614.73
Ethiopia,Senegal,2010,0.001623
Ethiopia,South Africa,2010,6.53617
Ethiopia,Tanzania,2010,0.514688
Ethiopia,Uganda,2010,1.15739
Ethiopia,Zambia,2010,0.0896219
Ethiopia,Zimbabwe,2010,0
Ethiopia,Botswana,2011,0
Ethiopia,Cameroon,2011,0
Ethiopia,Ghana,2011,0.00931129
Ethiopia,Kenya,2011,0.815518
Ethiopia,Mozambique,2011,0
Ethiopia,Nigeria,2011,0.453862
Ethiopia,RESTO_DEL_MUNDO,2011,2100.17
Ethiopia,Senegal,2011,0.00979
Ethiopia,South Africa,2011,6.37531
Ethiopia,Tanzania,2011,0.57645
Ethiopia,Uganda,2011,1.29627
Ethiopia,Zambia,2011,0.22314
Ethiopia,Zimbabwe,2011,0
Ethiopia,Botswana,2012,0
Ethiopia,Cameroon,2012,0
Ethiopia,Ghana,2012,0.00970759
Ethiopia,Kenya,2012,1.33184
Ethiopia,Mozambique,2012,0
Ethiopia,Nigeria,2012,0.506185
Ethiopia,RESTO_DEL_MUNDO,2012,2046.58
Ethiopia,Senegal,2012,0.158961
Ethiopia,South Africa,2012,13.6723
Ethiopia,Tanzania,2012,0.600985
Ethiopia,Uganda,2012,1.35145
Ethiopia,Zambia,2012,0.227787
Ethiopia,Zimbabwe,2012,0
Ethiopia,Botswana,2013,0
Ethiopia,Cameroon,2013,0
Ethiopia,Ghana,2013,0.010223
Ethiopia,Kenya,2013,0.915269
Ethiopia,Mozambique,2013,0
Ethiopia,Nigeria,2013,0.566742
Ethiopia,RESTO_DEL_MUNDO,2013,2111.44
Ethiopia,Senegal,2013,0.102221
Ethiopia,South Africa,2013,10.4369
Ethiopia,Tanzania,2013,0.632896
Ethiopia,Uganda,2013,1.4232
Ethiopia,Zambia,2013,0.107154
Ethiopia,Zimbabwe,2013,0
Ethiopia,Botswana,2014,0
Ethiopia,Cameroon,2014,0
Ethiopia,Ghana,2014,0.0107135
Ethiopia,Kenya,2014,0.959176
Ethiopia,Mozambique,2014,0
Ethiopia,Nigeria,2014,0.539863
Ethiopia,RESTO_DEL_MUNDO,2014,2478.33
Ethiopia,Senegal,2014,0.388088
Ethiopia,South Africa,2014,14.9513
Ethiopia,Tanzania,2014,0.663257
Ethiopia,Uganda,2014,1.49148
Ethiopia,Zambia,2014,0.0368359
Ethiopia,Zimbabwe,2014,0
Finland,Denmark,1919,5.77
Finland,Norway,1919,0.1
Finland,RESTO_DEL_MUNDO,1919,2.88
Finland,Denmark,1920,5.51
Finland,Norway,1920,0.52
Finland,RESTO_DEL_MUNDO,1920,128.18
Finland,Denmark,1921,5.70804
Finland,Norway,1921,0.44
Finland,RESTO_DEL_MUNDO,1921,84.4935
Finland,Denmark,1922,5.38
Finland,Norway,1922,0.4
Finland,RESTO_DEL_MUNDO,1922,89.8314
Finland,Denmark,1923,6.25
Finland,Norway,1923,0.76
Finland,RESTO_DEL_MUNDO,1923,100.471
Finland,Denmark,1924,5.38
Finland,Norway,1924,0.67
Finland,RESTO_DEL_MUNDO,1924,71.2503
Finland,Denmark,1925,4.5
Finland,Norway,1925,0.75
Finland,RESTO_DEL_MUNDO,1925,130.363
Finland,Denmark,1926,3.75
Finland,Norway,1926,1.14
Finland,RESTO_DEL_MUNDO,1926,135.357
Finland,Denmark,1927,4.05
Finland,Norway,1927,0.47
Finland,RESTO_DEL_MUNDO,1927,159.416
Finland,Denmark,1928,3.92
Finland,Norway,1928,0.31
Finland,RESTO_DEL_MUNDO,1928,157.242
Finland,Denmark,1929,4.08
Finland,Norway,1929,0.39
Finland,RESTO_DEL_MUNDO,1929,167.339
Finland,Denmark,1930,4.81
Finland,Norway,1930,0.53
Finland,RESTO_DEL_MUNDO,1930,107.669
Finland,Denmark,1931,3.75
Finland,Norway,1931,0.46
Finland,RESTO_DEL_MUNDO,1931,114.182
Finland,Denmark,1932,2.25
Finland,Norway,1932,0.56
Finland,RESTO_DEL_MUNDO,1932,76.0132
Finland,Denmark,1933,3.05
Finland,Norway,1933,0.79
Finland,RESTO_DEL_MUNDO,1933,88.6845
Finland,Denmark,1934,5
Finland,Norway,1934,0.98
Finland,RESTO_DEL_MUNDO,1934,142.113
Finland,Denmark,1935,5
Finland,Norway,1935,1
Finland,RESTO_DEL_MUNDO,1935,150.878
Finland,Denmark,1936,5.27
Finland,Norway,1936,1.41
Finland,RESTO_DEL_MUNDO,1936,161.75
Finland,Denmark,1937,5.25
Finland,Norway,1937,4.46
Finland,RESTO_DEL_MUNDO,1937,205.95
Finland,Denmark,1938,6.41
Finland,Norway,1938,1.54
Finland,RESTO_DEL_MUNDO,1938,192.904
Finland,Denmark,1939,6.41
Finland,Norway,1939,1.81
Finland,RESTO_DEL_MUNDO,1939,49.2699
Finland,Denmark,1940,7.86
Finland,Norway,1940,0.62
Finland,RESTO_DEL_MUNDO,1940,32.08
Finland,RESTO_DEL_MUNDO,1941,37.99
Finland,RESTO_DEL_MUNDO,1942,144.01
Finland,RESTO_DEL_MUNDO,1944,127.3
Finland,RESTO_DEL_MUNDO,1945,0.31
Finland,Denmark,1946,22.59
Finland,Norway,1946,3.12
Finland,RESTO_DEL_MUNDO,1946,20.1696
Finland,Denmark,1947,28.21
Finland,Norway,1947,5.94
Finland,RESTO_DEL_MUNDO,1947,64.8058
Finland,Denmark,1948,29
Finland,Norway,1948,5.31
Finland,RESTO_DEL_MUNDO,1948,474.36
Finland,Denmark,1949,29.17
Finland,Norway,1949,5.05
Finland,RESTO_DEL_MUNDO,1949,437.95
Finland,Denmark,1950,29
Finland,Iceland,1950,1.2
Finland,Norway,1950,5.5
Finland,RESTO_DEL_MUNDO,1950,363.34
Finland,Denmark,1951,39.4
Finland,Iceland,1951,2.2
Finland,Norway,1951,17.6
Finland,RESTO_DEL_MUNDO,1951,800.53
Finland,Denmark,1952,25.3
Finland,Iceland,1952,2.1
Finland,Norway,1952,11.3
Finland,RESTO_DEL_MUNDO,1952,699.19
Finland,Denmark,1953,21.1
Finland,Iceland,1953,3.4
Finland,Norway,1953,5
Finland,RESTO_DEL_MUNDO,1953,527.35
Finland,Denmark,1954,25.3
Finland,Iceland,1954,5.1
Finland,Norway,1954,9.3
Finland,RESTO_DEL_MUNDO,1954,640.21
Finland,Denmark,1955,25.1
Finland,Iceland,1955,2.6
Finland,Norway,1955,11.9
Finland,RESTO_DEL_MUNDO,1955,835.63
Finland,Denmark,1956,20.3
Finland,Iceland,1956,3.6
Finland,Norway,1956,6
Finland,RESTO_DEL_MUNDO,1956,826.51
Finland,Denmark,1957,22.4
Finland,Iceland,1957,3.9
Finland,Norway,1957,3.1
Finland,RESTO_DEL_MUNDO,1957,916.28
Finland,Denmark,1958,24.1
Finland,Iceland,1958,4.1
Finland,Norway,1958,4.2
Finland,RESTO_DEL_MUNDO,1958,799.35
Finland,Denmark,1959,28.9
Finland,Iceland,1959,3.7
Finland,Norway,1959,7.5
Finland,RESTO_DEL_MUNDO,1959,863.77
Finland,Denmark,1960,37.2
Finland,Iceland,1960,2.4
Finland,Norway,1960,14.1
Finland,RESTO_DEL_MUNDO,1960,886.16
Finland,Denmark,1961,38.7
Finland,Iceland,1961,1.8
Finland,Norway,1961,23.1
Finland,RESTO_DEL_MUNDO,1961,939.02
Finland,Denmark,1962,42.3
Finland,Iceland,1962,2.8
Finland,Norway,1962,15.7
Finland,RESTO_DEL_MUNDO,1962,991.861
Finland,Denmark,1963,44.7
Finland,Iceland,1963,2.9
Finland,Norway,1963,10.5
Finland,RESTO_DEL_MUNDO,1963,1058.97
Finland,Denmark,1964,65.2
Finland,Iceland,1964,2.6
Finland,Norway,1964,12.1
Finland,RESTO_DEL_MUNDO,1964,1162.29
Finland,Denmark,1965,71.3
Finland,Iceland,1965,3.2
Finland,Norway,1965,16.3
Finland,RESTO_DEL_MUNDO,1965,1278.93
Finland,Denmark,1966,82
Finland,Iceland,1966,3.8
Finland,Norway,1966,27
Finland,RESTO_DEL_MUNDO,1966,1349.49
Finland,Denmark,1967,82.8
Finland,Iceland,1967,3.6
Finland,Norway,1967,39.1
Finland,RESTO_DEL_MUNDO,1967,1407.86
Finland,Denmark,1968,89.9
Finland,Iceland,1968,3.6
Finland,Norway,1968,45.6
Finland,RESTO_DEL_MUNDO,1968,1478.88
Finland,Denmark,1969,106.08
Finland,Iceland,1969,3.32
Finland,Norway,1969,52.95
Finland,RESTO_DEL_MUNDO,1969,1770.73
Finland,Denmark,1970,128.55
Finland,Iceland,1970,4.315
Finland,Norway,1970,88
Finland,RESTO_DEL_MUNDO,1970,2034.67
Finland,Denmark,1971,131.29
Finland,Iceland,1971,4.713
Finland,Norway,1971,93.7
Finland,RESTO_DEL_MUNDO,1971,2095.53
Finland,Denmark,1972,143.67
Finland,Iceland,1972,5.431
Finland,Norway,1972,130.08
Finland,RESTO_DEL_MUNDO,1972,2509.89
Finland,Denmark,1973,233.58
Finland,Iceland,1973,10.284
Finland,Norway,1973,181.82
Finland,RESTO_DEL_MUNDO,1973,3271.09
Finland,Denmark,1974,275.98
Finland,Iceland,1974,14.046
Finland,Norway,1974,179.11
Finland,RESTO_DEL_MUNDO,1974,4855.76
Finland,Denmark,1975,268.93
Finland,Iceland,1975,11.482
Finland,Norway,1975,280.72
Finland,RESTO_DEL_MUNDO,1975,4761.37
Finland,Denmark,1976,351.75
Finland,Iceland,1976,9.473
Finland,Norway,1976,251.49
Finland,RESTO_DEL_MUNDO,1976,5506.73
Finland,Denmark,1977,413.01
Finland,Iceland,1977,11.327
Finland,Norway,1977,438.83
Finland,RESTO_DEL_MUNDO,1977,6263.51
Finland,Denmark,1978,512.99
Finland,Iceland,1978,14.938
Finland,Norway,1978,468.58
Finland,RESTO_DEL_MUNDO,1978,7391.14
Finland,Denmark,1979,699.64
Finland,Iceland,1979,19.589
Finland,Norway,1979,637.98
Finland,RESTO_DEL_MUNDO,1979,9455.1
Finland,Denmark,1980,736.7
Finland,Iceland,1980,27.428
Finland,Norway,1980,632.25
Finland,RESTO_DEL_MUNDO,1980,11889.2
Finland,Denmark,1981,659.31
Finland,Iceland,1981,23.102
Finland,Norway,1981,687.07
Finland,RESTO_DEL_MUNDO,1981,12466.8
Finland,Denmark,1982,715.54
Finland,Iceland,1982,23.482
Finland,Norway,1982,688.97
Finland,RESTO_DEL_MUNDO,1982,11565.8
Finland,Denmark,1983,668.95
Finland,Iceland,1983,20.294
Finland,Norway,1983,469.32
Finland,RESTO_DEL_MUNDO,1983,11201.8
Finland,Denmark,1984,582.82
Finland,Iceland,1984,19.79
Finland,Norway,1984,675.63
Finland,RESTO_DEL_MUNDO,1984,11457.3
Finland,Denmark,1985,604.24
Finland,Iceland,1985,22.943
Finland,Norway,1985,631.02
Finland,RESTO_DEL_MUNDO,1985,12432.1
Finland,Denmark,1986,693.65
Finland,Iceland,1986,29.53
Finland,Norway,1986,810.94
Finland,RESTO_DEL_MUNDO,1986,14125.7
Finland,Denmark,1987,794.85
Finland,Iceland,1987,37.315
Finland,Norway,1987,980.2
Finland,RESTO_DEL_MUNDO,1987,16689.1
Finland,Denmark,1988,812.14
Finland,Iceland,1988,40.491
Finland,Norway,1988,810.36
Finland,RESTO_DEL_MUNDO,1988,19224.1
Finland,Denmark,1989,766.648
Finland,Iceland,1989,28.4938
Finland,Norway,1989,711.079
Finland,RESTO_DEL_MUNDO,1989,20317.9
Finland,Denmark,1990,946.075
Finland,Iceland,1990,27.724
Finland,Norway,1990,843.107
Finland,RESTO_DEL_MUNDO,1990,25886.2
Finland,Denmark,1991,870.005
Finland,Iceland,1991,29.8188
Finland,Norway,1991,786.776
Finland,RESTO_DEL_MUNDO,1991,22863.6
Finland,Denmark,1992,923.178
Finland,Iceland,1992,28.5922
Finland,Norway,1992,921.474
Finland,RESTO_DEL_MUNDO,1992,24296.2
Finland,Denmark,1993,845.734
Finland,Iceland,1993,26.6467
Finland,Norway,1993,788.662
Finland,RESTO_DEL_MUNDO,1993,22724.8
Finland,Denmark,1994,1049.93
Finland,Iceland,1994,27.825
Finland,Norway,1994,994.711
Finland,RESTO_DEL_MUNDO,1994,29756.7
Finland,Denmark,1995,1246.48
Finland,Iceland,1995,32.3411
Finland,Norway,1995,1290.54
Finland,RESTO_DEL_MUNDO,1995,37132.8
Finland,Denmark,1996,1155.14
Finland,Iceland,1996,33.6679
Finland,Norway,1996,1226.48
Finland,RESTO_DEL_MUNDO,1996,36465
Finland,Denmark,1997,1283.23
Finland,Iceland,1997,32.7341
Finland,Norway,1997,1152.94
Finland,RESTO_DEL_MUNDO,1997,34886.7
Finland,Denmark,1998,1208.77
Finland,Iceland,1998,40.9926
Finland,Norway,1998,1263.87
Finland,RESTO_DEL_MUNDO,1998,36486.4
Finland,Denmark,1999,1229.74
Finland,Iceland,1999,39.5976
Finland,Norway,1999,1117.31
Finland,RESTO_DEL_MUNDO,1999,38021.8
Finland,Denmark,2000,1206.24
Finland,Iceland,2000,36.639
Finland,Norway,2000,1202.67
Finland,RESTO_DEL_MUNDO,2000,42321.1
Finland,Denmark,2001,1185.91
Finland,Iceland,2001,38.2996
Finland,Norway,2001,1137.52
Finland,RESTO_DEL_MUNDO,2001,40801.2
Finland,Denmark,2002,1256.27
Finland,Iceland,2002,39.1055
Finland,Norway,2002,1152.3
Finland,RESTO_DEL_MUNDO,2002,40269.4
Finland,Denmark,2003,1310.14
Finland,Iceland,2003,41.8835
Finland,Norway,2003,1293.46
Finland,RESTO_DEL_MUNDO,2003,47898.8
Finland,Denmark,2004,1458.12
Finland,Iceland,2004,53.5461
Finland,Norway,2004,1966.3
Finland,RESTO_DEL_MUNDO,2004,58957.3
Finland,Denmark,2005,1654.97
Finland,Iceland,2005,66.2131
Finland,Norway,2005,1747.61
Finland,RESTO_DEL_MUNDO,2005,66096.1
Finland,Denmark,2006,1905.03
Finland,Iceland,2006,84.0418
Finland,Norway,2006,2055.57
Finland,RESTO_DEL_MUNDO,2006,74713.8
Finland,Denmark,2007,2145.17
Finland,Iceland,2007,96.4491
Finland,Norway,2007,2958.94
Finland,RESTO_DEL_MUNDO,2007,87329.4
Finland,Denmark,2008,2503.13
Finland,Iceland,2008,68.8263
Finland,Norway,2008,3041.18
Finland,RESTO_DEL_MUNDO,2008,93657.4
Finland,Denmark,2009,1361.45
Finland,Iceland,2009,35.1424
Finland,Norway,2009,2005.56
Finland,RESTO_DEL_MUNDO,2009,63002.4
Finland,Denmark,2010,1366.87
Finland,Iceland,2010,211.637
Finland,Norway,2010,1975.01
Finland,RESTO_DEL_MUNDO,2010,67976.9
Finland,Denmark,2011,1628.9
Finland,Iceland,2011,72.6695
Finland,Norway,2011,2305.72
Finland,RESTO_DEL_MUNDO,2011,78987.5
Finland,Denmark,2012,1523.71
Finland,Iceland,2012,44.6242
Finland,Norway,2012,2425.19
Finland,RESTO_DEL_MUNDO,2012,72486.8
Finland,Denmark,2013,1623.65
Finland,Iceland,2013,43.017
Finland,Norway,2013,2280.16
Finland,RESTO_DEL_MUNDO,2013,73572.1
Finland,Denmark,2014,1337.77
Finland,Iceland,2014,51.8215
Finland,Norway,2014,2082.09
Finland,RESTO_DEL_MUNDO,2014,73819.5
France,Belgium,1900,70.38
France,Germany,1900,87.53
France,Italy,1900,29.36
France,Netherlands,1900,8.87
France,RESTO_DEL_MUNDO,1900,164.7
France,Spain,1900,25.41
France,Switzerland,1900,39.72
France,United Kingdom,1900,258.4
France,Belgium,1901,66.65
France,Germany,1901,67.39
France,Italy,1901,32.18
France,Netherlands,1901,9.08
France,RESTO_DEL_MUNDO,1901,151.91
France,Spain,1901,2.3e-05
France,Switzerland,1901,39.26
France,United Kingdom,1901,246.81
France,Belgium,1902,73.67
France,Germany,1902,74.11
France,Italy,1902,34.33
France,Netherlands,1902,8.63
France,RESTO_DEL_MUNDO,1902,144.26
France,Spain,1902,27.36
France,Switzerland,1902,41.62
France,United Kingdom,1902,245
France,Belgium,1903,78.57
France,Germany,1903,81.47
France,Italy,1903,36.63
France,Netherlands,1903,8.76
France,RESTO_DEL_MUNDO,1903,139.8
France,Spain,1903,28.42
France,Switzerland,1903,42.42
France,United Kingdom,1903,238.39
France,Belgium,1904,89.28
France,Germany,1904,106.51
France,Italy,1904,36.46
France,Netherlands,1904,8.91
France,RESTO_DEL_MUNDO,1904,175.65
France,Spain,1904,25.48
France,Switzerland,1904,46.12
France,United Kingdom,1904,248.88
France,Belgium,1905,100.12
France,Germany,1905,99.19
France,Italy,1905,43.25
France,Netherlands,1905,11.8
France,RESTO_DEL_MUNDO,1905,246.25
France,Spain,1905,28.7
France,Switzerland,1905,53.38
France,United Kingdom,1905,260.54
France,Belgium,1906,116.97
France,Germany,1906,103.22
France,Italy,1906,47.23
France,RESTO_DEL_MUNDO,1906,236.19
France,Spain,1906,28.55
France,Switzerland,1906,54.91
France,United Kingdom,1906,265.24
France,Belgium,1907,125.69
France,Germany,1907,107.53
France,Italy,1907,49.27
France,Netherlands,1907,13.64
France,RESTO_DEL_MUNDO,1907,215.44
France,Spain,1907,30.38
France,Switzerland,1907,58.26
France,United Kingdom,1907,260.77
France,Belgium,1908,100.32
France,Germany,1908,99.91
France,Italy,1908,53.55
France,Netherlands,1908,13.98
France,RESTO_DEL_MUNDO,1908,235.96
France,Spain,1908,38.99
France,Switzerland,1908,55.79
France,United Kingdom,1908,238.53
France,Belgium,1909,108.97
France,Germany,1909,115.38
France,Italy,1909,63.48
France,Netherlands,1909,11.57
France,RESTO_DEL_MUNDO,1909,263.73
France,Spain,1909,20.77
France,Switzerland,1909,59.57
France,United Kingdom,1909,217.01
France,Belgium,1910,163.63
France,Germany,1910,121.26
France,Italy,1910,64.26
France,Netherlands,1910,15.4
France,RESTO_DEL_MUNDO,1910,309.88
France,Spain,1910,37.79
France,Switzerland,1910,67.68
France,United Kingdom,1910,218.14
France,Belgium,1911,141.99
France,Germany,1911,124.45
France,Italy,1911,62.49
France,Netherlands,1911,15.86
France,RESTO_DEL_MUNDO,1911,329.46
France,Spain,1911,31.53
France,Switzerland,1911,66.16
France,United Kingdom,1911,206.18
France,Belgium,1912,174.47
France,Germany,1912,131.22
France,Italy,1912,55.39
France,Netherlands,1912,12.35
France,RESTO_DEL_MUNDO,1912,339.73
France,Spain,1912,25.73
France,Switzerland,1912,73.45
France,United Kingdom,1912,197.47
France,Belgium,1913,219.07
France,Germany,1913,138.38
France,Italy,1913,53.86
France,Netherlands,1913,13.38
France,RESTO_DEL_MUNDO,1913,354.18
France,Spain,1913,24.56
France,Switzerland,1913,67.12
France,United Kingdom,1913,201.13
France,RESTO_DEL_MUNDO,1914,3.1
France,RESTO_DEL_MUNDO,1915,3.56
France,RESTO_DEL_MUNDO,1916,2.24
France,RESTO_DEL_MUNDO,1917,2.37
France,Austria,1919,0
France,Germany,1919,0
France,Italy,1919,86.36
France,Netherlands,1919,16.58
France,RESTO_DEL_MUNDO,1919,208.98
France,Spain,1919,17.69
France,Switzerland,1919,77.24
France,United Kingdom,1919,214.64
France,Austria,1920,1.15
France,Belgium,1920,171.06
France,Germany,1920,64.99
France,Italy,1920,66.5715
France,Netherlands,1920,30.0316
France,RESTO_DEL_MUNDO,1920,471.554
France,Spain,1920,27.73
France,Switzerland,1920,101.96
France,United Kingdom,1920,344.711
France,Austria,1921,1.45
France,Belgium,1921,133.84
France,Germany,1921,111.3
France,Italy,1921,45.93
France,Netherlands,1921,21.89
France,RESTO_DEL_MUNDO,1921,389.004
France,Spain,1921,38.15
France,Switzerland,1921,55.65
France,United Kingdom,1921,204.05
France,Austria,1922,0.02
France,Belgium,1922,325.43
France,Germany,1922,152.85
France,Ireland,1922,0.05
France,Italy,1922,54.68
France,Netherlands,1922,20.75
France,RESTO_DEL_MUNDO,1922,336.767
France,Spain,1922,40.2
France,Switzerland,1922,57.7
France,United Kingdom,1922,189.22
France,Austria,1923,9.77342
France,Belgium,1923,149.58
France,Germany,1923,1.66
France,Ireland,1923,0.07
France,Italy,1923,60.83
France,Netherlands,1923,27.35
France,RESTO_DEL_MUNDO,1923,414.661
France,Spain,1923,64.75
France,Switzerland,1923,71.33
France,United Kingdom,1923,240.6
France,Austria,1924,16.5113
France,Belgium,1924,175.91
France,Germany,1924,51.82
France,Ireland,1924,1.91
France,Italy,1924,64.48
France,Netherlands,1924,37.4
France,RESTO_DEL_MUNDO,1924,409.664
France,Spain,1924,46.5
France,Switzerland,1924,82.7
France,United Kingdom,1924,251.25
France,Austria,1925,7.66
France,Belgium,1925,177.39
France,Germany,1925,86.08
France,Ireland,1925,1.87
France,Italy,1925,93.5
France,Netherlands,1925,43.33
France,RESTO_DEL_MUNDO,1925,458.683
France,Spain,1925,68.35
France,Switzerland,1925,96.41
France,United Kingdom,1925,420.51
France,Austria,1926,9.26
France,Belgium,1926,304.28
France,Germany,1926,143.46
France,Ireland,1926,2.52
France,Italy,1926,84.21
France,Netherlands,1926,58.58
France,RESTO_DEL_MUNDO,1926,457.862
France,Spain,1926,59.18
France,Switzerland,1926,117.8
France,United Kingdom,1926,268
France,Austria,1927,11.38
France,Belgium,1927,164.71
France,Germany,1927,145.88
France,Ireland,1927,1.82
France,Italy,1927,92.64
France,Netherlands,1927,49.84
France,RESTO_DEL_MUNDO,1927,540.543
France,Spain,1927,66.52
France,Switzerland,1927,91.42
France,United Kingdom,1927,287.78
France,Austria,1928,12.52
France,Belgium,1928,184.02
France,Germany,1928,137.41
France,Ireland,1928,2.16
France,Italy,1928,108.3
France,Netherlands,1928,49.1
France,RESTO_DEL_MUNDO,1928,553.78
France,Spain,1928,69.58
France,Switzerland,1928,94.53
France,United Kingdom,1928,276.87
France,Austria,1929,12.43
France,Belgium,1929,192.08
France,Germany,1929,152.84
France,Ireland,1929,1.96
France,Italy,1929,106.96
France,Netherlands,1929,45.41
France,RESTO_DEL_MUNDO,1929,533.107
France,Spain,1929,51.5
France,Switzerland,1929,94.37
France,United Kingdom,1929,256.16
France,Austria,1930,10
France,Belgium,1930,153.22
France,Germany,1930,123.72
France,Ireland,1930,2.16
France,Italy,1930,78.75
France,Netherlands,1930,43.16
France,RESTO_DEL_MUNDO,1930,409.036
France,Spain,1930,33.3302
France,Switzerland,1930,87.59
France,United Kingdom,1930,224.44
France,Austria,1931,7.57
France,Belgium,1931,115.98
France,Germany,1931,80.72
France,Ireland,1931,1.89
France,Italy,1931,42.94
France,Netherlands,1931,30.73
France,RESTO_DEL_MUNDO,1931,260.771
France,Spain,1931,10.18
France,Switzerland,1931,70.22
France,United Kingdom,1931,188.83
France,Austria,1932,4.46
France,Belgium,1932,73.89
France,Germany,1932,45.09
France,Ireland,1932,0.63
France,Italy,1932,24.69
France,Netherlands,1932,22.16
France,RESTO_DEL_MUNDO,1932,155.878
France,Spain,1932,6.04
France,Switzerland,1932,52.76
France,United Kingdom,1932,61.4
France,Austria,1933,4.19
France,Belgium,1933,92.55
France,Germany,1933,43.79
France,Ireland,1933,0.7
France,Italy,1933,26.29
France,Netherlands,1933,21.3
France,RESTO_DEL_MUNDO,1933,187.23
France,Spain,1933,6.85
France,Switzerland,1933,60.6
France,United Kingdom,1933,60.5
France,Austria,1934,6.5
France,Belgium,1934,99.95
France,Germany,1934,66.05
France,Ireland,1934,1.28
France,Italy,1934,37.38
France,Netherlands,1934,28.15
France,RESTO_DEL_MUNDO,1934,229.671
France,Spain,1934,9.03
France,Switzerland,1934,74.58
France,United Kingdom,1934,93.09
France,Austria,1935,7
France,Belgium,1935,98
France,Germany,1935,72
France,Ireland,1935,2
France,Italy,1935,39
France,Netherlands,1935,30
France,RESTO_DEL_MUNDO,1935,228.137
France,Spain,1935,15
France,Switzerland,1935,60
France,United Kingdom,1935,101
France,Austria,1936,6.84
France,Belgium,1936,98.03
France,Germany,1936,39.81
France,Ireland,1936,2.28
France,Italy,1936,9.03
France,Netherlands,1936,28.53
France,RESTO_DEL_MUNDO,1936,230.229
France,Spain,1936,19
France,Switzerland,1936,56.4
France,United Kingdom,1936,121.24
France,Austria,1937,13.32
France,Belgium,1937,116.43
France,Germany,1937,62.75
France,Ireland,1937,2.15
France,Italy,1937,25.68
France,Netherlands,1937,32.68
France,RESTO_DEL_MUNDO,1937,256.315
France,Spain,1937,19.8
France,Switzerland,1937,56.27
France,United Kingdom,1937,119.23
France,Austria,1938,6
France,Belgium,1938,112
France,Germany,1938,34.3809
France,Ireland,1938,2.72
France,Italy,1938,13.37
France,Netherlands,1938,35.71
France,RESTO_DEL_MUNDO,1938,204.122
France,Spain,1938,13
France,Switzerland,1938,52.42
France,United Kingdom,1938,115.23
France,Germany,1939,0
France,Ireland,1939,0
France,Italy,1939,7.97
France,Netherlands,1939,41.13
France,RESTO_DEL_MUNDO,1939,187.364
France,Spain,1939,0
France,Switzerland,1939,62.01
France,United Kingdom,1939,122.324
France,Germany,1940,0
France,Ireland,1940,0
France,Italy,1940,6.29
France,Netherlands,1940,0
France,RESTO_DEL_MUNDO,1940,86.1383
France,Spain,1940,1.89
France,Switzerland,1940,31.49
France,United Kingdom,1940,56.26
France,Germany,1941,0
France,Ireland,1941,0
France,Italy,1941,10.45
France,RESTO_DEL_MUNDO,1941,10.8954
France,Spain,1941,1.29
France,Switzerland,1941,16.73
France,United Kingdom,1941,0.3
France,Germany,1942,0
France,Ireland,1942,0
France,Italy,1942,24.52
France,RESTO_DEL_MUNDO,1942,0.999378
France,Spain,1942,0
France,Switzerland,1942,0
France,United Kingdom,1942,0.24
France,Germany,1944,0
France,Ireland,1944,0
France,Italy,1944,0
France,RESTO_DEL_MUNDO,1944,0.502069
France,Spain,1944,0
France,Switzerland,1944,0
France,United Kingdom,1944,0.31
France,Germany,1945,0
France,Ireland,1945,0
France,Italy,1945,0
France,Netherlands,1945,0
France,RESTO_DEL_MUNDO,1945,14.2083
France,Spain,1945,0
France,Switzerland,1945,0
France,United Kingdom,1945,8.6
France,Ireland,1946,3.48
France,Italy,1946,0
France,Netherlands,1946,36.46
France,RESTO_DEL_MUNDO,1946,162.084
France,Spain,1946,0.41
France,Switzerland,1946,82.93
France,United Kingdom,1946,57.29
France,Ireland,1947,8.31
France,Italy,1947,16.69
France,Netherlands,1947,73.83
France,RESTO_DEL_MUNDO,1947,273.327
France,Spain,1947,0.09
France,Switzerland,1947,107.19
France,United Kingdom,1947,126.42
France,Ireland,1948,4.61
France,Italy,1948,13.73
France,Netherlands,1948,89.84
France,RESTO_DEL_MUNDO,1948,362.225
France,Spain,1948,0.82
France,Switzerland,1948,91.44
France,United Kingdom,1948,185.07
France,Ireland,1949,6.67
France,Italy,1949,36.47
France,Netherlands,1949,125.73
France,RESTO_DEL_MUNDO,1949,392.81
France,Spain,1949,0
France,Switzerland,1949,82.32
France,United Kingdom,1949,276.45
France,Belgium,1950,214.367
France,Ireland,1950,7.1
France,Italy,1950,66.9
France,Luxembourg,1950,8.3328
France,Netherlands,1950,100.2
France,RESTO_DEL_MUNDO,1950,762.86
France,Switzerland,1950,126.8
France,United Kingdom,1950,307.3
France,Belgium,1951,250.471
France,Ireland,1951,8.4
France,Italy,1951,100.5
France,Luxembourg,1951,11.3288
France,Netherlands,1951,106.4
France,RESTO_DEL_MUNDO,1951,1212.84
France,Spain,1951,38.7
France,Switzerland,1951,157.4
France,United Kingdom,1951,377.3
France,Belgium,1952,237.818
France,Ireland,1952,5.7
France,Italy,1952,97
France,Luxembourg,1952,11.1823
France,Netherlands,1952,77
France,RESTO_DEL_MUNDO,1952,1017.7
France,Spain,1952,49.7
France,Switzerland,1952,132
France,United Kingdom,1952,243.4
France,Belgium,1953,256.952
France,Ireland,1953,9.1
France,Italy,1953,126.2
France,Luxembourg,1953,11.0478
France,Netherlands,1953,89.5
France,RESTO_DEL_MUNDO,1953,1059.83
France,Spain,1953,61.6
France,Switzerland,1953,131.5
France,United Kingdom,1953,229.9
France,Belgium,1954,292.822
France,Ireland,1954,9.4
France,Italy,1954,161.4
France,Luxembourg,1954,12.3779
France,Netherlands,1954,101.1
France,RESTO_DEL_MUNDO,1954,1094.7
France,Spain,1954,53.5
France,Switzerland,1954,163.1
France,United Kingdom,1954,271.9
France,Austria,1955,39.8
France,Belgium,1955,339.091
France,Ireland,1955,8.6
France,Italy,1955,178.1
France,Luxembourg,1955,14.8087
France,Netherlands,1955,127.1
France,RESTO_DEL_MUNDO,1955,1934.77
France,Spain,1955,67
France,Switzerland,1955,196.8
France,United Kingdom,1955,382.2
France,Austria,1956,40
France,Belgium,1956,373.03
France,Ireland,1956,6.8
France,Italy,1956,165.3
France,Luxembourg,1956,16.5705
France,Netherlands,1956,127.6
France,RESTO_DEL_MUNDO,1956,2135.16
France,Spain,1956,50.8
France,Switzerland,1956,221
France,United Kingdom,1956,314.2
France,Austria,1957,40.4
France,Belgium,1957,390.711
France,Ireland,1957,8.7
France,Italy,1957,198.9
France,Luxembourg,1957,17.8892
France,Netherlands,1957,134.7
France,RESTO_DEL_MUNDO,1957,2263.46
France,Spain,1957,45.8
France,Switzerland,1957,227.4
France,United Kingdom,1957,309.1
France,Austria,1958,35.1
France,Belgium,1958,347.182
France,Ireland,1958,8.8
France,Italy,1958,155.1
France,Luxembourg,1958,15.518
France,Netherlands,1958,101.1
France,RESTO_DEL_MUNDO,1958,2271.67
France,Spain,1958,59.1
France,Switzerland,1958,188
France,United Kingdom,1958,284.9
France,Austria,1959,44.6
France,Belgium,1959,412.618
France,Ireland,1959,9.7
France,Italy,1959,255.3
France,Luxembourg,1959,18.3821
France,Netherlands,1959,139.9
France,RESTO_DEL_MUNDO,1959,2710.34
France,Spain,1959,44
France,Switzerland,1959,216.8
France,United Kingdom,1959,296.7
France,Austria,1960,52.2
France,Belgium,1960,509.602
France,Ireland,1960,12.8
France,Italy,1960,398
France,Luxembourg,1960,28.3979
France,Netherlands,1960,173.6
France,RESTO_DEL_MUNDO,1960,2713.81
France,Spain,1960,56.3
France,Switzerland,1960,282
France,United Kingdom,1960,373.2
France,Austria,1961,57.8
France,Belgium,1961,590.124
France,Ireland,1961,15.3
France,Italy,1961,479.3
France,Luxembourg,1961,30.8762
France,Netherlands,1961,233.6
France,RESTO_DEL_MUNDO,1961,2858.78
France,Spain,1961,95.5
France,Switzerland,1961,346.5
France,United Kingdom,1961,409.1
France,Austria,1962,59.8
France,Belgium,1962,632.335
France,Ireland,1962,19.5
France,Italy,1962,548.9
France,Luxembourg,1962,32.5649
France,Netherlands,1962,250.8
France,RESTO_DEL_MUNDO,1962,3522.19
France,Spain,1962,149.1
France,Switzerland,1962,404.8
France,United Kingdom,1962,375.9
France,Austria,1963,71
France,Belgium,1963,729.551
France,Ireland,1963,20.8
France,Italy,1963,732.6
France,Luxembourg,1963,37.2489
France,Netherlands,1963,310.1
France,RESTO_DEL_MUNDO,1963,3586.41
France,Spain,1963,212
France,Switzerland,1963,466.6
France,United Kingdom,1963,439.8
France,Austria,1964,84.9
France,Belgium,1964,829.936
France,Ireland,1964,20.9
France,Italy,1964,714.3
France,Luxembourg,1964,43.2642
France,Netherlands,1964,377.4
France,RESTO_DEL_MUNDO,1964,3863.8
France,Spain,1964,277.2
France,Switzerland,1964,537.5
France,United Kingdom,1964,524
France,Austria,1965,87.8
France,Belgium,1965,946.783
France,Ireland,1965,29.8
France,Italy,1965,718
France,Luxembourg,1965,47.4168
France,Netherlands,1965,458.2
France,RESTO_DEL_MUNDO,1965,4283.99
France,Spain,1965,328
France,Switzerland,1965,539
France,United Kingdom,1965,534.2
France,Austria,1966,95.7
France,Belgium,1966,1063.15
France,Ireland,1966,23
France,Italy,1966,867.1
France,Luxembourg,1966,52.054
France,Netherlands,1966,482.3
France,RESTO_DEL_MUNDO,1966,4540.98
France,Spain,1966,397
France,Switzerland,1966,558
France,United Kingdom,1966,594.4
France,Austria,1967,93.2
France,Belgium,1967,1016.5
France,Ireland,1967,25.1
France,Italy,1967,1046
France,Luxembourg,1967,46.5961
France,Netherlands,1967,530.4
France,RESTO_DEL_MUNDO,1967,4758.13
France,Spain,1967,399.1
France,Switzerland,1967,569
France,United Kingdom,1967,701.7
France,Austria,1968,98
France,Belgium,1968,1227.85
France,Ireland,1968,36.4
France,Italy,1968,1162.6
France,Luxembourg,1968,57.654
France,Netherlands,1968,602.9
France,RESTO_DEL_MUNDO,1968,5313.24
France,Spain,1968,343.07
France,Switzerland,1968,586.7
France,United Kingdom,1968,749.6
France,Austria,1969,102.4
France,Belgium,1969,1527.85
France,Ireland,1969,40.2
France,Italy,1969,1546.6
France,Luxembourg,1969,75.0477
France,Netherlands,1969,850
France,RESTO_DEL_MUNDO,1969,5609.73
France,Spain,1969,429.59
France,Switzerland,1969,640.7
France,United Kingdom,1969,778.7
France,Austria,1970,125
France,Belgium,1970,1856.45
France,Ireland,1970,50.78
France,Italy,1970,1972.6
France,Luxembourg,1970,96.2479
France,Netherlands,1970,1005.9
France,RESTO_DEL_MUNDO,1970,6450.76
France,Spain,1970,473.61
France,Switzerland,1970,782.3
France,United Kingdom,1970,883.8
France,Austria,1971,153.7
France,Belgium,1971,2178.77
France,Ireland,1971,53.94
France,Italy,1971,2247.9
France,Luxembourg,1971,105.031
France,Netherlands,1971,1169.3
France,RESTO_DEL_MUNDO,1971,7189.83
France,Spain,1971,488.16
France,Switzerland,1971,907.7
France,United Kingdom,1971,1084.4
France,Austria,1972,213.2
France,Belgium,1972,2880.43
France,Ireland,1972,71.08
France,Italy,1972,3035.9
France,Luxembourg,1972,139.369
France,Netherlands,1972,1375.3
France,RESTO_DEL_MUNDO,1972,8545.07
France,Spain,1972,655.99
France,Switzerland,1972,1147.9
France,United Kingdom,1972,1510.4
France,Austria,1973,275
France,Belgium,1973,3932.41
France,Ireland,1973,129.64
France,Italy,1973,4162.8
France,Luxembourg,1973,204.188
France,Netherlands,1973,1934
France,RESTO_DEL_MUNDO,1973,11708.8
France,Spain,1973,983.55
France,Switzerland,1973,1622.8
France,United Kingdom,1973,2402.5
France,Austria,1974,329.3
France,Belgium,1974,4874.96
France,Ireland,1974,203.91
France,Italy,1974,5396.3
France,Luxembourg,1974,263.642
France,Netherlands,1974,2374
France,RESTO_DEL_MUNDO,1974,16169.2
France,Spain,1974,1306.16
France,Switzerland,1974,1979.9
France,United Kingdom,1974,3160.3
France,Austria,1975,382.9
France,Belgium,1975,5133.47
France,Ireland,1975,191.93
France,Italy,1975,5119.9
France,Luxembourg,1975,230.333
France,Netherlands,1975,2686.5
France,RESTO_DEL_MUNDO,1975,20866.2
France,Spain,1975,1352.79
France,Switzerland,1975,1845.2
France,United Kingdom,1975,3616.5
France,Austria,1976,482.5
France,Belgium,1976,5510.17
France,Ireland,1976,199.11
France,Italy,1976,5900.3
France,Luxembourg,1976,250.431
France,Netherlands,1976,2778.7
France,RESTO_DEL_MUNDO,1976,21347
France,Spain,1976,1362.71
France,Switzerland,1976,1959
France,United Kingdom,1976,3760.8
France,Austria,1977,644.1
France,Belgium,1977,6157.79
France,Ireland,1977,258.14
France,Italy,1977,6681.8
France,Luxembourg,1977,265.312
France,Netherlands,1977,3209.2
France,RESTO_DEL_MUNDO,1977,24729.7
France,Spain,1977,1496.32
France,Switzerland,1977,2180.4
France,United Kingdom,1977,4661.7
France,Austria,1978,648.9
France,Belgium,1978,7667.45
France,Ireland,1978,363.33
France,Italy,1978,8218.2
France,Luxembourg,1978,336.849
France,Netherlands,1978,4004.7
France,RESTO_DEL_MUNDO,1978,28962.4
France,Spain,1978,1704.86
France,Switzerland,1978,2976.1
France,United Kingdom,1978,6159.1
France,Austria,1979,825.4
France,Belgium,1979,9214.38
France,Ireland,1979,507.2
France,Italy,1979,10950.4
France,Luxembourg,1979,412.317
France,Netherlands,1979,4906.4
France,RESTO_DEL_MUNDO,1979,34583.9
France,Spain,1979,2456.36
France,Switzerland,1979,2312.6
France,United Kingdom,1979,8518
France,Austria,1980,965.4
France,Belgium,1980,9928.51
France,Ireland,1980,580.12
France,Italy,1980,13821.5
France,Luxembourg,1980,444.593
France,Netherlands,1980,5148.7
France,RESTO_DEL_MUNDO,1980,41425.6
France,Spain,1980,2822.89
France,Switzerland,1980,4459.2
France,United Kingdom,1980,8959
France,Austria,1981,791.2
France,Belgium,1981,8160.8
France,Ireland,1981,546.75
France,Italy,1981,11398.4
France,Luxembourg,1981,371.797
France,Netherlands,1981,4222.2
France,RESTO_DEL_MUNDO,1981,43165
France,Spain,1981,2577.75
France,Switzerland,1981,3800.5
France,United Kingdom,1981,7970.7
France,Austria,1982,755.6
France,Belgium,1982,7674.42
France,Ireland,1982,450.96
France,Italy,1982,10784.1
France,Luxembourg,1982,362.678
France,Netherlands,1982,4069
France,RESTO_DEL_MUNDO,1982,40521.5
France,Spain,1982,2510.25
France,Switzerland,1982,3295.9
France,United Kingdom,1982,7490.6
France,Austria,1983,794.6
France,Belgium,1983,7404.66
France,Ireland,1983,429.45
France,Italy,1983,10121.7
France,Luxembourg,1983,364.038
France,Netherlands,1983,4093.9
France,RESTO_DEL_MUNDO,1983,39289.5
France,Spain,1983,2407.66
France,Switzerland,1983,3399.1
France,United Kingdom,1983,7681.7
France,Austria,1984,729
France,Belgium,1984,7692.79
France,Ireland,1984,466.61
France,Italy,1984,10453.9
France,Luxembourg,1984,388.605
France,Netherlands,1984,4056.4
France,RESTO_DEL_MUNDO,1984,40036.5
France,Spain,1984,2483.08
France,Switzerland,1984,3235.9
France,United Kingdom,1984,7903.1
France,Austria,1985,761.8
France,Belgium,1985,8052.76
France,Ireland,1985,487.24
France,Italy,1985,11368.9
France,Luxembourg,1985,405.236
France,Netherlands,1985,4364.6
France,RESTO_DEL_MUNDO,1985,40109.4
France,Spain,1985,2790.11
France,Switzerland,1985,3445.5
France,United Kingdom,1985,8576.9
France,Austria,1986,1047.6
France,Belgium,1986,10337.9
France,Ireland,1986,590
France,Italy,1986,14583.8
France,Luxembourg,1986,547.559
France,Netherlands,1986,5434.9
France,RESTO_DEL_MUNDO,1986,43631.6
France,Spain,1986,4112.73
France,Switzerland,1986,4688.4
France,United Kingdom,1986,10786.9
France,Austria,1987,1324.8
France,Belgium,1987,12408.8
France,Ireland,1987,597.57
France,Italy,1987,18266.1
France,Luxembourg,1987,657.162
France,Netherlands,1987,6653.7
France,RESTO_DEL_MUNDO,1987,48510.8
France,Spain,1987,6299.91
France,Switzerland,1987,5457.5
France,United Kingdom,1987,13702.3
France,Austria,1988,1438.44
France,Belgium,1988,13489
France,Ireland,1988,647.158
France,Italy,1988,20618
France,Luxembourg,1988,745.924
France,Netherlands,1988,7584.3
France,RESTO_DEL_MUNDO,1988,56070.4
France,Spain,1988,8178.77
France,Switzerland,1988,5983.9
France,United Kingdom,1988,16718.5
France,Austria,1989,1713.97
France,Belgium,1989,13862
France,Ireland,1989,713.723
France,Italy,1989,22494.9
France,Luxembourg,1989,809.807
France,Netherlands,1989,7929.95
France,RESTO_DEL_MUNDO,1989,59213.4
France,Spain,1989,9774.99
France,Switzerland,1989,6321.66
France,United Kingdom,1989,17740.4
France,Austria,1990,2063.81
France,Belgium,1990,17816.4
France,Germany,1990,40692.2
France,Ireland,1990,943.699
France,Italy,1990,25858.7
France,Luxembourg,1990,1060.87
France,Netherlands,1990,9701.89
France,RESTO_DEL_MUNDO,1990,69579.4
France,Spain,1990,12854.2
France,Switzerland,1990,7721.28
France,United Kingdom,1990,20770.6
France,Austria,1991,2212.6
France,Belgium,1991,17873.3
France,Germany,1991,47673.5
France,Ireland,1991,902.836
France,Italy,1991,25902.4
France,Luxembourg,1991,1127.57
France,Netherlands,1991,9541.03
France,RESTO_DEL_MUNDO,1991,67892.8
France,Spain,1991,14089.3
France,Switzerland,1991,7215.67
France,United Kingdom,1991,19454
France,Austria,1992,2396.07
France,Belgium,1992,19380.8
France,Germany,1992,48886.2
France,Ireland,1992,999.255
France,Italy,1992,27199.3
France,Luxembourg,1992,1230.22
France,Netherlands,1992,10359.6
France,RESTO_DEL_MUNDO,1992,75336.2
France,Spain,1992,15837.8
France,Switzerland,1992,7137.92
France,United Kingdom,1992,21510.3
France,Austria,1993,2156.55
France,Belgium,1993,16731.3
France,Germany,1993,36991.7
France,Ireland,1993,856.181
France,Italy,1993,20100
France,Luxembourg,1993,1143.91
France,Netherlands,1993,7974.02
France,RESTO_DEL_MUNDO,1993,72857.5
France,Spain,1993,13949.7
France,Switzerland,1993,6646.93
France,United Kingdom,1993,18525.6
France,Austria,1994,2606.67
France,Belgium,1994,19505.2
France,Germany,1994,40740.3
France,Ireland,1994,916.871
France,Italy,1994,22733.2
France,Luxembourg,1994,1362.12
France,Netherlands,1994,9509.5
France,RESTO_DEL_MUNDO,1994,79181.9
France,Spain,1994,16092.5
France,Switzerland,1994,7473.71
France,United Kingdom,1994,21531.3
France,Austria,1995,3256.82
France,Belgium,1995,22787.2
France,Germany,1995,47580.4
France,Ireland,1995,1192
France,Italy,1995,28669.6
France,Luxembourg,1995,1593.5
France,Netherlands,1995,11028.4
France,RESTO_DEL_MUNDO,1995,94380
France,Spain,1995,19688
France,Switzerland,1995,9067.66
France,United Kingdom,1995,23486.4
France,Austria,1996,3231.9
France,Belgium,1996,22498.6
France,Germany,1996,47204.4
France,Ireland,1996,1315.9
France,Italy,1996,27985.4
France,Luxembourg,1996,1623.04
France,Netherlands,1996,11082.6
France,RESTO_DEL_MUNDO,1996,97867.7
France,Spain,1996,21748.1
France,Switzerland,1996,9031.11
France,United Kingdom,1996,24894.2
France,Austria,1997,2967.81
France,Belgium,1997,21814.5
France,Germany,1997,45773.2
France,Ireland,1997,1809.58
France,Italy,1997,27469.2
France,Luxembourg,1997,1116.09
France,Netherlands,1997,10936.7
France,RESTO_DEL_MUNDO,1997,105228
France,Spain,1997,21427.9
France,Switzerland,1997,8272.6
France,United Kingdom,1997,26172.9
France,Austria,1998,3205.72
France,Belgium,1998,22305.5
France,Germany,1998,51271.8
France,Ireland,1998,1710.9
France,Italy,1998,28441.7
France,Luxembourg,1998,1263.86
France,Netherlands,1998,10607.4
France,RESTO_DEL_MUNDO,1998,111848
France,Spain,1998,23865.3
France,Switzerland,1998,8728.52
France,United Kingdom,1998,26374.6
France,Austria,1999,3400.42
France,Belgium,1999,20730.3
France,Germany,1999,48875.1
France,Ireland,1999,1884.14
France,Italy,1999,28181.6
France,Luxembourg,1999,1310.94
France,Netherlands,1999,12352.3
France,RESTO_DEL_MUNDO,1999,118079
France,Spain,1999,24820
France,Switzerland,1999,9583.2
France,United Kingdom,1999,29310.4
France,Austria,2000,2708.91
France,Belgium,2000,22331.5
France,Germany,2000,47914.6
France,Ireland,2000,2291.17
France,Italy,2000,26829.7
France,Luxembourg,2000,1395.22
France,Netherlands,2000,11405.7
France,RESTO_DEL_MUNDO,2000,119796
France,Spain,2000,25581.2
France,Switzerland,2000,8435.45
France,United Kingdom,2000,26928.9
France,Austria,2001,2842.31
France,Belgium,2001,23964.8
France,Germany,2001,46260.2
France,Ireland,2001,2428.75
France,Italy,2001,25954.1
France,Luxembourg,2001,1402.98
France,Netherlands,2001,11341.1
France,RESTO_DEL_MUNDO,2001,123511
France,Spain,2001,24254.5
France,Switzerland,2001,8624.82
France,United Kingdom,2001,24938.5
France,Austria,2002,2870.92
France,Belgium,2002,25230.4
France,Germany,2002,46542.8
France,Ireland,2002,1961.03
France,Italy,2002,27477.8
France,Luxembourg,2002,1738.84
France,Netherlands,2002,12073.9
France,RESTO_DEL_MUNDO,2002,122263
France,Spain,2002,26232
France,Switzerland,2002,9352.56
France,United Kingdom,2002,26253.1
France,Austria,2003,3766.18
France,Belgium,2003,29734.1
France,Germany,2003,54764.4
France,Ireland,2003,1999.79
France,Italy,2003,33982
France,Luxembourg,2003,1859.07
France,Netherlands,2003,13310.5
France,RESTO_DEL_MUNDO,2003,144310
France,Spain,2003,35084.9
France,Switzerland,2003,11360.9
France,United Kingdom,2003,31145.8
France,Austria,2004,4619.22
France,Belgium,2004,35623.9
France,Germany,2004,64900.5
France,Ireland,2004,2624.54
France,Italy,2004,38922.9
France,Luxembourg,2004,2402.91
France,Netherlands,2004,15930.7
France,RESTO_DEL_MUNDO,2004,171981
France,Spain,2004,41113.4
France,Switzerland,2004,12149.2
France,United Kingdom,2004,33387.3
France,Austria,2005,4777.68
France,Belgium,2005,36294.8
France,Germany,2005,67876.1
France,Ireland,2005,2511.8
France,Italy,2005,38413.3
France,Luxembourg,2005,2130.53
France,Netherlands,2005,16940.9
France,RESTO_DEL_MUNDO,2005,185482
France,Spain,2005,42582.3
France,Switzerland,2005,12694
France,United Kingdom,2005,35825
France,Austria,2006,4338.32
France,Belgium,2006,38951.3
France,Germany,2006,78006.6
France,Ireland,2006,2659.5
France,Italy,2006,41092.6
France,Luxembourg,2006,2328.08
France,Netherlands,2006,18938.3
France,RESTO_DEL_MUNDO,2006,206845
France,Spain,2006,43951.4
France,Switzerland,2006,14122.2
France,United Kingdom,2006,38162.3
France,Austria,2007,5098.73
France,Belgium,2007,45670.5
France,Germany,2007,88508.2
France,Ireland,2007,3494.05
France,Italy,2007,46670.6
France,Luxembourg,2007,2701.55
France,Netherlands,2007,21586
France,RESTO_DEL_MUNDO,2007,241479
France,Spain,2007,50033.4
France,Switzerland,2007,15270
France,United Kingdom,2007,42602.7
France,Austria,2008,5671.43
France,Belgium,2008,51194.7
France,Germany,2008,95447.9
France,Ireland,2008,3330.44
France,Italy,2008,47662.8
France,Luxembourg,2008,3285.55
France,Netherlands,2008,25615.6
France,RESTO_DEL_MUNDO,2008,271956
France,Spain,2008,50581.9
France,Switzerland,2008,17286.4
France,United Kingdom,2008,42226.9
France,Austria,2009,4277.31
France,Belgium,2009,41452.4
France,Germany,2009,76339
France,Ireland,2009,2977.86
France,Italy,2009,36773.1
France,Luxembourg,2009,2247.81
France,Netherlands,2009,19579.4
France,RESTO_DEL_MUNDO,2009,222981
France,Spain,2009,37595.7
France,Switzerland,2009,14479.5
France,United Kingdom,2009,31520.6
France,Austria,2010,4434.23
France,Belgium,2010,43173
France,Germany,2010,82963.4
France,Ireland,2010,2278.48
France,Italy,2010,42665.2
France,Luxembourg,2010,2874.25
France,Netherlands,2010,19613.8
France,RESTO_DEL_MUNDO,2010,245823
France,Spain,2010,38332.7
France,Switzerland,2010,15010.9
France,United Kingdom,2010,32836.4
France,Austria,2011,5399.46
France,Belgium,2011,49302
France,Germany,2011,95037.1
France,Ireland,2011,2545.93
France,Italy,2011,46749.3
France,Luxembourg,2011,3037.99
France,Netherlands,2011,24093.1
France,RESTO_DEL_MUNDO,2011,276817
France,Spain,2011,43983
France,Switzerland,2011,17889.6
France,United Kingdom,2011,36418.1
France,Austria,2012,4755.3
France,Belgium,2012,45998.9
France,Germany,2012,85657.2
France,Ireland,2012,2240.24
France,Italy,2012,40653.6
France,Luxembourg,2012,2889.59
France,Netherlands,2012,23217.5
France,RESTO_DEL_MUNDO,2012,277357
France,Spain,2012,38486.1
France,Switzerland,2012,16691.6
France,United Kingdom,2012,35399.9
France,Austria,2013,4996.24
France,Belgium,2013,47823
France,Germany,2013,90310.4
France,Ireland,2013,2589.26
France,Italy,2013,40525.2
France,Luxembourg,2013,2907.32
France,Netherlands,2013,23416.2
France,RESTO_DEL_MUNDO,2013,287199
France,Spain,2013,39608.3
France,Switzerland,2013,16774.1
France,United Kingdom,2013,37220.9
France,Austria,2014,4862.79
France,Belgium,2014,46182
France,Germany,2014,95956.9
France,Ireland,2014,2528.97
France,Italy,2014,40700.9
France,Luxembourg,2014,3201.61
France,Netherlands,2014,23288.4
France,RESTO_DEL_MUNDO,2014,291054
France,Spain,2014,42132.6
France,Switzerland,2014,16513.8
France,United Kingdom,2014,39645.1
Germany,Belgium,1900,60.73
Germany,RESTO_DEL_MUNDO,1900,841.98
Germany,Switzerland,1900,67.57
Germany,Belgium,1901,56.96
Germany,RESTO_DEL_MUNDO,1901,802.42
Germany,Switzerland,1901,60.56
Germany,Belgium,1902,63.22
Germany,RESTO_DEL_MUNDO,1902,979.98
Germany,Switzerland,1902,62.22
Germany,Belgium,1903,64.83
Germany,RESTO_DEL_MUNDO,1903,1060.92
Germany,Switzerland,1903,68.14
Germany,Belgium,1904,67.3
Germany,RESTO_DEL_MUNDO,1904,1110.59
Germany,Switzerland,1904,72.67
Germany,Belgium,1905,79.25
Germany,RESTO_DEL_MUNDO,1905,1295.64
Germany,Switzerland,1905,85.78
Germany,Belgium,1906,89.99
Germany,RESTO_DEL_MUNDO,1906,1317.66
Germany,Switzerland,1906,93.59
Germany,Belgium,1907,88.71
Germany,RESTO_DEL_MUNDO,1907,1530.17
Germany,Switzerland,1907,107.87
Germany,Belgium,1908,87.33
Germany,RESTO_DEL_MUNDO,1908,1542.49
Germany,Switzerland,1908,100.86
Germany,Belgium,1909,95.79
Germany,RESTO_DEL_MUNDO,1909,1614.95
Germany,Switzerland,1909,104.27
Germany,Belgium,1910,126.16
Germany,RESTO_DEL_MUNDO,1910,1955.26
Germany,Switzerland,1910,110.47
Germany,Belgium,1911,115.66
Germany,RESTO_DEL_MUNDO,1911,2170.76
Germany,Switzerland,1911,113.07
Germany,Belgium,1912,135.1
Germany,RESTO_DEL_MUNDO,1912,2372.56
Germany,Switzerland,1912,126.31
Germany,Belgium,1913,166.83
Germany,RESTO_DEL_MUNDO,1913,2586.96
Germany,Switzerland,1913,121.69
Germany,Austria,1919,0
Germany,RESTO_DEL_MUNDO,1919,666.38
Germany,Switzerland,1919,91.65
Germany,Austria,1920,53.5
Germany,Belgium,1920,70.24
Germany,RESTO_DEL_MUNDO,1920,1290.4
Germany,Switzerland,1920,136.69
Germany,Austria,1921,0
Germany,Belgium,1921,105.67
Germany,RESTO_DEL_MUNDO,1921,1607.52
Germany,Switzerland,1921,76.38
Germany,Austria,1922,0.38
Germany,Ireland,1922,0
Germany,RESTO_DEL_MUNDO,1922,1399.89
Germany,Switzerland,1922,69.71
Germany,Austria,1923,100.94
Germany,Belgium,1923,47.8
Germany,Ireland,1923,0
Germany,RESTO_DEL_MUNDO,1923,1464.8
Germany,Switzerland,1923,75.29
Germany,Austria,1924,105.11
Germany,Belgium,1924,22.56
Germany,Ireland,1924,3.17
Germany,RESTO_DEL_MUNDO,1924,1687.76
Germany,Switzerland,1924,88.63
Germany,Austria,1925,64.18
Germany,Belgium,1925,78.05
Germany,Ireland,1925,4.24
Germany,RESTO_DEL_MUNDO,1925,1937.87
Germany,Switzerland,1925,91.07
Germany,Austria,1926,66.42
Germany,Ireland,1926,11.17
Germany,RESTO_DEL_MUNDO,1926,2212.41
Germany,Switzerland,1926,88.85
Germany,Austria,1927,73.61
Germany,Belgium,1927,100.37
Germany,Ireland,1927,7.25
Germany,RESTO_DEL_MUNDO,1927,2304.61
Germany,Switzerland,1927,104.33
Germany,Austria,1928,90.39
Germany,Belgium,1928,110.34
Germany,Ireland,1928,8.98
Germany,RESTO_DEL_MUNDO,1928,2573.33
Germany,Switzerland,1928,120.17
Germany,Austria,1929,95.32
Germany,Belgium,1929,25.22
Germany,Ireland,1929,7.52
Germany,RESTO_DEL_MUNDO,1929,2690.55
Germany,Switzerland,1929,134.59
Germany,Austria,1930,80.17
Germany,Belgium,1930,143.63
Germany,Ireland,1930,6.46
Germany,RESTO_DEL_MUNDO,1930,2427.36
Germany,Switzerland,1930,137.4
Germany,Austria,1931,66.17
Germany,Belgium,1931,112.51
Germany,Ireland,1931,5.55
Germany,RESTO_DEL_MUNDO,1931,1835.67
Germany,Switzerland,1931,128.03
Germany,Austria,1932,38.67
Germany,Belgium,1932,76.39
Germany,Ireland,1932,4.56
Germany,RESTO_DEL_MUNDO,1932,1011.29
Germany,Switzerland,1932,96.79
Germany,Austria,1933,30.09
Germany,Belgium,1933,88.25
Germany,Ireland,1933,6.043
Germany,RESTO_DEL_MUNDO,1933,1116.5
Germany,Switzerland,1933,114.5
Germany,Austria,1934,37.14
Germany,Belgium,1934,85.64
Germany,Ireland,1934,3.1
Germany,RESTO_DEL_MUNDO,1934,1284.43
Germany,Switzerland,1934,125.76
Germany,Austria,1935,38
Germany,Belgium,1935,78
Germany,Ireland,1935,2.11
Germany,RESTO_DEL_MUNDO,1935,1376.35
Germany,Switzerland,1935,110
Germany,Austria,1936,39.68
Germany,Belgium,1936,83.76
Germany,Ireland,1936,6.85
Germany,RESTO_DEL_MUNDO,1936,1578.81
Germany,Switzerland,1936,94.83
Germany,Austria,1937,76.51
Germany,Belgium,1937,105.29
Germany,Ireland,1937,7.08
Germany,RESTO_DEL_MUNDO,1937,1913.68
Germany,Switzerland,1937,92.38
Germany,Austria,1938,46
Germany,Belgium,1938,89
Germany,Ireland,1938,7.1
Germany,RESTO_DEL_MUNDO,1938,1668.81
Germany,Switzerland,1938,85.33
Germany,Ireland,1939,0
Germany,RESTO_DEL_MUNDO,1939,1332.93
Germany,Switzerland,1939,99.2
Germany,Ireland,1940,0
Germany,RESTO_DEL_MUNDO,1940,719.81
Germany,Switzerland,1940,93.26
Germany,Ireland,1941,0
Germany,RESTO_DEL_MUNDO,1941,2175
Germany,Switzerland,1941,152.3
Germany,Ireland,1942,0
Germany,RESTO_DEL_MUNDO,1942,8373.24
Germany,RESTO_DEL_MUNDO,1943,0.464614
Germany,RESTO_DEL_MUNDO,1944,4319.47
Germany,Ireland,1945,0
Germany,RESTO_DEL_MUNDO,1945,46.7812
Germany,Switzerland,1945,0
Germany,Austria,1990,21631.5
Germany,Ireland,1990,1729.6
Germany,RESTO_DEL_MUNDO,1990,321614
Germany,Switzerland,1990,23558.2
Germany,Austria,1991,21870.8
Germany,Belgium,1991,26681
Germany,Ireland,1991,1707.25
Germany,Luxembourg,1991,1683.22
Germany,RESTO_DEL_MUNDO,1991,315104
Germany,Switzerland,1991,21711.1
Germany,Austria,1992,23231.2
Germany,Belgium,1992,28123.2
Germany,Ireland,1992,1880.89
Germany,Luxembourg,1992,1785.15
Germany,RESTO_DEL_MUNDO,1992,333935
Germany,Switzerland,1992,22034.5
Germany,Austria,1993,20172.3
Germany,Belgium,1993,22292.8
Germany,Ireland,1993,1585.56
Germany,Luxembourg,1993,1524.14
Germany,RESTO_DEL_MUNDO,1993,288063
Germany,Switzerland,1993,19781.8
Germany,Austria,1994,22134.1
Germany,Belgium,1994,24155.7
Germany,Ireland,1994,1776.8
Germany,Luxembourg,1994,1686.88
Germany,RESTO_DEL_MUNDO,1994,324324
Germany,Switzerland,1994,22356.1
Germany,Austria,1995,28884.8
Germany,Belgium,1995,30671.6
Germany,Ireland,1995,2233.49
Germany,Luxembourg,1995,2144.86
Germany,RESTO_DEL_MUNDO,1995,397195
Germany,Switzerland,1995,26985.5
Germany,Austria,1996,28863
Germany,Belgium,1996,29433.4
Germany,Ireland,1996,2557.6
Germany,Luxembourg,1996,2123.31
Germany,RESTO_DEL_MUNDO,1996,399651
Germany,Switzerland,1996,24571.1
Germany,Austria,1997,26615.6
Germany,Belgium,1997,27220.7
Germany,Ireland,1997,2310.74
Germany,Luxembourg,1997,2633.25
Germany,RESTO_DEL_MUNDO,1997,397030
Germany,Switzerland,1997,22901.4
Germany,Austria,1998,28361
Germany,Belgium,1998,29257.6
Germany,Ireland,1998,2732.32
Germany,Luxembourg,1998,2714.92
Germany,RESTO_DEL_MUNDO,1998,417006
Germany,Switzerland,1998,24420.6
Germany,Austria,1999,32462
Germany,Belgium,1999,27998.8
Germany,Ireland,1999,2935.18
Germany,Luxembourg,1999,2765.55
Germany,RESTO_DEL_MUNDO,1999,446533
Germany,Switzerland,1999,24788.4
Germany,Austria,2000,31572.8
Germany,Belgium,2000,28691.4
Germany,Ireland,2000,3009.7
Germany,Luxembourg,2000,2677.45
Germany,RESTO_DEL_MUNDO,2000,451075
Germany,Switzerland,2000,24030.9
Germany,Austria,2001,32418
Germany,Belgium,2001,28887.5
Germany,Ireland,2001,3193.85
Germany,Luxembourg,2001,2774.05
Germany,RESTO_DEL_MUNDO,2001,464362
Germany,Switzerland,2001,25327.9
Germany,Austria,2002,33248.7
Germany,Belgium,2002,33912.5
Germany,Ireland,2002,3506.02
Germany,Luxembourg,2002,3024.6
Germany,RESTO_DEL_MUNDO,2002,502418
Germany,Switzerland,2002,26846.2
Germany,Austria,2003,43157.3
Germany,Belgium,2003,39740.8
Germany,Ireland,2003,4376.59
Germany,Luxembourg,2003,3738.34
Germany,RESTO_DEL_MUNDO,2003,611292
Germany,Switzerland,2003,31736.8
Germany,Austria,2004,55558
Germany,Belgium,2004,52712.3
Germany,Ireland,2004,5486.03
Germany,Luxembourg,2004,4527.43
Germany,RESTO_DEL_MUNDO,2004,734407
Germany,Switzerland,2004,37267.4
Germany,Austria,2005,58285.9
Germany,Belgium,2005,54887.9
Germany,Ireland,2005,6288.06
Germany,Luxembourg,2005,4870.8
Germany,RESTO_DEL_MUNDO,2005,804221
Germany,Switzerland,2005,39939.9
Germany,Austria,2006,62399.9
Germany,Belgium,2006,60819.6
Germany,Ireland,2006,7031.56
Germany,Luxembourg,2006,5502.96
Germany,RESTO_DEL_MUNDO,2006,909421
Germany,Switzerland,2006,44806.8
Germany,Austria,2007,74296.2
Germany,Belgium,2007,72848.9
Germany,Ireland,2007,8127.12
Germany,Luxembourg,2007,6655.79
Germany,RESTO_DEL_MUNDO,2007,1.09339e+06
Germany,Switzerland,2007,52413.8
Germany,Austria,2008,82043.9
Germany,Belgium,2008,80173.9
Germany,Ireland,2008,7275.11
Germany,Luxembourg,2008,7663.57
Germany,RESTO_DEL_MUNDO,2008,1.20433e+06
Germany,Switzerland,2008,60990.8
Germany,Austria,2009,64667.5
Germany,Belgium,2009,59979.4
Germany,Ireland,2009,4250.36
Germany,Luxembourg,2009,5742.42
Germany,RESTO_DEL_MUNDO,2009,924034
Germany,Switzerland,2009,50722.5
Germany,Austria,2010,69194.9
Germany,Belgium,2010,62805.6
Germany,Ireland,2010,4563.37
Germany,Luxembourg,2010,6277.38
Germany,RESTO_DEL_MUNDO,2010,1.04248e+06
Germany,Switzerland,2010,56324
Germany,Austria,2011,80888.4
Germany,Belgium,2011,68838.6
Germany,Ireland,2011,5165.76
Germany,Luxembourg,2011,7404.18
Germany,RESTO_DEL_MUNDO,2011,1.21108e+06
Germany,Switzerland,2011,67205.9
Germany,Austria,2012,74116.4
Germany,Belgium,2012,61885.6
Germany,Ireland,2012,4677.85
Germany,Luxembourg,2012,6433.45
Germany,RESTO_DEL_MUNDO,2012,1.17934e+06
Germany,Switzerland,2012,58588.1
Germany,Austria,2013,75540
Germany,Belgium,2013,60965.3
Germany,Ireland,2013,5615.06
Germany,Luxembourg,2013,6468.39
Germany,RESTO_DEL_MUNDO,2013,1.22104e+06
Germany,Switzerland,2013,56527.4
Germany,Austria,2014,75122.8
Germany,Belgium,2014,59584.8
Germany,Ireland,2014,5953.65
Germany,Luxembourg,2014,6490.96
Germany,RESTO_DEL_MUNDO,2014,1.26375e+06
Germany,Switzerland,2014,56776.4
Ghana,RESTO_DEL_MUNDO,1957,227.95
Ghana,South Africa,1957,3.2
Ghana,RESTO_DEL_MUNDO,1958,268.46
Ghana,South Africa,1958,3.6
Ghana,RESTO_DEL_MUNDO,1959,290.18
Ghana,South Africa,1959,2.9
Ghana,Nigeria,1960,1.8
Ghana,RESTO_DEL_MUNDO,1960,250.03
Ghana,South Africa,1960,3.7
Ghana,Nigeria,1961,1.7
Ghana,RESTO_DEL_MUNDO,1961,249.57
Ghana,South Africa,1961,0.6
Ghana,Nigeria,1962,0.4
Ghana,RESTO_DEL_MUNDO,1962,247.92
Ghana,South Africa,1962,0
Ghana,Nigeria,1963,0.7
Ghana,RESTO_DEL_MUNDO,1963,259.66
Ghana,South Africa,1963,0
Ghana,Nigeria,1964,0.6
Ghana,RESTO_DEL_MUNDO,1964,287.25
Ghana,South Africa,1964,0
Ghana,Nigeria,1965,0.6
Ghana,RESTO_DEL_MUNDO,1965,272.148
Ghana,South Africa,1965,0
Ghana,Botswana,1966,0
Ghana,Nigeria,1966,0.7
Ghana,RESTO_DEL_MUNDO,1966,266.998
Ghana,South Africa,1966,0
Ghana,Botswana,1967,0
Ghana,Nigeria,1967,1
Ghana,RESTO_DEL_MUNDO,1967,289.095
Ghana,South Africa,1967,0
Ghana,Botswana,1968,0
Ghana,Nigeria,1968,3.1
Ghana,RESTO_DEL_MUNDO,1968,337.767
Ghana,South Africa,1968,0
Ghana,Botswana,1969,0
Ghana,Nigeria,1969,0.9
Ghana,RESTO_DEL_MUNDO,1969,371.314
Ghana,South Africa,1969,0
Ghana,Botswana,1970,0.001
Ghana,Nigeria,1970,0.4
Ghana,RESTO_DEL_MUNDO,1970,410.868
Ghana,South Africa,1970,0.015
Ghana,Botswana,1971,0
Ghana,Nigeria,1971,1.4
Ghana,RESTO_DEL_MUNDO,1971,372.437
Ghana,South Africa,1971,0.013
Ghana,Botswana,1972,0
Ghana,Nigeria,1972,1.2
Ghana,RESTO_DEL_MUNDO,1972,404.605
Ghana,South Africa,1972,0.014
Ghana,Botswana,1973,0.003
Ghana,Nigeria,1973,1
Ghana,RESTO_DEL_MUNDO,1973,571.857
Ghana,South Africa,1973,0.006
Ghana,Botswana,1974,0.001
Ghana,Nigeria,1974,0.8
Ghana,RESTO_DEL_MUNDO,1974,748.763
Ghana,South Africa,1974,0.002
Ghana,Angola,1975,0.019
Ghana,Botswana,1975,0.002
Ghana,Nigeria,1975,2.6
Ghana,RESTO_DEL_MUNDO,1975,804.789
Ghana,South Africa,1975,0.016
Ghana,Angola,1976,0.002
Ghana,Botswana,1976,0.002
Ghana,Nigeria,1976,6.5
Ghana,RESTO_DEL_MUNDO,1976,839.609
Ghana,South Africa,1976,0
Ghana,Angola,1977,0.029
Ghana,Botswana,1977,0
Ghana,Nigeria,1977,8.9
Ghana,RESTO_DEL_MUNDO,1977,1187.06
Ghana,South Africa,1977,0
Ghana,Angola,1978,0.001
Ghana,Botswana,1978,0
Ghana,Nigeria,1978,6.5
Ghana,RESTO_DEL_MUNDO,1978,1127.13
Ghana,South Africa,1978,0
Ghana,Angola,1979,0
Ghana,Botswana,1979,0.001
Ghana,Nigeria,1979,4.5
Ghana,RESTO_DEL_MUNDO,1979,1162.92
Ghana,South Africa,1979,0
Ghana,Angola,1980,0
Ghana,Botswana,1980,0.005
Ghana,Nigeria,1980,0.733
Ghana,RESTO_DEL_MUNDO,1980,1182.03
Ghana,South Africa,1980,0
Ghana,Angola,1981,0.0286
Ghana,Botswana,1981,0
Ghana,Nigeria,1981,3.8
Ghana,RESTO_DEL_MUNDO,1981,795.419
Ghana,South Africa,1981,0.002
Ghana,Angola,1982,0
Ghana,Botswana,1982,0
Ghana,Nigeria,1982,2.8
Ghana,RESTO_DEL_MUNDO,1982,910.861
Ghana,South Africa,1982,0
Ghana,Angola,1983,0
Ghana,Botswana,1983,0.037
Ghana,Nigeria,1983,1.5
Ghana,RESTO_DEL_MUNDO,1983,604.701
Ghana,South Africa,1983,0
Ghana,Angola,1984,0
Ghana,Botswana,1984,0
Ghana,Nigeria,1984,0.1
Ghana,RESTO_DEL_MUNDO,1984,475.106
Ghana,South Africa,1984,0
Ghana,Angola,1985,0
Ghana,Botswana,1985,0
Ghana,Nigeria,1985,0.377506
Ghana,RESTO_DEL_MUNDO,1985,568.942
Ghana,South Africa,1985,0
Ghana,Angola,1986,0.0866394
Ghana,Botswana,1986,0
Ghana,Nigeria,1986,0.2531
Ghana,RESTO_DEL_MUNDO,1986,832.877
Ghana,South Africa,1986,0
Ghana,Angola,1987,0.0109976
Ghana,Botswana,1987,0.000377277
Ghana,Nigeria,1987,0.290973
Ghana,RESTO_DEL_MUNDO,1987,916.124
Ghana,South Africa,1987,0
Ghana,Angola,1988,0.011938
Ghana,Botswana,1988,0
Ghana,Nigeria,1988,0.784098
Ghana,RESTO_DEL_MUNDO,1988,921.859
Ghana,South Africa,1988,0
Ghana,Angola,1989,0.014133
Ghana,Botswana,1989,0
Ghana,Nigeria,1989,0.131152
Ghana,RESTO_DEL_MUNDO,1989,796.901
Ghana,South Africa,1989,0
Ghana,Angola,1990,0.0162529
Ghana,Botswana,1990,0
Ghana,Nigeria,1990,0.710965
Ghana,RESTO_DEL_MUNDO,1990,1317.17
Ghana,South Africa,1990,0
Ghana,Angola,1991,0
Ghana,Botswana,1991,0
Ghana,Nigeria,1991,0.224524
Ghana,RESTO_DEL_MUNDO,1991,1168.84
Ghana,South Africa,1991,0
Ghana,Angola,1992,5.3405
Ghana,Botswana,1992,0
Ghana,Nigeria,1992,46.2583
Ghana,RESTO_DEL_MUNDO,1992,1101.28
Ghana,South Africa,1992,0.017
Ghana,Angola,1993,6.3552
Ghana,Botswana,1993,0
Ghana,Nigeria,1993,46.8689
Ghana,RESTO_DEL_MUNDO,1993,1160.24
Ghana,South Africa,1993,1.76888
Ghana,Angola,1994,7.56268
Ghana,Botswana,1994,0
Ghana,Nigeria,1994,52.5058
Ghana,RESTO_DEL_MUNDO,1994,1539.04
Ghana,South Africa,1994,6.35233
Ghana,Angola,1995,9.3021
Ghana,Botswana,1995,0
Ghana,Nigeria,1995,51.7433
Ghana,RESTO_DEL_MUNDO,1995,1496.62
Ghana,South Africa,1995,4.09272
Ghana,Angola,1996,10.9765
Ghana,Botswana,1996,0
Ghana,Nigeria,1996,64.6871
Ghana,RESTO_DEL_MUNDO,1996,1588.44
Ghana,South Africa,1996,3.37925
Ghana,Angola,1997,12.0741
Ghana,Botswana,1997,0
Ghana,Nigeria,1997,65.4759
Ghana,RESTO_DEL_MUNDO,1997,1511.71
Ghana,South Africa,1997,3.60992
Ghana,Angola,1998,13.7645
Ghana,Botswana,1998,0
Ghana,Nigeria,1998,70.714
Ghana,RESTO_DEL_MUNDO,1998,1725.62
Ghana,South Africa,1998,5.61027
Ghana,Angola,1999,14.5487
Ghana,Botswana,1999,0
Ghana,Nigeria,1999,68.8047
Ghana,RESTO_DEL_MUNDO,1999,1722.84
Ghana,South Africa,1999,4.24737
Ghana,Angola,2000,18.1858
Ghana,Botswana,2000,0
Ghana,Nigeria,2000,14.1598
Ghana,RESTO_DEL_MUNDO,2000,1469.25
Ghana,South Africa,2000,3.95333
Ghana,Angola,2001,18.1104
Ghana,Botswana,2001,0
Ghana,Nigeria,2001,11.9815
Ghana,RESTO_DEL_MUNDO,2001,1438.79
Ghana,South Africa,2001,3.42971
Ghana,Angola,2002,18.7313
Ghana,Botswana,2002,0
Ghana,Nigeria,2002,17.5987
Ghana,RESTO_DEL_MUNDO,2002,1610.95
Ghana,South Africa,2002,7.40919
Ghana,Angola,2003,20.8201
Ghana,Botswana,2003,0
Ghana,Nigeria,2003,22.3843
Ghana,RESTO_DEL_MUNDO,2003,1947.81
Ghana,South Africa,2003,7.51323
Ghana,Angola,2004,27.0773
Ghana,Botswana,2004,0
Ghana,Nigeria,2004,29.1116
Ghana,RESTO_DEL_MUNDO,2004,2189.04
Ghana,South Africa,2004,10.8354
Ghana,Angola,2005,34.4776
Ghana,Botswana,2005,0
Ghana,Nigeria,2005,37.0679
Ghana,RESTO_DEL_MUNDO,2005,2271.23
Ghana,South Africa,2005,12.6469
Ghana,Angola,2006,42.5627
Ghana,Botswana,2006,0
Ghana,Nigeria,2006,45.7604
Ghana,RESTO_DEL_MUNDO,2006,2647.84
Ghana,South Africa,2006,13.2075
Ghana,Angola,2007,55.1365
Ghana,Botswana,2007,0
Ghana,Nigeria,2007,59.2789
Ghana,RESTO_DEL_MUNDO,2007,3186.8
Ghana,South Africa,2007,15.0571
Ghana,Angola,2008,69.6482
Ghana,Botswana,2008,0
Ghana,Nigeria,2008,74.8809
Ghana,RESTO_DEL_MUNDO,2008,4123.95
Ghana,South Africa,2008,17.5491
Ghana,Angola,2009,65.2729
Ghana,Botswana,2009,0
Ghana,Nigeria,2009,70.1768
Ghana,RESTO_DEL_MUNDO,2009,3258.87
Ghana,South Africa,2009,7.32752
Ghana,Angola,2010,75.0638
Ghana,Botswana,2010,0
Ghana,Nigeria,2010,80.7033
Ghana,RESTO_DEL_MUNDO,2010,4184.36
Ghana,South Africa,2010,12.9655
Ghana,Angola,2011,86.3233
Ghana,Botswana,2011,0
Ghana,Nigeria,2011,92.8088
Ghana,RESTO_DEL_MUNDO,2011,8567.89
Ghana,South Africa,2011,15.2809
Ghana,Angola,2012,96.2749
Ghana,Botswana,2012,0
Ghana,Nigeria,2012,103.508
Ghana,RESTO_DEL_MUNDO,2012,7593.12
Ghana,South Africa,2012,242.192
Ghana,Angola,2013,107.793
Ghana,Botswana,2013,0
Ghana,Nigeria,2013,115.891
Ghana,RESTO_DEL_MUNDO,2013,7904.98
Ghana,South Africa,2013,699.117
Ghana,Angola,2014,102.68
Ghana,Botswana,2014,0
Ghana,Nigeria,2014,110.395
Ghana,RESTO_DEL_MUNDO,2014,9186.87
Ghana,South Africa,2014,730.086
Greece,RESTO_DEL_MUNDO,1900,23.88
Greece,RESTO_DEL_MUNDO,1901,21.21
Greece,RESTO_DEL_MUNDO,1902,21.55
Greece,RESTO_DEL_MUNDO,1903,18.36
Greece,RESTO_DEL_MUNDO,1904,19.77
Greece,RESTO_DEL_MUNDO,1905,20.35
Greece,RESTO_DEL_MUNDO,1906,31.18
Greece,RESTO_DEL_MUNDO,1907,30.67
Greece,RESTO_DEL_MUNDO,1908,30.19
Greece,RESTO_DEL_MUNDO,1909,26.17
Greece,RESTO_DEL_MUNDO,1910,35.1099
Greece,RESTO_DEL_MUNDO,1911,20.4705
Greece,RESTO_DEL_MUNDO,1912,25.17
Greece,RESTO_DEL_MUNDO,1913,20.4633
Greece,RESTO_DEL_MUNDO,1919,118.329
Greece,RESTO_DEL_MUNDO,1920,79.9985
Greece,RESTO_DEL_MUNDO,1921,68.6956
Greece,RESTO_DEL_MUNDO,1922,79.1355
Greece,RESTO_DEL_MUNDO,1923,55.2434
Greece,RESTO_DEL_MUNDO,1924,80.137
Greece,RESTO_DEL_MUNDO,1925,83.9748
Greece,RESTO_DEL_MUNDO,1926,80.7437
Greece,RESTO_DEL_MUNDO,1927,81.8376
Greece,RESTO_DEL_MUNDO,1928,81.7868
Greece,RESTO_DEL_MUNDO,1929,92.6977
Greece,RESTO_DEL_MUNDO,1930,67.6388
Greece,RESTO_DEL_MUNDO,1931,59.1395
Greece,RESTO_DEL_MUNDO,1932,50.1277
Greece,RESTO_DEL_MUNDO,1933,37.2857
Greece,RESTO_DEL_MUNDO,1934,57.5297
Greece,RESTO_DEL_MUNDO,1935,71.1327
Greece,RESTO_DEL_MUNDO,1936,66.1443
Greece,RESTO_DEL_MUNDO,1937,101.715
Greece,RESTO_DEL_MUNDO,1938,78.3527
Greece,RESTO_DEL_MUNDO,1939,90.576
Greece,RESTO_DEL_MUNDO,1940,68.2436
Greece,RESTO_DEL_MUNDO,1941,24.8577
Greece,RESTO_DEL_MUNDO,1944,12.3769
Greece,RESTO_DEL_MUNDO,1945,1.73108
Greece,RESTO_DEL_MUNDO,1946,33.2814
Greece,RESTO_DEL_MUNDO,1947,70.6035
Greece,RESTO_DEL_MUNDO,1948,84.3046
Greece,RESTO_DEL_MUNDO,1949,65.9618
Greece,RESTO_DEL_MUNDO,1950,57.15
Greece,RESTO_DEL_MUNDO,1951,79.59
Greece,RESTO_DEL_MUNDO,1952,93.97
Greece,RESTO_DEL_MUNDO,1953,94.8
Greece,RESTO_DEL_MUNDO,1954,118.46
Greece,RESTO_DEL_MUNDO,1955,180.73
Greece,RESTO_DEL_MUNDO,1956,214.88
Greece,RESTO_DEL_MUNDO,1957,232.18
Greece,RESTO_DEL_MUNDO,1958,262.5
Greece,RESTO_DEL_MUNDO,1959,235.89
Greece,Cyprus,1960,3.3
Greece,RESTO_DEL_MUNDO,1960,187.24
Greece,Cyprus,1961,2.6
Greece,RESTO_DEL_MUNDO,1961,209.39
Greece,Cyprus,1962,3.1
Greece,RESTO_DEL_MUNDO,1962,225.861
Greece,Cyprus,1963,4
Greece,RESTO_DEL_MUNDO,1963,252.883
Greece,Cyprus,1964,3.4
Greece,Malta,1964,0.3
Greece,RESTO_DEL_MUNDO,1964,272.606
Greece,Cyprus,1965,4.8
Greece,Malta,1965,0.4
Greece,RESTO_DEL_MUNDO,1965,289.01
Greece,Cyprus,1966,5.9
Greece,Malta,1966,0.3
Greece,RESTO_DEL_MUNDO,1966,381.525
Greece,Cyprus,1967,6.8
Greece,Malta,1967,0.97
Greece,RESTO_DEL_MUNDO,1967,437.053
Greece,Cyprus,1968,7
Greece,Malta,1968,0.4
Greece,RESTO_DEL_MUNDO,1968,441.143
Greece,Cyprus,1969,9.769
Greece,Malta,1969,1.07
Greece,RESTO_DEL_MUNDO,1969,475.952
Greece,Cyprus,1970,12.543
Greece,Malta,1970,1.22
Greece,RESTO_DEL_MUNDO,1970,564.153
Greece,Cyprus,1971,15.68
Greece,Malta,1971,2.19
Greece,RESTO_DEL_MUNDO,1971,592.261
Greece,Cyprus,1972,17.033
Greece,Malta,1972,1.77
Greece,RESTO_DEL_MUNDO,1972,734.757
Greece,Cyprus,1973,25.637
Greece,Malta,1973,2.56
Greece,RESTO_DEL_MUNDO,1973,1102.49
Greece,Cyprus,1974,26.869
Greece,Malta,1974,3.78
Greece,RESTO_DEL_MUNDO,1974,1679.26
Greece,Cyprus,1975,37.847
Greece,Malta,1975,4.4
Greece,RESTO_DEL_MUNDO,1975,2058.59
Greece,Cyprus,1976,42.223
Greece,Malta,1976,5.37
Greece,RESTO_DEL_MUNDO,1976,2132.34
Greece,Cyprus,1977,51.744
Greece,Malta,1977,6.13
Greece,RESTO_DEL_MUNDO,1977,2636.86
Greece,Cyprus,1978,47.846
Greece,Malta,1978,5.61
Greece,RESTO_DEL_MUNDO,1978,3224.89
Greece,Cyprus,1979,75.185
Greece,Malta,1979,6.49
Greece,RESTO_DEL_MUNDO,1979,4238.07
Greece,Cyprus,1980,84.266
Greece,Malta,1980,9.17
Greece,RESTO_DEL_MUNDO,1980,4736.12
Greece,Cyprus,1981,90.633
Greece,Malta,1981,6.17
Greece,RESTO_DEL_MUNDO,1981,4869.05
Greece,Cyprus,1982,83.681
Greece,Malta,1982,8.21
Greece,RESTO_DEL_MUNDO,1982,4398.01
Greece,Cyprus,1983,91.873
Greece,Malta,1983,4.86
Greece,RESTO_DEL_MUNDO,1983,4661.39
Greece,Cyprus,1984,94.333
Greece,Malta,1984,4.75
Greece,RESTO_DEL_MUNDO,1984,4796.95
Greece,Cyprus,1985,96.131
Greece,Malta,1985,12.1
Greece,RESTO_DEL_MUNDO,1985,4499.68
Greece,Cyprus,1986,99.372
Greece,Malta,1986,12.41
Greece,RESTO_DEL_MUNDO,1986,4712.19
Greece,Cyprus,1987,113.447
Greece,Malta,1987,16.86
Greece,RESTO_DEL_MUNDO,1987,5658.82
Greece,Cyprus,1988,135.748
Greece,Malta,1988,14
Greece,RESTO_DEL_MUNDO,1988,6185.86
Greece,Cyprus,1989,141.885
Greece,Malta,1989,14.3181
Greece,RESTO_DEL_MUNDO,1989,6963.58
Greece,Cyprus,1990,178.143
Greece,Malta,1990,17.9695
Greece,RESTO_DEL_MUNDO,1990,9311.29
Greece,Cyprus,1991,182.994
Greece,Malta,1991,17.8978
Greece,RESTO_DEL_MUNDO,1991,8901.84
Greece,Cyprus,1992,225.766
Greece,Malta,1992,16.043
Greece,RESTO_DEL_MUNDO,1992,8950.48
Greece,Cyprus,1993,211.438
Greece,Malta,1993,16.518
Greece,RESTO_DEL_MUNDO,1993,7841.64
Greece,Cyprus,1994,208.171
Greece,Malta,1994,20.6067
Greece,RESTO_DEL_MUNDO,1994,8532.13
Greece,Cyprus,1995,265.813
Greece,Malta,1995,20.5218
Greece,RESTO_DEL_MUNDO,1995,9699.65
Greece,Cyprus,1996,287.205
Greece,Malta,1996,19.0179
Greece,RESTO_DEL_MUNDO,1996,9823.39
Greece,Cyprus,1997,264.559
Greece,Malta,1997,18.2742
Greece,RESTO_DEL_MUNDO,1997,9092.71
Greece,Cyprus,1998,301.842
Greece,Malta,1998,20.8325
Greece,RESTO_DEL_MUNDO,1998,8780.72
Greece,Cyprus,1999,300.465
Greece,Malta,1999,14.1511
Greece,RESTO_DEL_MUNDO,1999,9483.45
Greece,Cyprus,2000,331.121
Greece,Malta,2000,14.7841
Greece,RESTO_DEL_MUNDO,2000,9648.03
Greece,Cyprus,2001,350.149
Greece,Malta,2001,166.258
Greece,RESTO_DEL_MUNDO,2001,9730.78
Greece,Cyprus,2002,390.957
Greece,Malta,2002,17.5312
Greece,RESTO_DEL_MUNDO,2002,10325.5
Greece,Cyprus,2003,536.492
Greece,Malta,2003,16.4401
Greece,RESTO_DEL_MUNDO,2003,12842.9
Greece,Cyprus,2004,870.269
Greece,Malta,2004,26.0782
Greece,RESTO_DEL_MUNDO,2004,14223.9
Greece,Cyprus,2005,1089.16
Greece,Malta,2005,20.6199
Greece,RESTO_DEL_MUNDO,2005,15854.5
Greece,Cyprus,2006,1216.93
Greece,Malta,2006,27.4572
Greece,RESTO_DEL_MUNDO,2006,19352.2
Greece,Cyprus,2007,1524.13
Greece,Malta,2007,39.2599
Greece,RESTO_DEL_MUNDO,2007,22771.8
Greece,Cyprus,2008,1809.21
Greece,Malta,2008,54.3347
Greece,RESTO_DEL_MUNDO,2008,24609.7
Greece,Cyprus,2009,1577.55
Greece,Malta,2009,43.9422
Greece,RESTO_DEL_MUNDO,2009,20025.8
Greece,Cyprus,2010,1617.32
Greece,Malta,2010,79.2342
Greece,RESTO_DEL_MUNDO,2010,22490.3
Greece,Cyprus,2011,1863.14
Greece,Malta,2011,91.304
Greece,RESTO_DEL_MUNDO,2011,27192
Greece,Cyprus,2012,1565.48
Greece,Malta,2012,128.332
Greece,RESTO_DEL_MUNDO,2012,28846.5
Greece,Cyprus,2013,1489.18
Greece,Malta,2013,177.655
Greece,RESTO_DEL_MUNDO,2013,30210.9
Greece,Cyprus,2014,1602.35
Greece,Malta,2014,192.717
Greece,RESTO_DEL_MUNDO,2014,29922.9
Guatemala,RESTO_DEL_MUNDO,1906,5.77
Guatemala,RESTO_DEL_MUNDO,1907,5.81
Guatemala,RESTO_DEL_MUNDO,1908,5.09
Guatemala,RESTO_DEL_MUNDO,1909,5.93
Guatemala,RESTO_DEL_MUNDO,1910,5.73
Guatemala,RESTO_DEL_MUNDO,1911,1.33646
Guatemala,RESTO_DEL_MUNDO,1912,12.4
Guatemala,RESTO_DEL_MUNDO,1913,5.745
Guatemala,RESTO_DEL_MUNDO,1919,1.3
Guatemala,RESTO_DEL_MUNDO,1920,12.4817
Guatemala,RESTO_DEL_MUNDO,1921,10.1973
Guatemala,RESTO_DEL_MUNDO,1922,11.4274
Guatemala,RESTO_DEL_MUNDO,1923,14.0476
Guatemala,RESTO_DEL_MUNDO,1924,23.2373
Guatemala,RESTO_DEL_MUNDO,1925,25.3715
Guatemala,RESTO_DEL_MUNDO,1926,28.3303
Guatemala,RESTO_DEL_MUNDO,1927,32.5421
Guatemala,RESTO_DEL_MUNDO,1928,27.481
Guatemala,RESTO_DEL_MUNDO,1929,34.0422
Guatemala,RESTO_DEL_MUNDO,1930,19.6603
Guatemala,RESTO_DEL_MUNDO,1931,21.2627
Guatemala,RESTO_DEL_MUNDO,1932,15.1725
Guatemala,RESTO_DEL_MUNDO,1933,9.0841
Guatemala,RESTO_DEL_MUNDO,1934,14.1309
Guatemala,RESTO_DEL_MUNDO,1935,13.4617
Guatemala,RESTO_DEL_MUNDO,1936,15.3339
Guatemala,RESTO_DEL_MUNDO,1937,16.3848
Guatemala,RESTO_DEL_MUNDO,1938,18.3035
Guatemala,RESTO_DEL_MUNDO,1939,4.22596
Guatemala,RESTO_DEL_MUNDO,1940,0.79
Guatemala,RESTO_DEL_MUNDO,1941,0.01
Guatemala,RESTO_DEL_MUNDO,1942,0
Guatemala,RESTO_DEL_MUNDO,1944,0.007188
Guatemala,RESTO_DEL_MUNDO,1945,0
Guatemala,RESTO_DEL_MUNDO,1946,0.22
Guatemala,RESTO_DEL_MUNDO,1947,0.14121
Guatemala,Costa Rica,1948,0
Guatemala,Panama,1948,0.11
Guatemala,RESTO_DEL_MUNDO,1948,63.343
Guatemala,Costa Rica,1949,0
Guatemala,Panama,1949,0
Guatemala,RESTO_DEL_MUNDO,1949,57.72
Guatemala,Costa Rica,1950,0
Guatemala,Dominican Republic,1950,0
Guatemala,Panama,1950,0.22
Guatemala,RESTO_DEL_MUNDO,1950,70.61
Guatemala,Costa Rica,1951,0
Guatemala,Dominican Republic,1951,0
Guatemala,Panama,1951,0
Guatemala,RESTO_DEL_MUNDO,1951,84.32
Guatemala,Costa Rica,1952,0
Guatemala,Dominican Republic,1952,0
Guatemala,Panama,1952,0.44
Guatemala,RESTO_DEL_MUNDO,1952,84.94
Guatemala,Costa Rica,1953,0
Guatemala,Dominican Republic,1953,0
Guatemala,Panama,1953,0.11
Guatemala,RESTO_DEL_MUNDO,1953,84.73
Guatemala,Costa Rica,1954,0
Guatemala,Dominican Republic,1954,0
Guatemala,Panama,1954,0.11
Guatemala,RESTO_DEL_MUNDO,1954,93.6
Guatemala,Costa Rica,1955,0
Guatemala,Dominican Republic,1955,0
Guatemala,Panama,1955,0.11
Guatemala,RESTO_DEL_MUNDO,1955,111.11
Guatemala,Costa Rica,1956,0.1
Guatemala,Dominican Republic,1956,0
Guatemala,Panama,1956,0.22
Guatemala,RESTO_DEL_MUNDO,1956,119.1
Guatemala,Costa Rica,1957,0
Guatemala,Dominican Republic,1957,0
Guatemala,Panama,1957,0.11
Guatemala,RESTO_DEL_MUNDO,1957,127.32
Guatemala,Costa Rica,1958,0.1
Guatemala,Dominican Republic,1958,0
Guatemala,Panama,1958,0.11
Guatemala,RESTO_DEL_MUNDO,1958,114.9
Guatemala,Costa Rica,1959,0.3
Guatemala,Dominican Republic,1959,0
Guatemala,Panama,1959,0.11
Guatemala,RESTO_DEL_MUNDO,1959,120.3
Guatemala,Costa Rica,1960,0.6
Guatemala,Dominican Republic,1960,0
Guatemala,Panama,1960,0.11
Guatemala,RESTO_DEL_MUNDO,1960,99.7
Guatemala,Costa Rica,1961,1.2
Guatemala,Dominican Republic,1961,0
Guatemala,Panama,1961,0.22
Guatemala,RESTO_DEL_MUNDO,1961,107.71
Guatemala,Costa Rica,1962,0.2
Guatemala,Dominican Republic,1962,0
Guatemala,Panama,1962,0.22
Guatemala,RESTO_DEL_MUNDO,1962,122.9
Guatemala,Costa Rica,1963,0.5
Guatemala,Dominican Republic,1963,0
Guatemala,Panama,1963,0.11
Guatemala,RESTO_DEL_MUNDO,1963,153.7
Guatemala,Costa Rica,1964,2.8
Guatemala,Dominican Republic,1964,0
Guatemala,Panama,1964,0.22
Guatemala,RESTO_DEL_MUNDO,1964,164.9
Guatemala,Costa Rica,1965,5.3
Guatemala,Dominican Republic,1965,0
Guatemala,Panama,1965,0.1
Guatemala,RESTO_DEL_MUNDO,1965,174.11
Guatemala,Costa Rica,1966,9.4
Guatemala,Dominican Republic,1966,0.1
Guatemala,Panama,1966,0.22
Guatemala,RESTO_DEL_MUNDO,1966,226.71
Guatemala,Costa Rica,1967,11.5
Guatemala,Dominican Republic,1967,0.15
Guatemala,Panama,1967,0.22
Guatemala,RESTO_DEL_MUNDO,1967,189.1
Guatemala,Costa Rica,1968,15.8
Guatemala,Dominican Republic,1968,0.23
Guatemala,Panama,1968,0.7
Guatemala,RESTO_DEL_MUNDO,1968,218.487
Guatemala,Costa Rica,1969,17.624
Guatemala,Dominican Republic,1969,0.511
Guatemala,Panama,1969,1.315
Guatemala,RESTO_DEL_MUNDO,1969,234.683
Guatemala,Costa Rica,1970,21.546
Guatemala,Dominican Republic,1970,0.76
Guatemala,Panama,1970,1.686
Guatemala,RESTO_DEL_MUNDO,1970,266.241
Guatemala,Costa Rica,1971,27.064
Guatemala,Dominican Republic,1971,0.886
Guatemala,Panama,1971,2.286
Guatemala,RESTO_DEL_MUNDO,1971,266.13
Guatemala,Costa Rica,1972,28.248
Guatemala,Dominican Republic,1972,1.621
Guatemala,Panama,1972,2.638
Guatemala,RESTO_DEL_MUNDO,1972,317.951
Guatemala,Costa Rica,1973,32.78
Guatemala,Dominican Republic,1973,2.91
Guatemala,Panama,1973,3.861
Guatemala,RESTO_DEL_MUNDO,1973,433.277
Guatemala,Costa Rica,1974,40.047
Guatemala,Dominican Republic,1974,2.927
Guatemala,Panama,1974,4.799
Guatemala,RESTO_DEL_MUNDO,1974,593.123
Guatemala,Costa Rica,1975,39.736
Guatemala,Dominican Republic,1975,2.609
Guatemala,Panama,1975,6.281
Guatemala,RESTO_DEL_MUNDO,1975,649.775
Guatemala,Costa Rica,1976,44.112
Guatemala,Dominican Republic,1976,2.739
Guatemala,Panama,1976,7.235
Guatemala,RESTO_DEL_MUNDO,1976,794.868
Guatemala,Costa Rica,1977,58.64
Guatemala,Dominican Republic,1977,2.75
Guatemala,Panama,1977,9.174
Guatemala,RESTO_DEL_MUNDO,1977,1157.56
Guatemala,Costa Rica,1978,71.324
Guatemala,Dominican Republic,1978,3.13
Guatemala,Panama,1978,12.353
Guatemala,RESTO_DEL_MUNDO,1978,1093.04
Guatemala,Costa Rica,1979,85.342
Guatemala,Dominican Republic,1979,2.94
Guatemala,Panama,1979,14.665
Guatemala,RESTO_DEL_MUNDO,1979,1290.82
Guatemala,Costa Rica,1980,100.55
Guatemala,Dominican Republic,1980,6.21
Guatemala,Panama,1980,15.886
Guatemala,RESTO_DEL_MUNDO,1980,1549.6
Guatemala,Costa Rica,1981,64.93
Guatemala,Dominican Republic,1981,8.35
Guatemala,Panama,1981,17.953
Guatemala,RESTO_DEL_MUNDO,1981,1404.45
Guatemala,Costa Rica,1982,56.175
Guatemala,Dominican Republic,1982,8.07
Guatemala,Panama,1982,17.855
Guatemala,RESTO_DEL_MUNDO,1982,1172.4
Guatemala,Costa Rica,1983,59.367
Guatemala,Dominican Republic,1983,6.22
Guatemala,Panama,1983,15.868
Guatemala,RESTO_DEL_MUNDO,1983,1084.87
Guatemala,Costa Rica,1984,59.434
Guatemala,Dominican Republic,1984,4.09
Guatemala,Panama,1984,17.39
Guatemala,RESTO_DEL_MUNDO,1984,1209.98
Guatemala,Costa Rica,1985,46.429
Guatemala,Dominican Republic,1985,5.77
Guatemala,Panama,1985,17.001
Guatemala,RESTO_DEL_MUNDO,1985,1116.88
Guatemala,Costa Rica,1986,61.262
Guatemala,Dominican Republic,1986,6.21
Guatemala,Panama,1986,14.85
Guatemala,RESTO_DEL_MUNDO,1986,1242.15
Guatemala,Costa Rica,1987,64.585
Guatemala,Dominican Republic,1987,7.1073
Guatemala,Panama,1987,16.593
Guatemala,RESTO_DEL_MUNDO,1987,1089.45
Guatemala,Costa Rica,1988,65.026
Guatemala,Dominican Republic,1988,7.30258
Guatemala,Panama,1988,13.732
Guatemala,RESTO_DEL_MUNDO,1988,1113.1
Guatemala,Costa Rica,1989,74.7045
Guatemala,Dominican Republic,1989,8.96337
Guatemala,Panama,1989,17.1921
Guatemala,RESTO_DEL_MUNDO,1989,1283.44
Guatemala,Costa Rica,1990,81.4582
Guatemala,Dominican Republic,1990,6.83028
Guatemala,Panama,1990,21.5039
Guatemala,RESTO_DEL_MUNDO,1990,1571.02
Guatemala,Costa Rica,1991,81.4385
Guatemala,Dominican Republic,1991,6.63047
Guatemala,Panama,1991,21.2334
Guatemala,RESTO_DEL_MUNDO,1991,1763.19
Guatemala,Costa Rica,1992,96.782
Guatemala,Dominican Republic,1992,7.0037
Guatemala,Panama,1992,25.7871
Guatemala,RESTO_DEL_MUNDO,1992,2067.53
Guatemala,Costa Rica,1993,103.061
Guatemala,Dominican Republic,1993,13.169
Guatemala,Panama,1993,29.5314
Guatemala,RESTO_DEL_MUNDO,1993,2207.12
Guatemala,Costa Rica,1994,109.256
Guatemala,Dominican Republic,1994,12.0901
Guatemala,Panama,1994,33.0104
Guatemala,RESTO_DEL_MUNDO,1994,2556.03
Guatemala,Costa Rica,1995,112.079
Guatemala,Dominican Republic,1995,14.476
Guatemala,Panama,1995,37.2434
Guatemala,RESTO_DEL_MUNDO,1995,3249.34
Guatemala,Costa Rica,1996,116.207
Guatemala,Dominican Republic,1996,8.3523
Guatemala,Panama,1996,42.1039
Guatemala,RESTO_DEL_MUNDO,1996,3234.97
Guatemala,Costa Rica,1997,132.165
Guatemala,Dominican Republic,1997,22.6017
Guatemala,Panama,1997,49.1368
Guatemala,RESTO_DEL_MUNDO,1997,3845.19
Guatemala,Costa Rica,1998,144.386
Guatemala,Dominican Republic,1998,36.1502
Guatemala,Panama,1998,55.59
Guatemala,RESTO_DEL_MUNDO,1998,3896.43
Guatemala,Costa Rica,1999,141.123
Guatemala,Dominican Republic,1999,35.1614
Guatemala,Panama,1999,63.173
Guatemala,RESTO_DEL_MUNDO,1999,3977.43
Guatemala,Costa Rica,2000,137.76
Guatemala,Dominican Republic,2000,30.084
Guatemala,Panama,2000,61.8451
Guatemala,RESTO_DEL_MUNDO,2000,4648.06
Guatemala,Costa Rica,2001,138.063
Guatemala,Dominican Republic,2001,33.3765
Guatemala,Panama,2001,57.9766
Guatemala,RESTO_DEL_MUNDO,2001,4617.05
Guatemala,Costa Rica,2002,142.64
Guatemala,Dominican Republic,2002,58.3206
Guatemala,Panama,2002,62.9528
Guatemala,RESTO_DEL_MUNDO,2002,4755.63
Guatemala,Costa Rica,2003,154.135
Guatemala,Dominican Republic,2003,48.2123
Guatemala,Panama,2003,71.0966
Guatemala,RESTO_DEL_MUNDO,2003,5058.44
Guatemala,Costa Rica,2004,159.109
Guatemala,Dominican Republic,2004,45.7111
Guatemala,Panama,2004,73.8708
Guatemala,RESTO_DEL_MUNDO,2004,5588.66
Guatemala,Costa Rica,2005,183.187
Guatemala,Dominican Republic,2005,54.9118
Guatemala,Panama,2005,82.8189
Guatemala,RESTO_DEL_MUNDO,2005,6091.86
Guatemala,Costa Rica,2006,213.239
Guatemala,Dominican Republic,2006,103.057
Guatemala,Panama,2006,83.4044
Guatemala,RESTO_DEL_MUNDO,2006,6372.24
Guatemala,Costa Rica,2007,247.116
Guatemala,Dominican Republic,2007,93.3916
Guatemala,Panama,2007,106.412
Guatemala,RESTO_DEL_MUNDO,2007,6877.67
Guatemala,Costa Rica,2008,299.499
Guatemala,Dominican Republic,2008,119.488
Guatemala,Panama,2008,147.232
Guatemala,RESTO_DEL_MUNDO,2008,7961.04
Guatemala,Costa Rica,2009,276.769
Guatemala,Dominican Republic,2009,117.071
Guatemala,Panama,2009,159.169
Guatemala,RESTO_DEL_MUNDO,2009,7350.16
Guatemala,Costa Rica,2010,323.326
Guatemala,Dominican Republic,2010,150.208
Guatemala,Panama,2010,170.056
Guatemala,RESTO_DEL_MUNDO,2010,8011.33
Guatemala,Costa Rica,2011,383.832
Guatemala,Dominican Republic,2011,125.994
Guatemala,Panama,2011,192.966
Guatemala,RESTO_DEL_MUNDO,2011,10147.8
Guatemala,Costa Rica,2012,406.901
Guatemala,Dominican Republic,2012,123.689
Guatemala,Panama,2012,208.431
Guatemala,RESTO_DEL_MUNDO,2012,10548.3
Guatemala,Costa Rica,2013,387.393
Guatemala,Dominican Republic,2013,128.168
Guatemala,Panama,2013,185.274
Guatemala,RESTO_DEL_MUNDO,2013,10329.4
Guatemala,Costa Rica,2014,460.149
Guatemala,Dominican Republic,2014,156.466
Guatemala,Panama,2014,189.226
Guatemala,RESTO_DEL_MUNDO,2014,10704.7
Honduras,RESTO_DEL_MUNDO,1905,0.08
Honduras,RESTO_DEL_MUNDO,1910,0.02
Honduras,RESTO_DEL_MUNDO,1911,0.0249092
Honduras,RESTO_DEL_MUNDO,1912,3.104
Honduras,RESTO_DEL_MUNDO,1913,2.5102
Honduras,RESTO_DEL_MUNDO,1919,0.12
Honduras,RESTO_DEL_MUNDO,1920,0.05
Honduras,Cuba,1921,0.11
Honduras,RESTO_DEL_MUNDO,1921,0.105298
Honduras,Cuba,1922,0.01
Honduras,Guatemala,1922,0.01
Honduras,RESTO_DEL_MUNDO,1922,4.8
Honduras,Cuba,1923,0.01
Honduras,Guatemala,1923,0.002
Honduras,Mexico,1923,0.003
Honduras,RESTO_DEL_MUNDO,1923,7.84669
Honduras,Cuba,1924,0.04
Honduras,El Salvador,1924,0.001
Honduras,Guatemala,1924,0.007
Honduras,Mexico,1924,0.01
Honduras,RESTO_DEL_MUNDO,1924,11.94
Honduras,Cuba,1925,0.15
Honduras,El Salvador,1925,0.001
Honduras,Guatemala,1925,0.007
Honduras,Mexico,1925,0.04
Honduras,RESTO_DEL_MUNDO,1925,12.2714
Honduras,Cuba,1926,0.08
Honduras,Guatemala,1926,0.05
Honduras,Mexico,1926,0.03
Honduras,Nicaragua,1926,0.11
Honduras,RESTO_DEL_MUNDO,1926,16.8034
Honduras,Cuba,1927,0.16
Honduras,Mexico,1927,0.02
Honduras,Nicaragua,1927,0.23
Honduras,RESTO_DEL_MUNDO,1927,20.8104
Honduras,Cuba,1928,0.05
Honduras,El Salvador,1928,0.38
Honduras,Guatemala,1928,0.08
Honduras,Mexico,1928,0.01
Honduras,Nicaragua,1928,0.21
Honduras,RESTO_DEL_MUNDO,1928,23.8915
Honduras,Cuba,1929,0.03
Honduras,Nicaragua,1929,0.08
Honduras,RESTO_DEL_MUNDO,1929,25.218
Honduras,Cuba,1930,0.07
Honduras,El Salvador,1930,0.01
Honduras,Guatemala,1930,0.14
Honduras,RESTO_DEL_MUNDO,1930,25.9961
Honduras,Cuba,1931,0.004789
Honduras,El Salvador,1931,0.19
Honduras,Guatemala,1931,0.02
Honduras,Nicaragua,1931,0.14
Honduras,RESTO_DEL_MUNDO,1931,16.7757
Honduras,Cuba,1932,0.007839
Honduras,El Salvador,1932,0.12
Honduras,Guatemala,1932,0.006
Honduras,Nicaragua,1932,0.02
Honduras,RESTO_DEL_MUNDO,1932,14.1258
Honduras,Cuba,1933,0.00252
Honduras,El Salvador,1933,0.27
Honduras,Guatemala,1933,0.01
Honduras,Nicaragua,1933,0.0088201
Honduras,RESTO_DEL_MUNDO,1933,12.0647
Honduras,Cuba,1934,0.003426
Honduras,El Salvador,1934,0.35
Honduras,Guatemala,1934,0.008
Honduras,Nicaragua,1934,0.02
Honduras,RESTO_DEL_MUNDO,1934,10.8314
Honduras,Cuba,1935,0.03
Honduras,El Salvador,1935,0.18
Honduras,Guatemala,1935,0.008
Honduras,RESTO_DEL_MUNDO,1935,8.57209
Honduras,Cuba,1936,0.002493
Honduras,El Salvador,1936,0.15
Honduras,Guatemala,1936,0.02
Honduras,Mexico,1936,0.006
Honduras,Nicaragua,1936,0.007657
Honduras,Panama,1936,0.001
Honduras,RESTO_DEL_MUNDO,1936,10.5338
Honduras,Cuba,1937,0.000619
Honduras,El Salvador,1937,0.22
Honduras,Nicaragua,1937,0.01
Honduras,RESTO_DEL_MUNDO,1937,7.45016
Honduras,Cuba,1938,0.03
Honduras,El Salvador,1938,0.25
Honduras,RESTO_DEL_MUNDO,1938,10.9205
Honduras,Cuba,1939,0.000433
Honduras,RESTO_DEL_MUNDO,1939,0.284268
Honduras,RESTO_DEL_MUNDO,1940,0.125121
Honduras,RESTO_DEL_MUNDO,1941,0
Honduras,RESTO_DEL_MUNDO,1942,0
Honduras,RESTO_DEL_MUNDO,1944,0
Honduras,RESTO_DEL_MUNDO,1945,0
Honduras,RESTO_DEL_MUNDO,1946,0.07
Honduras,RESTO_DEL_MUNDO,1947,0.45
Honduras,Costa Rica,1948,0.1
Honduras,Cuba,1948,2.09
Honduras,El Salvador,1948,2
Honduras,Guatemala,1948,0.2
Honduras,Mexico,1948,0.1
Honduras,Nicaragua,1948,0.11
Honduras,Panama,1948,0.11
Honduras,RESTO_DEL_MUNDO,1948,24.4
Honduras,Costa Rica,1949,0.1
Honduras,Cuba,1949,0.66
Honduras,El Salvador,1949,1.6
Honduras,Guatemala,1949,0.2
Honduras,Mexico,1949,0
Honduras,Nicaragua,1949,0
Honduras,Panama,1949,0.11
Honduras,RESTO_DEL_MUNDO,1949,25.0109
Honduras,Costa Rica,1950,0.4
Honduras,Cuba,1950,1.98
Honduras,Dominican Republic,1950,0
Honduras,El Salvador,1950,2.1
Honduras,Guatemala,1950,0.1
Honduras,Mexico,1950,0
Honduras,Nicaragua,1950,0
Honduras,Panama,1950,0.22
Honduras,RESTO_DEL_MUNDO,1950,28.5
Honduras,Costa Rica,1951,0.1
Honduras,Cuba,1951,1.65
Honduras,Dominican Republic,1951,0
Honduras,El Salvador,1951,3.1
Honduras,Guatemala,1951,0.4
Honduras,Mexico,1951,0
Honduras,Nicaragua,1951,0.11
Honduras,Panama,1951,0
Honduras,RESTO_DEL_MUNDO,1951,38.6
Honduras,Costa Rica,1952,0.4
Honduras,Cuba,1952,3.08
Honduras,Dominican Republic,1952,0
Honduras,El Salvador,1952,2.7
Honduras,Guatemala,1952,0.3
Honduras,Mexico,1952,0.1
Honduras,Nicaragua,1952,0.11
Honduras,Panama,1952,0.11
Honduras,RESTO_DEL_MUNDO,1952,37.5
Honduras,Costa Rica,1953,0.1
Honduras,Cuba,1953,1.87
Honduras,Dominican Republic,1953,0
Honduras,El Salvador,1953,4
Honduras,Guatemala,1953,0.4
Honduras,Mexico,1953,0
Honduras,Nicaragua,1953,0.11
Honduras,Panama,1953,0.11
Honduras,RESTO_DEL_MUNDO,1953,45.6
Honduras,Costa Rica,1954,0.2
Honduras,Cuba,1954,1.1
Honduras,Dominican Republic,1954,0
Honduras,El Salvador,1954,4.2
Honduras,Guatemala,1954,0.3
Honduras,Mexico,1954,0
Honduras,Nicaragua,1954,0.11
Honduras,Panama,1954,0.11
Honduras,RESTO_DEL_MUNDO,1954,42.1
Honduras,Costa Rica,1955,0.2
Honduras,Cuba,1955,1.76
Honduras,Dominican Republic,1955,0
Honduras,El Salvador,1955,4
Honduras,Guatemala,1955,0.6
Honduras,Mexico,1955,0
Honduras,Nicaragua,1955,0.1
Honduras,Panama,1955,0.55
Honduras,RESTO_DEL_MUNDO,1955,37.2
Honduras,Costa Rica,1956,0.1
Honduras,Cuba,1956,1.65
Honduras,Dominican Republic,1956,0
Honduras,El Salvador,1956,5.4
Honduras,Guatemala,1956,0.66
Honduras,Mexico,1956,0.1
Honduras,Nicaragua,1956,0.1
Honduras,Panama,1956,0.22
Honduras,RESTO_DEL_MUNDO,1956,53.4
Honduras,Costa Rica,1957,0.1
Honduras,Cuba,1957,1.87
Honduras,Dominican Republic,1957,0
Honduras,El Salvador,1957,5
Honduras,Guatemala,1957,0.55
Honduras,Mexico,1957,0
Honduras,Nicaragua,1957,0.1
Honduras,Panama,1957,0.11
Honduras,RESTO_DEL_MUNDO,1957,48.8
Honduras,Costa Rica,1958,0.1
Honduras,Cuba,1958,1.9
Honduras,Dominican Republic,1958,0
Honduras,El Salvador,1958,6.3
Honduras,Guatemala,1958,0.9
Honduras,Mexico,1958,0
Honduras,Nicaragua,1958,0.2
Honduras,Panama,1958,0.11
Honduras,RESTO_DEL_MUNDO,1958,53.7
Honduras,Costa Rica,1959,0.5
Honduras,Cuba,1959,2.2
Honduras,Dominican Republic,1959,0.11
Honduras,El Salvador,1959,6.4
Honduras,Guatemala,1959,0.8
Honduras,Mexico,1959,0
Honduras,Nicaragua,1959,1.1
Honduras,Panama,1959,0.33
Honduras,RESTO_DEL_MUNDO,1959,52.5
Honduras,Costa Rica,1960,0.1
Honduras,Cuba,1960,1.6
Honduras,Dominican Republic,1960,0.1
Honduras,El Salvador,1960,6.3
Honduras,Guatemala,1960,0.9
Honduras,Mexico,1960,0.1
Honduras,Nicaragua,1960,0.1
Honduras,Panama,1960,0.22
Honduras,RESTO_DEL_MUNDO,1960,53.1
Honduras,Costa Rica,1961,0.3
Honduras,Cuba,1961,0.3
Honduras,Dominican Republic,1961,0
Honduras,El Salvador,1961,6.6
Honduras,Guatemala,1961,1.2
Honduras,Mexico,1961,0.1
Honduras,Nicaragua,1961,0.1
Honduras,Panama,1961,0.11
Honduras,RESTO_DEL_MUNDO,1961,53.4
Honduras,Costa Rica,1962,0.1
Honduras,Cuba,1962,0
Honduras,Dominican Republic,1962,0
Honduras,El Salvador,1962,10.4
Honduras,Guatemala,1962,1.5
Honduras,Mexico,1962,0
Honduras,Nicaragua,1962,0.2
Honduras,Panama,1962,0.33
Honduras,RESTO_DEL_MUNDO,1962,54.3
Honduras,Costa Rica,1963,0.3
Honduras,Cuba,1963,0
Honduras,Dominican Republic,1963,0
Honduras,El Salvador,1963,10.8
Honduras,Guatemala,1963,2.1
Honduras,Mexico,1963,0.1
Honduras,Nicaragua,1963,0.4
Honduras,Panama,1963,0.44
Honduras,RESTO_DEL_MUNDO,1963,56.7
Honduras,Costa Rica,1964,0.7
Honduras,Cuba,1964,0
Honduras,Dominican Republic,1964,0
Honduras,El Salvador,1964,13
Honduras,Guatemala,1964,3.6
Honduras,Mexico,1964,0.1
Honduras,Nicaragua,1964,1.2
Honduras,Panama,1964,0.44
Honduras,RESTO_DEL_MUNDO,1964,75.3
Honduras,Costa Rica,1965,1.4
Honduras,Cuba,1965,0
Honduras,Dominican Republic,1965,0
Honduras,El Salvador,1965,15.7
Honduras,Guatemala,1965,3.8
Honduras,Mexico,1965,0.1
Honduras,Nicaragua,1965,1.3
Honduras,Panama,1965,0.44
Honduras,RESTO_DEL_MUNDO,1965,115.21
Honduras,Costa Rica,1966,2.2
Honduras,Cuba,1966,0
Honduras,Dominican Republic,1966,0
Honduras,El Salvador,1966,13.4
Honduras,Guatemala,1966,4
Honduras,Mexico,1966,0.1
Honduras,Nicaragua,1966,2.2
Honduras,Panama,1966,0.55
Honduras,RESTO_DEL_MUNDO,1966,140.51
Honduras,Costa Rica,1967,3.4
Honduras,Cuba,1967,0
Honduras,Dominican Republic,1967,0.15
Honduras,El Salvador,1967,12.4
Honduras,Guatemala,1967,5.4
Honduras,Mexico,1967,0
Honduras,Nicaragua,1967,2.5
Honduras,Panama,1967,0.66
Honduras,RESTO_DEL_MUNDO,1967,127.11
Honduras,Costa Rica,1968,5.3
Honduras,Cuba,1968,0
Honduras,Dominican Republic,1968,3.8
Honduras,El Salvador,1968,15.1
Honduras,Guatemala,1968,5.7
Honduras,Mexico,1968,0.057
Honduras,Nicaragua,1968,4.1
Honduras,Panama,1968,0.99
Honduras,RESTO_DEL_MUNDO,1968,155.06
Honduras,Costa Rica,1969,5.944
Honduras,Cuba,1969,0
Honduras,Dominican Republic,1969,3.604
Honduras,El Salvador,1969,7.327
Honduras,Guatemala,1969,6.034
Honduras,Mexico,1969,0.1
Honduras,Nicaragua,1969,4.738
Honduras,Panama,1969,0.718
Honduras,RESTO_DEL_MUNDO,1969,166.772
Honduras,Costa Rica,1970,7.09
Honduras,Cuba,1970,0
Honduras,Dominican Republic,1970,4.875
Honduras,El Salvador,1970,0
Honduras,Guatemala,1970,7.058
Honduras,Mexico,1970,0.041
Honduras,Nicaragua,1970,4.926
Honduras,Panama,1970,0.731
Honduras,RESTO_DEL_MUNDO,1970,167.382
Honduras,Costa Rica,1971,1.559
Honduras,Cuba,1971,0
Honduras,Dominican Republic,1971,4.342
Honduras,El Salvador,1971,0
Honduras,Guatemala,1971,1.766
Honduras,Mexico,1971,0.293
Honduras,Nicaragua,1971,2.082
Honduras,Panama,1971,0.837
Honduras,RESTO_DEL_MUNDO,1971,188.465
Honduras,Costa Rica,1972,1.813
Honduras,Cuba,1972,0
Honduras,Dominican Republic,1972,6.473
Honduras,El Salvador,1972,0
Honduras,Guatemala,1972,1.281
Honduras,Mexico,1972,0.2
Honduras,Nicaragua,1972,4.018
Honduras,Panama,1972,1.321
Honduras,RESTO_DEL_MUNDO,1972,202.717
Honduras,Costa Rica,1973,2.921
Honduras,Cuba,1973,0
Honduras,Dominican Republic,1973,10.592
Honduras,El Salvador,1973,0
Honduras,Guatemala,1973,3.222
Honduras,Mexico,1973,0.2
Honduras,Nicaragua,1973,7.117
Honduras,Panama,1973,0.881
Honduras,RESTO_DEL_MUNDO,1973,248.22
Honduras,Costa Rica,1974,7.72
Honduras,Cuba,1974,0
Honduras,Dominican Republic,1974,19.881
Honduras,El Salvador,1974,0
Honduras,Guatemala,1974,7.59
Honduras,Mexico,1974,0.2
Honduras,Nicaragua,1974,11.093
Honduras,Panama,1974,1.604
Honduras,RESTO_DEL_MUNDO,1974,261.685
Honduras,Costa Rica,1975,5.981
Honduras,Cuba,1975,0
Honduras,Dominican Republic,1975,15.263
Honduras,El Salvador,1975,0
Honduras,Guatemala,1975,12.494
Honduras,Mexico,1975,1.7
Honduras,Nicaragua,1975,10.55
Honduras,Panama,1975,0.897
Honduras,RESTO_DEL_MUNDO,1975,239.664
Honduras,Costa Rica,1976,7.314
Honduras,Cuba,1976,0
Honduras,Dominican Republic,1976,9.774
Honduras,El Salvador,1976,0
Honduras,Guatemala,1976,14.475
Honduras,Mexico,1976,2.6
Honduras,Nicaragua,1976,14.779
Honduras,Panama,1976,1.611
Honduras,RESTO_DEL_MUNDO,1976,358.631
Honduras,Costa Rica,1977,9.356
Honduras,Cuba,1977,0
Honduras,Dominican Republic,1977,8.26
Honduras,El Salvador,1977,0
Honduras,Guatemala,1977,19.058
Honduras,Mexico,1977,0.4
Honduras,Nicaragua,1977,15.492
Honduras,Panama,1977,0.87
Honduras,RESTO_DEL_MUNDO,1977,463.567
Honduras,Costa Rica,1978,12.885
Honduras,Cuba,1978,0
Honduras,Dominican Republic,1978,5.45
Honduras,El Salvador,1978,0
Honduras,Guatemala,1978,24.967
Honduras,Mexico,1978,0.231
Honduras,Nicaragua,1978,13.924
Honduras,Panama,1978,0.982
Honduras,RESTO_DEL_MUNDO,1978,572.611
Honduras,Costa Rica,1979,14.839
Honduras,Cuba,1979,0
Honduras,Dominican Republic,1979,6.59
Honduras,El Salvador,1979,0
Honduras,Guatemala,1979,29.793
Honduras,Mexico,1979,0.8
Honduras,Nicaragua,1979,12.82
Honduras,Panama,1979,2.519
Honduras,RESTO_DEL_MUNDO,1979,709.731
Honduras,Costa Rica,1980,18.787
Honduras,Cuba,1980,0
Honduras,Dominican Republic,1980,2.44
Honduras,El Salvador,1980,0
Honduras,Guatemala,1980,36.85
Honduras,Mexico,1980,3.8
Honduras,Nicaragua,1980,30.373
Honduras,Panama,1980,2.125
Honduras,RESTO_DEL_MUNDO,1980,754.556
Honduras,Costa Rica,1981,16.39
Honduras,Cuba,1981,0
Honduras,Dominican Republic,1981,2.24
Honduras,El Salvador,1981,0.316
Honduras,Guatemala,1981,18.767
Honduras,Mexico,1981,1.1
Honduras,Nicaragua,1981,19.557
Honduras,Panama,1981,2.236
Honduras,RESTO_DEL_MUNDO,1981,768.546
Honduras,Costa Rica,1982,11.916
Honduras,Cuba,1982,0
Honduras,Dominican Republic,1982,2.74
Honduras,El Salvador,1982,8.189
Honduras,Guatemala,1982,25.293
Honduras,Mexico,1982,0.4
Honduras,Nicaragua,1982,8.367
Honduras,Panama,1982,2.281
Honduras,RESTO_DEL_MUNDO,1982,692.342
Honduras,Costa Rica,1983,11.009
Honduras,Cuba,1983,0
Honduras,Dominican Republic,1983,1.92
Honduras,El Salvador,1983,15.188
Honduras,Guatemala,1983,26.886
Honduras,Mexico,1983,3.2
Honduras,Nicaragua,1983,10.757
Honduras,Panama,1983,1.824
Honduras,RESTO_DEL_MUNDO,1983,707.974
Honduras,Costa Rica,1984,8.315
Honduras,Cuba,1984,0
Honduras,Dominican Republic,1984,0.5
Honduras,El Salvador,1984,16.684
Honduras,Guatemala,1984,10.1106
Honduras,Mexico,1984,0.1
Honduras,Nicaragua,1984,14.391
Honduras,Panama,1984,1.291
Honduras,RESTO_DEL_MUNDO,1984,735.609
Honduras,Costa Rica,1985,7.208
Honduras,Cuba,1985,0
Honduras,Dominican Republic,1985,0.46
Honduras,El Salvador,1985,10.595
Honduras,Guatemala,1985,4.1977
Honduras,Mexico,1985,6.3
Honduras,Nicaragua,1985,7.002
Honduras,Panama,1985,2.138
Honduras,RESTO_DEL_MUNDO,1985,750.758
Honduras,Costa Rica,1986,5.927
Honduras,Cuba,1986,0
Honduras,Dominican Republic,1986,2.55
Honduras,El Salvador,1986,9.51
Honduras,Guatemala,1986,4.105
Honduras,Mexico,1986,3.739
Honduras,Nicaragua,1986,2.51
Honduras,Panama,1986,2.344
Honduras,RESTO_DEL_MUNDO,1986,903.46
Honduras,Costa Rica,1987,6.19
Honduras,Cuba,1987,0
Honduras,Dominican Republic,1987,2.91846
Honduras,El Salvador,1987,10.252
Honduras,Guatemala,1987,11.4891
Honduras,Mexico,1987,3.0096
Honduras,Nicaragua,1987,2.49399
Honduras,Panama,1987,2.955
Honduras,RESTO_DEL_MUNDO,1987,907.026
Honduras,Costa Rica,1988,2.429
Honduras,Cuba,1988,0
Honduras,Dominican Republic,1988,2.99864
Honduras,El Salvador,1988,14.1488
Honduras,Guatemala,1988,10.168
Honduras,Mexico,1988,6.0005
Honduras,Nicaragua,1988,1.648
Honduras,Panama,1988,1.494
Honduras,RESTO_DEL_MUNDO,1988,886.326
Honduras,Costa Rica,1989,4.5057
Honduras,Cuba,1989,0
Honduras,Dominican Republic,1989,3.68061
Honduras,El Salvador,1989,12.561
Honduras,Guatemala,1989,14.0198
Honduras,Mexico,1989,1.0802
Honduras,Nicaragua,1989,2.562
Honduras,Panama,1989,1.30777
Honduras,RESTO_DEL_MUNDO,1989,919.299
Honduras,Costa Rica,1990,1.7838
Honduras,Cuba,1990,0
Honduras,Dominican Republic,1990,2.77812
Honduras,El Salvador,1990,15.709
Honduras,Guatemala,1990,9.6352
Honduras,Mexico,1990,2.7225
Honduras,Nicaragua,1990,5.8
Honduras,Panama,1990,1.79782
Honduras,RESTO_DEL_MUNDO,1990,994.145
Honduras,Costa Rica,1991,5.1312
Honduras,Cuba,1991,0
Honduras,Dominican Republic,1991,2.09
Honduras,El Salvador,1991,18.6687
Honduras,Guatemala,1991,10.065
Honduras,Mexico,1991,6.072
Honduras,Nicaragua,1991,10.3
Honduras,Panama,1991,2.16067
Honduras,RESTO_DEL_MUNDO,1991,1074.25
Honduras,Costa Rica,1992,8.175
Honduras,Cuba,1992,0
Honduras,Dominican Republic,1992,0.88
Honduras,El Salvador,1992,30.194
Honduras,Guatemala,1992,22.6539
Honduras,Mexico,1992,5.2734
Honduras,Nicaragua,1992,19.2
Honduras,Panama,1992,3.85767
Honduras,RESTO_DEL_MUNDO,1992,1346.81
Honduras,Costa Rica,1993,10.8131
Honduras,Cuba,1993,0
Honduras,Dominican Republic,1993,0.55
Honduras,El Salvador,1993,34.39
Honduras,Guatemala,1993,27.5804
Honduras,Mexico,1993,6.2436
Honduras,Nicaragua,1993,21
Honduras,Panama,1993,5.0479
Honduras,RESTO_DEL_MUNDO,1993,1428.37
Honduras,Costa Rica,1994,22.7995
Honduras,Cuba,1994,0
Honduras,Dominican Republic,1994,1
Honduras,El Salvador,1994,45.786
Honduras,Guatemala,1994,37.5743
Honduras,Mexico,1994,3.7422
Honduras,Nicaragua,1994,19.8
Honduras,Panama,1994,8.92456
Honduras,RESTO_DEL_MUNDO,1994,1731.4
Honduras,Costa Rica,1995,22.2608
Honduras,Cuba,1995,0
Honduras,Dominican Republic,1995,1.3
Honduras,El Salvador,1995,59.6861
Honduras,Guatemala,1995,53.2515
Honduras,Mexico,1995,4.0007
Honduras,Nicaragua,1995,29.4
Honduras,Panama,1995,8.9765
Honduras,RESTO_DEL_MUNDO,1995,2226.61
Honduras,Costa Rica,1996,25.0006
Honduras,Cuba,1996,0
Honduras,Dominican Republic,1996,7.5
Honduras,El Salvador,1996,69.9975
Honduras,Guatemala,1996,44.019
Honduras,Mexico,1996,5.665
Honduras,Nicaragua,1996,38.8
Honduras,Panama,1996,6.9672
Honduras,RESTO_DEL_MUNDO,1996,2537.61
Honduras,Costa Rica,1997,24.8151
Honduras,Cuba,1997,0
Honduras,Dominican Republic,1997,3.1
Honduras,El Salvador,1997,85.0702
Honduras,Guatemala,1997,55.7057
Honduras,Mexico,1997,7.0279
Honduras,Nicaragua,1997,57.9
Honduras,Panama,1997,8.66124
Honduras,RESTO_DEL_MUNDO,1997,3126.13
Honduras,Costa Rica,1998,26.031
Honduras,Cuba,1998,0
Honduras,Dominican Republic,1998,6.82886
Honduras,El Salvador,1998,87.8014
Honduras,Guatemala,1998,67.76
Honduras,Mexico,1998,13.3529
Honduras,Nicaragua,1998,71.6
Honduras,Panama,1998,12.3177
Honduras,RESTO_DEL_MUNDO,1998,3441.09
Honduras,Costa Rica,1999,28.9638
Honduras,Cuba,1999,0
Honduras,Dominican Republic,1999,6.01626
Honduras,El Salvador,1999,87.7441
Honduras,Guatemala,1999,71.6202
Honduras,Mexico,1999,8.75537
Honduras,Nicaragua,1999,80.9
Honduras,Panama,1999,13.155
Honduras,RESTO_DEL_MUNDO,1999,3377.55
Honduras,Costa Rica,2000,31.3656
Honduras,Cuba,2000,0.125647
Honduras,Dominican Republic,2000,5.30551
Honduras,El Salvador,2000,119.452
Honduras,Guatemala,2000,84.1275
Honduras,Mexico,2000,14.6027
Honduras,Nicaragua,2000,22.7806
Honduras,Panama,2000,9.63469
Honduras,RESTO_DEL_MUNDO,2000,3815.15
Honduras,Costa Rica,2001,36.8751
Honduras,Cuba,2001,0.12573
Honduras,Dominican Republic,2001,7.25694
Honduras,El Salvador,2001,133.848
Honduras,Guatemala,2001,129.324
Honduras,Mexico,2001,19.0879
Honduras,Nicaragua,2001,21.4657
Honduras,Panama,2001,8.48776
Honduras,RESTO_DEL_MUNDO,2001,3811.44
Honduras,Costa Rica,2002,31.7376
Honduras,Cuba,2002,0.556302
Honduras,Dominican Republic,2002,5.72477
Honduras,El Salvador,2002,155.264
Honduras,Guatemala,2002,112.051
Honduras,Mexico,2002,27.96
Honduras,Nicaragua,2002,9.71162
Honduras,Panama,2002,8.16483
Honduras,RESTO_DEL_MUNDO,2002,3958.64
Honduras,Costa Rica,2003,55.8073
Honduras,Cuba,2003,0.714422
Honduras,Dominican Republic,2003,6.06896
Honduras,El Salvador,2003,134.944
Honduras,Guatemala,2003,114.96
Honduras,Mexico,2003,51.7156
Honduras,Nicaragua,2003,32.7369
Honduras,Panama,2003,8.07766
Honduras,RESTO_DEL_MUNDO,2003,4081.95
Honduras,Costa Rica,2004,52.0263
Honduras,Cuba,2004,1.12343
Honduras,Dominican Republic,2004,7.07297
Honduras,El Salvador,2004,153.102
Honduras,Guatemala,2004,137.362
Honduras,Mexico,2004,72.4291
Honduras,Nicaragua,2004,51.6002
Honduras,Panama,2004,8.92075
Honduras,RESTO_DEL_MUNDO,2004,4529.72
Honduras,Costa Rica,2005,64.0904
Honduras,Cuba,2005,2.17718
Honduras,Dominican Republic,2005,14.1098
Honduras,El Salvador,2005,175.658
Honduras,Guatemala,2005,156.782
Honduras,Mexico,2005,114.957
Honduras,Nicaragua,2005,61.2493
Honduras,Panama,2005,9.86668
Honduras,RESTO_DEL_MUNDO,2005,4751.76
Honduras,Costa Rica,2006,66.2253
Honduras,Cuba,2006,1.35479
Honduras,Dominican Republic,2006,23.6621
Honduras,El Salvador,2006,277.615
Honduras,Guatemala,2006,183.263
Honduras,Mexico,2006,135.221
Honduras,Nicaragua,2006,75.9487
Honduras,Panama,2006,14.564
Honduras,RESTO_DEL_MUNDO,2006,4845.69
Honduras,Costa Rica,2007,69.399
Honduras,Cuba,2007,1.69789
Honduras,Dominican Republic,2007,18.3273
Honduras,El Salvador,2007,299.456
Honduras,Guatemala,2007,279.735
Honduras,Mexico,2007,201.574
Honduras,Nicaragua,2007,108.363
Honduras,Panama,2007,21.9508
Honduras,RESTO_DEL_MUNDO,2007,5105.77
Honduras,Costa Rica,2008,90.1448
Honduras,Cuba,2008,4.96509
Honduras,Dominican Republic,2008,36.1618
Honduras,El Salvador,2008,375.375
Honduras,Guatemala,2008,353.436
Honduras,Mexico,2008,280.488
Honduras,Nicaragua,2008,134.545
Honduras,Panama,2008,27.1214
Honduras,RESTO_DEL_MUNDO,2008,5417.86
Honduras,Costa Rica,2009,82.5023
Honduras,Cuba,2009,1.88175
Honduras,Dominican Republic,2009,33.5895
Honduras,El Salvador,2009,343.471
Honduras,Guatemala,2009,262.332
Honduras,Mexico,2009,194.187
Honduras,Nicaragua,2009,125.357
Honduras,Panama,2009,18.2044
Honduras,RESTO_DEL_MUNDO,2009,4613.85
Honduras,Costa Rica,2010,109.297
Honduras,Cuba,2010,1.0862
Honduras,Dominican Republic,2010,48.7999
Honduras,El Salvador,2010,385.206
Honduras,Guatemala,2010,307
Honduras,Mexico,2010,299.671
Honduras,Nicaragua,2010,136.452
Honduras,Panama,2010,18.2134
Honduras,RESTO_DEL_MUNDO,2010,5485.35
Honduras,Costa Rica,2011,138.993
Honduras,Cuba,2011,0.075033
Honduras,Dominican Republic,2011,52.0477
Honduras,El Salvador,2011,467.343
Honduras,Guatemala,2011,344.688
Honduras,Mexico,2011,378.307
Honduras,Nicaragua,2011,173.789
Honduras,Panama,2011,26.6869
Honduras,RESTO_DEL_MUNDO,2011,6809.31
Honduras,Costa Rica,2012,140.465
Honduras,Cuba,2012,0.180144
Honduras,Dominican Republic,2012,47.1331
Honduras,El Salvador,2012,463.692
Honduras,Guatemala,2012,367.119
Honduras,Mexico,2012,388.167
Honduras,Nicaragua,2012,164.185
Honduras,Panama,2012,38.66
Honduras,RESTO_DEL_MUNDO,2012,7213.04
Honduras,Costa Rica,2013,127.684
Honduras,Cuba,2013,0.151797
Honduras,Dominican Republic,2013,55.096
Honduras,El Salvador,2013,560.5
Honduras,Guatemala,2013,394.767
Honduras,Mexico,2013,459.683
Honduras,Nicaragua,2013,209.37
Honduras,Panama,2013,44.6915
Honduras,RESTO_DEL_MUNDO,2013,6726.95
Honduras,Costa Rica,2014,124.797
Honduras,Cuba,2014,0.206188
Honduras,Dominican Republic,2014,68.2471
Honduras,El Salvador,2014,560.722
Honduras,Guatemala,2014,424.091
Honduras,Mexico,2014,525.455
Honduras,Nicaragua,2014,248.52
Honduras,Panama,2014,39.064
Honduras,RESTO_DEL_MUNDO,2014,6687.65
Hungary,RESTO_DEL_MUNDO,1919,0.005891
Hungary,RESTO_DEL_MUNDO,1920,31.0827
Hungary,RESTO_DEL_MUNDO,1921,52.1672
Hungary,RESTO_DEL_MUNDO,1922,19.4413
Hungary,RESTO_DEL_MUNDO,1923,80.1237
Hungary,RESTO_DEL_MUNDO,1924,132.733
Hungary,RESTO_DEL_MUNDO,1925,135.553
Hungary,RESTO_DEL_MUNDO,1926,138.66
Hungary,RESTO_DEL_MUNDO,1927,129.21
Hungary,RESTO_DEL_MUNDO,1928,124.38
Hungary,RESTO_DEL_MUNDO,1929,153.819
Hungary,RESTO_DEL_MUNDO,1930,116.933
Hungary,RESTO_DEL_MUNDO,1931,90.7728
Hungary,RESTO_DEL_MUNDO,1932,54.7897
Hungary,RESTO_DEL_MUNDO,1933,64.6372
Hungary,RESTO_DEL_MUNDO,1934,99.4279
Hungary,RESTO_DEL_MUNDO,1935,107.547
Hungary,RESTO_DEL_MUNDO,1936,125.3
Hungary,RESTO_DEL_MUNDO,1937,178.09
Hungary,RESTO_DEL_MUNDO,1938,150.95
Hungary,RESTO_DEL_MUNDO,1939,105.927
Hungary,RESTO_DEL_MUNDO,1940,87.61
Hungary,RESTO_DEL_MUNDO,1941,55.63
Hungary,RESTO_DEL_MUNDO,1942,266.15
Hungary,RESTO_DEL_MUNDO,1943,0.9
Hungary,RESTO_DEL_MUNDO,1944,332.14
Hungary,RESTO_DEL_MUNDO,1945,0.65
Hungary,RESTO_DEL_MUNDO,1946,23.87
Hungary,RESTO_DEL_MUNDO,1947,30.5218
Hungary,RESTO_DEL_MUNDO,1948,132.98
Hungary,RESTO_DEL_MUNDO,1949,94.52
Hungary,RESTO_DEL_MUNDO,1950,58.71
Hungary,RESTO_DEL_MUNDO,1951,54.19
Hungary,RESTO_DEL_MUNDO,1952,56.14
Hungary,RESTO_DEL_MUNDO,1953,44.66
Hungary,RESTO_DEL_MUNDO,1954,55.17
Hungary,RESTO_DEL_MUNDO,1955,483.76
Hungary,RESTO_DEL_MUNDO,1956,438.16
Hungary,RESTO_DEL_MUNDO,1957,407.94
Hungary,RESTO_DEL_MUNDO,1958,172.06
Hungary,RESTO_DEL_MUNDO,1959,205.48
Hungary,RESTO_DEL_MUNDO,1960,219.213
Hungary,RESTO_DEL_MUNDO,1961,225.243
Hungary,RESTO_DEL_MUNDO,1962,232.473
Hungary,RESTO_DEL_MUNDO,1963,313.84
Hungary,RESTO_DEL_MUNDO,1964,348.15
Hungary,RESTO_DEL_MUNDO,1965,356.292
Hungary,RESTO_DEL_MUNDO,1966,416.554
Hungary,RESTO_DEL_MUNDO,1967,445.846
Hungary,RESTO_DEL_MUNDO,1968,1360.52
Hungary,RESTO_DEL_MUNDO,1969,1576.82
Hungary,RESTO_DEL_MUNDO,1970,1739.19
Hungary,RESTO_DEL_MUNDO,1971,1928.63
Hungary,RESTO_DEL_MUNDO,1972,2507.67
Hungary,RESTO_DEL_MUNDO,1973,3336.2
Hungary,RESTO_DEL_MUNDO,1974,3935.64
Hungary,RESTO_DEL_MUNDO,1975,4520.63
Hungary,RESTO_DEL_MUNDO,1976,4461.73
Hungary,RESTO_DEL_MUNDO,1977,5350.04
Hungary,RESTO_DEL_MUNDO,1978,5928.07
Hungary,RESTO_DEL_MUNDO,1979,7191.54
Hungary,RESTO_DEL_MUNDO,1980,8199.82
Hungary,RESTO_DEL_MUNDO,1981,8564.24
Hungary,RESTO_DEL_MUNDO,1982,8140.36
Hungary,RESTO_DEL_MUNDO,1983,7843.71
Hungary,RESTO_DEL_MUNDO,1984,7876.75
Hungary,RESTO_DEL_MUNDO,1985,8401.26
Hungary,RESTO_DEL_MUNDO,1986,8736.95
Hungary,RESTO_DEL_MUNDO,1987,9831.4
Hungary,RESTO_DEL_MUNDO,1988,9971.12
Hungary,RESTO_DEL_MUNDO,1989,9877.78
Hungary,RESTO_DEL_MUNDO,1990,10425.8
Hungary,RESTO_DEL_MUNDO,1991,9878.84
Hungary,RESTO_DEL_MUNDO,1992,8958.99
Hungary,Russia,1992,1089.3
Hungary,Croatia,1993,78.188
Hungary,Czechia,1993,188.497
Hungary,RESTO_DEL_MUNDO,1993,7599.58
Hungary,Russia,1993,622.3
Hungary,Slovakia,1993,92.9957
Hungary,Slovenia,1993,164.975
Hungary,Croatia,1994,100.124
Hungary,Czechia,1994,188.196
Hungary,RESTO_DEL_MUNDO,1994,9311
Hungary,Russia,1994,745.1
Hungary,Slovakia,1994,121.829
Hungary,Slovenia,1994,192.604
Hungary,Croatia,1995,158.011
Hungary,Czechia,1995,226.471
Hungary,RESTO_DEL_MUNDO,1995,13054.2
Hungary,Russia,1995,842.2
Hungary,Slovakia,1995,212.508
Hungary,Slovenia,1995,266.823
Hungary,Croatia,1996,192.69
Hungary,Czechia,1996,303.416
Hungary,RESTO_DEL_MUNDO,1996,14575.5
Hungary,Russia,1996,654.529
Hungary,Slovakia,1996,238.668
Hungary,Slovenia,1996,238.639
Hungary,Croatia,1997,238.53
Hungary,Czechia,1997,385.934
Hungary,RESTO_DEL_MUNDO,1997,17717.4
Hungary,Russia,1997,920.054
Hungary,Slovakia,1997,266.664
Hungary,Slovenia,1997,292.827
Hungary,Croatia,1998,194.75
Hungary,Czechia,1998,436.811
Hungary,RESTO_DEL_MUNDO,1998,22340.4
Hungary,Russia,1998,606.514
Hungary,Slovakia,1998,350.288
Hungary,Slovenia,1998,244.349
Hungary,Croatia,1999,174.51
Hungary,Czechia,1999,498.265
Hungary,RESTO_DEL_MUNDO,1999,24694.5
Hungary,Russia,1999,313.167
Hungary,Slovakia,1999,292.053
Hungary,Slovenia,1999,265.771
Hungary,Croatia,2000,183.849
Hungary,Czechia,2000,566.951
Hungary,RESTO_DEL_MUNDO,2000,27885.9
Hungary,Russia,2000,403.466
Hungary,Slovakia,2000,295.267
Hungary,Slovenia,2000,294.017
Hungary,Croatia,2001,238.351
Hungary,Czechia,2001,694.815
Hungary,RESTO_DEL_MUNDO,2001,30617.7
Hungary,Russia,2001,440.655
Hungary,Slovakia,2001,414.713
Hungary,Slovenia,2001,313.888
Hungary,Croatia,2002,317.758
Hungary,Czechia,2002,874.193
Hungary,RESTO_DEL_MUNDO,2002,32757
Hungary,Russia,2002,507.826
Hungary,Slovakia,2002,495.54
Hungary,Slovenia,2002,322.248
Hungary,Croatia,2003,424.413
Hungary,Czechia,2003,1143.01
Hungary,RESTO_DEL_MUNDO,2003,39600.3
Hungary,Russia,2003,590.468
Hungary,Slovakia,2003,927.016
Hungary,Slovenia,2003,398.499
Hungary,Croatia,2004,508.711
Hungary,Czechia,2004,1475.69
Hungary,RESTO_DEL_MUNDO,2004,48331.8
Hungary,Russia,2004,739.729
Hungary,Slovakia,2004,1149.92
Hungary,Slovenia,2004,594.473
Hungary,Croatia,2005,574.161
Hungary,Czechia,2005,1675.03
Hungary,RESTO_DEL_MUNDO,2005,52764.7
Hungary,Russia,2005,1097.99
Hungary,Slovakia,2005,1579.76
Hungary,Slovenia,2005,749.435
Hungary,Croatia,2006,650.199
Hungary,Czechia,2006,2474.6
Hungary,RESTO_DEL_MUNDO,2006,59965.6
Hungary,Russia,2006,1862.71
Hungary,Slovakia,2006,2767.49
Hungary,Slovenia,2006,843.343
Hungary,Croatia,2007,757.314
Hungary,Czechia,2007,3535.53
Hungary,RESTO_DEL_MUNDO,2007,77296.7
Hungary,Russia,2007,2601.85
Hungary,Slovakia,2007,4261.58
Hungary,Slovenia,2007,1041.91
Hungary,Croatia,2008,977.273
Hungary,Czechia,2008,3992
Hungary,RESTO_DEL_MUNDO,2008,84776.9
Hungary,Russia,2008,3684.36
Hungary,Slovakia,2008,5091.99
Hungary,Slovenia,2008,1319.85
Hungary,Croatia,2009,686.792
Hungary,Czechia,2009,2529.73
Hungary,RESTO_DEL_MUNDO,2009,65702.7
Hungary,Russia,2009,2630.75
Hungary,Slovakia,2009,4112.97
Hungary,Slovenia,2009,902.599
Hungary,Croatia,2010,558.29
Hungary,Czechia,2010,2929.14
Hungary,RESTO_DEL_MUNDO,2010,77135.7
Hungary,Russia,2010,3141.8
Hungary,Slovakia,2010,4555.27
Hungary,Slovenia,2010,1065.76
Hungary,Croatia,2011,682.077
Hungary,Czechia,2011,3847.4
Hungary,RESTO_DEL_MUNDO,2011,89835.3
Hungary,Russia,2011,3075.89
Hungary,Slovakia,2011,5465.23
Hungary,Slovenia,2011,1322.48
Hungary,Croatia,2012,633.235
Hungary,Czechia,2012,3749.15
Hungary,RESTO_DEL_MUNDO,2012,82172.4
Hungary,Russia,2012,3103.33
Hungary,Slovakia,2012,5101.32
Hungary,Slovenia,2012,1285.6
Hungary,Croatia,2013,997.265
Hungary,Czechia,2013,3896.52
Hungary,RESTO_DEL_MUNDO,2013,86538.7
Hungary,Russia,2013,3007.13
Hungary,Slovakia,2013,5000.02
Hungary,Slovenia,2013,1371.84
Hungary,Croatia,2014,1469.66
Hungary,Czechia,2014,4095.32
Hungary,RESTO_DEL_MUNDO,2014,92222.5
Hungary,Russia,2014,2739.59
Hungary,Slovakia,2014,5021.9
Hungary,Slovenia,2014,1384.67
India,RESTO_DEL_MUNDO,1947,127.087
India,RESTO_DEL_MUNDO,1948,1440.09
India,Sri Lanka,1948,39.3
India,RESTO_DEL_MUNDO,1949,1128.06
India,Sri Lanka,1949,41.7
India,RESTO_DEL_MUNDO,1950,1070.51
India,Sri Lanka,1950,38
India,RESTO_DEL_MUNDO,1951,1417.06
India,Sri Lanka,1951,39.5
India,RESTO_DEL_MUNDO,1952,1188.46
India,Sri Lanka,1952,44.8
India,RESTO_DEL_MUNDO,1953,1015.41
India,Sri Lanka,1953,42
India,RESTO_DEL_MUNDO,1954,1071.33
India,Sri Lanka,1954,40.2
India,RESTO_DEL_MUNDO,1955,1311.91
India,Sri Lanka,1955,50.8
India,RESTO_DEL_MUNDO,1956,1206.89
India,Sri Lanka,1956,44.7
India,RESTO_DEL_MUNDO,1957,1463.48
India,Sri Lanka,1957,47.5
India,RESTO_DEL_MUNDO,1958,1264.27
India,Sri Lanka,1958,46.3
India,RESTO_DEL_MUNDO,1959,1262.94
India,Sri Lanka,1959,51.8
India,RESTO_DEL_MUNDO,1960,1322.63
India,Sri Lanka,1960,56.4
India,RESTO_DEL_MUNDO,1961,1396
India,Sri Lanka,1961,43.4
India,RESTO_DEL_MUNDO,1962,1459.38
India,Sri Lanka,1962,34.3
India,RESTO_DEL_MUNDO,1963,1614.61
India,Sri Lanka,1963,31.6
India,RESTO_DEL_MUNDO,1964,1720.41
India,Sri Lanka,1964,36.7
India,RESTO_DEL_MUNDO,1965,1788.63
India,Sri Lanka,1965,28.1
India,RESTO_DEL_MUNDO,1966,1758.6
India,Sri Lanka,1966,28.4
India,RESTO_DEL_MUNDO,1967,1777.38
India,Sri Lanka,1967,25.4
India,RESTO_DEL_MUNDO,1968,1876.32
India,Sri Lanka,1968,25.6
India,RESTO_DEL_MUNDO,1969,2010.27
India,Sri Lanka,1969,35.721
India,RESTO_DEL_MUNDO,1970,2127.99
India,Sri Lanka,1970,37.909
India,RESTO_DEL_MUNDO,1971,2261.11
India,Sri Lanka,1971,34.94
India,Pakistan,1972,0.05
India,RESTO_DEL_MUNDO,1972,2664.27
India,Sri Lanka,1972,17.861
India,Pakistan,1973,0.03
India,RESTO_DEL_MUNDO,1973,3224
India,Sri Lanka,1973,12.544
India,Pakistan,1974,0
India,RESTO_DEL_MUNDO,1974,4194.53
India,Sri Lanka,1974,32.931
India,Pakistan,1975,0.15
India,RESTO_DEL_MUNDO,1975,4727.24
India,Sri Lanka,1975,21.263
India,Pakistan,1976,4.91
India,RESTO_DEL_MUNDO,1976,6059.94
India,Sri Lanka,1976,21.415
India,Pakistan,1977,47.93
India,RESTO_DEL_MUNDO,1977,6656.73
India,Sri Lanka,1977,39.066
India,Pakistan,1978,33.74
India,RESTO_DEL_MUNDO,1978,6913
India,Sri Lanka,1978,86.345
India,Pakistan,1979,26.54
India,RESTO_DEL_MUNDO,1979,7930.2
India,Sri Lanka,1979,149.935
India,Pakistan,1980,3.85
India,RESTO_DEL_MUNDO,1980,8693.7
India,Sri Lanka,1980,96.674
India,Pakistan,1981,2.77
India,RESTO_DEL_MUNDO,1981,9050.02
India,Sri Lanka,1981,76.689
India,Pakistan,1982,3.98
India,RESTO_DEL_MUNDO,1982,10396.5
India,Sri Lanka,1982,72.867
India,Pakistan,1983,7.02
India,RESTO_DEL_MUNDO,1983,9716.64
India,Sri Lanka,1983,115.405
India,Pakistan,1984,12.73
India,RESTO_DEL_MUNDO,1984,10650.8
India,Sri Lanka,1984,111.488
India,Pakistan,1985,15.51
India,RESTO_DEL_MUNDO,1985,10205
India,Sri Lanka,1985,74.725
India,Pakistan,1986,12.78
India,RESTO_DEL_MUNDO,1986,10170.6
India,Sri Lanka,1986,79.199
India,Pakistan,1987,11.8
India,RESTO_DEL_MUNDO,1987,11637.6
India,Sri Lanka,1987,83.539
India,Pakistan,1988,28.67
India,RESTO_DEL_MUNDO,1988,13804.6
India,Sri Lanka,1988,90.9718
India,Pakistan,1989,30.4655
India,RESTO_DEL_MUNDO,1989,16357.3
India,Sri Lanka,1989,66.1469
India,Pakistan,1990,45.6927
India,RESTO_DEL_MUNDO,1990,19997.1
India,Sri Lanka,1990,117.996
India,Pakistan,1991,44.2714
India,RESTO_DEL_MUNDO,1991,19970.2
India,Sri Lanka,1991,220.086
India,Pakistan,1992,52.2441
India,RESTO_DEL_MUNDO,1992,20469.4
India,Sri Lanka,1992,306.715
India,Pakistan,1993,67.0803
India,RESTO_DEL_MUNDO,1993,23903.5
India,Sri Lanka,1993,342.894
India,Pakistan,1994,72.236
India,RESTO_DEL_MUNDO,1994,27315.5
India,Sri Lanka,1994,404
India,Pakistan,1995,80.5996
India,RESTO_DEL_MUNDO,1995,32770.1
India,Sri Lanka,1995,469
India,Pakistan,1996,211.548
India,RESTO_DEL_MUNDO,1996,37267.8
India,Sri Lanka,1996,562
India,Pakistan,1997,141.627
India,RESTO_DEL_MUNDO,1997,37948.7
India,Sri Lanka,1997,560
India,Pakistan,1998,153.933
India,RESTO_DEL_MUNDO,1998,37632.6
India,Sri Lanka,1998,539.334
India,Pakistan,1999,134.122
India,RESTO_DEL_MUNDO,1999,41445.6
India,Sri Lanka,1999,511.603
India,Pakistan,2000,177.642
India,RESTO_DEL_MUNDO,2000,46814.3
India,Sri Lanka,2000,600.142
India,Pakistan,2001,241.058
India,RESTO_DEL_MUNDO,2001,47354.3
India,Sri Lanka,2001,601.481
India,Pakistan,2002,162.526
India,RESTO_DEL_MUNDO,2002,53585.6
India,Sri Lanka,2002,832.072
India,Pakistan,2003,226.388
India,RESTO_DEL_MUNDO,2003,65743.3
India,Sri Lanka,2003,1076.16
India,Pakistan,2004,455.415
India,RESTO_DEL_MUNDO,2004,89608.3
India,Sri Lanka,2004,1439.15
India,Pakistan,2005,577.401
India,RESTO_DEL_MUNDO,2005,108835
India,Sri Lanka,2005,1835.43
India,Pakistan,2006,1302.96
India,RESTO_DEL_MUNDO,2006,132273
India,Sri Lanka,2006,2172.85
India,Pakistan,2007,1975.08
India,RESTO_DEL_MUNDO,2007,167917
India,Sri Lanka,2007,2610.14
India,Pakistan,2008,1957.2
India,RESTO_DEL_MUNDO,2008,219177
India,Sri Lanka,2008,3447.21
India,Pakistan,2009,1079.91
India,RESTO_DEL_MUNDO,2009,171679
India,Sri Lanka,2009,1819.82
India,Pakistan,2010,2475.98
India,RESTO_DEL_MUNDO,2010,234571
India,Sri Lanka,2010,2569.53
India,Pakistan,2011,1843.85
India,RESTO_DEL_MUNDO,2011,302436
India,Sri Lanka,2011,4430.7
India,Pakistan,2012,1922.07
India,RESTO_DEL_MUNDO,2012,298786
India,Sri Lanka,2012,3524.5
India,Pakistan,2013,2472.41
India,RESTO_DEL_MUNDO,2013,305972
India,Sri Lanka,2013,3125.75
India,Pakistan,2014,2400.01
India,RESTO_DEL_MUNDO,2014,313867
India,Sri Lanka,2014,4764.51
Indonesia,Philippines,1949,17.6
Indonesia,RESTO_DEL_MUNDO,1949,383.83
Indonesia,Thailand,1949,3.2
Indonesia,Philippines,1950,4.84
Indonesia,RESTO_DEL_MUNDO,1950,443.47
Indonesia,Thailand,1950,3.2
Indonesia,Philippines,1951,11.99
Indonesia,RESTO_DEL_MUNDO,1951,763.98
Indonesia,Thailand,1951,5.2
Indonesia,Philippines,1952,13.42
Indonesia,RESTO_DEL_MUNDO,1952,664.365
Indonesia,Thailand,1952,6.4
Indonesia,Philippines,1953,10.4
Indonesia,RESTO_DEL_MUNDO,1953,561
Indonesia,Thailand,1953,7.3
Indonesia,Philippines,1954,14.3
Indonesia,RESTO_DEL_MUNDO,1954,565.64
Indonesia,Thailand,1954,8.4
Indonesia,Philippines,1955,20.79
Indonesia,RESTO_DEL_MUNDO,1955,721.563
Indonesia,Thailand,1955,7.8
Indonesia,Philippines,1956,24.64
Indonesia,RESTO_DEL_MUNDO,1956,715.11
Indonesia,Thailand,1956,12.6
Indonesia,Malaysia,1957,0
Indonesia,Philippines,1957,31.68
Indonesia,RESTO_DEL_MUNDO,1957,751.7
Indonesia,Thailand,1957,16.9
Indonesia,Philippines,1958,45.2
Indonesia,RESTO_DEL_MUNDO,1958,564.71
Indonesia,Thailand,1958,14.3
Indonesia,Philippines,1959,49.5
Indonesia,RESTO_DEL_MUNDO,1959,555.62
Indonesia,Thailand,1959,13.7
Indonesia,Malaysia,1960,0
Indonesia,Philippines,1960,22.1
Indonesia,RESTO_DEL_MUNDO,1960,536.97
Indonesia,Thailand,1960,13.2
Indonesia,Malaysia,1961,51.5
Indonesia,Philippines,1961,21.4
Indonesia,RESTO_DEL_MUNDO,1961,538.51
Indonesia,Thailand,1961,14.7
Indonesia,Malaysia,1962,59.7
Indonesia,Philippines,1962,26.7
Indonesia,RESTO_DEL_MUNDO,1962,500.678
Indonesia,Thailand,1962,38.9
Indonesia,Malaysia,1963,27.1
Indonesia,Philippines,1963,20.9
Indonesia,RESTO_DEL_MUNDO,1963,489.69
Indonesia,Thailand,1963,38
Indonesia,Malaysia,1964,0
Indonesia,Philippines,1964,23.8
Indonesia,RESTO_DEL_MUNDO,1964,679.58
Indonesia,Thailand,1964,23
Indonesia,Malaysia,1965,0
Indonesia,Philippines,1965,19.5
Indonesia,RESTO_DEL_MUNDO,1965,700.695
Indonesia,Singapore,1965,5.6
Indonesia,Thailand,1965,17.1
Indonesia,Malaysia,1966,0
Indonesia,Philippines,1966,28.2
Indonesia,RESTO_DEL_MUNDO,1966,699.069
Indonesia,Singapore,1966,18
Indonesia,Thailand,1966,20.7
Indonesia,Malaysia,1967,17.28
Indonesia,Philippines,1967,25
Indonesia,RESTO_DEL_MUNDO,1967,696.571
Indonesia,Singapore,1967,65.7
Indonesia,Thailand,1967,9
Indonesia,Malaysia,1968,61.65
Indonesia,Philippines,1968,26.1
Indonesia,RESTO_DEL_MUNDO,1968,694.895
Indonesia,Singapore,1968,115.7
Indonesia,Thailand,1968,8.5
Indonesia,Malaysia,1969,59.85
Indonesia,Philippines,1969,30.5
Indonesia,RESTO_DEL_MUNDO,1969,882.553
Indonesia,Singapore,1969,147.1
Indonesia,Thailand,1969,9.37
Indonesia,Malaysia,1970,67.76
Indonesia,Philippines,1970,29.5
Indonesia,RESTO_DEL_MUNDO,1970,1103.86
Indonesia,Singapore,1970,171.9
Indonesia,Thailand,1970,19.25
Indonesia,Malaysia,1971,48.16
Indonesia,Philippines,1971,32.9
Indonesia,RESTO_DEL_MUNDO,1971,1361.54
Indonesia,Singapore,1971,160.8
Indonesia,Thailand,1971,6.94
Indonesia,Malaysia,1972,54.3
Indonesia,Philippines,1972,9.4
Indonesia,RESTO_DEL_MUNDO,1972,1931.73
Indonesia,Singapore,1972,133.7
Indonesia,Thailand,1972,3.55
Indonesia,Malaysia,1973,60.42
Indonesia,Philippines,1973,1.9
Indonesia,RESTO_DEL_MUNDO,1973,3413.76
Indonesia,Singapore,1973,341
Indonesia,Thailand,1973,7.92
Indonesia,Malaysia,1974,95.36
Indonesia,Philippines,1974,4.9
Indonesia,RESTO_DEL_MUNDO,1974,7592.04
Indonesia,Singapore,1974,558.4
Indonesia,Thailand,1974,2.71
Indonesia,Malaysia,1975,79.47
Indonesia,Philippines,1975,65.7
Indonesia,RESTO_DEL_MUNDO,1975,7236.23
Indonesia,Singapore,1975,632.7
Indonesia,Thailand,1975,3.6
Indonesia,Malaysia,1976,43.25
Indonesia,Philippines,1976,116.93
Indonesia,RESTO_DEL_MUNDO,1976,8867.56
Indonesia,Singapore,1976,643.8
Indonesia,Thailand,1976,3.69
Indonesia,Vietnam,1976,0
Indonesia,Malaysia,1977,45.41
Indonesia,Philippines,1977,159.64
Indonesia,RESTO_DEL_MUNDO,1977,10741.5
Indonesia,Singapore,1977,1003.6
Indonesia,Thailand,1977,8.02
Indonesia,Vietnam,1977,0.2
Indonesia,Malaysia,1978,46.73
Indonesia,Philippines,1978,153.5
Indonesia,RESTO_DEL_MUNDO,1978,11588.4
Indonesia,Singapore,1978,1241.1
Indonesia,Thailand,1978,24.81
Indonesia,Vietnam,1978,1.2
Indonesia,Malaysia,1979,67.78
Indonesia,Philippines,1979,189.78
Indonesia,RESTO_DEL_MUNDO,1979,15661.8
Indonesia,Singapore,1979,1951
Indonesia,Thailand,1979,55.95
Indonesia,Vietnam,1979,0
Indonesia,Malaysia,1980,80.68
Indonesia,Philippines,1980,186.96
Indonesia,RESTO_DEL_MUNDO,1980,22284
Indonesia,Singapore,1980,2483.7
Indonesia,Thailand,1980,44.82
Indonesia,Vietnam,1980,0
Indonesia,Malaysia,1981,69.3
Indonesia,Philippines,1981,232.6
Indonesia,RESTO_DEL_MUNDO,1981,24505.2
Indonesia,Singapore,1981,2320.4
Indonesia,Thailand,1981,24.02
Indonesia,Vietnam,1981,0
Indonesia,Malaysia,1982,68.79
Indonesia,Philippines,1982,152.8
Indonesia,RESTO_DEL_MUNDO,1982,20518
Indonesia,Singapore,1982,3120.9
Indonesia,Thailand,1982,23.15
Indonesia,Vietnam,1982,0
Indonesia,Malaysia,1983,97.31
Indonesia,Philippines,1983,176.75
Indonesia,RESTO_DEL_MUNDO,1983,19025.5
Indonesia,Singapore,1983,3127.9
Indonesia,Thailand,1983,33.8
Indonesia,Vietnam,1983,0.44
Indonesia,Malaysia,1984,172.4
Indonesia,Philippines,1984,199.03
Indonesia,RESTO_DEL_MUNDO,1984,20933.7
Indonesia,Singapore,1984,2125.5
Indonesia,Thailand,1984,79.07
Indonesia,Vietnam,1984,2.2
Indonesia,Malaysia,1985,139.13
Indonesia,Philippines,1985,189.79
Indonesia,RESTO_DEL_MUNDO,1985,18695.5
Indonesia,Singapore,1985,1625.6
Indonesia,Thailand,1985,60.84
Indonesia,Vietnam,1985,4.9
Indonesia,Malaysia,1986,143.89
Indonesia,Philippines,1986,137.35
Indonesia,RESTO_DEL_MUNDO,1986,14992.4
Indonesia,Singapore,1986,1238.9
Indonesia,Thailand,1986,61.93
Indonesia,Vietnam,1986,16.661
Indonesia,Malaysia,1987,176.13
Indonesia,Philippines,1987,92.11
Indonesia,RESTO_DEL_MUNDO,1987,17257.3
Indonesia,Singapore,1987,1449.3
Indonesia,Thailand,1987,111.07
Indonesia,Vietnam,1987,23.268
Indonesia,Malaysia,1988,283.66
Indonesia,Philippines,1988,161.09
Indonesia,RESTO_DEL_MUNDO,1988,18709.1
Indonesia,Singapore,1988,1655.8
Indonesia,Thailand,1988,172.112
Indonesia,Vietnam,1988,10.737
Indonesia,Malaysia,1989,345.778
Indonesia,Philippines,1989,179.558
Indonesia,RESTO_DEL_MUNDO,1989,21410.5
Indonesia,Singapore,1989,1809.05
Indonesia,Thailand,1989,268.54
Indonesia,Vietnam,1989,0.543
Indonesia,Malaysia,1990,316.058
Indonesia,Philippines,1990,199.574
Indonesia,RESTO_DEL_MUNDO,1990,25688.4
Indonesia,Singapore,1990,1902.14
Indonesia,Thailand,1990,197.576
Indonesia,Vietnam,1990,9.797
Indonesia,Malaysia,1991,505.723
Indonesia,Philippines,1991,177.918
Indonesia,RESTO_DEL_MUNDO,1991,28137.8
Indonesia,Singapore,1991,2409.77
Indonesia,Thailand,1991,220.326
Indonesia,Vietnam,1991,49.402
Indonesia,Malaysia,1992,635.841
Indonesia,Philippines,1992,181.129
Indonesia,RESTO_DEL_MUNDO,1992,31208.7
Indonesia,Singapore,1992,3313.54
Indonesia,Thailand,1992,290.993
Indonesia,Vietnam,1992,39.781
Indonesia,Malaysia,1993,717.737
Indonesia,Philippines,1993,342.746
Indonesia,RESTO_DEL_MUNDO,1993,34184.4
Indonesia,Singapore,1993,3371.98
Indonesia,Thailand,1993,512.862
Indonesia,Vietnam,1993,84.452
Indonesia,Malaysia,1994,942.043
Indonesia,Philippines,1994,397.65
Indonesia,RESTO_DEL_MUNDO,1994,37899.9
Indonesia,Singapore,1994,4149.67
Indonesia,Thailand,1994,451.919
Indonesia,Vietnam,1994,116.338
Indonesia,Malaysia,1995,1212.62
Indonesia,Philippines,1995,620.032
Indonesia,RESTO_DEL_MUNDO,1995,41447.4
Indonesia,Singapore,1995,3766.72
Indonesia,Thailand,1995,672.49
Indonesia,Vietnam,1995,189.967
Indonesia,Malaysia,1996,1425.91
Indonesia,Philippines,1996,688.443
Indonesia,RESTO_DEL_MUNDO,1996,48019.7
Indonesia,Singapore,1996,4564.6
Indonesia,Thailand,1996,939.146
Indonesia,Vietnam,1996,148.987
Indonesia,Malaysia,1997,1464.09
Indonesia,Philippines,1997,773.362
Indonesia,RESTO_DEL_MUNDO,1997,51219
Indonesia,Singapore,1997,5467.86
Indonesia,Thailand,1997,884.064
Indonesia,Vietnam,1997,199.971
Indonesia,Malaysia,1998,1477.14
Indonesia,Philippines,1998,592.041
Indonesia,RESTO_DEL_MUNDO,1998,47798.7
Indonesia,Singapore,1998,5718.28
Indonesia,Thailand,1998,896.737
Indonesia,Vietnam,1998,256.492
Indonesia,Malaysia,1999,1756.64
Indonesia,Philippines,1999,704.854
Indonesia,RESTO_DEL_MUNDO,1999,51524.9
Indonesia,Singapore,1999,4930.51
Indonesia,Thailand,1999,1106.66
Indonesia,Vietnam,1999,286.754
Indonesia,Malaysia,2000,2268.77
Indonesia,Philippines,2000,693.068
Indonesia,RESTO_DEL_MUNDO,2000,60619.8
Indonesia,Singapore,2000,6562.38
Indonesia,Thailand,2000,1299.3
Indonesia,Vietnam,2000,345.497
Indonesia,Malaysia,2001,2241.38
Indonesia,Philippines,2001,759.831
Indonesia,RESTO_DEL_MUNDO,2001,57430.5
Indonesia,Singapore,2001,5363.83
Indonesia,Thailand,2001,1364.15
Indonesia,Vietnam,2001,288.9
Indonesia,Malaysia,2002,2550.67
Indonesia,Philippines,2002,764.804
Indonesia,RESTO_DEL_MUNDO,2002,58513.7
Indonesia,Singapore,2002,5349.08
Indonesia,Thailand,2002,1559.03
Indonesia,Vietnam,2002,362.6
Indonesia,Malaysia,2003,2939.01
Indonesia,Philippines,2003,829.029
Indonesia,RESTO_DEL_MUNDO,2003,65121.8
Indonesia,Singapore,2003,8330.44
Indonesia,Thailand,2003,1770.54
Indonesia,Vietnam,2003,551.5
Indonesia,Malaysia,2004,4193.73
Indonesia,Philippines,2004,939.318
Indonesia,RESTO_DEL_MUNDO,2004,75865.2
Indonesia,Singapore,2004,9729.49
Indonesia,Thailand,2004,2322.57
Indonesia,Vietnam,2004,663.3
Indonesia,Malaysia,2005,4375.26
Indonesia,Philippines,2005,1002.78
Indonesia,RESTO_DEL_MUNDO,2005,85143.9
Indonesia,Singapore,2005,10451.9
Indonesia,Thailand,2005,3130.14
Indonesia,Vietnam,2005,700
Indonesia,Malaysia,2006,4951.79
Indonesia,Philippines,2006,990.412
Indonesia,RESTO_DEL_MUNDO,2006,97485.2
Indonesia,Singapore,2006,14756.9
Indonesia,Thailand,2006,3483.63
Indonesia,Vietnam,2006,1012.8
Indonesia,Malaysia,2007,6233.28
Indonesia,Philippines,2007,1249.68
Indonesia,RESTO_DEL_MUNDO,2007,110772
Indonesia,Singapore,2007,14657.3
Indonesia,Thailand,2007,4025.38
Indonesia,Vietnam,2007,1353.9
Indonesia,Malaysia,2008,7269.47
Indonesia,Philippines,2008,1602.26
Indonesia,RESTO_DEL_MUNDO,2008,131352
Indonesia,Singapore,2008,17592.5
Indonesia,Thailand,2008,5420.13
Indonesia,Vietnam,2008,1728.9
Indonesia,Malaysia,2009,6559.3
Indonesia,Philippines,2009,1915.05
Indonesia,RESTO_DEL_MUNDO,2009,107760
Indonesia,Singapore,2009,14257.8
Indonesia,Thailand,2009,3831.64
Indonesia,Vietnam,2009,1546.1
Indonesia,Malaysia,2010,9151.26
Indonesia,Philippines,2010,2458.66
Indonesia,RESTO_DEL_MUNDO,2010,140444
Indonesia,Singapore,2010,16839.2
Indonesia,Thailand,2010,5758.66
Indonesia,Vietnam,2010,1909.19
Indonesia,Malaysia,2011,11486.4
Indonesia,Philippines,2011,2609.64
Indonesia,RESTO_DEL_MUNDO,2011,180683
Indonesia,Singapore,2011,19299.8
Indonesia,Thailand,2011,7402.65
Indonesia,Vietnam,2011,2247.55
Indonesia,Malaysia,2012,10083.6
Indonesia,Philippines,2012,3005.55
Indonesia,RESTO_DEL_MUNDO,2012,175005
Indonesia,Singapore,2012,20193.3
Indonesia,Thailand,2012,8145.37
Indonesia,Vietnam,2012,2247.58
Indonesia,Malaysia,2013,8878.97
Indonesia,Philippines,2013,2980.17
Indonesia,RESTO_DEL_MUNDO,2013,168830
Indonesia,Singapore,2013,19209.3
Indonesia,Thailand,2013,8065.63
Indonesia,Vietnam,2013,2374.5
Indonesia,Malaysia,2014,8482.17
Indonesia,Philippines,2014,3299.93
Indonesia,RESTO_DEL_MUNDO,2014,160473
Indonesia,Singapore,2014,18789.3
Indonesia,Thailand,2014,7289.65
Indonesia,Vietnam,2014,2497.37
Iran,RESTO_DEL_MUNDO,1900,13.29
Iran,RESTO_DEL_MUNDO,1901,0.96
Iran,RESTO_DEL_MUNDO,1902,1.01
Iran,RESTO_DEL_MUNDO,1903,15.22
Iran,RESTO_DEL_MUNDO,1904,21.74
Iran,RESTO_DEL_MUNDO,1905,37.8235
Iran,RESTO_DEL_MUNDO,1906,29.0528
Iran,RESTO_DEL_MUNDO,1907,28.7324
Iran,RESTO_DEL_MUNDO,1908,29.7415
Iran,RESTO_DEL_MUNDO,1909,31.5773
Iran,RESTO_DEL_MUNDO,1910,31.6544
Iran,RESTO_DEL_MUNDO,1911,35.2899
Iran,RESTO_DEL_MUNDO,1912,23.74
Iran,RESTO_DEL_MUNDO,1913,26.39
Iran,RESTO_DEL_MUNDO,1919,0
Iran,RESTO_DEL_MUNDO,1920,7.05
Iran,RESTO_DEL_MUNDO,1921,0.41
Iran,RESTO_DEL_MUNDO,1922,20.2139
Iran,RESTO_DEL_MUNDO,1923,35.2619
Iran,RESTO_DEL_MUNDO,1924,65.4609
Iran,RESTO_DEL_MUNDO,1925,87.9134
Iran,RESTO_DEL_MUNDO,1926,88.7225
Iran,RESTO_DEL_MUNDO,1927,90.76
Iran,RESTO_DEL_MUNDO,1928,40.5107
Iran,RESTO_DEL_MUNDO,1929,125.21
Iran,RESTO_DEL_MUNDO,1930,91.5508
Iran,RESTO_DEL_MUNDO,1931,95.2877
Iran,RESTO_DEL_MUNDO,1932,77.0195
Iran,RESTO_DEL_MUNDO,1933,40.6841
Iran,RESTO_DEL_MUNDO,1934,64.3027
Iran,RESTO_DEL_MUNDO,1935,90.0234
Iran,RESTO_DEL_MUNDO,1936,77.1271
Iran,RESTO_DEL_MUNDO,1937,113.471
Iran,RESTO_DEL_MUNDO,1938,257.331
Iran,RESTO_DEL_MUNDO,1939,33.2981
Iran,RESTO_DEL_MUNDO,1940,28.71
Iran,RESTO_DEL_MUNDO,1941,38.34
Iran,RESTO_DEL_MUNDO,1942,4.82
Iran,RESTO_DEL_MUNDO,1944,9.06
Iran,RESTO_DEL_MUNDO,1945,0.03
Iran,RESTO_DEL_MUNDO,1946,26.3652
Iran,RESTO_DEL_MUNDO,1947,57.5505
Iran,RESTO_DEL_MUNDO,1948,516.91
Iran,Saudi Arabia,1948,9.6
Iran,RESTO_DEL_MUNDO,1949,456.04
Iran,Israel,1950,0.9
Iran,RESTO_DEL_MUNDO,1950,547.73
Iran,Israel,1951,2.1
Iran,RESTO_DEL_MUNDO,1951,451.21
Iran,Israel,1952,1.4
Iran,RESTO_DEL_MUNDO,1952,87.09
Iran,Israel,1953,0.1
Iran,RESTO_DEL_MUNDO,1953,94.74
Iran,Israel,1954,0
Iran,RESTO_DEL_MUNDO,1954,133.96
Iran,Israel,1955,0.2
Iran,RESTO_DEL_MUNDO,1955,371
Iran,Israel,1956,0.1
Iran,RESTO_DEL_MUNDO,1956,540.12
Iran,Israel,1957,0.1
Iran,RESTO_DEL_MUNDO,1957,736.52
Iran,Israel,1958,0.1
Iran,RESTO_DEL_MUNDO,1958,796.17
Iran,Israel,1959,0.3
Iran,RESTO_DEL_MUNDO,1959,846.6
Iran,Israel,1960,0
Iran,RESTO_DEL_MUNDO,1960,675.5
Iran,Israel,1961,0
Iran,RESTO_DEL_MUNDO,1961,680.59
Iran,Israel,1962,0
Iran,RESTO_DEL_MUNDO,1962,709.331
Iran,Israel,1963,0
Iran,RESTO_DEL_MUNDO,1963,874.328
Iran,Israel,1964,0.7
Iran,RESTO_DEL_MUNDO,1964,1120.23
Iran,Saudi Arabia,1964,0.2
Iran,Israel,1965,1.5
Iran,RESTO_DEL_MUNDO,1965,1293.05
Iran,Saudi Arabia,1965,0.2
Iran,Israel,1966,1.3
Iran,RESTO_DEL_MUNDO,1966,1452.6
Iran,Saudi Arabia,1966,0
Iran,Israel,1967,1.2
Iran,RESTO_DEL_MUNDO,1967,1812.73
Iran,Saudi Arabia,1967,0.8
Iran,Israel,1968,1.2
Iran,RESTO_DEL_MUNDO,1968,1907.35
Iran,Saudi Arabia,1968,1.2
Iran,Israel,1969,2.73
Iran,RESTO_DEL_MUNDO,1969,2091.63
Iran,Saudi Arabia,1969,0.8
Iran,Israel,1970,2.66
Iran,RESTO_DEL_MUNDO,1970,2418.94
Iran,Saudi Arabia,1970,0.7
Iran,Israel,1971,2.54
Iran,RESTO_DEL_MUNDO,1971,3433.34
Iran,Saudi Arabia,1971,2
Iran,Israel,1972,2.26
Iran,RESTO_DEL_MUNDO,1972,4104.35
Iran,Saudi Arabia,1972,1.9
Iran,Israel,1973,2.74
Iran,RESTO_DEL_MUNDO,1973,6250.56
Iran,Saudi Arabia,1973,4.1
Iran,Israel,1974,4.91
Iran,RESTO_DEL_MUNDO,1974,19351.6
Iran,Saudi Arabia,1974,6.9
Iran,Israel,1975,4.47
Iran,RESTO_DEL_MUNDO,1975,18548.8
Iran,Saudi Arabia,1975,9.4
Iran,Israel,1976,3.36
Iran,RESTO_DEL_MUNDO,1976,20592.1
Iran,Saudi Arabia,1976,18.5
Iran,Israel,1977,5.8
Iran,RESTO_DEL_MUNDO,1977,21941.9
Iran,Saudi Arabia,1977,16.2
Iran,Israel,1978,7.77
Iran,RESTO_DEL_MUNDO,1978,21981.3
Iran,Saudi Arabia,1978,26.2
Iran,Israel,1979,0.7
Iran,RESTO_DEL_MUNDO,1979,18023
Iran,Saudi Arabia,1979,31.1
Iran,Israel,1980,0
Iran,RESTO_DEL_MUNDO,1980,13392.2
Iran,Saudi Arabia,1980,20.3
Iran,Israel,1981,0
Iran,RESTO_DEL_MUNDO,1981,10200
Iran,Saudi Arabia,1981,35.6
Iran,Israel,1982,0
Iran,RESTO_DEL_MUNDO,1982,16618.7
Iran,Saudi Arabia,1982,30.5
Iran,Israel,1983,0
Iran,RESTO_DEL_MUNDO,1983,20451.9
Iran,Saudi Arabia,1983,28.2
Iran,Israel,1984,0
Iran,RESTO_DEL_MUNDO,1984,16056.3
Iran,Saudi Arabia,1984,28.7
Iran,Israel,1985,0
Iran,RESTO_DEL_MUNDO,1985,14283.7
Iran,Saudi Arabia,1985,18.5
Iran,Israel,1986,0
Iran,RESTO_DEL_MUNDO,1986,8320.97
Iran,Saudi Arabia,1986,18
Iran,Israel,1987,0
Iran,RESTO_DEL_MUNDO,1987,11640.8
Iran,Saudi Arabia,1987,29.4
Iran,Israel,1988,0
Iran,RESTO_DEL_MUNDO,1988,9219.4
Iran,Saudi Arabia,1988,3.92844
Iran,Israel,1989,0
Iran,RESTO_DEL_MUNDO,1989,12203.9
Iran,Saudi Arabia,1989,1.41602
Iran,Israel,1990,0
Iran,RESTO_DEL_MUNDO,1990,17959.4
Iran,Saudi Arabia,1990,0.18745
Iran,Israel,1991,0
Iran,RESTO_DEL_MUNDO,1991,18505.2
Iran,Saudi Arabia,1991,0.558878
Iran,Israel,1992,0
Iran,RESTO_DEL_MUNDO,1992,17197.6
Iran,Saudi Arabia,1992,8.68919
Iran,Israel,1993,0
Iran,RESTO_DEL_MUNDO,1993,16821.3
Iran,Saudi Arabia,1993,35.1036
Iran,Israel,1994,0
Iran,RESTO_DEL_MUNDO,1994,15520
Iran,Saudi Arabia,1994,71.4163
Iran,Israel,1995,0
Iran,RESTO_DEL_MUNDO,1995,17506.4
Iran,Saudi Arabia,1995,59.5426
Iran,Israel,1996,0
Iran,RESTO_DEL_MUNDO,1996,19132.7
Iran,Saudi Arabia,1996,58.6822
Iran,Israel,1997,0
Iran,RESTO_DEL_MUNDO,1997,18351.5
Iran,Saudi Arabia,1997,65.7255
Iran,Israel,1998,0.1
Iran,RESTO_DEL_MUNDO,1998,13344.5
Iran,Saudi Arabia,1998,65.9092
Iran,Israel,1999,0
Iran,RESTO_DEL_MUNDO,1999,17960.8
Iran,Saudi Arabia,1999,75.5028
Iran,Israel,2000,0
Iran,RESTO_DEL_MUNDO,2000,25993.8
Iran,Saudi Arabia,2000,97.7779
Iran,Israel,2001,0
Iran,RESTO_DEL_MUNDO,2001,22501.4
Iran,Saudi Arabia,2001,118.987
Iran,Israel,2002,0
Iran,RESTO_DEL_MUNDO,2002,20147.1
Iran,Saudi Arabia,2002,90.1104
Iran,Israel,2003,0
Iran,RESTO_DEL_MUNDO,2003,29691.4
Iran,Saudi Arabia,2003,115.198
Iran,Israel,2004,0
Iran,RESTO_DEL_MUNDO,2004,37964.3
Iran,Saudi Arabia,2004,273.648
Iran,Israel,2005,0
Iran,RESTO_DEL_MUNDO,2005,50901.8
Iran,Saudi Arabia,2005,487.099
Iran,Israel,2006,0
Iran,RESTO_DEL_MUNDO,2006,71028.6
Iran,Saudi Arabia,2006,583.149
Iran,Israel,2007,0
Iran,RESTO_DEL_MUNDO,2007,83430.7
Iran,Saudi Arabia,2007,687.898
Iran,Israel,2008,0
Iran,RESTO_DEL_MUNDO,2008,109959
Iran,Saudi Arabia,2008,900.648
Iran,Israel,2009,0
Iran,RESTO_DEL_MUNDO,2009,68451
Iran,Saudi Arabia,2009,612.311
Iran,Israel,2010,0
Iran,RESTO_DEL_MUNDO,2010,91204.2
Iran,Saudi Arabia,2010,802.128
Iran,Israel,2011,0
Iran,RESTO_DEL_MUNDO,2011,120780
Iran,Saudi Arabia,2011,1034.74
Iran,Israel,2012,0
Iran,RESTO_DEL_MUNDO,2012,88262.1
Iran,Saudi Arabia,2012,1099.48
Iran,Israel,2013,0
Iran,RESTO_DEL_MUNDO,2013,68816.3
Iran,Saudi Arabia,2013,1089.28
Iran,Israel,2014,0
Iran,RESTO_DEL_MUNDO,2014,69990
Iran,Saudi Arabia,2014,1150.27
Iraq,Iran,1932,0.17
Iraq,RESTO_DEL_MUNDO,1932,1.64203
Iraq,Iran,1933,0.15
Iraq,RESTO_DEL_MUNDO,1933,1.5317
Iraq,Iran,1934,0.04
Iraq,RESTO_DEL_MUNDO,1934,7.64016
Iraq,Saudi Arabia,1934,0.53
Iraq,Turkey,1934,0.1
Iraq,RESTO_DEL_MUNDO,1935,20.3217
Iraq,Iran,1936,0.08
Iraq,RESTO_DEL_MUNDO,1936,45.7284
Iraq,Saudi Arabia,1936,0.0035953
Iraq,Turkey,1936,0.0002061
Iraq,Iran,1937,0.08
Iraq,RESTO_DEL_MUNDO,1937,67.8995
Iraq,Saudi Arabia,1937,0.003749
Iraq,Turkey,1937,9.2e-05
Iraq,RESTO_DEL_MUNDO,1938,57.7006
Iraq,RESTO_DEL_MUNDO,1939,30.3555
Iraq,RESTO_DEL_MUNDO,1940,22.8432
Iraq,RESTO_DEL_MUNDO,1941,2.25
Iraq,RESTO_DEL_MUNDO,1942,0.41
Iraq,RESTO_DEL_MUNDO,1944,0.000898
Iraq,RESTO_DEL_MUNDO,1945,2.57
Iraq,RESTO_DEL_MUNDO,1946,37.9032
Iraq,RESTO_DEL_MUNDO,1947,62.6013
Iraq,Iran,1948,0.7
Iraq,Jordan,1948,4.3
Iraq,Lebanon,1948,0
Iraq,RESTO_DEL_MUNDO,1948,103.83
Iraq,Saudi Arabia,1948,0.3
Iraq,Syria,1948,8.1
Iraq,Turkey,1948,0.1
Iraq,Iran,1949,0.6
Iraq,Jordan,1949,0
Iraq,Lebanon,1949,0
Iraq,RESTO_DEL_MUNDO,1949,103.35
Iraq,Saudi Arabia,1949,1
Iraq,Syria,1949,8.9
Iraq,Turkey,1949,0
Iraq,Iran,1950,5.9
Iraq,Jordan,1950,0
Iraq,Lebanon,1950,8.2
Iraq,RESTO_DEL_MUNDO,1950,150
Iraq,Saudi Arabia,1950,0.9
Iraq,Syria,1950,7.4
Iraq,Turkey,1950,0.5
Iraq,Iran,1951,0.7
Iraq,Jordan,1951,0
Iraq,Lebanon,1951,10.8
Iraq,RESTO_DEL_MUNDO,1951,241.65
Iraq,Saudi Arabia,1951,0.3
Iraq,Syria,1951,5.8
Iraq,Turkey,1951,0.2
Iraq,Iran,1952,0
Iraq,Jordan,1952,0
Iraq,Lebanon,1952,8.1
Iraq,RESTO_DEL_MUNDO,1952,433.98
Iraq,Saudi Arabia,1952,1
Iraq,Syria,1952,3.8
Iraq,Turkey,1952,0.9
Iraq,Iran,1953,0
Iraq,Jordan,1953,2.1
Iraq,Lebanon,1953,6.9
Iraq,RESTO_DEL_MUNDO,1953,581.47
Iraq,Saudi Arabia,1953,1.4
Iraq,Syria,1953,3.8
Iraq,Turkey,1953,0.5
Iraq,Iran,1954,0.1
Iraq,Jordan,1954,2.3
Iraq,Lebanon,1954,7.8
Iraq,RESTO_DEL_MUNDO,1954,577.64
Iraq,Saudi Arabia,1954,1.4
Iraq,Syria,1954,2.8
Iraq,Turkey,1954,1.1
Iraq,Iran,1955,0.6
Iraq,Jordan,1955,3.9
Iraq,Lebanon,1955,10.6
Iraq,RESTO_DEL_MUNDO,1955,684.49
Iraq,Saudi Arabia,1955,1.7
Iraq,Syria,1955,12.1
Iraq,Turkey,1955,0.7
Iraq,Iran,1956,1.2
Iraq,Jordan,1956,3.4
Iraq,Lebanon,1956,9.5
Iraq,RESTO_DEL_MUNDO,1956,685.31
Iraq,Saudi Arabia,1956,1.7
Iraq,Syria,1956,12.9
Iraq,Turkey,1956,0
Iraq,Iran,1957,0.6
Iraq,Jordan,1957,1.8
Iraq,Lebanon,1957,10.4
Iraq,RESTO_DEL_MUNDO,1957,476.87
Iraq,Saudi Arabia,1957,2.2
Iraq,Syria,1957,9.5
Iraq,Turkey,1957,0
Iraq,Iran,1958,1.1
Iraq,Jordan,1958,3.6
Iraq,Lebanon,1958,9.9
Iraq,RESTO_DEL_MUNDO,1958,716.48
Iraq,Saudi Arabia,1958,2.8
Iraq,Syria,1958,6.8
Iraq,Turkey,1958,0
Iraq,Iran,1959,0.9
Iraq,Jordan,1959,0.6
Iraq,Lebanon,1959,7.1
Iraq,RESTO_DEL_MUNDO,1959,760.15
Iraq,Saudi Arabia,1959,1.7
Iraq,Turkey,1959,0
Iraq,Iran,1960,1.3
Iraq,Jordan,1960,0.1
Iraq,Lebanon,1960,4.2
Iraq,RESTO_DEL_MUNDO,1960,707.63
Iraq,Saudi Arabia,1960,0.3
Iraq,Turkey,1960,0
Iraq,Iran,1961,1
Iraq,Jordan,1961,1.2
Iraq,Lebanon,1961,3.7
Iraq,RESTO_DEL_MUNDO,1961,673.78
Iraq,Saudi Arabia,1961,1.5
Iraq,Syria,1961,11.2
Iraq,Turkey,1961,0.4
Iraq,Iran,1962,0.5
Iraq,Jordan,1962,2.1
Iraq,Lebanon,1962,7.9
Iraq,RESTO_DEL_MUNDO,1962,668.99
Iraq,Saudi Arabia,1962,2.7
Iraq,Syria,1962,13.4
Iraq,Turkey,1962,10.3
Iraq,Iran,1963,0.4
Iraq,Jordan,1963,1.9
Iraq,Lebanon,1963,12.4
Iraq,RESTO_DEL_MUNDO,1963,775.81
Iraq,Saudi Arabia,1963,2.1
Iraq,Syria,1963,14.4
Iraq,Turkey,1963,19.7
Iraq,Iran,1964,0.4
Iraq,Jordan,1964,0.8
Iraq,Lebanon,1964,12.9
Iraq,RESTO_DEL_MUNDO,1964,814.71
Iraq,Saudi Arabia,1964,1.1
Iraq,Syria,1964,17
Iraq,Turkey,1964,17.8
Iraq,Iran,1965,0.7
Iraq,Jordan,1965,0.8
Iraq,Lebanon,1965,15.7
Iraq,RESTO_DEL_MUNDO,1965,862.48
Iraq,Saudi Arabia,1965,2.1
Iraq,Syria,1965,17
Iraq,Turkey,1965,16.4
Iraq,Iran,1966,1.9
Iraq,Jordan,1966,4.7
Iraq,Lebanon,1966,19.1
Iraq,RESTO_DEL_MUNDO,1966,885.968
Iraq,Saudi Arabia,1966,2.6
Iraq,Syria,1966,18.2
Iraq,Turkey,1966,16.9
Iraq,Iran,1967,2.9
Iraq,Jordan,1967,1.1
Iraq,Lebanon,1967,16.87
Iraq,RESTO_DEL_MUNDO,1967,806.138
Iraq,Saudi Arabia,1967,3.7
Iraq,Syria,1967,17.1
Iraq,Turkey,1967,23.3
Iraq,Iran,1968,1.3
Iraq,Jordan,1968,1.1
Iraq,Lebanon,1968,21.94
Iraq,RESTO_DEL_MUNDO,1968,979.076
Iraq,Saudi Arabia,1968,1.4
Iraq,Syria,1968,19.8
Iraq,Turkey,1968,29.9
Iraq,Iran,1969,0.5
Iraq,Jordan,1969,2.1
Iraq,Lebanon,1969,22.77
Iraq,RESTO_DEL_MUNDO,1969,984.168
Iraq,Saudi Arabia,1969,1.9
Iraq,Syria,1969,23.16
Iraq,Turkey,1969,25.43
Iraq,Iran,1970,0.3
Iraq,Jordan,1970,1.04
Iraq,Lebanon,1970,27.74
Iraq,RESTO_DEL_MUNDO,1970,978.801
Iraq,Saudi Arabia,1970,2.1
Iraq,Syria,1970,23.22
Iraq,Turkey,1970,30.45
Iraq,Iran,1971,0.1
Iraq,Jordan,1971,0.8
Iraq,Lebanon,1971,29.96
Iraq,RESTO_DEL_MUNDO,1971,1284.68
Iraq,Saudi Arabia,1971,1.4
Iraq,Syria,1971,26.6
Iraq,Turkey,1971,49.29
Iraq,Jordan,1972,1.99
Iraq,Lebanon,1972,40.14
Iraq,RESTO_DEL_MUNDO,1972,1127.85
Iraq,Saudi Arabia,1972,1
Iraq,Syria,1972,21.87
Iraq,Turkey,1972,30.15
Iraq,Iran,1973,0.3
Iraq,Jordan,1973,2.63
Iraq,Lebanon,1973,46.2
Iraq,RESTO_DEL_MUNDO,1973,1829.41
Iraq,Saudi Arabia,1973,2.8
Iraq,Syria,1973,26.45
Iraq,Turkey,1973,33.36
Iraq,Iran,1974,0
Iraq,Jordan,1974,2.69
Iraq,RESTO_DEL_MUNDO,1974,5756.8
Iraq,Saudi Arabia,1974,3.2
Iraq,Syria,1974,41.21
Iraq,Turkey,1974,327.42
Iraq,Iran,1975,0.3
Iraq,Jordan,1975,1.81
Iraq,RESTO_DEL_MUNDO,1975,7413.86
Iraq,Saudi Arabia,1975,2
Iraq,Syria,1975,38.34
Iraq,Turkey,1975,504.16
Iraq,Iran,1976,1.7
Iraq,Jordan,1976,2.28
Iraq,RESTO_DEL_MUNDO,1976,8385.82
Iraq,Saudi Arabia,1976,8.5
Iraq,Syria,1976,25.4
Iraq,Turkey,1976,644.41
Iraq,Iran,1977,2.4
Iraq,Jordan,1977,2.31
Iraq,RESTO_DEL_MUNDO,1977,10429.7
Iraq,Saudi Arabia,1977,3.3
Iraq,Syria,1977,3.03
Iraq,Turkey,1977,691.67
Iraq,Iran,1978,0
Iraq,Jordan,1978,3.64
Iraq,RESTO_DEL_MUNDO,1978,12395.9
Iraq,Saudi Arabia,1978,1.5
Iraq,Syria,1978,163.57
Iraq,Turkey,1978,259.98
Iraq,Iran,1979,0
Iraq,Jordan,1979,6.3
Iraq,RESTO_DEL_MUNDO,1979,21164.6
Iraq,Saudi Arabia,1979,6.9
Iraq,Syria,1979,477.82
Iraq,Turkey,1979,573.73
Iraq,Iran,1980,0
Iraq,Jordan,1980,7.28
Iraq,RESTO_DEL_MUNDO,1980,29194.8
Iraq,Saudi Arabia,1980,2.9
Iraq,Syria,1980,734.93
Iraq,Turkey,1980,1150.89
Iraq,Iran,1981,0
Iraq,Jordan,1981,2.34
Iraq,Lebanon,1981,0
Iraq,RESTO_DEL_MUNDO,1981,8886.67
Iraq,Saudi Arabia,1981,2.2
Iraq,Syria,1981,946.07
Iraq,Turkey,1981,1621.85
Iraq,Iran,1982,0
Iraq,Jordan,1982,2.81
Iraq,Lebanon,1982,0
Iraq,RESTO_DEL_MUNDO,1982,9437.85
Iraq,Saudi Arabia,1982,1.7
Iraq,Syria,1982,295.37
Iraq,Turkey,1982,1417.58
Iraq,Iran,1983,0
Iraq,Jordan,1983,13.09
Iraq,Lebanon,1983,0
Iraq,RESTO_DEL_MUNDO,1983,7875.64
Iraq,Saudi Arabia,1983,4.9
Iraq,Syria,1983,0.02
Iraq,Turkey,1983,946.55
Iraq,Iran,1984,0
Iraq,Jordan,1984,15.6
Iraq,Lebanon,1984,0
Iraq,RESTO_DEL_MUNDO,1984,9007.03
Iraq,Saudi Arabia,1984,26
Iraq,Syria,1984,0
Iraq,Turkey,1984,926.35
Iraq,Iran,1985,0
Iraq,Jordan,1985,190.42
Iraq,Lebanon,1985,0
Iraq,RESTO_DEL_MUNDO,1985,10177.4
Iraq,Saudi Arabia,1985,16
Iraq,Syria,1985,0
Iraq,Turkey,1985,1136.75
Iraq,Iran,1986,0
Iraq,Jordan,1986,232.298
Iraq,Lebanon,1986,0
Iraq,RESTO_DEL_MUNDO,1986,7191.23
Iraq,Saudi Arabia,1986,23.1
Iraq,Syria,1986,0.2
Iraq,Turkey,1986,768.7
Iraq,Iran,1987,0
Iraq,Israel,1987,0
Iraq,Jordan,1987,297.351
Iraq,Lebanon,1987,0
Iraq,RESTO_DEL_MUNDO,1987,8955.04
Iraq,Saudi Arabia,1987,22.6
Iraq,Syria,1987,0.04
Iraq,Turkey,1987,1153.96
Iraq,Iran,1988,0
Iraq,Israel,1988,0
Iraq,Jordan,1988,319.41
Iraq,Lebanon,1988,0
Iraq,RESTO_DEL_MUNDO,1988,8706.58
Iraq,Saudi Arabia,1988,28.4075
Iraq,Syria,1988,0
Iraq,Turkey,1988,1440.78
Iraq,Iran,1989,0
Iraq,Israel,1989,0
Iraq,Jordan,1989,373.261
Iraq,Lebanon,1989,0
Iraq,RESTO_DEL_MUNDO,1989,11482.2
Iraq,Saudi Arabia,1989,30.1426
Iraq,Syria,1989,0
Iraq,Turkey,1989,1649.75
Iraq,Iran,1990,0
Iraq,Israel,1990,0
Iraq,Jordan,1990,411.56
Iraq,Lebanon,1990,0
Iraq,RESTO_DEL_MUNDO,1990,9846.56
Iraq,Saudi Arabia,1990,19.9866
Iraq,Syria,1990,0
Iraq,Turkey,1990,1046.53
Iraq,Iran,1991,0
Iraq,Israel,1991,0
Iraq,Jordan,1991,275.804
Iraq,Lebanon,1991,0
Iraq,RESTO_DEL_MUNDO,1991,248.432
Iraq,Saudi Arabia,1991,0.14526
Iraq,Syria,1991,0.0261024
Iraq,Turkey,1991,0.492
Iraq,Iran,1992,0
Iraq,Israel,1992,0
Iraq,Jordan,1992,434.552
Iraq,Lebanon,1992,0
Iraq,RESTO_DEL_MUNDO,1992,219.536
Iraq,Saudi Arabia,1992,0
Iraq,Syria,1992,0.192339
Iraq,Turkey,1992,0.908
Iraq,Iran,1993,0
Iraq,Israel,1993,1.63636
Iraq,Jordan,1993,443.106
Iraq,Lebanon,1993,0
Iraq,RESTO_DEL_MUNDO,1993,37.8676
Iraq,Saudi Arabia,1993,0
Iraq,Syria,1993,0.042049
Iraq,Turkey,1993,34
Iraq,Iran,1994,0
Iraq,Israel,1994,0
Iraq,Jordan,1994,416.939
Iraq,Lebanon,1994,0
Iraq,RESTO_DEL_MUNDO,1994,4.89295
Iraq,Saudi Arabia,1994,0
Iraq,Syria,1994,0
Iraq,Turkey,1994,0
Iraq,Iran,1995,0
Iraq,Israel,1995,0
Iraq,Jordan,1995,451.564
Iraq,Lebanon,1995,0.002625
Iraq,RESTO_DEL_MUNDO,1995,15.3388
Iraq,Saudi Arabia,1995,0
Iraq,Syria,1995,0.102539
Iraq,Turkey,1995,0
Iraq,Iran,1996,0
Iraq,Israel,1996,0
Iraq,Jordan,1996,505.586
Iraq,Lebanon,1996,0.069378
Iraq,RESTO_DEL_MUNDO,1996,15.7444
Iraq,Saudi Arabia,1996,0
Iraq,Syria,1996,0.0356347
Iraq,Turkey,1996,31.7787
Iraq,Iran,1997,0
Iraq,Israel,1997,0
Iraq,Jordan,1997,513.774
Iraq,Lebanon,1997,16.088
Iraq,RESTO_DEL_MUNDO,1997,2732.11
Iraq,Saudi Arabia,1997,0
Iraq,Syria,1997,0
Iraq,Turkey,1997,0
Iraq,Iran,1998,0
Iraq,Israel,1998,0
Iraq,Jordan,1998,332.418
Iraq,Lebanon,1998,0.044
Iraq,RESTO_DEL_MUNDO,1998,5261.66
Iraq,Saudi Arabia,1998,0
Iraq,Syria,1998,0
Iraq,Turkey,1998,0
Iraq,Iran,1999,0
Iraq,Israel,1999,0
Iraq,Jordan,1999,417.527
Iraq,Lebanon,1999,0.05
Iraq,RESTO_DEL_MUNDO,1999,10206.3
Iraq,Saudi Arabia,1999,0
Iraq,Syria,1999,0
Iraq,Turkey,1999,0
Iraq,Iran,2000,0
Iraq,Israel,2000,0
Iraq,Jordan,2000,682.562
Iraq,Lebanon,2000,0.91
Iraq,RESTO_DEL_MUNDO,2000,15606.7
Iraq,Saudi Arabia,2000,0
Iraq,Syria,2000,0
Iraq,Turkey,2000,0
Iraq,Iran,2001,23.8094
Iraq,Israel,2001,0
Iraq,Jordan,2001,684.915
Iraq,Lebanon,2001,11.0894
Iraq,RESTO_DEL_MUNDO,2001,11178
Iraq,Saudi Arabia,2001,0
Iraq,Syria,2001,0
Iraq,Turkey,2001,0
Iraq,Iran,2002,14.994
Iraq,Israel,2002,0
Iraq,Jordan,2002,750.977
Iraq,Lebanon,2002,6.62568
Iraq,RESTO_DEL_MUNDO,2002,9056.47
Iraq,Saudi Arabia,2002,0
Iraq,Syria,2002,0
Iraq,Turkey,2002,0
Iraq,Iran,2003,93
Iraq,Israel,2003,0
Iraq,Jordan,2003,374.636
Iraq,Lebanon,2003,14.3979
Iraq,RESTO_DEL_MUNDO,2003,8412.71
Iraq,Saudi Arabia,2003,0.002609
Iraq,Syria,2003,0
Iraq,Turkey,2003,112.601
Iraq,Iran,2004,27
Iraq,Israel,2004,0
Iraq,Jordan,2004,64.3127
Iraq,Lebanon,2004,11.7451
Iraq,RESTO_DEL_MUNDO,2004,16635.2
Iraq,Saudi Arabia,2004,0.30488
Iraq,Syria,2004,404.319
Iraq,Turkey,2004,467.588
Iraq,Iran,2005,3.18574
Iraq,Israel,2005,0
Iraq,Jordan,2005,27.7592
Iraq,Lebanon,2005,3.52035
Iraq,RESTO_DEL_MUNDO,2005,18286.2
Iraq,Saudi Arabia,2005,0.371943
Iraq,Syria,2005,549.992
Iraq,Turkey,2005,458.69
Iraq,Iran,2006,34.9927
Iraq,Israel,2006,0
Iraq,Jordan,2006,7.25924
Iraq,Lebanon,2006,1.36851
Iraq,RESTO_DEL_MUNDO,2006,29062.2
Iraq,Saudi Arabia,2006,0.445286
Iraq,Syria,2006,691.442
Iraq,Turkey,2006,375.937
Iraq,Iran,2007,80.3956
Iraq,Israel,2007,0
Iraq,Jordan,2007,12.366
Iraq,Lebanon,2007,1.18637
Iraq,RESTO_DEL_MUNDO,2007,37038.7
Iraq,Saudi Arabia,2007,0.52527
Iraq,Syria,2007,834.143
Iraq,Turkey,2007,644.909
Iraq,Iran,2008,78.7565
Iraq,Israel,2008,0
Iraq,Jordan,2008,72.0721
Iraq,Lebanon,2008,14.2554
Iraq,RESTO_DEL_MUNDO,2008,57548.8
Iraq,Saudi Arabia,2008,0.687724
Iraq,Syria,2008,1096.44
Iraq,Turkey,2008,1320.92
Iraq,Iran,2009,59.5931
Iraq,Israel,2009,0
Iraq,Jordan,2009,164.965
Iraq,Lebanon,2009,1.663
Iraq,RESTO_DEL_MUNDO,2009,37809.4
Iraq,Saudi Arabia,2009,0.467553
Iraq,Syria,2009,763.644
Iraq,Turkey,2009,952.262
Iraq,Iran,2010,41.9
Iraq,Israel,2010,0
Iraq,Jordan,2010,233.269
Iraq,Lebanon,2010,3.15286
Iraq,RESTO_DEL_MUNDO,2010,48533.2
Iraq,Saudi Arabia,2010,0.612495
Iraq,Syria,2010,1000.37
Iraq,Turkey,2010,1354.58
Iraq,Iran,2011,54.051
Iraq,Israel,2011,0
Iraq,Jordan,2011,309.843
Iraq,Lebanon,2011,4.3722
Iraq,RESTO_DEL_MUNDO,2011,76519.7
Iraq,Saudi Arabia,2011,0.790119
Iraq,Syria,2011,1270.47
Iraq,Turkey,2011,86.7533
Iraq,Iran,2012,57.4325
Iraq,Israel,2012,0
Iraq,Jordan,2012,325.048
Iraq,Lebanon,2012,5.7847
Iraq,RESTO_DEL_MUNDO,2012,91038.6
Iraq,Saudi Arabia,2012,0.839549
Iraq,Syria,2012,1389.68
Iraq,Turkey,2012,149.328
Iraq,Iran,2013,56.8999
Iraq,Israel,2013,0
Iraq,Jordan,2013,356.227
Iraq,Lebanon,2013,5.81564
Iraq,RESTO_DEL_MUNDO,2013,88852.4
Iraq,Saudi Arabia,2013,0.831764
Iraq,Syria,2013,1397.12
Iraq,Turkey,2013,145.684
Iraq,Iran,2014,60.0855
Iraq,Israel,2014,0
Iraq,Jordan,2014,6.25423
Iraq,Lebanon,2014,3.9332
Iraq,RESTO_DEL_MUNDO,2014,85434
Iraq,Saudi Arabia,2014,0.878331
Iraq,Syria,2014,1438.4
Iraq,Turkey,2014,268.544
Ireland,RESTO_DEL_MUNDO,1922,1.66
Ireland,RESTO_DEL_MUNDO,1923,1.27
Ireland,RESTO_DEL_MUNDO,1924,219.61
Ireland,RESTO_DEL_MUNDO,1925,240.88
Ireland,RESTO_DEL_MUNDO,1926,223.781
Ireland,RESTO_DEL_MUNDO,1927,212.33
Ireland,RESTO_DEL_MUNDO,1928,220.451
Ireland,RESTO_DEL_MUNDO,1929,224.487
Ireland,RESTO_DEL_MUNDO,1930,207.9
Ireland,RESTO_DEL_MUNDO,1931,182.389
Ireland,RESTO_DEL_MUNDO,1932,91.2522
Ireland,RESTO_DEL_MUNDO,1933,61.8199
Ireland,RESTO_DEL_MUNDO,1934,89.9197
Ireland,RESTO_DEL_MUNDO,1935,104.223
Ireland,RESTO_DEL_MUNDO,1936,108.533
Ireland,RESTO_DEL_MUNDO,1937,109.14
Ireland,RESTO_DEL_MUNDO,1938,115.012
Ireland,RESTO_DEL_MUNDO,1939,3.98056
Ireland,RESTO_DEL_MUNDO,1940,0.59
Ireland,RESTO_DEL_MUNDO,1941,0.05
Ireland,RESTO_DEL_MUNDO,1942,0.000884
Ireland,RESTO_DEL_MUNDO,1943,0
Ireland,RESTO_DEL_MUNDO,1944,0.000898
Ireland,RESTO_DEL_MUNDO,1945,0.29
Ireland,RESTO_DEL_MUNDO,1946,2.64527
Ireland,RESTO_DEL_MUNDO,1947,2.91772
Ireland,RESTO_DEL_MUNDO,1948,192.52
Ireland,RESTO_DEL_MUNDO,1949,217.29
Ireland,Luxembourg,1950,0.0748343
Ireland,RESTO_DEL_MUNDO,1950,192.835
Ireland,Luxembourg,1951,0.103855
Ireland,RESTO_DEL_MUNDO,1951,221.466
Ireland,Luxembourg,1952,0.166163
Ireland,RESTO_DEL_MUNDO,1952,286.814
Ireland,Luxembourg,1953,0.131913
Ireland,RESTO_DEL_MUNDO,1953,311.648
Ireland,Luxembourg,1954,0.129781
Ireland,RESTO_DEL_MUNDO,1954,309.25
Ireland,Luxembourg,1955,0.209222
Ireland,RESTO_DEL_MUNDO,1955,297.461
Ireland,Luxembourg,1956,0.246686
Ireland,RESTO_DEL_MUNDO,1956,295.473
Ireland,Luxembourg,1957,0.197017
Ireland,RESTO_DEL_MUNDO,1957,358.033
Ireland,Luxembourg,1958,0.128354
Ireland,RESTO_DEL_MUNDO,1958,361.002
Ireland,Luxembourg,1959,0.10236
Ireland,RESTO_DEL_MUNDO,1959,365.208
Ireland,Luxembourg,1960,0.137239
Ireland,RESTO_DEL_MUNDO,1960,414.613
Ireland,Luxembourg,1961,0.134244
Ireland,RESTO_DEL_MUNDO,1961,497.236
Ireland,Luxembourg,1962,0.117545
Ireland,RESTO_DEL_MUNDO,1962,490.022
Ireland,Luxembourg,1963,0.145731
Ireland,RESTO_DEL_MUNDO,1963,542.974
Ireland,Luxembourg,1964,0.44592
Ireland,RESTO_DEL_MUNDO,1964,629.204
Ireland,Luxembourg,1965,0.376778
Ireland,RESTO_DEL_MUNDO,1965,637.803
Ireland,Luxembourg,1966,0.840184
Ireland,RESTO_DEL_MUNDO,1966,736.278
Ireland,Luxembourg,1967,0.955502
Ireland,RESTO_DEL_MUNDO,1967,865.079
Ireland,Luxembourg,1968,0.928384
Ireland,RESTO_DEL_MUNDO,1968,888.307
Ireland,Luxembourg,1969,1.48419
Ireland,RESTO_DEL_MUNDO,1969,1011.53
Ireland,Luxembourg,1970,1.37518
Ireland,RESTO_DEL_MUNDO,1970,1165.34
Ireland,Luxembourg,1971,0.64845
Ireland,RESTO_DEL_MUNDO,1971,1586.34
Ireland,Luxembourg,1972,2.11836
Ireland,RESTO_DEL_MUNDO,1972,1616.01
Ireland,Luxembourg,1973,3.3072
Ireland,RESTO_DEL_MUNDO,1973,2072.35
Ireland,Luxembourg,1974,3.2169
Ireland,RESTO_DEL_MUNDO,1974,2785.47
Ireland,Luxembourg,1975,3.79609
Ireland,RESTO_DEL_MUNDO,1975,3071.25
Ireland,Luxembourg,1976,6.08624
Ireland,RESTO_DEL_MUNDO,1976,3144.18
Ireland,Luxembourg,1977,6.14633
Ireland,RESTO_DEL_MUNDO,1977,3934.91
Ireland,Luxembourg,1978,9.27942
Ireland,RESTO_DEL_MUNDO,1978,5418.62
Ireland,Luxembourg,1979,11.4101
Ireland,RESTO_DEL_MUNDO,1979,6519.96
Ireland,Luxembourg,1980,11.5122
Ireland,RESTO_DEL_MUNDO,1980,7825.77
Ireland,Luxembourg,1981,9.61672
Ireland,RESTO_DEL_MUNDO,1981,7424.75
Ireland,Luxembourg,1982,10.1307
Ireland,RESTO_DEL_MUNDO,1982,7495.65
Ireland,Luxembourg,1983,9.54062
Ireland,RESTO_DEL_MUNDO,1983,7589.73
Ireland,Luxembourg,1984,12.2091
Ireland,RESTO_DEL_MUNDO,1984,8124.42
Ireland,Luxembourg,1985,14.613
Ireland,RESTO_DEL_MUNDO,1985,8689.54
Ireland,Luxembourg,1986,19.9798
Ireland,RESTO_DEL_MUNDO,1986,10530.1
Ireland,Luxembourg,1987,28.8848
Ireland,RESTO_DEL_MUNDO,1987,13270.9
Ireland,Luxembourg,1988,35.1978
Ireland,RESTO_DEL_MUNDO,1988,15968.8
Ireland,Luxembourg,1989,38.2025
Ireland,RESTO_DEL_MUNDO,1989,17276.2
Ireland,Luxembourg,1990,40.4465
Ireland,RESTO_DEL_MUNDO,1990,22998.9
Ireland,Luxembourg,1991,46.0984
Ireland,RESTO_DEL_MUNDO,1991,23489.4
Ireland,Luxembourg,1992,48.5481
Ireland,RESTO_DEL_MUNDO,1992,27869.5
Ireland,Luxembourg,1993,75.2155
Ireland,RESTO_DEL_MUNDO,1993,26172
Ireland,Luxembourg,1994,84.2012
Ireland,RESTO_DEL_MUNDO,1994,30723.2
Ireland,Luxembourg,1995,114.215
Ireland,RESTO_DEL_MUNDO,1995,40621.7
Ireland,Luxembourg,1996,147.245
Ireland,RESTO_DEL_MUNDO,1996,42316
Ireland,Luxembourg,1997,32.04
Ireland,RESTO_DEL_MUNDO,1997,46865.2
Ireland,Luxembourg,1998,38.0984
Ireland,RESTO_DEL_MUNDO,1998,54837.2
Ireland,Luxembourg,1999,42.986
Ireland,RESTO_DEL_MUNDO,1999,67562
Ireland,Luxembourg,2000,44.3144
Ireland,RESTO_DEL_MUNDO,2000,78012.6
Ireland,Luxembourg,2001,50.9597
Ireland,RESTO_DEL_MUNDO,2001,85959.1
Ireland,Luxembourg,2002,38.9349
Ireland,RESTO_DEL_MUNDO,2002,96389.6
Ireland,Luxembourg,2003,90.1829
Ireland,RESTO_DEL_MUNDO,2003,111691
Ireland,Luxembourg,2004,121.13
Ireland,RESTO_DEL_MUNDO,2004,129085
Ireland,Luxembourg,2005,109.587
Ireland,RESTO_DEL_MUNDO,2005,139941
Ireland,Luxembourg,2006,105.49
Ireland,RESTO_DEL_MUNDO,2006,133957
Ireland,Luxembourg,2007,107.648
Ireland,RESTO_DEL_MUNDO,2007,147475
Ireland,Luxembourg,2008,105.78
Ireland,RESTO_DEL_MUNDO,2008,149001
Ireland,Luxembourg,2009,90.5809
Ireland,RESTO_DEL_MUNDO,2009,138545
Ireland,Luxembourg,2010,93.7933
Ireland,RESTO_DEL_MUNDO,2010,145694
Ireland,Luxembourg,2011,115.267
Ireland,RESTO_DEL_MUNDO,2011,158511
Ireland,Luxembourg,2012,113.359
Ireland,RESTO_DEL_MUNDO,2012,146384
Ireland,Luxembourg,2013,121.867
Ireland,RESTO_DEL_MUNDO,2013,140821
Ireland,Luxembourg,2014,132.213
Ireland,RESTO_DEL_MUNDO,2014,144295
Israel,RESTO_DEL_MUNDO,1948,78.06
Israel,RESTO_DEL_MUNDO,1949,38.57
Israel,RESTO_DEL_MUNDO,1950,40.4
Israel,RESTO_DEL_MUNDO,1951,48.51
Israel,RESTO_DEL_MUNDO,1952,47.31
Israel,RESTO_DEL_MUNDO,1953,61.41
Israel,RESTO_DEL_MUNDO,1954,97.45
Israel,RESTO_DEL_MUNDO,1955,96.84
Israel,RESTO_DEL_MUNDO,1956,105.05
Israel,RESTO_DEL_MUNDO,1957,131.79
Israel,RESTO_DEL_MUNDO,1958,135.29
Israel,RESTO_DEL_MUNDO,1959,172.04
Israel,RESTO_DEL_MUNDO,1960,175.72
Israel,RESTO_DEL_MUNDO,1961,199.59
Israel,RESTO_DEL_MUNDO,1962,227.82
Israel,RESTO_DEL_MUNDO,1963,269.39
Israel,RESTO_DEL_MUNDO,1964,310.24
Israel,RESTO_DEL_MUNDO,1965,352.484
Israel,RESTO_DEL_MUNDO,1966,408.072
Israel,RESTO_DEL_MUNDO,1967,435.873
Israel,RESTO_DEL_MUNDO,1968,508.326
Israel,RESTO_DEL_MUNDO,1969,547.894
Israel,RESTO_DEL_MUNDO,1970,637.614
Israel,RESTO_DEL_MUNDO,1971,765.601
Israel,RESTO_DEL_MUNDO,1972,931.026
Israel,RESTO_DEL_MUNDO,1973,1108
Israel,RESTO_DEL_MUNDO,1974,1337.04
Israel,RESTO_DEL_MUNDO,1975,1543.82
Israel,RESTO_DEL_MUNDO,1976,1750.45
Israel,RESTO_DEL_MUNDO,1977,2218.13
Israel,RESTO_DEL_MUNDO,1978,2922.81
Israel,RESTO_DEL_MUNDO,1979,3860.53
Israel,RESTO_DEL_MUNDO,1980,4041.37
Israel,RESTO_DEL_MUNDO,1981,4154.3
Israel,RESTO_DEL_MUNDO,1982,4054.24
Israel,RESTO_DEL_MUNDO,1983,4025.86
Israel,RESTO_DEL_MUNDO,1984,4644.48
Israel,RESTO_DEL_MUNDO,1985,5048.4
Israel,RESTO_DEL_MUNDO,1986,5918.22
Israel,RESTO_DEL_MUNDO,1987,6945.63
Israel,RESTO_DEL_MUNDO,1988,8219.34
Israel,RESTO_DEL_MUNDO,1989,9023.57
Israel,RESTO_DEL_MUNDO,1990,10995.9
Israel,RESTO_DEL_MUNDO,1991,10661.5
Israel,RESTO_DEL_MUNDO,1992,11361.1
Israel,RESTO_DEL_MUNDO,1993,12185.4
Israel,RESTO_DEL_MUNDO,1994,14830.7
Israel,Saudi Arabia,1994,0
Israel,RESTO_DEL_MUNDO,1995,17218.3
Israel,Saudi Arabia,1995,0
Israel,RESTO_DEL_MUNDO,1996,18882.3
Israel,Saudi Arabia,1996,0
Israel,RESTO_DEL_MUNDO,1997,21047.7
Israel,Saudi Arabia,1997,0
Israel,RESTO_DEL_MUNDO,1998,22846.2
Israel,Saudi Arabia,1998,0
Israel,RESTO_DEL_MUNDO,1999,25588.5
Israel,Saudi Arabia,1999,0
Israel,RESTO_DEL_MUNDO,2000,31603.6
Israel,Saudi Arabia,2000,0
Israel,RESTO_DEL_MUNDO,2001,29919.1
Israel,Saudi Arabia,2001,0
Israel,RESTO_DEL_MUNDO,2002,29535.6
Israel,Saudi Arabia,2002,0
Israel,RESTO_DEL_MUNDO,2003,30864.8
Israel,Saudi Arabia,2003,0
Israel,RESTO_DEL_MUNDO,2004,36928.9
Israel,Saudi Arabia,2004,0
Israel,RESTO_DEL_MUNDO,2005,41718.2
Israel,Saudi Arabia,2005,0
Israel,RESTO_DEL_MUNDO,2006,45273.3
Israel,Saudi Arabia,2006,0
Israel,RESTO_DEL_MUNDO,2007,52481.3
Israel,Saudi Arabia,2007,0
Israel,RESTO_DEL_MUNDO,2008,58963.1
Israel,Saudi Arabia,2008,0
Israel,RESTO_DEL_MUNDO,2009,46697.7
Israel,Saudi Arabia,2009,0
Israel,RESTO_DEL_MUNDO,2010,55203.9
Israel,Saudi Arabia,2010,0
Israel,RESTO_DEL_MUNDO,2011,62719.8
Israel,Saudi Arabia,2011,0
Israel,RESTO_DEL_MUNDO,2012,60875.6
Israel,Saudi Arabia,2012,0
Israel,RESTO_DEL_MUNDO,2013,64670.3
Israel,Saudi Arabia,2013,0
Israel,RESTO_DEL_MUNDO,2014,67460.5
Israel,Saudi Arabia,2014,0
Italy,Belgium,1900,5.08
Italy,Germany,1900,43.11
Italy,Greece,1900,1.11
Italy,RESTO_DEL_MUNDO,1900,116.53
Italy,Spain,1900,2.76
Italy,Switzerland,1900,38.97
Italy,Belgium,1901,5.35
Italy,Germany,1901,42.54
Italy,Greece,1901,1.07
Italy,RESTO_DEL_MUNDO,1901,107.77
Italy,Spain,1901,2.04
Italy,Switzerland,1901,30.15
Italy,Belgium,1902,5.84
Italy,Germany,1902,45.22
Italy,Greece,1902,1.06
Italy,RESTO_DEL_MUNDO,1902,138.03
Italy,Spain,1902,4.18
Italy,Switzerland,1902,34.09
Italy,Belgium,1903,6.5
Italy,Germany,1903,46.87
Italy,Greece,1903,1.06
Italy,RESTO_DEL_MUNDO,1903,140.78
Italy,Spain,1903,4.58
Italy,Switzerland,1903,34.65
Italy,Belgium,1904,6.54
Italy,Germany,1904,45.19
Italy,Greece,1904,1.35
Italy,RESTO_DEL_MUNDO,1904,134.793
Italy,Spain,1904,4.81
Italy,Switzerland,1904,32.69
Italy,Belgium,1905,7.13
Italy,Germany,1905,50.19
Italy,Greece,1905,1.2
Italy,RESTO_DEL_MUNDO,1905,159.77
Italy,Spain,1905,3.96
Italy,Switzerland,1905,34.42
Italy,Belgium,1906,8.59
Italy,Germany,1906,57.41
Italy,Greece,1906,1.32
Italy,RESTO_DEL_MUNDO,1906,183.08
Italy,Spain,1906,3.06
Italy,Switzerland,1906,39.17
Italy,Belgium,1907,8.89
Italy,Germany,1907,67.65
Italy,Greece,1907,1.19
Italy,RESTO_DEL_MUNDO,1907,185.23
Italy,Spain,1907,2.89
Italy,Switzerland,1907,45.06
Italy,Belgium,1908,8.63
Italy,Germany,1908,56.12
Italy,Greece,1908,1.18
Italy,RESTO_DEL_MUNDO,1908,190.15
Italy,Spain,1908,2.18
Italy,Switzerland,1908,33.81
Italy,Belgium,1909,7.46
Italy,Germany,1909,68.5
Italy,Greece,1909,1.15
Italy,RESTO_DEL_MUNDO,1909,204.13
Italy,Spain,1909,2.14
Italy,Switzerland,1909,36.03
Italy,Belgium,1910,8.22
Italy,Germany,1910,65.42
Italy,Greece,1910,1.29
Italy,RESTO_DEL_MUNDO,1910,220.43
Italy,Spain,1910,2.37
Italy,Switzerland,1910,39.65
Italy,Belgium,1911,7.95
Italy,Germany,1911,67.68
Italy,Greece,1911,1.36
Italy,RESTO_DEL_MUNDO,1911,174.617
Italy,Spain,1911,0.0031976
Italy,Switzerland,1911,35.22
Italy,Belgium,1912,9.03
Italy,Germany,1912,72.38
Italy,Greece,1912,1.27
Italy,RESTO_DEL_MUNDO,1912,264.28
Italy,Spain,1912,2.35
Italy,Switzerland,1912,37.59
Italy,Belgium,1913,9.63
Italy,Germany,1913,75.36
Italy,Greece,1913,1.26
Italy,RESTO_DEL_MUNDO,1913,264.49
Italy,Spain,1913,2.7
Italy,Switzerland,1913,39.93
Italy,Turkey,1913,17.9
Italy,Austria,1919,0
Italy,Germany,1919,0
Italy,Greece,1919,0
Italy,Netherlands,1919,2.7
Italy,RESTO_DEL_MUNDO,1919,145.7
Italy,Austria,1920,21.71
Italy,Belgium,1920,13.67
Italy,Germany,1920,43.37
Italy,Greece,1920,22.81
Italy,Netherlands,1920,3.22
Italy,RESTO_DEL_MUNDO,1920,350.145
Italy,Spain,1920,5.13
Italy,Switzerland,1920,54.96
Italy,Turkey,1920,16.4
Italy,Austria,1921,21.92
Italy,Belgium,1921,6.83
Italy,Germany,1921,35
Italy,Greece,1921,8.5
Italy,Netherlands,1921,2.91
Italy,RESTO_DEL_MUNDO,1921,244.881
Italy,Switzerland,1921,34.62
Italy,Austria,1922,25.9273
Italy,Germany,1922,46.16
Italy,Greece,1922,9.13
Italy,Netherlands,1922,4.05
Italy,RESTO_DEL_MUNDO,1922,270.943
Italy,Switzerland,1922,42.8
Italy,Austria,1923,38.9768
Italy,Germany,1923,31.87
Italy,Greece,1923,7.65
Italy,Netherlands,1923,3.6
Italy,RESTO_DEL_MUNDO,1923,342.95
Italy,Switzerland,1923,41.89
Italy,Turkey,1923,17.2
Italy,Austria,1924,50.4304
Italy,Germany,1924,88.59
Italy,Greece,1924,15.8
Italy,Netherlands,1924,5.51
Italy,RESTO_DEL_MUNDO,1924,402.68
Italy,Spain,1924,12.13
Italy,Switzerland,1924,52.56
Italy,Turkey,1924,21.68
Italy,Austria,1925,22.67
Italy,Germany,1925,118.57
Italy,Greece,1925,15.61
Italy,Netherlands,1925,6.64
Italy,RESTO_DEL_MUNDO,1925,398.61
Italy,Spain,1925,16.62
Italy,Switzerland,1925,51.49
Italy,Turkey,1925,23.63
Italy,Austria,1926,18.47
Italy,Germany,1926,86.16
Italy,Greece,1926,9.3
Italy,Netherlands,1926,6.75
Italy,RESTO_DEL_MUNDO,1926,403.86
Italy,Spain,1926,19.54
Italy,Switzerland,1926,58.46
Italy,Austria,1927,18.14
Italy,Belgium,1927,11.06
Italy,Germany,1927,125.15
Italy,Greece,1927,10.99
Italy,Ireland,1927,0.7
Italy,Netherlands,1927,7.88
Italy,RESTO_DEL_MUNDO,1927,471.29
Italy,Spain,1927,14.26
Italy,Switzerland,1927,43.44
Italy,Turkey,1927,22.39
Italy,Austria,1928,15.34
Italy,Belgium,1928,11.01
Italy,Germany,1928,110.99
Italy,Greece,1928,8.39
Italy,Netherlands,1928,7.26
Italy,RESTO_DEL_MUNDO,1928,459.56
Italy,Spain,1928,16.1
Italy,Switzerland,1928,38.51
Italy,Austria,1929,16.95
Italy,Belgium,1929,9.77
Italy,Germany,1929,105.19
Italy,Greece,1929,9.73
Italy,Ireland,1929,0.89
Italy,Netherlands,1929,8.52
Italy,RESTO_DEL_MUNDO,1929,488.75
Italy,Spain,1929,13.74
Italy,Switzerland,1929,39.07
Italy,Turkey,1929,14.03
Italy,Austria,1930,15.07
Italy,Belgium,1930,9.88
Italy,Germany,1930,87.13
Italy,Greece,1930,8.54
Italy,Netherlands,1930,8.76
Italy,RESTO_DEL_MUNDO,1930,284.337
Italy,Switzerland,1930,35.85
Italy,Austria,1931,13.17
Italy,Belgium,1931,7.33
Italy,Germany,1931,63.42
Italy,Greece,1931,6.93
Italy,Ireland,1931,0.62
Italy,Netherlands,1931,7.9
Italy,RESTO_DEL_MUNDO,1931,344.64
Italy,Spain,1931,6.94
Italy,Switzerland,1931,34.91
Italy,Turkey,1931,8.71
Italy,Austria,1932,9.49
Italy,Belgium,1932,5.05
Italy,Germany,1932,43.05
Italy,Greece,1932,3.75
Italy,Netherlands,1932,6.27
Italy,RESTO_DEL_MUNDO,1932,199.37
Italy,Spain,1932,2.66
Italy,Switzerland,1932,27.74
Italy,Turkey,1932,5.26
Italy,Austria,1933,6.99
Italy,Belgium,1933,6.76
Italy,Germany,1933,39.5
Italy,Greece,1933,3.44
Italy,Netherlands,1933,6.83
Italy,RESTO_DEL_MUNDO,1933,210.93
Italy,Spain,1933,2.35
Italy,Switzerland,1933,33.28
Italy,Turkey,1933,4
Italy,Austria,1934,9.32
Italy,Belgium,1934,6.96
Italy,Germany,1934,69.04
Italy,Greece,1934,4.04
Italy,Netherlands,1934,8.92
Italy,RESTO_DEL_MUNDO,1934,234.85
Italy,Spain,1934,3.29
Italy,Switzerland,1934,37.55
Italy,Turkey,1934,5.48
Italy,Austria,1935,11
Italy,Belgium,1935,7
Italy,Germany,1935,76
Italy,Greece,1935,4
Italy,Netherlands,1935,8
Italy,RESTO_DEL_MUNDO,1935,216.35
Italy,Spain,1935,9
Italy,Switzerland,1935,30
Italy,Turkey,1935,5
Italy,Austria,1936,11.08
Italy,Belgium,1936,2.36
Italy,Germany,1936,84.06
Italy,Greece,1936,0.55
Italy,Ireland,1936,0.28
Italy,Netherlands,1936,1.89
Italy,RESTO_DEL_MUNDO,1936,119.741
Italy,Spain,1936,1.27
Italy,Switzerland,1936,25.21
Italy,Turkey,1936,1.61
Italy,Austria,1937,15.06
Italy,Belgium,1937,6.88
Italy,Germany,1937,88.9
Italy,Greece,1937,5.28
Italy,Ireland,1937,0.31
Italy,Netherlands,1937,6.87
Italy,RESTO_DEL_MUNDO,1937,250.366
Italy,Switzerland,1937,26.93
Italy,Turkey,1937,4.83
Italy,Austria,1938,0
Italy,Belgium,1938,7
Italy,Germany,1938,58.766
Italy,Greece,1938,5
Italy,Ireland,1938,1
Italy,Netherlands,1938,7.19
Italy,RESTO_DEL_MUNDO,1938,236.51
Italy,Spain,1938,6
Italy,Switzerland,1938,27
Italy,Turkey,1938,6
Italy,Germany,1939,114.83
Italy,Greece,1939,11.7406
Italy,Netherlands,1939,8.79
Italy,RESTO_DEL_MUNDO,1939,46.41
Italy,Germany,1940,203.27
Italy,Greece,1940,0
Italy,Netherlands,1940,0
Italy,RESTO_DEL_MUNDO,1940,29.73
Italy,Germany,1941,0
Italy,Greece,1941,0
Italy,RESTO_DEL_MUNDO,1941,201.47
Italy,Germany,1942,0
Italy,RESTO_DEL_MUNDO,1942,375.21
Italy,Germany,1943,0
Italy,RESTO_DEL_MUNDO,1943,0
Italy,Germany,1944,0
Italy,Greece,1944,0
Italy,RESTO_DEL_MUNDO,1944,22.56
Italy,Germany,1945,0
Italy,Greece,1945,0
Italy,Netherlands,1945,0
Italy,RESTO_DEL_MUNDO,1945,2.03
Italy,Greece,1946,0
Italy,Netherlands,1946,3.31
Italy,RESTO_DEL_MUNDO,1946,73.0292
Italy,Greece,1947,0
Italy,Netherlands,1947,27.89
Italy,RESTO_DEL_MUNDO,1947,127.627
Italy,Greece,1948,16.5
Italy,Ireland,1948,2
Italy,Netherlands,1948,21.02
Italy,RESTO_DEL_MUNDO,1948,879.58
Italy,Spain,1948,7.3
Italy,Switzerland,1948,69.5
Italy,Turkey,1948,24.7
Italy,Greece,1949,16.8
Italy,Ireland,1949,1.8
Italy,Netherlands,1949,25.85
Italy,RESTO_DEL_MUNDO,1949,861.5
Italy,Spain,1949,8.3
Italy,Switzerland,1949,58
Italy,Turkey,1949,14.6
Italy,Belgium,1950,30.4176
Italy,Greece,1950,26.3
Italy,Ireland,1950,2.7
Italy,Luxembourg,1950,1.18238
Italy,Netherlands,1950,20.1
Italy,RESTO_DEL_MUNDO,1950,860.52
Italy,Spain,1950,4.2
Italy,Switzerland,1950,74.6
Italy,Turkey,1950,13.4
Italy,Belgium,1951,37.2167
Italy,Greece,1951,36.4
Italy,Ireland,1951,5.5
Italy,Luxembourg,1951,1.68331
Italy,Netherlands,1951,30.9
Italy,RESTO_DEL_MUNDO,1951,1196.24
Italy,Spain,1951,3.2
Italy,Switzerland,1951,92.3
Italy,Turkey,1951,28
Italy,Belgium,1952,32.1866
Italy,Greece,1952,40.9
Italy,Ireland,1952,3.4
Italy,Luxembourg,1952,1.51343
Italy,Netherlands,1952,20.3
Italy,RESTO_DEL_MUNDO,1952,967.15
Italy,Spain,1952,12
Italy,Switzerland,1952,88.2
Italy,Turkey,1952,39.6
Italy,Belgium,1953,35.283
Italy,Greece,1953,46.9
Italy,Ireland,1953,5.8
Italy,Luxembourg,1953,1.517
Italy,Netherlands,1953,23.5
Italy,RESTO_DEL_MUNDO,1953,908.13
Italy,Spain,1953,14.1
Italy,Switzerland,1953,107.2
Italy,Turkey,1953,37.7
Italy,Belgium,1954,36.3629
Italy,Greece,1954,51.3
Italy,Ireland,1954,3.8
Italy,Luxembourg,1954,1.5371
Italy,Netherlands,1954,29.6
Italy,RESTO_DEL_MUNDO,1954,1006.98
Italy,Spain,1954,11.1
Italy,Switzerland,1954,126.8
Italy,Turkey,1954,22.9
Italy,Austria,1955,70.6
Italy,Belgium,1955,41.9672
Italy,Greece,1955,43.8
Italy,Ireland,1955,5
Italy,Luxembourg,1955,1.83278
Italy,Netherlands,1955,33.3
Italy,RESTO_DEL_MUNDO,1955,1409
Italy,Spain,1955,14.9
Italy,Switzerland,1955,142.7
Italy,Turkey,1955,18.1
Italy,Austria,1956,79.1
Italy,Belgium,1956,45.1925
Italy,Greece,1956,42
Italy,Ireland,1956,4.4
Italy,Luxembourg,1956,2.00751
Italy,Netherlands,1956,44.1
Italy,RESTO_DEL_MUNDO,1956,1615.52
Italy,Spain,1956,17.1
Italy,Switzerland,1956,169
Italy,Turkey,1956,26.2
Italy,Austria,1957,85
Italy,Belgium,1957,61.8673
Italy,Greece,1957,51.6
Italy,Ireland,1957,4.1
Italy,Luxembourg,1957,2.83267
Italy,Netherlands,1957,52.6
Italy,RESTO_DEL_MUNDO,1957,1975.67
Italy,Spain,1957,25.4
Italy,Switzerland,1957,217.9
Italy,Turkey,1957,36.6
Italy,Austria,1958,73.2
Italy,Belgium,1958,64.3249
Italy,Greece,1958,49.9
Italy,Ireland,1958,4.7
Italy,Luxembourg,1958,2.87513
Italy,Netherlands,1958,63.9
Italy,RESTO_DEL_MUNDO,1958,2104.89
Italy,Spain,1958,15.7
Italy,Switzerland,1958,202.5
Italy,Turkey,1958,35.1
Italy,Austria,1959,81.6
Italy,Belgium,1959,77.2582
Italy,Greece,1959,39.8
Italy,Ireland,1959,5.5
Italy,Luxembourg,1959,3.44184
Italy,Netherlands,1959,71.3
Italy,RESTO_DEL_MUNDO,1959,2401.51
Italy,Spain,1959,16.2
Italy,Switzerland,1959,221.5
Italy,Turkey,1959,33.5
Italy,Austria,1960,114
Italy,Belgium,1960,89.0383
Italy,Cyprus,1960,9.8
Italy,Greece,1960,40.5
Italy,Ireland,1960,5.9
Italy,Luxembourg,1960,4.96172
Italy,Netherlands,1960,95.4
Italy,RESTO_DEL_MUNDO,1960,2257.8
Italy,Spain,1960,22.1
Italy,Switzerland,1960,235.7
Italy,Turkey,1960,30.4
Italy,Austria,1961,117.7
Italy,Belgium,1961,109.947
Italy,Cyprus,1961,10
Italy,Greece,1961,46.2
Italy,Ireland,1961,7.5
Italy,Luxembourg,1961,5.75261
Italy,Netherlands,1961,123.8
Italy,RESTO_DEL_MUNDO,1961,2499.65
Italy,Spain,1961,30.2
Italy,Switzerland,1961,282
Italy,Turkey,1961,42.9
Italy,Austria,1962,127
Italy,Belgium,1962,127.817
Italy,Cyprus,1962,10.2
Italy,Greece,1962,53.7
Italy,Ireland,1962,9.5
Italy,Luxembourg,1962,6.58253
Italy,Netherlands,1962,146.8
Italy,RESTO_DEL_MUNDO,1962,2833.51
Italy,Spain,1962,44.8
Italy,Switzerland,1962,315.4
Italy,Turkey,1962,33.4
Italy,Austria,1963,129.9
Italy,Belgium,1963,168.021
Italy,Cyprus,1963,11.8
Italy,Greece,1963,60
Italy,Ireland,1963,10
Italy,Luxembourg,1963,8.5787
Italy,Netherlands,1963,173.8
Italy,RESTO_DEL_MUNDO,1963,3098.96
Italy,Spain,1963,85.5
Italy,Switzerland,1963,338.3
Italy,Turkey,1963,35
Italy,Austria,1964,139
Italy,Belgium,1964,213.092
Italy,Cyprus,1964,9.4
Italy,Greece,1964,71.8
Italy,Ireland,1964,11.8
Italy,Luxembourg,1964,11.1084
Italy,Malta,1964,10.7
Italy,Netherlands,1964,224.3
Italy,RESTO_DEL_MUNDO,1964,3490.96
Italy,Spain,1964,117.3
Italy,Switzerland,1964,354.5
Italy,Turkey,1964,32.2
Italy,Austria,1965,173.5
Italy,Belgium,1965,239.981
Italy,Cyprus,1965,14.4
Italy,Greece,1965,103.1
Italy,Ireland,1965,12.9
Italy,Luxembourg,1965,12.0187
Italy,Malta,1965,11.7
Italy,Netherlands,1965,299
Italy,RESTO_DEL_MUNDO,1965,4016.69
Italy,Spain,1965,183.6
Italy,Switzerland,1965,383.5
Italy,Turkey,1965,36.9
Italy,Austria,1966,176
Italy,Belgium,1966,279.324
Italy,Cyprus,1966,14.3
Italy,Greece,1966,122.7
Italy,Ireland,1966,13.7
Italy,Luxembourg,1966,13.6763
Italy,Malta,1966,14.9
Italy,Netherlands,1966,335.8
Italy,RESTO_DEL_MUNDO,1966,4679.59
Italy,Spain,1966,221
Italy,Switzerland,1966,392.8
Italy,Turkey,1966,54.3
Italy,Austria,1967,181.4
Italy,Belgium,1967,309.225
Italy,Cyprus,1967,15.5
Italy,Greece,1967,122.8
Italy,Ireland,1967,14.6
Italy,Luxembourg,1967,14.1747
Italy,Malta,1967,17.71
Italy,Netherlands,1967,358.9
Italy,RESTO_DEL_MUNDO,1967,5391.57
Italy,Spain,1967,228.2
Italy,Switzerland,1967,408.6
Italy,Turkey,1967,50.5
Italy,Austria,1968,179.3
Italy,Belgium,1968,344.045
Italy,Cyprus,1968,18.2
Italy,Greece,1968,143.58
Italy,Ireland,1968,18.4
Italy,Luxembourg,1968,16.1548
Italy,Malta,1968,19.3
Italy,Netherlands,1968,420.9
Italy,RESTO_DEL_MUNDO,1968,6318.32
Italy,Spain,1968,220.97
Italy,Switzerland,1968,450.7
Italy,Turkey,1968,67.7
Italy,Austria,1969,185.7
Italy,Belgium,1969,384.036
Italy,Cyprus,1969,20.206
Italy,Greece,1969,143.31
Italy,Ireland,1969,23.75
Italy,Luxembourg,1969,18.8638
Italy,Malta,1969,23.41
Italy,Netherlands,1969,497.7
Italy,RESTO_DEL_MUNDO,1969,7194.08
Italy,Spain,1969,253.03
Italy,Switzerland,1969,512.1
Italy,Turkey,1969,74.21
Italy,Austria,1970,232.1
Italy,Belgium,1970,407.665
Italy,Cyprus,1970,24.508
Italy,Greece,1970,163.85
Italy,Ireland,1970,31.08
Italy,Luxembourg,1970,21.1354
Italy,Malta,1970,26.88
Italy,Netherlands,1970,581.5
Italy,RESTO_DEL_MUNDO,1970,7768.17
Italy,Spain,1970,247.13
Italy,Switzerland,1970,610.3
Italy,Turkey,1970,70.06
Italy,Austria,1971,280.4
Italy,Belgium,1971,483.779
Italy,Cyprus,1971,26.507
Italy,Greece,1971,192.7
Italy,Ireland,1971,37.45
Italy,Luxembourg,1971,23.3212
Italy,Malta,1971,26.77
Italy,Netherlands,1971,650.4
Italy,RESTO_DEL_MUNDO,1971,8625.78
Italy,Spain,1971,271.62
Italy,Switzerland,1971,713
Italy,Turkey,1971,116.26
Italy,Austria,1972,376.2
Italy,Belgium,1972,615.709
Italy,Cyprus,1972,25.188
Italy,Greece,1972,256.76
Italy,Ireland,1972,38.82
Italy,Luxembourg,1972,29.7909
Italy,Malta,1972,32.68
Italy,Netherlands,1972,733.1
Italy,RESTO_DEL_MUNDO,1972,10501.5
Italy,Spain,1972,425.01
Italy,Switzerland,1972,819.5
Italy,Turkey,1972,164.81
Italy,Austria,1973,523.8
Italy,Belgium,1973,789.981
Italy,Cyprus,1973,35.366
Italy,Greece,1973,317.08
Italy,Ireland,1973,57.31
Italy,Luxembourg,1973,41.0192
Italy,Malta,1973,38.13
Italy,Netherlands,1973,837.7
Italy,RESTO_DEL_MUNDO,1973,13118.9
Italy,Spain,1973,577.1
Italy,Switzerland,1973,1088.5
Italy,Turkey,1973,169.15
Italy,Austria,1974,638
Italy,Belgium,1974,1060.73
Italy,Cyprus,1974,31.87
Italy,Greece,1974,376.05
Italy,Ireland,1974,79.38
Italy,Luxembourg,1974,57.3656
Italy,Malta,1974,62.03
Italy,Netherlands,1974,1110.9
Italy,RESTO_DEL_MUNDO,1974,18611.9
Italy,Spain,1974,816.31
Italy,Switzerland,1974,1321.9
Italy,Turkey,1974,270.78
Italy,Austria,1975,758.6
Italy,Belgium,1975,1145.02
Italy,Cyprus,1975,19.773
Italy,Greece,1975,438.07
Italy,Ireland,1975,94.63
Italy,Luxembourg,1975,51.376
Italy,Malta,1975,67.83
Italy,Netherlands,1975,1223.8
Italy,RESTO_DEL_MUNDO,1975,21737
Italy,Spain,1975,829.95
Italy,Switzerland,1975,1313
Italy,Turkey,1975,357.94
Italy,Austria,1976,948.3
Italy,Belgium,1976,1292.65
Italy,Cyprus,1976,39.824
Italy,Greece,1976,500
Italy,Ireland,1976,107.08
Italy,Luxembourg,1976,58.7496
Italy,Malta,1976,73.9
Italy,Netherlands,1976,1333.4
Italy,RESTO_DEL_MUNDO,1976,23010.3
Italy,Spain,1976,807.05
Italy,Switzerland,1976,1427.7
Italy,Turkey,1976,386.11
Italy,Austria,1977,1245.2
Italy,Belgium,1977,1536.02
Italy,Cyprus,1977,57.808
Italy,Greece,1977,616
Italy,Ireland,1977,155.16
Italy,Luxembourg,1977,66.1804
Italy,Malta,1977,93.79
Italy,Netherlands,1977,1587.6
Italy,RESTO_DEL_MUNDO,1977,28691.9
Italy,Spain,1977,901.32
Italy,Switzerland,1977,1756.2
Italy,Turkey,1977,454.4
Italy,Austria,1978,1431.5
Italy,Belgium,1978,1877.33
Italy,Cyprus,1978,87.74
Italy,Greece,1978,772.9
Italy,Ireland,1978,219
Italy,Luxembourg,1978,82.4753
Italy,Malta,1978,113.9
Italy,Netherlands,1978,2007
Italy,RESTO_DEL_MUNDO,1978,35003.1
Italy,Spain,1978,880.37
Italy,Switzerland,1978,2336.9
Italy,Turkey,1978,290.51
Italy,Austria,1979,1884.6
Italy,Belgium,1979,2347.36
Italy,Cyprus,1979,117.776
Italy,Greece,1979,905.5
Italy,Ireland,1979,285.11
Italy,Luxembourg,1979,105.038
Italy,Malta,1979,167.44
Italy,Netherlands,1979,2449.3
Italy,RESTO_DEL_MUNDO,1979,43615.9
Italy,Spain,1979,1436.37
Italy,Switzerland,1979,1880.8
Italy,Turkey,1979,473.64
Italy,Austria,1980,2222.3
Italy,Belgium,1980,2465.88
Italy,Cyprus,1980,129.733
Italy,Greece,1980,898.49
Italy,Ireland,1980,268.04
Italy,Luxembourg,1980,110.421
Italy,Malta,1980,228.25
Italy,Netherlands,1980,2429.2
Italy,RESTO_DEL_MUNDO,1980,48614.5
Italy,Spain,1980,1686.3
Italy,Switzerland,1980,3491.6
Italy,Turkey,1980,299.69
Italy,Austria,1981,1753.4
Italy,Belgium,1981,1999.6
Italy,Cyprus,1981,112.45
Italy,Greece,1981,854.92
Italy,Ireland,1981,270.21
Italy,Luxembourg,1981,91.0995
Italy,Malta,1981,228.86
Italy,Netherlands,1981,1960.6
Italy,RESTO_DEL_MUNDO,1981,49663.7
Italy,Spain,1981,1284.27
Italy,Switzerland,1981,2986.1
Italy,Turkey,1981,370.34
Italy,Austria,1982,1684.2
Italy,Belgium,1982,1987.67
Italy,Cyprus,1982,124.834
Italy,Greece,1982,918.8
Italy,Ireland,1982,256.13
Italy,Luxembourg,1982,93.9333
Italy,Malta,1982,226.69
Italy,Netherlands,1982,1905.2
Italy,RESTO_DEL_MUNDO,1982,48440.5
Italy,Spain,1982,1412.47
Italy,Switzerland,1982,2830.1
Italy,Turkey,1982,411.94
Italy,Austria,1983,1789.4
Italy,Belgium,1983,1935.54
Italy,Cyprus,1983,118.134
Italy,Greece,1983,849.01
Italy,Ireland,1983,219.34
Italy,Luxembourg,1983,95.1578
Italy,Malta,1983,196.13
Italy,Netherlands,1983,1924.2
Italy,RESTO_DEL_MUNDO,1983,48692.7
Italy,Spain,1983,1267.31
Italy,Switzerland,1983,2925.3
Italy,Turkey,1983,508.13
Italy,Austria,1984,1697.4
Italy,Belgium,1984,1882.88
Italy,Cyprus,1984,142.156
Italy,Greece,1984,923.83
Italy,Ireland,1984,233.65
Italy,Luxembourg,1984,95.1147
Italy,Malta,1984,220.46
Italy,Netherlands,1984,1808.9
Italy,RESTO_DEL_MUNDO,1984,48887.7
Italy,Spain,1984,1219.2
Italy,Switzerland,1984,2903.7
Italy,Turkey,1984,628.58
Italy,Austria,1985,1727.2
Italy,Belgium,1985,1905.13
Italy,Cyprus,1985,156.592
Italy,Greece,1985,951.84
Italy,Ireland,1985,227.85
Italy,Luxembourg,1985,95.8711
Italy,Malta,1985,174.88
Italy,Netherlands,1985,1983
Italy,RESTO_DEL_MUNDO,1985,51100.5
Italy,Spain,1985,1374.69
Italy,Switzerland,1985,2973.9
Italy,Turkey,1985,655.38
Italy,Austria,1986,2409.8
Italy,Belgium,1986,2774.16
Italy,Cyprus,1986,150.522
Italy,Greece,1986,1307.34
Italy,Ireland,1986,306.93
Italy,Luxembourg,1986,146.936
Italy,Malta,1986,206.48
Italy,Netherlands,1986,2888.3
Italy,RESTO_DEL_MUNDO,1986,59814.2
Italy,Spain,1986,2563.55
Italy,Switzerland,1986,4185
Italy,Turkey,1986,844.05
Italy,Austria,1987,3080
Italy,Belgium,1987,3368.98
Italy,Cyprus,1987,170.482
Italy,Greece,1987,1643.33
Italy,Ireland,1987,334.97
Italy,Luxembourg,1987,178.419
Italy,Malta,1987,215.72
Italy,Netherlands,1987,3426.2
Italy,RESTO_DEL_MUNDO,1987,69711.1
Italy,Spain,1987,4335.92
Italy,Switzerland,1987,5133.5
Italy,Turkey,1987,1068.53
Italy,Austria,1988,3262.92
Italy,Belgium,1988,3725.58
Italy,Cyprus,1988,188.285
Italy,Greece,1988,1792.25
Italy,Ireland,1988,394.721
Italy,Luxembourg,1988,206.02
Italy,Malta,1988,300.96
Italy,Netherlands,1988,3745.1
Italy,RESTO_DEL_MUNDO,1988,77778.3
Italy,Spain,1988,5816.17
Italy,Switzerland,1988,5692.6
Italy,Turkey,1988,1004.57
Italy,Austria,1989,3489.75
Italy,Belgium,1989,3942.39
Italy,Cyprus,1989,217.065
Italy,Greece,1989,2386.11
Italy,Ireland,1989,459.963
Italy,Luxembourg,1989,230.311
Italy,Malta,1989,447.553
Italy,Netherlands,1989,3796.07
Italy,RESTO_DEL_MUNDO,1989,84861.2
Italy,Spain,1989,7054.19
Italy,Switzerland,1989,5908.64
Italy,Turkey,1989,1070.97
Italy,Austria,1990,4440.71
Italy,Belgium,1990,5118.48
Italy,Cyprus,1990,255.686
Italy,Germany,1990,32313.7
Italy,Greece,1990,3046.66
Italy,Ireland,1990,528.318
Italy,Luxembourg,1990,304.778
Italy,Malta,1990,636.818
Italy,Netherlands,1990,4724.48
Italy,RESTO_DEL_MUNDO,1990,97125.8
Italy,Spain,1990,8890.99
Italy,Switzerland,1990,7329.37
Italy,Turkey,1990,1727.09
Italy,Austria,1991,4505.63
Italy,Belgium,1991,5141.46
Italy,Cyprus,1991,269.913
Italy,Germany,1991,36213.2
Italy,Greece,1991,3065.17
Italy,Ireland,1991,517.345
Italy,Luxembourg,1991,324.359
Italy,Malta,1991,758.075
Italy,Netherlands,1991,4663.39
Italy,RESTO_DEL_MUNDO,1991,95556.4
Italy,Spain,1991,9284.91
Italy,Switzerland,1991,6618.47
Italy,Turkey,1991,1845.37
Italy,Austria,1992,4671.73
Italy,Belgium,1992,5289.42
Italy,Cyprus,1992,320.188
Italy,Germany,1992,37532.3
Italy,Greece,1992,3291.08
Italy,Ireland,1992,534.56
Italy,Luxembourg,1992,335.753
Italy,Malta,1992,884.854
Italy,Netherlands,1992,4839.11
Italy,RESTO_DEL_MUNDO,1992,102911
Italy,Spain,1992,9806.75
Italy,Switzerland,1992,6577.35
Italy,Turkey,1992,1918.57
Italy,Austria,1993,4407.98
Italy,Belgium,1993,4521.84
Italy,Cyprus,1993,264.179
Italy,Germany,1993,26724.3
Italy,Greece,1993,2715.61
Italy,Ireland,1993,443.912
Italy,Luxembourg,1993,309.155
Italy,Malta,1993,591.512
Italy,Netherlands,1993,4066.18
Italy,RESTO_DEL_MUNDO,1993,94132.4
Italy,Spain,1993,7433.52
Italy,Switzerland,1993,5938.24
Italy,Turkey,1993,2558
Italy,Austria,1994,4890.07
Italy,Belgium,1994,5146.44
Italy,Cyprus,1994,297.82
Italy,Germany,1994,30843.9
Italy,Greece,1994,3313.27
Italy,Ireland,1994,578.096
Italy,Luxembourg,1994,359.396
Italy,Malta,1994,645.009
Italy,Netherlands,1994,4713.63
Italy,RESTO_DEL_MUNDO,1994,107348
Italy,Spain,1994,8245.58
Italy,Switzerland,1994,6727.78
Italy,Turkey,1994,2008.62
Italy,Austria,1995,5805.79
Italy,Belgium,1995,6260.77
Italy,Cyprus,1995,362.232
Italy,Germany,1995,36963.7
Italy,Greece,1995,4889.53
Italy,Ireland,1995,627.833
Italy,Luxembourg,1995,437.813
Italy,Malta,1995,807.838
Italy,Netherlands,1995,5359.14
Italy,RESTO_DEL_MUNDO,1995,125823
Italy,Spain,1995,10511
Italy,Switzerland,1995,8101.33
Italy,Turkey,1995,3193.13
Italy,Austria,1996,5927.7
Italy,Belgium,1996,6163.76
Italy,Cyprus,1996,364.505
Italy,Germany,1996,36553.3
Italy,Greece,1996,4805.1
Italy,Ireland,1996,733.219
Italy,Luxembourg,1996,444.651
Italy,Malta,1996,545.781
Italy,Netherlands,1996,5340.83
Italy,RESTO_DEL_MUNDO,1996,136766
Italy,Spain,1996,11624.6
Italy,Switzerland,1996,8386.89
Italy,Turkey,1996,4175.31
Italy,Austria,1997,5383.43
Italy,Belgium,1997,6059.26
Italy,Cyprus,1997,304.129
Italy,Germany,1997,34009.2
Italy,Greece,1997,4552.84
Italy,Ireland,1997,683.032
Italy,Luxembourg,1997,224.093
Italy,Malta,1997,516.337
Italy,Netherlands,1997,4815.72
Italy,RESTO_DEL_MUNDO,1997,137384
Italy,Spain,1997,11548.8
Italy,Switzerland,1997,7456.86
Italy,Turkey,1997,4456.59
Italy,Austria,1998,5552.05
Italy,Belgium,1998,6414.01
Italy,Cyprus,1998,344.515
Italy,Germany,1998,36029.5
Italy,Greece,1998,4682.9
Italy,Ireland,1998,823.186
Italy,Luxembourg,1998,220.542
Italy,Malta,1998,798.255
Italy,Netherlands,1998,4352.7
Italy,RESTO_DEL_MUNDO,1998,140413
Italy,Spain,1998,12287
Italy,Switzerland,1998,7726.51
Italy,Turkey,1998,4235.3
Italy,Austria,1999,5143.13
Italy,Belgium,1999,6111.92
Italy,Cyprus,1999,324.932
Italy,Germany,1999,34505.3
Italy,Greece,1999,4376.86
Italy,Ireland,1999,857.343
Italy,Luxembourg,1999,220.455
Italy,Malta,1999,475.71
Italy,Netherlands,1999,6023.6
Italy,RESTO_DEL_MUNDO,1999,142189
Italy,Spain,1999,11901.5
Italy,Switzerland,1999,7726.8
Italy,Turkey,1999,3192.08
Italy,Austria,2000,4936.06
Italy,Belgium,2000,6864.73
Italy,Cyprus,2000,340.739
Italy,Germany,2000,33452.6
Italy,Greece,2000,3745.67
Italy,Ireland,2000,1071.75
Italy,Luxembourg,2000,219.207
Italy,Malta,2000,569.939
Italy,Netherlands,2000,5648.91
Italy,RESTO_DEL_MUNDO,2000,145353
Italy,Spain,2000,12314.9
Italy,Switzerland,2000,7668.86
Italy,Turkey,2000,4332.79
Italy,Austria,2001,5009.64
Italy,Belgium,2001,7601.68
Italy,Cyprus,2001,347.017
Italy,Germany,2001,31937.6
Italy,Greece,2001,3387.14
Italy,Ireland,2001,962.62
Italy,Luxembourg,2001,190.228
Italy,Malta,2001,795.846
Italy,Netherlands,2001,5569.77
Italy,RESTO_DEL_MUNDO,2001,145451
Italy,Spain,2001,11963.7
Italy,Switzerland,2001,7891.11
Italy,Turkey,2001,3484.13
Italy,Austria,2002,5166.1
Italy,Belgium,2002,7815.39
Italy,Cyprus,2002,377.675
Italy,Germany,2002,31795.4
Italy,Greece,2002,3604.44
Italy,Ireland,2002,838.319
Italy,Luxembourg,2002,219.837
Italy,Malta,2002,627.6
Italy,Netherlands,2002,6081.94
Italy,RESTO_DEL_MUNDO,2002,154258
Italy,Spain,2002,13266.3
Italy,Switzerland,2002,8706.03
Italy,Turkey,2002,4096.98
Italy,Austria,2003,6692.95
Italy,Belgium,2003,7461.19
Italy,Cyprus,2003,439.44
Italy,Germany,2003,37794.6
Italy,Greece,2003,5618.75
Italy,Ireland,2003,1044.75
Italy,Luxembourg,2003,314
Italy,Malta,2003,783.048
Italy,Netherlands,2003,6781.5
Italy,RESTO_DEL_MUNDO,2003,180300
Italy,Spain,2003,19049.8
Italy,Switzerland,2003,10453.2
Italy,Turkey,2003,5471.56
Italy,Austria,2004,8174.18
Italy,Belgium,2004,9162.45
Italy,Cyprus,2004,602.482
Italy,Germany,2004,43492.3
Italy,Greece,2004,6736.63
Italy,Ireland,2004,1228.85
Italy,Luxembourg,2004,443.089
Italy,Malta,2004,967.675
Italy,Netherlands,2004,7601.08
Italy,RESTO_DEL_MUNDO,2004,208813
Italy,Spain,2004,23617.6
Italy,Switzerland,2004,12745
Italy,Turkey,2004,6864.11
Italy,Austria,2005,8446.09
Italy,Belgium,2005,10119.3
Italy,Cyprus,2005,648.276
Italy,Germany,2005,44279.9
Italy,Greece,2005,7361.74
Italy,Ireland,2005,1372.47
Italy,Luxembourg,2005,547.685
Italy,Malta,2005,1183.67
Italy,Netherlands,2005,8361.79
Italy,RESTO_DEL_MUNDO,2005,224586
Italy,Spain,2005,24710.4
Italy,Switzerland,2005,13275.5
Italy,Turkey,2005,7561.06
Italy,Austria,2006,9588.24
Italy,Belgium,2006,11784
Italy,Cyprus,2006,790.757
Italy,Germany,2006,51523.9
Italy,Greece,2006,8104.06
Italy,Ireland,2006,1732.43
Italy,Luxembourg,2006,586.682
Italy,Malta,2006,1213.57
Italy,Netherlands,2006,9231.85
Italy,RESTO_DEL_MUNDO,2006,253285
Italy,Spain,2006,27174.6
Italy,Switzerland,2006,14919.4
Italy,Turkey,2006,8653.07
Italy,Austria,2007,11573.9
Italy,Belgium,2007,15463
Italy,Cyprus,2007,882.747
Italy,Germany,2007,61424.1
Italy,Greece,2007,9923.14
Italy,Ireland,2007,1804.51
Italy,Luxembourg,2007,546.462
Italy,Malta,2007,1240.14
Italy,Netherlands,2007,10703.9
Italy,RESTO_DEL_MUNDO,2007,303561
Italy,Spain,2007,33954.1
Italy,Switzerland,2007,17366.7
Italy,Turkey,2007,9967.12
Italy,Austria,2008,13046.2
Italy,Belgium,2008,14774
Italy,Cyprus,2008,1138.82
Italy,Germany,2008,69481.7
Italy,Greece,2008,11238.2
Italy,Ireland,2008,1829.02
Italy,Luxembourg,2008,507.106
Italy,Malta,2008,1513.43
Italy,Netherlands,2008,11911.7
Italy,RESTO_DEL_MUNDO,2008,339636
Italy,Spain,2008,33755
Italy,Switzerland,2008,20126.6
Italy,Turkey,2008,11012.2
Italy,Austria,2009,9648.3
Italy,Belgium,2009,11656.7
Italy,Cyprus,2009,843.404
Italy,Germany,2009,52252.7
Italy,Greece,2009,8385.38
Italy,Ireland,2009,1129.32
Italy,Luxembourg,2009,511.919
Italy,Malta,2009,1181
Italy,Netherlands,2009,8952.21
Italy,RESTO_DEL_MUNDO,2009,260235
Italy,Spain,2009,21642.2
Italy,Switzerland,2009,16672.5
Italy,Turkey,2009,7673.68
Italy,Austria,2010,10748.6
Italy,Belgium,2010,11822.2
Italy,Cyprus,2010,805.348
Italy,Germany,2010,55962.2
Italy,Greece,2010,6858.92
Italy,Ireland,2010,938.176
Italy,Luxembourg,2010,514.839
Italy,Malta,2010,1397.48
Italy,Netherlands,2010,9656.15
Italy,RESTO_DEL_MUNDO,2010,284003
Italy,Spain,2010,24219.1
Italy,Switzerland,2010,17962.1
Italy,Turkey,2010,10204.5
Italy,Austria,2011,12752.8
Italy,Belgium,2011,13429.6
Italy,Cyprus,2011,703.363
Italy,Germany,2011,66968.8
Italy,Greece,2011,6336.15
Italy,Ireland,2011,1116.33
Italy,Luxembourg,2011,593.141
Italy,Malta,2011,1991.88
Italy,Netherlands,2011,11033.5
Italy,RESTO_DEL_MUNDO,2011,332758
Italy,Spain,2011,26422.2
Italy,Switzerland,2011,21642.1
Italy,Turkey,2011,13452.4
Italy,Austria,2012,11551.3
Italy,Belgium,2012,13166.5
Italy,Cyprus,2012,605.921
Italy,Germany,2012,61794.3
Italy,Greece,2012,5186.03
Italy,Ireland,2012,929.672
Italy,Luxembourg,2012,521.828
Italy,Malta,2012,2545.43
Italy,Netherlands,2012,10232.5
Italy,RESTO_DEL_MUNDO,2012,330133
Italy,Spain,2012,22489.4
Italy,Switzerland,2012,20101.8
Italy,Turkey,2012,13345.9
Italy,Austria,2013,11561.1
Italy,Belgium,2013,14073.3
Italy,Cyprus,2013,444.728
Italy,Germany,2013,62735.9
Italy,Greece,2013,4998.28
Italy,Ireland,2013,1137.03
Italy,Luxembourg,2013,528.406
Italy,Malta,2013,1856.02
Italy,Netherlands,2013,10724.2
Italy,RESTO_DEL_MUNDO,2013,345050
Italy,Spain,2013,20660.1
Italy,Switzerland,2013,20243.5
Italy,Turkey,2013,12887.2
Italy,Austria,2014,11570.7
Italy,Belgium,2014,15758.8
Italy,Cyprus,2014,481.739
Italy,Germany,2014,65323.9
Italy,Greece,2014,5075.45
Italy,Ireland,2014,1073.16
Italy,Luxembourg,2014,543.988
Italy,Malta,2014,1454.59
Italy,Netherlands,2014,10784
Italy,RESTO_DEL_MUNDO,2014,355814
Italy,Spain,2014,21725.3
Italy,Switzerland,2014,19769
Italy,Turkey,2014,12059.1
Jordan,RESTO_DEL_MUNDO,1946,0
Jordan,RESTO_DEL_MUNDO,1947,0
Jordan,Iran,1948,0
Jordan,Lebanon,1948,0
Jordan,RESTO_DEL_MUNDO,1948,0
Jordan,Saudi Arabia,1948,0
Jordan,Syria,1948,0.6
Jordan,Iran,1949,0
Jordan,Lebanon,1949,0
Jordan,RESTO_DEL_MUNDO,1949,0
Jordan,Saudi Arabia,1949,0
Jordan,Syria,1949,0
Jordan,Iran,1950,0
Jordan,Lebanon,1950,0
Jordan,RESTO_DEL_MUNDO,1950,0
Jordan,Saudi Arabia,1950,0
Jordan,Syria,1950,0
Jordan,Iran,1951,0
Jordan,Lebanon,1951,0
Jordan,RESTO_DEL_MUNDO,1951,0
Jordan,Saudi Arabia,1951,0
Jordan,Syria,1951,0
Jordan,Iran,1952,0
Jordan,Lebanon,1952,0
Jordan,RESTO_DEL_MUNDO,1952,0
Jordan,Saudi Arabia,1952,0
Jordan,Syria,1952,0
Jordan,Iran,1953,0
Jordan,Lebanon,1953,0
Jordan,RESTO_DEL_MUNDO,1953,0.1
Jordan,Saudi Arabia,1953,0.1
Jordan,Syria,1953,0
Jordan,Iran,1954,0
Jordan,Lebanon,1954,0
Jordan,RESTO_DEL_MUNDO,1954,0.1
Jordan,Saudi Arabia,1954,0.2
Jordan,Syria,1954,0
Jordan,Iran,1955,0
Jordan,Lebanon,1955,0
Jordan,RESTO_DEL_MUNDO,1955,1.5
Jordan,Saudi Arabia,1955,0.1
Jordan,Syria,1955,0
Jordan,Iran,1956,0
Jordan,Lebanon,1956,0.1
Jordan,RESTO_DEL_MUNDO,1956,3.8
Jordan,Saudi Arabia,1956,0.5
Jordan,Syria,1956,4.6
Jordan,Iran,1957,0
Jordan,Lebanon,1957,4.2
Jordan,RESTO_DEL_MUNDO,1957,5.5
Jordan,Saudi Arabia,1957,0.8
Jordan,Syria,1957,3.6
Jordan,Iran,1958,0.1
Jordan,Lebanon,1958,1.8
Jordan,RESTO_DEL_MUNDO,1958,4.7
Jordan,Saudi Arabia,1958,0.7
Jordan,Syria,1958,2.9
Jordan,Iran,1959,0
Jordan,Lebanon,1959,2.1
Jordan,RESTO_DEL_MUNDO,1959,5.2
Jordan,Saudi Arabia,1959,1
Jordan,Iran,1960,0
Jordan,Lebanon,1960,2.7
Jordan,RESTO_DEL_MUNDO,1960,4.9
Jordan,Saudi Arabia,1960,0.9
Jordan,Iran,1961,0
Jordan,Lebanon,1961,2.2
Jordan,RESTO_DEL_MUNDO,1961,9.7
Jordan,Saudi Arabia,1961,1.1
Jordan,Syria,1961,2.4
Jordan,Iran,1962,0
Jordan,Lebanon,1962,2.4
Jordan,RESTO_DEL_MUNDO,1962,10.9
Jordan,Saudi Arabia,1962,1.2
Jordan,Syria,1962,2.7
Jordan,Iran,1963,0
Jordan,Lebanon,1963,3.5
Jordan,RESTO_DEL_MUNDO,1963,10.8
Jordan,Saudi Arabia,1963,2
Jordan,Syria,1963,3
Jordan,Iran,1964,0
Jordan,Lebanon,1964,5.7
Jordan,RESTO_DEL_MUNDO,1964,17.5
Jordan,Saudi Arabia,1964,3.8
Jordan,Syria,1964,2.3
Jordan,Iran,1965,0.1
Jordan,Lebanon,1965,6.6
Jordan,RESTO_DEL_MUNDO,1965,15.9
Jordan,Saudi Arabia,1965,5.3
Jordan,Syria,1965,2.6
Jordan,Iran,1966,0
Jordan,Lebanon,1966,4.3
Jordan,RESTO_DEL_MUNDO,1966,22.7
Jordan,Saudi Arabia,1966,5.1
Jordan,Syria,1966,4.2
Jordan,Iran,1967,0
Jordan,Lebanon,1967,4.24
Jordan,RESTO_DEL_MUNDO,1967,21.071
Jordan,Saudi Arabia,1967,4.8
Jordan,Syria,1967,3.6
Jordan,Iran,1968,0
Jordan,Lebanon,1968,5.52
Jordan,RESTO_DEL_MUNDO,1968,28.86
Jordan,Saudi Arabia,1968,9.7
Jordan,Syria,1968,3
Jordan,Iran,1969,0.2
Jordan,Lebanon,1969,5.42
Jordan,RESTO_DEL_MUNDO,1969,25.165
Jordan,Saudi Arabia,1969,14.3
Jordan,Syria,1969,3.92
Jordan,Iran,1970,0.36
Jordan,Lebanon,1970,5.64
Jordan,RESTO_DEL_MUNDO,1970,17.3653
Jordan,Saudi Arabia,1970,10.1
Jordan,Syria,1970,4.27
Jordan,Iran,1971,0
Jordan,Lebanon,1971,3.96
Jordan,RESTO_DEL_MUNDO,1971,18.273
Jordan,Saudi Arabia,1971,9.1
Jordan,Syria,1971,4.82
Jordan,Iran,1972,0.43
Jordan,Lebanon,1972,5.53
Jordan,RESTO_DEL_MUNDO,1972,27.927
Jordan,Saudi Arabia,1972,12.1
Jordan,Syria,1972,5.14
Jordan,Iran,1973,0.7
Jordan,Lebanon,1973,8.15
Jordan,RESTO_DEL_MUNDO,1973,38.111
Jordan,Saudi Arabia,1973,13.3
Jordan,Syria,1973,7.72
Jordan,Iran,1974,6.7
Jordan,Lebanon,1974,12.49
Jordan,RESTO_DEL_MUNDO,1974,91.677
Jordan,Saudi Arabia,1974,28
Jordan,Syria,1974,10.16
Jordan,Iran,1975,23
Jordan,Lebanon,1975,7.27
Jordan,RESTO_DEL_MUNDO,1975,99.175
Jordan,Saudi Arabia,1975,38.5
Jordan,Syria,1975,15.82
Jordan,Iran,1976,14.2
Jordan,Lebanon,1976,5
Jordan,RESTO_DEL_MUNDO,1976,118.355
Jordan,Saudi Arabia,1976,175.5
Jordan,Syria,1976,23.89
Jordan,Iran,1977,13.6
Jordan,Lebanon,1977,8.89
Jordan,RESTO_DEL_MUNDO,1977,116.463
Jordan,Saudi Arabia,1977,121.6
Jordan,Syria,1977,24.32
Jordan,Iran,1978,7.52
Jordan,Lebanon,1978,5.91
Jordan,RESTO_DEL_MUNDO,1978,168.1
Jordan,Saudi Arabia,1978,77.5
Jordan,Syria,1978,32.63
Jordan,Iran,1979,2.5
Jordan,Lebanon,1979,7.56
Jordan,RESTO_DEL_MUNDO,1979,236.806
Jordan,Saudi Arabia,1979,95.6
Jordan,Syria,1979,47.01
Jordan,Iran,1980,0.14
Jordan,Lebanon,1980,7.31
Jordan,RESTO_DEL_MUNDO,1980,372.778
Jordan,Saudi Arabia,1980,122.1
Jordan,Syria,1980,49.39
Jordan,Iran,1981,0
Jordan,Lebanon,1981,10.681
Jordan,RESTO_DEL_MUNDO,1981,554.83
Jordan,Saudi Arabia,1981,140.1
Jordan,Syria,1981,36.38
Jordan,Iran,1982,0
Jordan,Lebanon,1982,6.083
Jordan,RESTO_DEL_MUNDO,1982,559.807
Jordan,Saudi Arabia,1982,107.8
Jordan,Syria,1982,25.39
Jordan,Iran,1983,0
Jordan,Lebanon,1983,5.522
Jordan,RESTO_DEL_MUNDO,1983,524.827
Jordan,Saudi Arabia,1983,115.6
Jordan,Syria,1983,17.33
Jordan,Iran,1984,0
Jordan,Lebanon,1984,6.776
Jordan,RESTO_DEL_MUNDO,1984,732.529
Jordan,Saudi Arabia,1984,107.2
Jordan,Syria,1984,23.51
Jordan,Iran,1985,0
Jordan,Lebanon,1985,4.972
Jordan,RESTO_DEL_MUNDO,1985,862.639
Jordan,Saudi Arabia,1985,97.9
Jordan,Syria,1985,23.2
Jordan,Iran,1986,0
Jordan,Lebanon,1986,3.21246
Jordan,RESTO_DEL_MUNDO,1986,792.578
Jordan,Saudi Arabia,1986,73.2
Jordan,Syria,1986,30.78
Jordan,Iran,1987,0
Jordan,Lebanon,1987,2.79448
Jordan,RESTO_DEL_MUNDO,1987,922.493
Jordan,Saudi Arabia,1987,73.2
Jordan,Syria,1987,13.18
Jordan,Iran,1988,0
Jordan,Lebanon,1988,3.267
Jordan,RESTO_DEL_MUNDO,1988,926.429
Jordan,Saudi Arabia,1988,84.9407
Jordan,Syria,1988,9.67519
Jordan,Iran,1989,0
Jordan,Lebanon,1989,7.12456
Jordan,RESTO_DEL_MUNDO,1989,1053.1
Jordan,Saudi Arabia,1989,92.3674
Jordan,Syria,1989,10.7752
Jordan,Iran,1990,1.36049
Jordan,Lebanon,1990,14.6448
Jordan,RESTO_DEL_MUNDO,1990,1015.53
Jordan,Saudi Arabia,1990,88.5396
Jordan,Syria,1990,16.1103
Jordan,Iran,1991,49.269
Jordan,Lebanon,1991,21.2123
Jordan,RESTO_DEL_MUNDO,1991,921.477
Jordan,Saudi Arabia,1991,13.5095
Jordan,Syria,1991,15.7433
Jordan,Iran,1992,28.716
Jordan,Lebanon,1992,15.7509
Jordan,RESTO_DEL_MUNDO,1992,846.955
Jordan,Saudi Arabia,1992,97.227
Jordan,Syria,1992,22.548
Jordan,Iran,1993,13.9
Jordan,Israel,1993,0
Jordan,Lebanon,1993,27.8252
Jordan,RESTO_DEL_MUNDO,1993,762.101
Jordan,Saudi Arabia,1993,107.532
Jordan,Syria,1993,20.9181
Jordan,Iran,1994,7.4
Jordan,Israel,1994,0
Jordan,Lebanon,1994,28.1607
Jordan,RESTO_DEL_MUNDO,1994,928.874
Jordan,Saudi Arabia,1994,78.459
Jordan,Syria,1994,60.2862
Jordan,Iran,1995,24.3
Jordan,Israel,1995,0
Jordan,Lebanon,1995,59.7787
Jordan,RESTO_DEL_MUNDO,1995,1218.98
Jordan,Saudi Arabia,1995,87.4299
Jordan,Syria,1995,73.8853
Jordan,Iran,1996,30.8
Jordan,Israel,1996,5.1
Jordan,Lebanon,1996,35.446
Jordan,RESTO_DEL_MUNDO,1996,1173.79
Jordan,Saudi Arabia,1996,129.523
Jordan,Syria,1996,107.982
Jordan,Iran,1997,8.7
Jordan,Israel,1997,12.7
Jordan,Lebanon,1997,37.494
Jordan,RESTO_DEL_MUNDO,1997,1214.47
Jordan,Saudi Arabia,1997,118.136
Jordan,Syria,1997,30.0223
Jordan,Iran,1998,28.9422
Jordan,Israel,1998,17.2
Jordan,Lebanon,1998,37.196
Jordan,RESTO_DEL_MUNDO,1998,1203.59
Jordan,Saudi Arabia,1998,116.873
Jordan,Syria,1998,17.4078
Jordan,Iran,1999,8.77193
Jordan,Israel,1999,20.4
Jordan,Lebanon,1999,35.32
Jordan,RESTO_DEL_MUNDO,1999,1186.55
Jordan,Saudi Arabia,1999,141.594
Jordan,Syria,1999,18.1686
Jordan,Iran,2000,5.09757
Jordan,Israel,2000,36.7
Jordan,Lebanon,2000,40.58
Jordan,RESTO_DEL_MUNDO,2000,1569.52
Jordan,Saudi Arabia,2000,104.423
Jordan,Syria,2000,25.662
Jordan,Iran,2001,8.26704
Jordan,Israel,2001,42
Jordan,Lebanon,2001,37.2165
Jordan,RESTO_DEL_MUNDO,2001,1809.61
Jordan,Saudi Arabia,2001,141.68
Jordan,Syria,2001,43.8446
Jordan,Iran,2002,17.494
Jordan,Israel,2002,47.9
Jordan,Lebanon,2002,44.101
Jordan,RESTO_DEL_MUNDO,2002,2242.43
Jordan,Saudi Arabia,2002,142.448
Jordan,Syria,2002,76.7204
Jordan,Iran,2003,35
Jordan,Israel,2003,44.5
Jordan,Lebanon,2003,44.9461
Jordan,RESTO_DEL_MUNDO,2003,2615.02
Jordan,Saudi Arabia,2003,170.847
Jordan,Syria,2003,106.812
Jordan,Iran,2004,58
Jordan,Israel,2004,51.4
Jordan,Lebanon,2004,55.8532
Jordan,RESTO_DEL_MUNDO,2004,3415
Jordan,Saudi Arabia,2004,196.469
Jordan,Syria,2004,346.041
Jordan,Iran,2005,46.614
Jordan,Israel,2005,60.9
Jordan,Lebanon,2005,64.1997
Jordan,RESTO_DEL_MUNDO,2005,3995.26
Jordan,Saudi Arabia,2005,269.224
Jordan,Syria,2005,222.918
Jordan,Iran,2006,73.0964
Jordan,Israel,2006,38.3
Jordan,Lebanon,2006,67.0866
Jordan,RESTO_DEL_MUNDO,2006,4218.66
Jordan,Saudi Arabia,2006,436.352
Jordan,Syria,2006,296.453
Jordan,Iran,2007,42.7058
Jordan,Israel,2007,53.8
Jordan,Lebanon,2007,82.1355
Jordan,RESTO_DEL_MUNDO,2007,4752.29
Jordan,Saudi Arabia,2007,455.821
Jordan,Syria,2007,295.338
Jordan,Iran,2008,19.7777
Jordan,Israel,2008,105.5
Jordan,Lebanon,2008,108.497
Jordan,RESTO_DEL_MUNDO,2008,5958.64
Jordan,Saudi Arabia,2008,523.457
Jordan,Syria,2008,257.853
Jordan,Iran,2009,20.3298
Jordan,Israel,2009,69.5
Jordan,Lebanon,2009,189.613
Jordan,RESTO_DEL_MUNDO,2009,4596.64
Jordan,Saudi Arabia,2009,584.729
Jordan,Syria,2009,231.491
Jordan,Iran,2010,7.2
Jordan,Israel,2010,93.5
Jordan,Lebanon,2010,227.502
Jordan,RESTO_DEL_MUNDO,2010,5020.18
Jordan,Saudi Arabia,2010,698.79
Jordan,Syria,2010,262.382
Jordan,Iran,2011,16.6706
Jordan,Israel,2011,172.7
Jordan,Lebanon,2011,361.819
Jordan,RESTO_DEL_MUNDO,2011,6238.51
Jordan,Saudi Arabia,2011,693.689
Jordan,Syria,2011,280.998
Jordan,Iran,2012,11.6626
Jordan,Israel,2012,205.5
Jordan,Lebanon,2012,269.001
Jordan,RESTO_DEL_MUNDO,2012,6604.43
Jordan,Saudi Arabia,2012,848.931
Jordan,Syria,2012,241.906
Jordan,Iran,2013,13.9331
Jordan,Israel,2013,265.9
Jordan,Lebanon,2013,169.437
Jordan,RESTO_DEL_MUNDO,2013,6322.68
Jordan,Saudi Arabia,2013,1060.14
Jordan,Syria,2013,167.623
Jordan,Iran,2014,21.2193
Jordan,Israel,2014,377.1
Jordan,Lebanon,2014,148.678
Jordan,RESTO_DEL_MUNDO,2014,6599.21
Jordan,Saudi Arabia,2014,1143.18
Jordan,Syria,2014,246.046
Kenya,Cameroon,1963,0
Kenya,Ghana,1963,0
Kenya,Nigeria,1963,0.1
Kenya,RESTO_DEL_MUNDO,1963,131.13
Kenya,Senegal,1963,0
Kenya,South Africa,1963,6.6
Kenya,Cameroon,1964,0
Kenya,Ghana,1964,0
Kenya,Nigeria,1964,0.1
Kenya,RESTO_DEL_MUNDO,1964,166.48
Kenya,Senegal,1964,0
Kenya,South Africa,1964,0
Kenya,Cameroon,1965,0
Kenya,Ghana,1965,0
Kenya,Nigeria,1965,0.1
Kenya,RESTO_DEL_MUNDO,1965,140.05
Kenya,Senegal,1965,0.1
Kenya,South Africa,1965,0
Kenya,Zimbabwe,1965,0.77
Kenya,Botswana,1966,0
Kenya,Cameroon,1966,0
Kenya,Ghana,1966,0
Kenya,Nigeria,1966,0.1
Kenya,RESTO_DEL_MUNDO,1966,164.28
Kenya,Senegal,1966,0
Kenya,South Africa,1966,0
Kenya,Zimbabwe,1966,0
Kenya,Botswana,1967,0
Kenya,Cameroon,1967,0
Kenya,Ghana,1967,0
Kenya,Nigeria,1967,0.1
Kenya,RESTO_DEL_MUNDO,1967,158.725
Kenya,Senegal,1967,0
Kenya,South Africa,1967,0
Kenya,Zimbabwe,1967,0
Kenya,Botswana,1968,0
Kenya,Cameroon,1968,0
Kenya,Ghana,1968,0
Kenya,Nigeria,1968,0.3
Kenya,RESTO_DEL_MUNDO,1968,248.321
Kenya,Senegal,1968,0.1
Kenya,South Africa,1968,0
Kenya,Zimbabwe,1968,0
Kenya,Botswana,1969,0
Kenya,Cameroon,1969,0.002
Kenya,Ghana,1969,0.119
Kenya,Nigeria,1969,0.3
Kenya,RESTO_DEL_MUNDO,1969,256.509
Kenya,Senegal,1969,0
Kenya,South Africa,1969,0.1
Kenya,Zimbabwe,1969,0
Kenya,Botswana,1970,0
Kenya,Cameroon,1970,0.003
Kenya,Ghana,1970,0.157
Kenya,Nigeria,1970,0.3
Kenya,RESTO_DEL_MUNDO,1970,293.857
Kenya,Senegal,1970,0
Kenya,South Africa,1970,0
Kenya,Zimbabwe,1970,0
Kenya,Botswana,1971,0
Kenya,Cameroon,1971,0.009
Kenya,Ghana,1971,0.059
Kenya,Nigeria,1971,0.3
Kenya,RESTO_DEL_MUNDO,1971,326.284
Kenya,Senegal,1971,0.002
Kenya,South Africa,1971,0
Kenya,Zimbabwe,1971,0
Kenya,Botswana,1972,0
Kenya,Cameroon,1972,0.021
Kenya,Ghana,1972,0.066
Kenya,Nigeria,1972,0.3
Kenya,RESTO_DEL_MUNDO,1972,347.901
Kenya,Senegal,1972,0.002
Kenya,South Africa,1972,0
Kenya,Zimbabwe,1972,0
Kenya,Botswana,1973,0
Kenya,Cameroon,1973,0.037
Kenya,Ghana,1973,0.101
Kenya,Nigeria,1973,0.4
Kenya,RESTO_DEL_MUNDO,1973,491.646
Kenya,Senegal,1973,0.003
Kenya,South Africa,1973,0.019
Kenya,Zimbabwe,1973,0
Kenya,Botswana,1974,0
Kenya,Cameroon,1974,0.024
Kenya,Ghana,1974,0.072
Kenya,Nigeria,1974,0.5
Kenya,RESTO_DEL_MUNDO,1974,611.66
Kenya,Senegal,1974,0.576
Kenya,South Africa,1974,0
Kenya,Zimbabwe,1974,0
Kenya,Angola,1975,0
Kenya,Botswana,1975,0
Kenya,Cameroon,1975,0.032
Kenya,Ghana,1975,0.555
Kenya,Nigeria,1975,2.1
Kenya,RESTO_DEL_MUNDO,1975,563.91
Kenya,Senegal,1975,0
Kenya,South Africa,1975,0
Kenya,Zimbabwe,1975,0
Kenya,Angola,1976,0
Kenya,Botswana,1976,0
Kenya,Cameroon,1976,0.008
Kenya,Ghana,1976,0.108
Kenya,Nigeria,1976,1.4
Kenya,RESTO_DEL_MUNDO,1976,753.727
Kenya,Senegal,1976,0
Kenya,South Africa,1976,0
Kenya,Zimbabwe,1976,0
Kenya,Angola,1977,0
Kenya,Botswana,1977,0
Kenya,Cameroon,1977,0.049
Kenya,Ghana,1977,0.077
Kenya,Nigeria,1977,2.3
Kenya,RESTO_DEL_MUNDO,1977,1122.82
Kenya,Senegal,1977,0
Kenya,South Africa,1977,0
Kenya,Zimbabwe,1977,0
Kenya,Angola,1978,0
Kenya,Botswana,1978,0
Kenya,Cameroon,1978,0.108
Kenya,Ghana,1978,0.08
Kenya,Nigeria,1978,2.3
Kenya,RESTO_DEL_MUNDO,1978,890.934
Kenya,Senegal,1978,0
Kenya,South Africa,1978,0
Kenya,Zimbabwe,1978,0
Kenya,Angola,1979,0.539
Kenya,Botswana,1979,0.008
Kenya,Cameroon,1979,0.033
Kenya,Ghana,1979,0.137
Kenya,Nigeria,1979,3.2
Kenya,RESTO_DEL_MUNDO,1979,989.47
Kenya,Senegal,1979,0.142
Kenya,South Africa,1979,0.075
Kenya,Zimbabwe,1979,0.016
Kenya,Angola,1980,0.113
Kenya,Botswana,1980,0.024
Kenya,Cameroon,1980,0.054
Kenya,Ghana,1980,0.86
Kenya,Nigeria,1980,4.544
Kenya,RESTO_DEL_MUNDO,1980,1119.05
Kenya,Senegal,1980,0.009
Kenya,South Africa,1980,0.037
Kenya,Zimbabwe,1980,0.123
Kenya,Angola,1981,0.1749
Kenya,Botswana,1981,0.285
Kenya,Cameroon,1981,0.037
Kenya,Ghana,1981,0.069
Kenya,Nigeria,1981,5.8
Kenya,RESTO_DEL_MUNDO,1981,1080.49
Kenya,Senegal,1981,0.038
Kenya,South Africa,1981,0.066
Kenya,Zimbabwe,1981,0.729
Kenya,Angola,1982,0
Kenya,Botswana,1982,0
Kenya,Cameroon,1982,0.127
Kenya,Ghana,1982,0.051
Kenya,Nigeria,1982,4.1
Kenya,RESTO_DEL_MUNDO,1982,976.523
Kenya,Senegal,1982,0.094
Kenya,South Africa,1982,2.806
Kenya,Zimbabwe,1982,0.284
Kenya,Angola,1983,0
Kenya,Botswana,1983,0
Kenya,Cameroon,1983,0.333
Kenya,Ghana,1983,0.044
Kenya,Nigeria,1983,3
Kenya,RESTO_DEL_MUNDO,1983,923.541
Kenya,Senegal,1983,0.079
Kenya,South Africa,1983,4.173
Kenya,Zimbabwe,1983,0.464
Kenya,Angola,1984,0
Kenya,Botswana,1984,0
Kenya,Cameroon,1984,0.165
Kenya,Ghana,1984,0
Kenya,Nigeria,1984,0.1
Kenya,RESTO_DEL_MUNDO,1984,1025.41
Kenya,Senegal,1984,0.059
Kenya,South Africa,1984,1.683
Kenya,Zimbabwe,1984,0.259
Kenya,Angola,1985,0
Kenya,Botswana,1985,0
Kenya,Cameroon,1985,0.189199
Kenya,Ghana,1985,0
Kenya,Nigeria,1985,0.946946
Kenya,RESTO_DEL_MUNDO,1985,975.83
Kenya,Senegal,1985,0.037
Kenya,South Africa,1985,1.48604
Kenya,Zimbabwe,1985,1.277
Kenya,Angola,1986,0
Kenya,Botswana,1986,0
Kenya,Cameroon,1986,0
Kenya,Ghana,1986,0.0103919
Kenya,Nigeria,1986,0.0316787
Kenya,RESTO_DEL_MUNDO,1986,1191.87
Kenya,Senegal,1986,0.0743247
Kenya,South Africa,1986,1.86173
Kenya,Zimbabwe,1986,2.676
Kenya,Angola,1987,5.1256
Kenya,Botswana,1987,0.229664
Kenya,Cameroon,1987,0.026
Kenya,Ghana,1987,0.0460408
Kenya,Nigeria,1987,0.036419
Kenya,RESTO_DEL_MUNDO,1987,1033.89
Kenya,Senegal,1987,0.0429966
Kenya,South Africa,1987,0
Kenya,Zimbabwe,1987,6.897
Kenya,Angola,1988,1.26319
Kenya,Botswana,1988,0.523748
Kenya,Cameroon,1988,0.0302168
Kenya,Ghana,1988,0.0461191
Kenya,Nigeria,1988,0.218811
Kenya,RESTO_DEL_MUNDO,1988,1031.95
Kenya,Senegal,1988,0.0298771
Kenya,South Africa,1988,0
Kenya,Zimbabwe,1988,2.13638
Kenya,Angola,1989,1.14256
Kenya,Botswana,1989,0.473729
Kenya,Cameroon,1989,1.229
Kenya,Ghana,1989,0.0608109
Kenya,Nigeria,1989,0.426999
Kenya,RESTO_DEL_MUNDO,1989,1086.89
Kenya,Senegal,1989,0.0311341
Kenya,South Africa,1989,0
Kenya,Zimbabwe,1989,12.672
Kenya,Angola,1990,6.2667
Kenya,Botswana,1990,0
Kenya,Cameroon,1990,0.0183645
Kenya,Ghana,1990,0
Kenya,Nigeria,1990,0.381807
Kenya,RESTO_DEL_MUNDO,1990,1432.41
Kenya,Senegal,1990,0.0158155
Kenya,South Africa,1990,0.955
Kenya,Zimbabwe,1990,12.6762
Kenya,Angola,1991,0.022
Kenya,Botswana,1991,0
Kenya,Cameroon,1991,0.928729
Kenya,Ghana,1991,0.053
Kenya,Nigeria,1991,0.568076
Kenya,RESTO_DEL_MUNDO,1991,1300.86
Kenya,Senegal,1991,0.0576663
Kenya,South Africa,1991,3.66
Kenya,Zimbabwe,1991,6.06272
Kenya,Angola,1992,0.2926
Kenya,Botswana,1992,0
Kenya,Cameroon,1992,0.306
Kenya,Ghana,1992,0.349
Kenya,Nigeria,1992,4.0095
Kenya,RESTO_DEL_MUNDO,1992,1416.76
Kenya,Senegal,1992,0.0308991
Kenya,South Africa,1992,6.454
Kenya,Zimbabwe,1992,4.18231
Kenya,Angola,1993,0.0257735
Kenya,Botswana,1993,0.749517
Kenya,Cameroon,1993,0.191358
Kenya,Ghana,1993,0.448221
Kenya,Nigeria,1993,2.43193
Kenya,RESTO_DEL_MUNDO,1993,1492.63
Kenya,Senegal,1993,0.0205748
Kenya,South Africa,1993,0
Kenya,Zimbabwe,1993,3.96764
Kenya,Angola,1994,0.110749
Kenya,Botswana,1994,0
Kenya,Cameroon,1994,0.199926
Kenya,Ghana,1994,0.169617
Kenya,Nigeria,1994,1.74689
Kenya,RESTO_DEL_MUNDO,1994,1847.1
Kenya,Senegal,1994,0.063953
Kenya,South Africa,1994,9.64196
Kenya,Zimbabwe,1994,4.07577
Kenya,Angola,1995,0.435585
Kenya,Botswana,1995,0
Kenya,Cameroon,1995,0.568969
Kenya,Ghana,1995,0.398165
Kenya,Nigeria,1995,3.44556
Kenya,RESTO_DEL_MUNDO,1995,2135.08
Kenya,Senegal,1995,0.190072
Kenya,South Africa,1995,51.0737
Kenya,Zimbabwe,1995,3.668
Kenya,Angola,1996,0.782122
Kenya,Botswana,1996,0.152553
Kenya,Cameroon,1996,0.574721
Kenya,Ghana,1996,2.39624
Kenya,Nigeria,1996,3.56987
Kenya,RESTO_DEL_MUNDO,1996,2298.25
Kenya,Senegal,1996,0.243561
Kenya,South Africa,1996,41.6888
Kenya,Zimbabwe,1996,1.2436
Kenya,Angola,1997,0.245585
Kenya,Botswana,1997,0.183989
Kenya,Cameroon,1997,1.67218
Kenya,Ghana,1997,0.363598
Kenya,Nigeria,1997,2.95667
Kenya,RESTO_DEL_MUNDO,1997,2142.92
Kenya,Senegal,1997,0.47749
Kenya,South Africa,1997,17.0011
Kenya,Zimbabwe,1997,15.5427
Kenya,Angola,1998,0.247602
Kenya,Botswana,1998,0
Kenya,Cameroon,1998,2.64428
Kenya,Ghana,1998,0.298008
Kenya,Nigeria,1998,2.77196
Kenya,RESTO_DEL_MUNDO,1998,2135.01
Kenya,Senegal,1998,1.21088
Kenya,South Africa,1998,12.6971
Kenya,Zimbabwe,1998,8.19269
Kenya,Angola,1999,0.261708
Kenya,Botswana,1999,0
Kenya,Cameroon,1999,0.641547
Kenya,Ghana,1999,0.314985
Kenya,Nigeria,1999,2.74883
Kenya,RESTO_DEL_MUNDO,1999,2175.62
Kenya,Senegal,1999,0.125357
Kenya,South Africa,1999,6.59903
Kenya,Zimbabwe,1999,5.54019
Kenya,Angola,2000,0.0934857
Kenya,Botswana,2000,0.108484
Kenya,Cameroon,2000,0.18259
Kenya,Ghana,2000,1.30031
Kenya,Nigeria,2000,6.41512
Kenya,RESTO_DEL_MUNDO,2000,1986.41
Kenya,Senegal,2000,0.0967701
Kenya,South Africa,2000,6.62735
Kenya,Zimbabwe,2000,4.8436
Kenya,Angola,2001,0.430599
Kenya,Botswana,2001,0.164284
Kenya,Cameroon,2001,0.2933
Kenya,Ghana,2001,0.814251
Kenya,Nigeria,2001,7.93244
Kenya,RESTO_DEL_MUNDO,2001,2164.66
Kenya,Senegal,2001,0.22736
Kenya,South Africa,2001,11.0404
Kenya,Zimbabwe,2001,2.05131
Kenya,Angola,2002,0.903326
Kenya,Botswana,2002,0.105764
Kenya,Cameroon,2002,0.111937
Kenya,Ghana,2002,1.23668
Kenya,Nigeria,2002,11.6795
Kenya,RESTO_DEL_MUNDO,2002,2337.18
Kenya,Senegal,2002,0.501881
Kenya,South Africa,2002,11.2307
Kenya,Zimbabwe,2002,34.221
Kenya,Angola,2003,3.76453
Kenya,Botswana,2003,0.432323
Kenya,Cameroon,2003,0.196785
Kenya,Ghana,2003,4.85858
Kenya,Nigeria,2003,14.5201
Kenya,RESTO_DEL_MUNDO,2003,2759.53
Kenya,Senegal,2003,0.846412
Kenya,South Africa,2003,14.8974
Kenya,Zimbabwe,2003,0.69676
Kenya,Angola,2004,1.66602
Kenya,Botswana,2004,0.151414
Kenya,Cameroon,2004,1.95538
Kenya,Ghana,2004,2.80215
Kenya,Nigeria,2004,16.9128
Kenya,RESTO_DEL_MUNDO,2004,3141.97
Kenya,Senegal,2004,1.00822
Kenya,South Africa,2004,55.1177
Kenya,Zimbabwe,2004,1.93542
Kenya,Angola,2005,2.12134
Kenya,Botswana,2005,0.173002
Kenya,Cameroon,2005,2.23417
Kenya,Ghana,2005,3.20168
Kenya,Nigeria,2005,21.5351
Kenya,RESTO_DEL_MUNDO,2005,3449.1
Kenya,Senegal,2005,1.18644
Kenya,South Africa,2005,34.2523
Kenya,Zimbabwe,2005,5.41725
Kenya,Angola,2006,4.73602
Kenya,Botswana,2006,0.396825
Kenya,Cameroon,2006,0.635691
Kenya,Ghana,2006,5.50839
Kenya,Nigeria,2006,32.4124
Kenya,RESTO_DEL_MUNDO,2006,3663.67
Kenya,Senegal,2006,0.793204
Kenya,South Africa,2006,26.2527
Kenya,Zimbabwe,2006,2.10907
Kenya,Angola,2007,4.66752
Kenya,Botswana,2007,0.499916
Kenya,Cameroon,2007,0.566062
Kenya,Ghana,2007,6.63397
Kenya,Nigeria,2007,26.6881
Kenya,RESTO_DEL_MUNDO,2007,4291.22
Kenya,Senegal,2007,1.5064
Kenya,South Africa,2007,31.0582
Kenya,Zimbabwe,2007,3.53676
Kenya,Angola,2008,2.38411
Kenya,Botswana,2008,0.604476
Kenya,Cameroon,2008,0.699938
Kenya,Ghana,2008,7.26563
Kenya,Nigeria,2008,50.6388
Kenya,RESTO_DEL_MUNDO,2008,5274.01
Kenya,Senegal,2008,0.59074
Kenya,South Africa,2008,41.1073
Kenya,Zimbabwe,2008,2.92186
Kenya,Angola,2009,1.69112
Kenya,Botswana,2009,0.196655
Kenya,Cameroon,2009,0.501182
Kenya,Ghana,2009,8.25597
Kenya,Nigeria,2009,25.5484
Kenya,RESTO_DEL_MUNDO,2009,4887.93
Kenya,Senegal,2009,0.33489
Kenya,South Africa,2009,34.0822
Kenya,Zimbabwe,2009,4.93306
Kenya,Angola,2010,3.36438
Kenya,Botswana,2010,0.50139
Kenya,Cameroon,2010,1.03338
Kenya,Ghana,2010,9.13845
Kenya,Nigeria,2010,21.3833
Kenya,RESTO_DEL_MUNDO,2010,5410.22
Kenya,Senegal,2010,0.225473
Kenya,South Africa,2010,27.9263
Kenya,Zimbabwe,2010,9.89926
Kenya,Angola,2011,4.99214
Kenya,Botswana,2011,1.54807
Kenya,Cameroon,2011,0.610245
Kenya,Ghana,2011,5.0461
Kenya,Nigeria,2011,21.9307
Kenya,RESTO_DEL_MUNDO,2011,6529.34
Kenya,Senegal,2011,5.95867
Kenya,South Africa,2011,26.3412
Kenya,Zimbabwe,2011,19.1081
Kenya,Angola,2012,5.12211
Kenya,Botswana,2012,0.45276
Kenya,Cameroon,2012,0.354372
Kenya,Ghana,2012,4.73391
Kenya,Nigeria,2012,37.5811
Kenya,RESTO_DEL_MUNDO,2012,6742
Kenya,Senegal,2012,3.05242
Kenya,South Africa,2012,31.903
Kenya,Zimbabwe,2012,22.0376
Kenya,Angola,2013,2.25017
Kenya,Botswana,2013,4.09623
Kenya,Cameroon,2013,1.11429
Kenya,Ghana,2013,7.9416
Kenya,Nigeria,2013,29.5359
Kenya,RESTO_DEL_MUNDO,2013,6866.66
Kenya,Senegal,2013,1.54226
Kenya,South Africa,2013,27.7981
Kenya,Zimbabwe,2013,22.7513
Kenya,Angola,2014,2.14345
Kenya,Botswana,2014,4.29273
Kenya,Cameroon,2014,1.16774
Kenya,Ghana,2014,8.32257
Kenya,Nigeria,2014,28.1351
Kenya,RESTO_DEL_MUNDO,2014,7544.21
Kenya,Senegal,2014,0.662091
Kenya,South Africa,2014,37.0936
Kenya,Zimbabwe,2014,23.8427
Laos,Indonesia,1953,0
Laos,Philippines,1953,0
Laos,RESTO_DEL_MUNDO,1953,0
Laos,Thailand,1953,0
Laos,Indonesia,1954,0
Laos,Philippines,1954,0
Laos,RESTO_DEL_MUNDO,1954,0
Laos,Thailand,1954,0
Laos,Indonesia,1955,0
Laos,Philippines,1955,0
Laos,RESTO_DEL_MUNDO,1955,0.3
Laos,Thailand,1955,0.7
Laos,Indonesia,1956,0
Laos,Philippines,1956,0
Laos,RESTO_DEL_MUNDO,1956,0.4
Laos,Thailand,1956,0.5
Laos,Indonesia,1957,0
Laos,Malaysia,1957,0
Laos,Philippines,1957,0
Laos,RESTO_DEL_MUNDO,1957,0.2
Laos,Thailand,1957,1.1
Laos,Indonesia,1958,0
Laos,Malaysia,1958,0
Laos,Philippines,1958,0
Laos,RESTO_DEL_MUNDO,1958,0.6
Laos,Thailand,1958,1.5
Laos,Indonesia,1959,0
Laos,Malaysia,1959,0
Laos,Philippines,1959,0
Laos,RESTO_DEL_MUNDO,1959,13.6
Laos,Thailand,1959,0.8
Laos,Indonesia,1960,0
Laos,Malaysia,1960,0
Laos,Philippines,1960,0
Laos,RESTO_DEL_MUNDO,1960,18.1
Laos,Thailand,1960,0.8
Laos,Philippines,1961,0
Laos,RESTO_DEL_MUNDO,1961,0.3
Laos,Thailand,1961,1.4
Laos,Indonesia,1962,0
Laos,Malaysia,1962,0
Laos,Philippines,1962,0
Laos,RESTO_DEL_MUNDO,1962,0.237
Laos,Thailand,1962,0.1
Laos,Indonesia,1963,0
Laos,Malaysia,1963,0
Laos,Philippines,1963,0
Laos,RESTO_DEL_MUNDO,1963,0.1
Laos,Thailand,1963,0.1
Laos,Indonesia,1964,0
Laos,Malaysia,1964,0
Laos,Philippines,1964,0
Laos,RESTO_DEL_MUNDO,1964,0.3
Laos,Thailand,1964,0.1
Laos,Indonesia,1965,0
Laos,Malaysia,1965,0
Laos,Philippines,1965,0.4
Laos,RESTO_DEL_MUNDO,1965,0.1
Laos,Singapore,1965,0
Laos,Thailand,1965,0.4
Laos,Philippines,1966,0
Laos,RESTO_DEL_MUNDO,1966,1
Laos,Thailand,1966,0.5
Laos,Indonesia,1967,0
Laos,Malaysia,1967,1.57
Laos,Philippines,1967,0
Laos,RESTO_DEL_MUNDO,1967,0.187
Laos,Singapore,1967,0
Laos,Thailand,1967,1.3
Laos,Indonesia,1968,0
Laos,Malaysia,1968,0.91
Laos,Philippines,1968,0.1
Laos,RESTO_DEL_MUNDO,1968,0.258
Laos,Singapore,1968,1.08
Laos,Thailand,1968,1.4
Laos,Indonesia,1969,0
Laos,Malaysia,1969,1.89
Laos,Philippines,1969,0
Laos,RESTO_DEL_MUNDO,1969,0.449
Laos,Singapore,1969,0.05
Laos,Thailand,1969,1.53
Laos,Indonesia,1970,0.018
Laos,Malaysia,1970,1.8
Laos,Philippines,1970,0.6
Laos,RESTO_DEL_MUNDO,1970,1.13082
Laos,Singapore,1970,1.22
Laos,Thailand,1970,1.54
Laos,Indonesia,1971,0
Laos,Malaysia,1971,2.06
Laos,Philippines,1971,0.3
Laos,RESTO_DEL_MUNDO,1971,0.062
Laos,Singapore,1971,0.3
Laos,Thailand,1971,2.21
Laos,Indonesia,1972,0
Laos,Malaysia,1972,2.41
Laos,Philippines,1972,0
Laos,RESTO_DEL_MUNDO,1972,5.779
Laos,Singapore,1972,0.18
Laos,Thailand,1972,3.85
Laos,Indonesia,1973,0
Laos,Malaysia,1973,3.2
Laos,Philippines,1973,0
Laos,RESTO_DEL_MUNDO,1973,50.702
Laos,Singapore,1973,0.53
Laos,Thailand,1973,5.09
Laos,Indonesia,1974,0
Laos,Malaysia,1974,3.74
Laos,Philippines,1974,0
Laos,RESTO_DEL_MUNDO,1974,9.706
Laos,Singapore,1974,1.55
Laos,Thailand,1974,7.65
Laos,Malaysia,1975,2.48
Laos,Philippines,1975,0
Laos,RESTO_DEL_MUNDO,1975,4.81673
Laos,Singapore,1975,0.35
Laos,Thailand,1975,5.03
Laos,Malaysia,1976,2.63
Laos,Philippines,1976,0
Laos,RESTO_DEL_MUNDO,1976,4.76227
Laos,Singapore,1976,2.41
Laos,Thailand,1976,2.29
Laos,Malaysia,1977,2.34
Laos,Philippines,1977,0
Laos,RESTO_DEL_MUNDO,1977,5.11
Laos,Singapore,1977,2.56
Laos,Thailand,1977,2.39
Laos,Malaysia,1978,0.55
Laos,Philippines,1978,0
Laos,RESTO_DEL_MUNDO,1978,5.86
Laos,Singapore,1978,2.26
Laos,Thailand,1978,2.77
Laos,Malaysia,1979,0
Laos,Philippines,1979,0
Laos,RESTO_DEL_MUNDO,1979,12.723
Laos,Singapore,1979,1.82
Laos,Thailand,1979,2.64
Laos,Malaysia,1980,0.65
Laos,Philippines,1980,0
Laos,RESTO_DEL_MUNDO,1980,15.33
Laos,Singapore,1980,1.92
Laos,Thailand,1980,1.81
Laos,Indonesia,1981,0
Laos,Malaysia,1981,1.17
Laos,Philippines,1981,0
Laos,RESTO_DEL_MUNDO,1981,13.933
Laos,Singapore,1981,0.02
Laos,Thailand,1981,0.79
Laos,Vietnam,1981,0
Laos,Indonesia,1982,0
Laos,Malaysia,1982,10.9
Laos,Philippines,1982,0
Laos,RESTO_DEL_MUNDO,1982,12.8843
Laos,Singapore,1982,1.04
Laos,Thailand,1982,1.69
Laos,Vietnam,1982,0
Laos,Indonesia,1983,0
Laos,Malaysia,1983,13.01
Laos,Philippines,1983,0
Laos,RESTO_DEL_MUNDO,1983,12.2413
Laos,Singapore,1983,1.45
Laos,Thailand,1983,1.19
Laos,Vietnam,1983,0
Laos,Indonesia,1984,0
Laos,Malaysia,1984,0
Laos,Philippines,1984,0
Laos,RESTO_DEL_MUNDO,1984,10.01
Laos,Singapore,1984,0
Laos,Thailand,1984,1.02
Laos,Vietnam,1984,0
Laos,Indonesia,1985,0
Laos,Malaysia,1985,0
Laos,Philippines,1985,0
Laos,RESTO_DEL_MUNDO,1985,14.9499
Laos,Singapore,1985,1.74
Laos,Thailand,1985,1.18
Laos,Vietnam,1985,3.6
Laos,Indonesia,1986,0
Laos,Malaysia,1986,0.13
Laos,Philippines,1986,0
Laos,RESTO_DEL_MUNDO,1986,14.0848
Laos,Singapore,1986,0
Laos,Thailand,1986,1.28
Laos,Vietnam,1986,3.537
Laos,Indonesia,1987,0
Laos,Malaysia,1987,0.01
Laos,Philippines,1987,0
Laos,RESTO_DEL_MUNDO,1987,19.2846
Laos,Singapore,1987,0
Laos,Thailand,1987,5.94
Laos,Vietnam,1987,2.913
Laos,Indonesia,1988,0
Laos,Malaysia,1988,1.43
Laos,Philippines,1988,0
Laos,RESTO_DEL_MUNDO,1988,37.719
Laos,Singapore,1988,0
Laos,Thailand,1988,22.4196
Laos,Vietnam,1988,3.183
Laos,Indonesia,1989,0.01
Laos,Malaysia,1989,0.303388
Laos,Philippines,1989,0
Laos,RESTO_DEL_MUNDO,1989,54.8237
Laos,Singapore,1989,0
Laos,Thailand,1989,43.6662
Laos,Vietnam,1989,2.786
Laos,Indonesia,1990,0.007908
Laos,Malaysia,1990,0.153688
Laos,Philippines,1990,0.034751
Laos,RESTO_DEL_MUNDO,1990,22.3135
Laos,Singapore,1990,0
Laos,Thailand,1990,44.358
Laos,Vietnam,1990,3.917
Laos,Indonesia,1991,0.00305
Laos,Malaysia,1991,0.103035
Laos,Philippines,1991,0.118
Laos,RESTO_DEL_MUNDO,1991,39.4549
Laos,Singapore,1991,0
Laos,Thailand,1991,46.9884
Laos,Vietnam,1991,3.324
Laos,Indonesia,1992,0.101786
Laos,Malaysia,1992,0.113126
Laos,Philippines,1992,0.092
Laos,RESTO_DEL_MUNDO,1992,67.8175
Laos,Singapore,1992,0.484782
Laos,Thailand,1992,41.057
Laos,Vietnam,1992,7.666
Laos,Indonesia,1993,0.071786
Laos,Malaysia,1993,0.0281383
Laos,Philippines,1993,0.041
Laos,RESTO_DEL_MUNDO,1993,101.504
Laos,Singapore,1993,0.345167
Laos,Thailand,1993,63.1603
Laos,Vietnam,1993,41.869
Laos,Indonesia,1994,0
Laos,Malaysia,1994,0.743546
Laos,Philippines,1994,0
Laos,RESTO_DEL_MUNDO,1994,294.789
Laos,Singapore,1994,2.844
Laos,Thailand,1994,69.0576
Laos,Vietnam,1994,102.898
Laos,Indonesia,1995,0.026
Laos,Malaysia,1995,0.0108251
Laos,Philippines,1995,0
Laos,RESTO_DEL_MUNDO,1995,167.018
Laos,Singapore,1995,10.6373
Laos,Thailand,1995,69.7859
Laos,Vietnam,1995,84.032
Laos,Indonesia,1996,0.257
Laos,Malaysia,1996,0.0521107
Laos,Philippines,1996,0
Laos,RESTO_DEL_MUNDO,1996,171.251
Laos,Singapore,1996,3.75903
Laos,Thailand,1996,68.4505
Laos,Vietnam,1996,68.089
Laos,Indonesia,1997,0.650907
Laos,Malaysia,1997,0.0995792
Laos,Philippines,1997,0.00157
Laos,RESTO_DEL_MUNDO,1997,190.493
Laos,Singapore,1997,0.779757
Laos,Thailand,1997,59.8592
Laos,Vietnam,1997,52.676
Laos,Indonesia,1998,0.036977
Laos,Malaysia,1998,0.00267351
Laos,Philippines,1998,0.004293
Laos,RESTO_DEL_MUNDO,1998,169.054
Laos,Singapore,1998,0.706558
Laos,Thailand,1998,31.7004
Laos,Vietnam,1998,131.417
Laos,Indonesia,1999,0.111776
Laos,Malaysia,1999,0.0447316
Laos,Philippines,1999,0.011131
Laos,RESTO_DEL_MUNDO,1999,167.051
Laos,Singapore,1999,8.44209
Laos,Thailand,1999,56.7204
Laos,Vietnam,1999,197.384
Laos,Indonesia,2000,1.15874
Laos,Malaysia,2000,0.160437
Laos,Philippines,2000,0
Laos,RESTO_DEL_MUNDO,2000,156.097
Laos,Singapore,2000,0.886627
Laos,Thailand,2000,75.7725
Laos,Vietnam,2000,105.73
Laos,Indonesia,2001,0.2029
Laos,Malaysia,2001,0.312557
Laos,Philippines,2001,0.005867
Laos,RESTO_DEL_MUNDO,2001,155.09
Laos,Singapore,2001,0.429978
Laos,Thailand,2001,89.1246
Laos,Vietnam,2001,68
Laos,Indonesia,2002,0.1769
Laos,Malaysia,2002,0.38575
Laos,Philippines,2002,0.02499
Laos,RESTO_DEL_MUNDO,2002,158.993
Laos,Singapore,2002,0.498329
Laos,Thailand,2002,93.5135
Laos,Vietnam,2002,62.6
Laos,Indonesia,2003,3.32085
Laos,Malaysia,2003,0.169059
Laos,Philippines,2003,0.058306
Laos,RESTO_DEL_MUNDO,2003,175.771
Laos,Singapore,2003,0.257316
Laos,Thailand,2003,103.785
Laos,Vietnam,2003,60.7
Laos,Indonesia,2004,0.004098
Laos,Malaysia,2004,0.147017
Laos,Philippines,2004,0
Laos,RESTO_DEL_MUNDO,2004,218.382
Laos,Singapore,2004,0.646193
Laos,Thailand,2004,114.709
Laos,Vietnam,2004,74.3
Laos,Indonesia,2005,0.0644
Laos,Malaysia,2005,12.9599
Laos,Philippines,2005,0
Laos,RESTO_DEL_MUNDO,2005,255.864
Laos,Singapore,2005,1.45705
Laos,Thailand,2005,224.832
Laos,Vietnam,2005,97.5
Laos,Indonesia,2006,0.16659
Laos,Malaysia,2006,49.1114
Laos,Philippines,2006,0
Laos,RESTO_DEL_MUNDO,2006,352.201
Laos,Singapore,2006,0.566277
Laos,Thailand,2006,522.999
Laos,Vietnam,2006,166.6
Laos,Indonesia,2007,2.93541
Laos,Malaysia,2007,35.634
Laos,Philippines,2007,0.004666
Laos,RESTO_DEL_MUNDO,2007,412.912
Laos,Singapore,2007,1.28666
Laos,Thailand,2007,474.621
Laos,Vietnam,2007,211.3
Laos,Indonesia,2008,0.21083
Laos,Malaysia,2008,3.00074
Laos,Philippines,2008,0.003202
Laos,RESTO_DEL_MUNDO,2008,499.983
Laos,Singapore,2008,0.912047
Laos,Thailand,2008,616.872
Laos,Vietnam,2008,278.7
Laos,Indonesia,2009,0.438598
Laos,Malaysia,2009,0.157157
Laos,Philippines,2009,0.037616
Laos,RESTO_DEL_MUNDO,2009,642.415
Laos,Singapore,2009,0.254839
Laos,Thailand,2009,466.108
Laos,Vietnam,2009,248.5
Laos,Indonesia,2010,0.616099
Laos,Malaysia,2010,2.2324
Laos,Philippines,2010,0.0115137
Laos,RESTO_DEL_MUNDO,2010,958.774
Laos,Singapore,2010,2.81236
Laos,Thailand,2010,758.643
Laos,Vietnam,2010,291.748
Laos,Indonesia,2011,1.29178
Laos,Malaysia,2011,0.740528
Laos,Philippines,2011,0.0958331
Laos,RESTO_DEL_MUNDO,2011,1390.35
Laos,Singapore,2011,0.465102
Laos,Thailand,2011,1131.98
Laos,Vietnam,2011,460.02
Laos,Indonesia,2012,3.30125
Laos,Malaysia,2012,0.43861
Laos,Philippines,2012,0.0426041
Laos,RESTO_DEL_MUNDO,2012,1493.14
Laos,Singapore,2012,5.36577
Laos,Thailand,2012,1244.15
Laos,Vietnam,2012,444.705
Laos,Indonesia,2013,7.54514
Laos,Malaysia,2013,1.25717
Laos,Philippines,2013,0.0115841
Laos,RESTO_DEL_MUNDO,2013,1742.55
Laos,Singapore,2013,5.74811
Laos,Thailand,2013,1354.12
Laos,Vietnam,2013,668.049
Laos,Indonesia,2014,51.2581
Laos,Malaysia,2014,1.279
Laos,Philippines,2014,0.494091
Laos,RESTO_DEL_MUNDO,2014,2349.05
Laos,Singapore,2014,15.486
Laos,Thailand,2014,1411.79
Laos,Vietnam,2014,808.098
Lebanon,RESTO_DEL_MUNDO,1946,0
Lebanon,RESTO_DEL_MUNDO,1947,0
Lebanon,Iran,1948,0
Lebanon,RESTO_DEL_MUNDO,1948,0.005241
Lebanon,Saudi Arabia,1948,0
Lebanon,Iran,1949,0
Lebanon,RESTO_DEL_MUNDO,1949,0.970924
Lebanon,Saudi Arabia,1949,0
Lebanon,Iran,1950,0.1
Lebanon,RESTO_DEL_MUNDO,1950,24.3
Lebanon,Saudi Arabia,1950,6.2
Lebanon,Iran,1951,0.2
Lebanon,RESTO_DEL_MUNDO,1951,46.2
Lebanon,Saudi Arabia,1951,2.1
Lebanon,Iran,1952,0
Lebanon,RESTO_DEL_MUNDO,1952,53
Lebanon,Saudi Arabia,1952,1.9
Lebanon,Iran,1953,0.1
Lebanon,RESTO_DEL_MUNDO,1953,127.4
Lebanon,Saudi Arabia,1953,2.9
Lebanon,Iran,1954,3.4
Lebanon,RESTO_DEL_MUNDO,1954,150.1
Lebanon,Saudi Arabia,1954,3.7
Lebanon,Iran,1955,3.6
Lebanon,RESTO_DEL_MUNDO,1955,140.8
Lebanon,Saudi Arabia,1955,3.6
Lebanon,Iran,1956,9.1
Lebanon,RESTO_DEL_MUNDO,1956,153.1
Lebanon,Saudi Arabia,1956,5.1
Lebanon,Iran,1957,1.4
Lebanon,RESTO_DEL_MUNDO,1957,153.11
Lebanon,Saudi Arabia,1957,6.1
Lebanon,Iran,1958,1.1
Lebanon,RESTO_DEL_MUNDO,1958,100.49
Lebanon,Saudi Arabia,1958,4.2
Lebanon,Iran,1959,1.5
Lebanon,RESTO_DEL_MUNDO,1959,84.1
Lebanon,Saudi Arabia,1959,5.4
Lebanon,Iran,1960,6
Lebanon,RESTO_DEL_MUNDO,1960,95.54
Lebanon,Saudi Arabia,1960,3.9
Lebanon,Iran,1961,13.2
Lebanon,RESTO_DEL_MUNDO,1961,103.26
Lebanon,Saudi Arabia,1961,3.4
Lebanon,Iran,1962,1.4
Lebanon,RESTO_DEL_MUNDO,1962,119.9
Lebanon,Iran,1963,1.3
Lebanon,RESTO_DEL_MUNDO,1963,129.65
Lebanon,Saudi Arabia,1963,7.6
Lebanon,Iran,1964,1.7
Lebanon,RESTO_DEL_MUNDO,1964,170.86
Lebanon,Saudi Arabia,1964,17.3
Lebanon,Iran,1965,3.4
Lebanon,RESTO_DEL_MUNDO,1965,131.996
Lebanon,Saudi Arabia,1965,25.4
Lebanon,Iran,1966,2.8
Lebanon,RESTO_DEL_MUNDO,1966,147.203
Lebanon,Saudi Arabia,1966,22.5
Lebanon,Iran,1967,4.2
Lebanon,RESTO_DEL_MUNDO,1967,140.661
Lebanon,Saudi Arabia,1967,29.3
Lebanon,Iran,1968,5.2
Lebanon,RESTO_DEL_MUNDO,1968,214.988
Lebanon,Saudi Arabia,1968,59.3
Lebanon,Iran,1969,0.6
Lebanon,RESTO_DEL_MUNDO,1969,219.672
Lebanon,Saudi Arabia,1969,71.3
Lebanon,Iran,1970,0.35
Lebanon,RESTO_DEL_MUNDO,1970,231.512
Lebanon,Saudi Arabia,1970,80.7
Lebanon,Iran,1971,0.95
Lebanon,RESTO_DEL_MUNDO,1971,308.597
Lebanon,Saudi Arabia,1971,105.6
Lebanon,Iran,1972,2.11
Lebanon,RESTO_DEL_MUNDO,1972,413.084
Lebanon,Saudi Arabia,1972,139.7
Lebanon,Iran,1973,8.6
Lebanon,RESTO_DEL_MUNDO,1973,619.431
Lebanon,Saudi Arabia,1973,234.2
Lebanon,Iran,1974,13.6
Lebanon,RESTO_DEL_MUNDO,1974,1107.49
Lebanon,Saudi Arabia,1974,435.7
Lebanon,Iran,1975,43.1
Lebanon,RESTO_DEL_MUNDO,1975,710.109
Lebanon,Saudi Arabia,1975,436.9
Lebanon,Iran,1976,5.9
Lebanon,RESTO_DEL_MUNDO,1976,288.862
Lebanon,Saudi Arabia,1976,209.5
Lebanon,Iran,1977,4
Lebanon,RESTO_DEL_MUNDO,1977,370.902
Lebanon,Saudi Arabia,1977,330.4
Lebanon,Iran,1978,2
Lebanon,RESTO_DEL_MUNDO,1978,462.585
Lebanon,Saudi Arabia,1978,312.8
Lebanon,Iran,1979,4
Lebanon,RESTO_DEL_MUNDO,1979,526.28
Lebanon,Saudi Arabia,1979,344.9
Lebanon,Iran,1980,8
Lebanon,RESTO_DEL_MUNDO,1980,548.582
Lebanon,Saudi Arabia,1980,374.6
Lebanon,Iran,1981,5
Lebanon,RESTO_DEL_MUNDO,1981,524.508
Lebanon,Saudi Arabia,1981,379.4
Lebanon,Iran,1982,2
Lebanon,RESTO_DEL_MUNDO,1982,473.129
Lebanon,Saudi Arabia,1982,314
Lebanon,Iran,1983,2
Lebanon,RESTO_DEL_MUNDO,1983,387.541
Lebanon,Saudi Arabia,1983,238.4
Lebanon,Iran,1984,1
Lebanon,RESTO_DEL_MUNDO,1984,314.02
Lebanon,Saudi Arabia,1984,157.5
Lebanon,Iran,1985,1
Lebanon,RESTO_DEL_MUNDO,1985,352.378
Lebanon,Saudi Arabia,1985,74
Lebanon,Iran,1986,0
Lebanon,RESTO_DEL_MUNDO,1986,408.393
Lebanon,Saudi Arabia,1986,63.6
Lebanon,Iran,1987,1
Lebanon,RESTO_DEL_MUNDO,1987,455.22
Lebanon,Saudi Arabia,1987,83.9
Lebanon,Iran,1988,1
Lebanon,RESTO_DEL_MUNDO,1988,549.728
Lebanon,Saudi Arabia,1988,139.726
Lebanon,Iran,1989,2
Lebanon,RESTO_DEL_MUNDO,1989,407.239
Lebanon,Saudi Arabia,1989,99.2582
Lebanon,Iran,1990,3.5
Lebanon,RESTO_DEL_MUNDO,1990,410.252
Lebanon,Saudi Arabia,1990,90.9744
Lebanon,Iran,1991,8.2
Lebanon,RESTO_DEL_MUNDO,1991,481.912
Lebanon,Saudi Arabia,1991,122.049
Lebanon,Iran,1992,10.5
Lebanon,RESTO_DEL_MUNDO,1992,625.889
Lebanon,Saudi Arabia,1992,109.632
Lebanon,Iran,1993,2.4
Lebanon,RESTO_DEL_MUNDO,1993,587.135
Lebanon,Saudi Arabia,1993,108.939
Lebanon,Iran,1994,0
Lebanon,RESTO_DEL_MUNDO,1994,598.01
Lebanon,Saudi Arabia,1994,103.682
Lebanon,Iran,1995,0.3
Lebanon,RESTO_DEL_MUNDO,1995,662.098
Lebanon,Saudi Arabia,1995,93.5511
Lebanon,Iran,1996,0.7
Lebanon,RESTO_DEL_MUNDO,1996,755.619
Lebanon,Saudi Arabia,1996,110.11
Lebanon,Iran,1997,0.3
Lebanon,RESTO_DEL_MUNDO,1997,774.511
Lebanon,Saudi Arabia,1997,67.4318
Lebanon,Iran,1998,0.767
Lebanon,RESTO_DEL_MUNDO,1998,818.45
Lebanon,Saudi Arabia,1998,69.4035
Lebanon,Iran,1999,1.12
Lebanon,RESTO_DEL_MUNDO,1999,810.643
Lebanon,Saudi Arabia,1999,64.5012
Lebanon,Iran,2000,3.67381
Lebanon,RESTO_DEL_MUNDO,2000,829.889
Lebanon,Saudi Arabia,2000,46.0037
Lebanon,Iran,2001,14.2752
Lebanon,RESTO_DEL_MUNDO,2001,1031.17
Lebanon,Saudi Arabia,2001,125.534
Lebanon,Iran,2002,30.452
Lebanon,RESTO_DEL_MUNDO,2002,1089.16
Lebanon,Saudi Arabia,2002,87.1492
Lebanon,Iran,2003,54
Lebanon,RESTO_DEL_MUNDO,2003,1358.31
Lebanon,Saudi Arabia,2003,99.7938
Lebanon,Iran,2004,132
Lebanon,RESTO_DEL_MUNDO,2004,2161.29
Lebanon,Saudi Arabia,2004,111.677
Lebanon,Iran,2005,54.9471
Lebanon,RESTO_DEL_MUNDO,2005,1938.73
Lebanon,Saudi Arabia,2005,128.995
Lebanon,Iran,2006,44.9786
Lebanon,RESTO_DEL_MUNDO,2006,1967.85
Lebanon,Saudi Arabia,2006,160.825
Lebanon,Iran,2007,31.8468
Lebanon,RESTO_DEL_MUNDO,2007,2682
Lebanon,Saudi Arabia,2007,206.036
Lebanon,Iran,2008,97.6424
Lebanon,RESTO_DEL_MUNDO,2008,3380.91
Lebanon,Saudi Arabia,2008,229.746
Lebanon,Iran,2009,99.9837
Lebanon,RESTO_DEL_MUNDO,2009,2787.21
Lebanon,Saudi Arabia,2009,267.084
Lebanon,Iran,2010,74.3
Lebanon,RESTO_DEL_MUNDO,2010,3070.06
Lebanon,Saudi Arabia,2010,270.525
Lebanon,Iran,2011,14.5265
Lebanon,RESTO_DEL_MUNDO,2011,3256.07
Lebanon,Saudi Arabia,2011,338.711
Lebanon,Iran,2012,5.46964
Lebanon,RESTO_DEL_MUNDO,2012,3282.5
Lebanon,Saudi Arabia,2012,394.834
Lebanon,Iran,2013,6.12399
Lebanon,RESTO_DEL_MUNDO,2013,3549.11
Lebanon,Saudi Arabia,2013,442.069
Lebanon,Iran,2014,3.86135
Lebanon,RESTO_DEL_MUNDO,2014,3114.78
Lebanon,Saudi Arabia,2014,405.04
Malaysia,RESTO_DEL_MUNDO,1957,0
Malaysia,Thailand,1957,0
Malaysia,RESTO_DEL_MUNDO,1958,0
Malaysia,Thailand,1958,0
Malaysia,RESTO_DEL_MUNDO,1959,0
Malaysia,Thailand,1959,0
Malaysia,RESTO_DEL_MUNDO,1960,0
Malaysia,Thailand,1960,0
Malaysia,RESTO_DEL_MUNDO,1961,1.9
Malaysia,Thailand,1961,0
Malaysia,RESTO_DEL_MUNDO,1962,1.664
Malaysia,Thailand,1962,0
Malaysia,RESTO_DEL_MUNDO,1963,0.9
Malaysia,Thailand,1963,0
Malaysia,RESTO_DEL_MUNDO,1964,0
Malaysia,Thailand,1964,0
Malaysia,RESTO_DEL_MUNDO,1965,0.2
Malaysia,Thailand,1965,0
Malaysia,RESTO_DEL_MUNDO,1966,959.301
Malaysia,Thailand,1966,11.2
Malaysia,RESTO_DEL_MUNDO,1967,1078.36
Malaysia,Singapore,1967,276.58
Malaysia,Thailand,1967,8.9
Malaysia,RESTO_DEL_MUNDO,1968,1212.84
Malaysia,Singapore,1968,342.98
Malaysia,Thailand,1968,9.9
Malaysia,RESTO_DEL_MUNDO,1969,1483.03
Malaysia,Singapore,1969,456.16
Malaysia,Thailand,1969,11.92
Malaysia,RESTO_DEL_MUNDO,1970,1504.04
Malaysia,Singapore,1970,458.54
Malaysia,Thailand,1970,6.97
Malaysia,RESTO_DEL_MUNDO,1971,1414.83
Malaysia,Singapore,1971,471.64
Malaysia,Thailand,1971,22.01
Malaysia,RESTO_DEL_MUNDO,1972,1470.32
Malaysia,Singapore,1972,536.1
Malaysia,Thailand,1972,23.57
Malaysia,RESTO_DEL_MUNDO,1973,2717.44
Malaysia,Singapore,1973,840.44
Malaysia,Thailand,1973,13.75
Malaysia,RESTO_DEL_MUNDO,1974,3847.03
Malaysia,Singapore,1974,1091.91
Malaysia,Thailand,1974,8.89
Malaysia,RESTO_DEL_MUNDO,1975,3243.39
Malaysia,Singapore,1975,941.69
Malaysia,Thailand,1975,13.91
Malaysia,RESTO_DEL_MUNDO,1976,4599.75
Malaysia,Singapore,1976,1297.48
Malaysia,Thailand,1976,19.44
Malaysia,RESTO_DEL_MUNDO,1977,5866.53
Malaysia,Singapore,1977,1421.18
Malaysia,Thailand,1977,43.97
Malaysia,RESTO_DEL_MUNDO,1978,6656.8
Malaysia,Singapore,1978,1673.05
Malaysia,Thailand,1978,67.24
Malaysia,RESTO_DEL_MUNDO,1979,9864.54
Malaysia,Singapore,1979,2480.87
Malaysia,Thailand,1979,121.97
Malaysia,RESTO_DEL_MUNDO,1980,11314.6
Malaysia,Singapore,1980,3323.41
Malaysia,Thailand,1980,165.86
Malaysia,RESTO_DEL_MUNDO,1981,9899.42
Malaysia,Singapore,1981,3412.18
Malaysia,Thailand,1981,268.54
Malaysia,RESTO_DEL_MUNDO,1982,9287.02
Malaysia,Singapore,1982,3777.63
Malaysia,Thailand,1982,444.1
Malaysia,RESTO_DEL_MUNDO,1983,10217.9
Malaysia,Singapore,1983,4087.98
Malaysia,Thailand,1983,553.83
Malaysia,RESTO_DEL_MUNDO,1984,13386.7
Malaysia,Singapore,1984,4305.88
Malaysia,Thailand,1984,504.68
Malaysia,RESTO_DEL_MUNDO,1985,12744.3
Malaysia,Singapore,1985,3736.16
Malaysia,Thailand,1985,547.04
Malaysia,RESTO_DEL_MUNDO,1986,11869.4
Malaysia,Singapore,1986,3400.24
Malaysia,Thailand,1986,384.79
Malaysia,RESTO_DEL_MUNDO,1987,14813.7
Malaysia,Singapore,1987,4510.74
Malaysia,Thailand,1987,521.26
Malaysia,RESTO_DEL_MUNDO,1988,17633.7
Malaysia,Singapore,1988,6430.73
Malaysia,Thailand,1988,425.828
Malaysia,RESTO_DEL_MUNDO,1989,19871.1
Malaysia,Singapore,1989,6518.42
Malaysia,Thailand,1989,649.743
Malaysia,RESTO_DEL_MUNDO,1990,23403.9
Malaysia,Singapore,1990,8256.64
Malaysia,Thailand,1990,1125.43
Malaysia,RESTO_DEL_MUNDO,1991,27431.6
Malaysia,Singapore,1991,10128.1
Malaysia,Thailand,1991,1190.46
Malaysia,RESTO_DEL_MUNDO,1992,32106.2
Malaysia,Singapore,1992,10608.9
Malaysia,Thailand,1992,1595.2
Malaysia,RESTO_DEL_MUNDO,1993,37131.1
Malaysia,Singapore,1993,14042
Malaysia,Thailand,1993,1674.38
Malaysia,RESTO_DEL_MUNDO,1994,44664.9
Malaysia,Singapore,1994,16724.6
Malaysia,Thailand,1994,2640.6
Malaysia,RESTO_DEL_MUNDO,1995,59685.8
Malaysia,Singapore,1995,19250.4
Malaysia,Thailand,1995,3234.6
Malaysia,RESTO_DEL_MUNDO,1996,63274.5
Malaysia,Singapore,1996,19721.9
Malaysia,Thailand,1996,3605.87
Malaysia,RESTO_DEL_MUNDO,1997,65169.2
Malaysia,Singapore,1997,19955.4
Malaysia,Thailand,1997,3019.18
Malaysia,RESTO_DEL_MUNDO,1998,63389.6
Malaysia,Singapore,1998,15691.5
Malaysia,Thailand,1998,2198.3
Malaysia,RESTO_DEL_MUNDO,1999,76302.2
Malaysia,Singapore,1999,17292.3
Malaysia,Thailand,1999,2511.96
Malaysia,RESTO_DEL_MUNDO,2000,92257.1
Malaysia,Singapore,2000,22847.6
Malaysia,Thailand,2000,3344.34
Malaysia,RESTO_DEL_MUNDO,2001,85326.3
Malaysia,Singapore,2001,20094.1
Malaysia,Thailand,2001,3077.67
Malaysia,RESTO_DEL_MUNDO,2002,89895.6
Malaysia,Singapore,2002,21218.2
Malaysia,Thailand,2002,3639.87
Malaysia,RESTO_DEL_MUNDO,2003,106222
Malaysia,Singapore,2003,21549.3
Malaysia,Thailand,2003,4540.2
Malaysia,RESTO_DEL_MUNDO,2004,127280
Malaysia,Singapore,2004,24956
Malaysia,Thailand,2004,5548.63
Malaysia,RESTO_DEL_MUNDO,2005,140143
Malaysia,Singapore,2005,27347.2
Malaysia,Thailand,2005,8091.85
Malaysia,RESTO_DEL_MUNDO,2006,158675
Malaysia,Singapore,2006,31156.9
Malaysia,Thailand,2006,8598.76
Malaysia,RESTO_DEL_MUNDO,2007,178367
Malaysia,Singapore,2007,34419.2
Malaysia,Thailand,2007,8702.04
Malaysia,RESTO_DEL_MUNDO,2008,200289
Malaysia,Singapore,2008,38140.3
Malaysia,Thailand,2008,9725.62
Malaysia,RESTO_DEL_MUNDO,2009,162791
Malaysia,Singapore,2009,28554.2
Malaysia,Thailand,2009,8642.46
Malaysia,RESTO_DEL_MUNDO,2010,215157
Malaysia,Singapore,2010,36358.3
Malaysia,Thailand,2010,10856.9
Malaysia,RESTO_DEL_MUNDO,2011,251831
Malaysia,Singapore,2011,39131.5
Malaysia,Thailand,2011,12351.9
Malaysia,RESTO_DEL_MUNDO,2012,246308
Malaysia,Singapore,2012,40418.4
Malaysia,Thailand,2012,13189.6
Malaysia,RESTO_DEL_MUNDO,2013,249201
Malaysia,Singapore,2013,40833.3
Malaysia,Thailand,2013,13238.1
Malaysia,RESTO_DEL_MUNDO,2014,252974
Malaysia,Singapore,2014,39041.2
Malaysia,Thailand,2014,12760
Malta,Cyprus,1964,0
Malta,RESTO_DEL_MUNDO,1964,12.32
Malta,Cyprus,1965,0.1
Malta,RESTO_DEL_MUNDO,1965,16.02
Malta,Cyprus,1966,0.1
Malta,RESTO_DEL_MUNDO,1966,20.02
Malta,Cyprus,1967,0.08
Malta,RESTO_DEL_MUNDO,1967,21.19
Malta,Cyprus,1968,0.1
Malta,RESTO_DEL_MUNDO,1968,25.589
Malta,Cyprus,1969,0.124
Malta,RESTO_DEL_MUNDO,1969,28.1718
Malta,Cyprus,1970,0.063
Malta,RESTO_DEL_MUNDO,1970,28.0782
Malta,Cyprus,1971,0.235
Malta,RESTO_DEL_MUNDO,1971,32.316
Malta,Cyprus,1972,0.323
Malta,RESTO_DEL_MUNDO,1972,48.2938
Malta,Cyprus,1973,0.18
Malta,RESTO_DEL_MUNDO,1973,77.1805
Malta,Cyprus,1974,0.082
Malta,RESTO_DEL_MUNDO,1974,145.575
Malta,Cyprus,1975,0.066
Malta,RESTO_DEL_MUNDO,1975,103.447
Malta,Cyprus,1976,0.108
Malta,RESTO_DEL_MUNDO,1976,141.793
Malta,Cyprus,1977,0.258
Malta,RESTO_DEL_MUNDO,1977,168.805
Malta,Cyprus,1978,0.213
Malta,RESTO_DEL_MUNDO,1978,240.299
Malta,Cyprus,1979,0.175
Malta,RESTO_DEL_MUNDO,1979,301.064
Malta,Cyprus,1980,0.146
Malta,RESTO_DEL_MUNDO,1980,343.616
Malta,Cyprus,1981,0.122
Malta,RESTO_DEL_MUNDO,1981,313.622
Malta,Cyprus,1982,0.346
Malta,RESTO_DEL_MUNDO,1982,260.733
Malta,Cyprus,1983,0.424
Malta,RESTO_DEL_MUNDO,1983,263.59
Malta,Cyprus,1984,0.1
Malta,RESTO_DEL_MUNDO,1984,276.489
Malta,Cyprus,1985,0.07
Malta,RESTO_DEL_MUNDO,1985,303.447
Malta,Cyprus,1986,0.1
Malta,RESTO_DEL_MUNDO,1986,344.952
Malta,Cyprus,1987,0.109
Malta,RESTO_DEL_MUNDO,1987,384.019
Malta,Cyprus,1988,0.337642
Malta,RESTO_DEL_MUNDO,1988,601.35
Malta,Cyprus,1989,0.261591
Malta,RESTO_DEL_MUNDO,1989,724.297
Malta,Cyprus,1990,0.388289
Malta,RESTO_DEL_MUNDO,1990,1182.04
Malta,Cyprus,1991,2.02384
Malta,RESTO_DEL_MUNDO,1991,1209.58
Malta,Cyprus,1992,0.360361
Malta,RESTO_DEL_MUNDO,1992,1538.25
Malta,Cyprus,1993,0.0878955
Malta,RESTO_DEL_MUNDO,1993,1445.18
Malta,Cyprus,1994,0.160587
Malta,RESTO_DEL_MUNDO,1994,1684.12
Malta,Cyprus,1995,0.885838
Malta,RESTO_DEL_MUNDO,1995,1914
Malta,Cyprus,1996,1.99223
Malta,RESTO_DEL_MUNDO,1996,1701.14
Malta,Cyprus,1997,0.813392
Malta,RESTO_DEL_MUNDO,1997,1543.81
Malta,Cyprus,1998,0.620025
Malta,RESTO_DEL_MUNDO,1998,2006.38
Malta,Cyprus,1999,1.42518
Malta,RESTO_DEL_MUNDO,1999,1995.93
Malta,Cyprus,2000,3.90097
Malta,RESTO_DEL_MUNDO,2000,2360.99
Malta,Cyprus,2001,18.2676
Malta,RESTO_DEL_MUNDO,2001,2286.38
Malta,Cyprus,2002,2.99995
Malta,RESTO_DEL_MUNDO,2002,2589.32
Malta,Cyprus,2003,1.04588
Malta,RESTO_DEL_MUNDO,2003,3020.58
Malta,Cyprus,2004,0.992477
Malta,RESTO_DEL_MUNDO,2004,3297.87
Malta,Cyprus,2005,8.6629
Malta,RESTO_DEL_MUNDO,2005,3195.71
Malta,Cyprus,2006,4.0102
Malta,RESTO_DEL_MUNDO,2006,3954.04
Malta,Cyprus,2007,48.8647
Malta,RESTO_DEL_MUNDO,2007,4536.96
Malta,Cyprus,2008,218.398
Malta,RESTO_DEL_MUNDO,2008,6046.32
Malta,Cyprus,2009,112.308
Malta,RESTO_DEL_MUNDO,2009,4617.78
Malta,Cyprus,2010,129.036
Malta,RESTO_DEL_MUNDO,2010,6098.41
Malta,Cyprus,2011,5.9796
Malta,RESTO_DEL_MUNDO,2011,6351.24
Malta,Cyprus,2012,9.6914
Malta,RESTO_DEL_MUNDO,2012,6440.36
Malta,Cyprus,2013,6.8268
Malta,RESTO_DEL_MUNDO,2013,6414.22
Malta,Cyprus,2014,13.7535
Malta,RESTO_DEL_MUNDO,2014,5638.98
Mexico,RESTO_DEL_MUNDO,1900,6.56
Mexico,United States,1900,28.85
Mexico,RESTO_DEL_MUNDO,1901,4.91
Mexico,United States,1901,40.38
Mexico,Cuba,1902,3.14
Mexico,RESTO_DEL_MUNDO,1902,8.38
Mexico,United States,1902,41.31
Mexico,Cuba,1903,2.65
Mexico,RESTO_DEL_MUNDO,1903,15.49
Mexico,United States,1903,43.62
Mexico,RESTO_DEL_MUNDO,1904,18.06
Mexico,United States,1904,46.47
Mexico,RESTO_DEL_MUNDO,1905,33.15
Mexico,United States,1905,50.96
Mexico,RESTO_DEL_MUNDO,1906,16.89
Mexico,United States,1906,57.23
Mexico,RESTO_DEL_MUNDO,1907,25.32
Mexico,United States,1907,46.94
Mexico,RESTO_DEL_MUNDO,1908,23.34
Mexico,United States,1908,47.71
Mexico,RESTO_DEL_MUNDO,1909,26.7
Mexico,United States,1909,58.79
Mexico,RESTO_DEL_MUNDO,1910,25.92
Mexico,United States,1910,57.45
Mexico,RESTO_DEL_MUNDO,1911,38.94
Mexico,United States,1911,57
Mexico,RESTO_DEL_MUNDO,1912,32.5835
Mexico,United States,1912,76.76
Mexico,Cuba,1913,1.22
Mexico,RESTO_DEL_MUNDO,1913,29.38
Mexico,United States,1913,81.73
Mexico,RESTO_DEL_MUNDO,1919,3.45023
Mexico,Canada,1920,0.67
Mexico,Cuba,1920,4.8
Mexico,Guatemala,1920,0.22
Mexico,RESTO_DEL_MUNDO,1920,52.45
Mexico,United States,1920,179.33
Mexico,Canada,1921,3.67
Mexico,Cuba,1921,7.7
Mexico,Guatemala,1921,0.1
Mexico,RESTO_DEL_MUNDO,1921,52.6384
Mexico,United States,1921,119.29
Mexico,Canada,1922,4.53
Mexico,Cuba,1922,3.73
Mexico,Guatemala,1922,0.07
Mexico,RESTO_DEL_MUNDO,1922,59.7331
Mexico,United States,1922,132.08
Mexico,Canada,1923,2.84
Mexico,Cuba,1923,5.74
Mexico,Guatemala,1923,0.12
Mexico,RESTO_DEL_MUNDO,1923,50.4892
Mexico,United States,1923,140.14
Mexico,Canada,1924,1.66
Mexico,Cuba,1924,7.81
Mexico,Guatemala,1924,0.19
Mexico,RESTO_DEL_MUNDO,1924,53.1483
Mexico,United States,1924,167.08
Mexico,Canada,1925,1.81
Mexico,Cuba,1925,8.63
Mexico,RESTO_DEL_MUNDO,1925,107.566
Mexico,United States,1925,255.8
Mexico,Cuba,1926,6.71
Mexico,Guatemala,1926,2.67
Mexico,RESTO_DEL_MUNDO,1926,64.4379
Mexico,Canada,1927,0.43
Mexico,Cuba,1927,2.97
Mexico,Guatemala,1927,0.64
Mexico,RESTO_DEL_MUNDO,1927,85.8592
Mexico,United States,1927,137.81
Mexico,Canada,1928,0.62
Mexico,Cuba,1928,1.74
Mexico,Guatemala,1928,0.41
Mexico,RESTO_DEL_MUNDO,1928,85.4262
Mexico,United States,1928,124.53
Mexico,Canada,1929,0.36
Mexico,Cuba,1929,1.38
Mexico,Guatemala,1929,0.3
Mexico,RESTO_DEL_MUNDO,1929,99.8409
Mexico,United States,1929,118
Mexico,Cuba,1930,1.15
Mexico,RESTO_DEL_MUNDO,1930,36.8679
Mexico,Canada,1931,0.14
Mexico,Cuba,1931,1.44
Mexico,Guatemala,1931,0.19
Mexico,RESTO_DEL_MUNDO,1931,41.6178
Mexico,United States,1931,48
Mexico,Canada,1932,0.06
Mexico,Cuba,1932,0.83
Mexico,Guatemala,1932,0.18
Mexico,RESTO_DEL_MUNDO,1932,19.8962
Mexico,United States,1932,37
Mexico,Canada,1933,0.19
Mexico,Cuba,1933,0.63
Mexico,Guatemala,1933,0.2
Mexico,RESTO_DEL_MUNDO,1933,46.6532
Mexico,United States,1933,31
Mexico,Canada,1934,0.16
Mexico,Cuba,1934,1.12
Mexico,Guatemala,1934,0.2
Mexico,RESTO_DEL_MUNDO,1934,71.4137
Mexico,United States,1934,36
Mexico,Canada,1935,1
Mexico,Cuba,1935,1
Mexico,Guatemala,1935,1
Mexico,RESTO_DEL_MUNDO,1935,59.2919
Mexico,United States,1935,43
Mexico,Canada,1936,0.02
Mexico,Cuba,1936,1.14
Mexico,Guatemala,1936,0.37
Mexico,RESTO_DEL_MUNDO,1936,67.2301
Mexico,United States,1936,49
Mexico,Canada,1937,0.08
Mexico,Cuba,1937,1.5
Mexico,Guatemala,1937,0.26
Mexico,RESTO_DEL_MUNDO,1937,90.3662
Mexico,United States,1937,60
Mexico,Canada,1938,1
Mexico,Cuba,1938,0.72
Mexico,Guatemala,1938,0.14
Mexico,RESTO_DEL_MUNDO,1938,44.7858
Mexico,United States,1938,49
Mexico,Cuba,1939,0.76
Mexico,RESTO_DEL_MUNDO,1939,31.2839
Mexico,Cuba,1940,0
Mexico,RESTO_DEL_MUNDO,1940,6.28
Mexico,Cuba,1941,0
Mexico,RESTO_DEL_MUNDO,1941,11.01
Mexico,Cuba,1942,0
Mexico,RESTO_DEL_MUNDO,1942,0.3
Mexico,Cuba,1943,0
Mexico,RESTO_DEL_MUNDO,1943,0
Mexico,Cuba,1944,0
Mexico,RESTO_DEL_MUNDO,1944,0.15
Mexico,Cuba,1945,0
Mexico,RESTO_DEL_MUNDO,1945,0.54
Mexico,RESTO_DEL_MUNDO,1946,10.8708
Mexico,RESTO_DEL_MUNDO,1947,71.3924
Mexico,Canada,1948,29.9
Mexico,Costa Rica,1948,0.6
Mexico,Cuba,1948,11.99
Mexico,El Salvador,1948,0.9
Mexico,Guatemala,1948,2.8
Mexico,Nicaragua,1948,0.99
Mexico,Panama,1948,0.99
Mexico,RESTO_DEL_MUNDO,1948,100.84
Mexico,United States,1948,312
Mexico,Canada,1949,26.8
Mexico,Costa Rica,1949,0.4
Mexico,Cuba,1949,6.49
Mexico,El Salvador,1949,0.8
Mexico,Guatemala,1949,3.3
Mexico,Nicaragua,1949,0.33
Mexico,Panama,1949,0.77
Mexico,RESTO_DEL_MUNDO,1949,98.58
Mexico,United States,1949,274
Mexico,Canada,1950,33.2
Mexico,Costa Rica,1950,0.6
Mexico,Cuba,1950,7.15
Mexico,Dominican Republic,1950,0.55
Mexico,El Salvador,1950,1
Mexico,Guatemala,1950,4.5
Mexico,Nicaragua,1950,0.55
Mexico,Panama,1950,1.1
Mexico,RESTO_DEL_MUNDO,1950,92.3
Mexico,United States,1950,338
Mexico,Canada,1951,18.8
Mexico,Costa Rica,1951,0.6
Mexico,Cuba,1951,5.5
Mexico,Dominican Republic,1951,0.44
Mexico,El Salvador,1951,0.8
Mexico,Guatemala,1951,3.9
Mexico,Nicaragua,1951,0.88
Mexico,Panama,1951,0.66
Mexico,RESTO_DEL_MUNDO,1951,201.42
Mexico,United States,1951,372
Mexico,Canada,1952,26.8
Mexico,Costa Rica,1952,0.5
Mexico,Cuba,1952,8.14
Mexico,Dominican Republic,1952,0.55
Mexico,El Salvador,1952,1.1
Mexico,Guatemala,1952,3.5
Mexico,Nicaragua,1952,0.88
Mexico,Panama,1952,0.66
Mexico,RESTO_DEL_MUNDO,1952,195.85
Mexico,United States,1952,458
Mexico,Canada,1953,17.6
Mexico,Costa Rica,1953,0.7
Mexico,Cuba,1953,5.5
Mexico,Dominican Republic,1953,0.55
Mexico,El Salvador,1953,1.2
Mexico,Guatemala,1953,3.4
Mexico,Nicaragua,1953,0.66
Mexico,Panama,1953,0.33
Mexico,RESTO_DEL_MUNDO,1953,155.56
Mexico,United States,1953,405
Mexico,Canada,1954,15.8
Mexico,Costa Rica,1954,0.8
Mexico,Cuba,1954,6.93
Mexico,Dominican Republic,1954,0.66
Mexico,El Salvador,1954,1.3
Mexico,Guatemala,1954,3.7
Mexico,Nicaragua,1954,0.66
Mexico,Panama,1954,0.44
Mexico,RESTO_DEL_MUNDO,1954,174.24
Mexico,United States,1954,380
Mexico,Canada,1955,32
Mexico,Costa Rica,1955,0.9
Mexico,Cuba,1955,10.12
Mexico,Dominican Republic,1955,0.77
Mexico,El Salvador,1955,1.5
Mexico,Guatemala,1955,5.7
Mexico,Nicaragua,1955,0.7
Mexico,Panama,1955,0.44
Mexico,RESTO_DEL_MUNDO,1955,279.8
Mexico,United States,1955,449
Mexico,Canada,1956,46.3
Mexico,Costa Rica,1956,0.7
Mexico,Cuba,1956,6.71
Mexico,Dominican Republic,1956,0.77
Mexico,El Salvador,1956,2.7
Mexico,Guatemala,1956,5.17
Mexico,Nicaragua,1956,0.7
Mexico,Panama,1956,0.44
Mexico,RESTO_DEL_MUNDO,1956,372.31
Mexico,United States,1956,453
Mexico,Canada,1957,24.1
Mexico,Costa Rica,1957,0.9
Mexico,Cuba,1957,5.72
Mexico,Dominican Republic,1957,0.5
Mexico,El Salvador,1957,2.2
Mexico,Guatemala,1957,6.05
Mexico,Nicaragua,1957,0.9
Mexico,Panama,1957,0.44
Mexico,RESTO_DEL_MUNDO,1957,263.83
Mexico,United States,1957,485
Mexico,Canada,1958,36.4
Mexico,Costa Rica,1958,1.6
Mexico,Cuba,1958,3
Mexico,Dominican Republic,1958,0.4
Mexico,El Salvador,1958,2.1
Mexico,Guatemala,1958,5.1
Mexico,Nicaragua,1958,1.1
Mexico,Panama,1958,0.55
Mexico,RESTO_DEL_MUNDO,1958,272.33
Mexico,United States,1958,519
Mexico,Canada,1959,39.7
Mexico,Costa Rica,1959,1.2
Mexico,Cuba,1959,2.4
Mexico,Dominican Republic,1959,0.44
Mexico,El Salvador,1959,1.8
Mexico,Guatemala,1959,3.3
Mexico,Nicaragua,1959,1
Mexico,Panama,1959,0.88
Mexico,RESTO_DEL_MUNDO,1959,335.28
Mexico,United States,1959,490
Mexico,Canada,1960,23.5
Mexico,Costa Rica,1960,1.1
Mexico,Cuba,1960,1.5
Mexico,Dominican Republic,1960,0.33
Mexico,El Salvador,1960,2
Mexico,Guatemala,1960,2
Mexico,Nicaragua,1960,1.1
Mexico,Panama,1960,1.1
Mexico,RESTO_DEL_MUNDO,1960,251.7
Mexico,United States,1960,492
Mexico,Canada,1961,20
Mexico,Costa Rica,1961,1.2
Mexico,Cuba,1961,3.5
Mexico,Dominican Republic,1961,0.22
Mexico,El Salvador,1961,1.7
Mexico,Guatemala,1961,2.5
Mexico,Nicaragua,1961,1.5
Mexico,Panama,1961,0.99
Mexico,RESTO_DEL_MUNDO,1961,265.08
Mexico,United States,1961,588
Mexico,Canada,1962,25.2
Mexico,Costa Rica,1962,1.3
Mexico,Cuba,1962,0.8
Mexico,Dominican Republic,1962,0.22
Mexico,El Salvador,1962,2.2
Mexico,Guatemala,1962,3.1
Mexico,Nicaragua,1962,1.6
Mexico,Panama,1962,1.54
Mexico,RESTO_DEL_MUNDO,1962,322.41
Mexico,United States,1962,640
Mexico,Canada,1963,24.2
Mexico,Costa Rica,1963,1.8
Mexico,Cuba,1963,0.7
Mexico,Dominican Republic,1963,0.41
Mexico,El Salvador,1963,2.2
Mexico,Guatemala,1963,3.6
Mexico,Nicaragua,1963,1.8
Mexico,Panama,1963,1.76
Mexico,RESTO_DEL_MUNDO,1963,363.26
Mexico,United States,1963,661
Mexico,Canada,1964,24.1
Mexico,Costa Rica,1964,2
Mexico,Cuba,1964,2.5
Mexico,Dominican Republic,1964,0.5
Mexico,El Salvador,1964,2.8
Mexico,Guatemala,1964,4.2
Mexico,Nicaragua,1964,2.4
Mexico,Panama,1964,1.87
Mexico,RESTO_DEL_MUNDO,1964,369.85
Mexico,United States,1964,709
Mexico,Canada,1965,27.7
Mexico,Costa Rica,1965,2.8
Mexico,Cuba,1965,1.6
Mexico,Dominican Republic,1965,0.3
Mexico,El Salvador,1965,3
Mexico,Guatemala,1965,4.4
Mexico,Nicaragua,1965,2.2
Mexico,Panama,1965,1.65
Mexico,RESTO_DEL_MUNDO,1965,467.862
Mexico,United States,1965,700
Mexico,Canada,1966,34.1
Mexico,Costa Rica,1966,4.1
Mexico,Cuba,1966,0.5
Mexico,Dominican Republic,1966,0.7
Mexico,El Salvador,1966,4.3
Mexico,Guatemala,1966,4.9
Mexico,Nicaragua,1966,2.8
Mexico,Panama,1966,1.76
Mexico,RESTO_DEL_MUNDO,1966,503.721
Mexico,United States,1966,824
Mexico,Canada,1967,30
Mexico,Costa Rica,1967,3.1
Mexico,Cuba,1967,6.3
Mexico,Dominican Republic,1967,1
Mexico,El Salvador,1967,3.2
Mexico,Guatemala,1967,6.8
Mexico,Nicaragua,1967,3.1
Mexico,Panama,1967,2.42
Mexico,RESTO_DEL_MUNDO,1967,478.515
Mexico,United States,1967,809
Mexico,Canada,1968,53.1
Mexico,Costa Rica,1968,4.7
Mexico,Cuba,1968,4
Mexico,Dominican Republic,1968,0.77
Mexico,El Salvador,1968,4
Mexico,Guatemala,1968,6.6
Mexico,Nicaragua,1968,3.5
Mexico,Panama,1968,2.2
Mexico,RESTO_DEL_MUNDO,1968,474.452
Mexico,United States,1968,967
Mexico,Canada,1969,65.2
Mexico,Costa Rica,1969,4.226
Mexico,Cuba,1969,0
Mexico,Dominican Republic,1969,1.1
Mexico,El Salvador,1969,3.253
Mexico,Guatemala,1969,9.157
Mexico,Nicaragua,1969,2.305
Mexico,Panama,1969,2.677
Mexico,RESTO_DEL_MUNDO,1969,541.383
Mexico,United States,1969,1094
Mexico,Canada,1970,49.2
Mexico,Costa Rica,1970,6.637
Mexico,Cuba,1970,0.1
Mexico,Dominican Republic,1970,1.2
Mexico,El Salvador,1970,3.278
Mexico,Guatemala,1970,8.768
Mexico,Nicaragua,1970,2.554
Mexico,Panama,1970,2.76
Mexico,RESTO_DEL_MUNDO,1970,432.544
Mexico,United States,1970,1299.1
Mexico,Canada,1971,54.8
Mexico,Costa Rica,1971,5.696
Mexico,Cuba,1971,0.1
Mexico,Dominican Republic,1971,1.9
Mexico,El Salvador,1971,4.29
Mexico,Guatemala,1971,8.004
Mexico,Nicaragua,1971,3.981
Mexico,Panama,1971,4.244
Mexico,RESTO_DEL_MUNDO,1971,472.208
Mexico,United States,1971,1339.1
Mexico,Canada,1972,58.8
Mexico,Costa Rica,1972,9.608
Mexico,Cuba,1972,11.8
Mexico,Dominican Republic,1972,4.3
Mexico,El Salvador,1972,6.202
Mexico,Guatemala,1972,12.952
Mexico,Nicaragua,1972,4.463
Mexico,Panama,1972,6.167
Mexico,RESTO_DEL_MUNDO,1972,591.075
Mexico,United States,1972,1728.1
Mexico,Canada,1973,91.7
Mexico,Costa Rica,1973,11.274
Mexico,Cuba,1973,7.2
Mexico,Dominican Republic,1973,7.2
Mexico,El Salvador,1973,10.128
Mexico,Guatemala,1973,15.967
Mexico,Nicaragua,1973,8.01
Mexico,Panama,1973,9.395
Mexico,RESTO_DEL_MUNDO,1973,784.89
Mexico,United States,1973,2442.2
Mexico,Canada,1974,128.3
Mexico,Costa Rica,1974,19.088
Mexico,Cuba,1974,14.7
Mexico,Dominican Republic,1974,8.7
Mexico,El Salvador,1974,13.864
Mexico,Guatemala,1974,22.257
Mexico,Nicaragua,1974,13.346
Mexico,Panama,1974,10.018
Mexico,RESTO_DEL_MUNDO,1974,1156.6
Mexico,United States,1974,3610.1
Mexico,Canada,1975,102.7
Mexico,Costa Rica,1975,26.573
Mexico,Cuba,1975,29.7
Mexico,Dominican Republic,1975,6.6
Mexico,El Salvador,1975,13.236
Mexico,Guatemala,1975,24.159
Mexico,Nicaragua,1975,9.897
Mexico,Panama,1975,9.677
Mexico,RESTO_DEL_MUNDO,1975,1103.66
Mexico,United States,1975,3112
Mexico,Canada,1976,162.7
Mexico,Costa Rica,1976,20.411
Mexico,Cuba,1976,22.3
Mexico,Dominican Republic,1976,7.2
Mexico,El Salvador,1976,13.168
Mexico,Guatemala,1976,28.092
Mexico,Nicaragua,1976,12.993
Mexico,Panama,1976,9.4
Mexico,RESTO_DEL_MUNDO,1976,1160.73
Mexico,United States,1976,3655.2
Mexico,Canada,1977,202.1
Mexico,Costa Rica,1977,23.409
Mexico,Cuba,1977,34.4
Mexico,Dominican Republic,1977,10.93
Mexico,El Salvador,1977,18.32
Mexico,Guatemala,1977,41.083
Mexico,Nicaragua,1977,15.332
Mexico,Panama,1977,10.932
Mexico,RESTO_DEL_MUNDO,1977,1462.82
Mexico,United States,1977,4769.6
Mexico,Canada,1978,177.9
Mexico,Costa Rica,1978,39.582
Mexico,Cuba,1978,24.8
Mexico,Dominican Republic,1978,14.65
Mexico,El Salvador,1978,25.572
Mexico,Guatemala,1978,52.942
Mexico,Nicaragua,1978,11.281
Mexico,Panama,1978,12.485
Mexico,RESTO_DEL_MUNDO,1978,1699.85
Mexico,United States,1978,6195.3
Mexico,Canada,1979,195.3
Mexico,Costa Rica,1979,44.432
Mexico,Cuba,1979,7.4
Mexico,Dominican Republic,1979,10.46
Mexico,El Salvador,1979,27.207
Mexico,Guatemala,1979,45.628
Mexico,Nicaragua,1979,6.015
Mexico,Panama,1979,14.124
Mexico,RESTO_DEL_MUNDO,1979,2528.95
Mexico,United States,1979,8997.1
Mexico,Canada,1980,324.7
Mexico,Costa Rica,1980,75.458
Mexico,Cuba,1980,26.8
Mexico,Dominican Republic,1980,10.48
Mexico,El Salvador,1980,11.824
Mexico,Guatemala,1980,58.888
Mexico,Nicaragua,1980,17.842
Mexico,Panama,1980,14.429
Mexico,RESTO_DEL_MUNDO,1980,4745.27
Mexico,United States,1980,12835.2
Mexico,Canada,1981,876.4
Mexico,Costa Rica,1981,110.651
Mexico,Cuba,1981,20.9
Mexico,Dominican Republic,1981,89.11
Mexico,El Salvador,1981,50.559
Mexico,Guatemala,1981,128.263
Mexico,Nicaragua,1981,119.399
Mexico,Panama,1981,118.503
Mexico,RESTO_DEL_MUNDO,1981,7378.7
Mexico,United States,1981,14013.2
Mexico,Canada,1982,886.5
Mexico,Costa Rica,1982,80.288
Mexico,Cuba,1982,28.82
Mexico,Dominican Republic,1982,187.74
Mexico,El Salvador,1982,70.647
Mexico,Guatemala,1982,102.164
Mexico,Nicaragua,1982,154.925
Mexico,Panama,1982,146.091
Mexico,RESTO_DEL_MUNDO,1982,7635.15
Mexico,United States,1982,15770.3
Mexico,Canada,1983,962.2
Mexico,Costa Rica,1983,81.558
Mexico,Cuba,1983,38.83
Mexico,Dominican Republic,1983,166.99
Mexico,El Salvador,1983,82.333
Mexico,Guatemala,1983,89.045
Mexico,Nicaragua,1983,159.521
Mexico,Panama,1983,127.126
Mexico,RESTO_DEL_MUNDO,1983,8148.79
Mexico,United States,1983,17018.7
Mexico,Canada,1984,1142.4
Mexico,Costa Rica,1984,76.424
Mexico,Cuba,1984,89.21
Mexico,Dominican Republic,1984,162.44
Mexico,El Salvador,1984,97.358
Mexico,Guatemala,1984,116.515
Mexico,Nicaragua,1984,80.371
Mexico,Panama,1984,128.95
Mexico,RESTO_DEL_MUNDO,1984,8760.32
Mexico,United States,1984,18266.9
Mexico,Canada,1985,1073.5
Mexico,Costa Rica,1985,31.984
Mexico,Cuba,1985,76.67
Mexico,Dominican Republic,1985,111.99
Mexico,El Salvador,1985,89.545
Mexico,Guatemala,1985,124.273
Mexico,Nicaragua,1985,144.134
Mexico,Panama,1985,110.245
Mexico,RESTO_DEL_MUNDO,1985,7525.65
Mexico,United States,1985,19391.8
Mexico,Canada,1986,933.9
Mexico,Costa Rica,1986,55.45
Mexico,Cuba,1986,55.1614
Mexico,Dominican Republic,1986,124.28
Mexico,El Salvador,1986,63.133
Mexico,Guatemala,1986,60.1196
Mexico,Nicaragua,1986,13.065
Mexico,Panama,1986,66.734
Mexico,RESTO_DEL_MUNDO,1986,4983.8
Mexico,United States,1986,17558.3
Mexico,Canada,1987,973.9
Mexico,Costa Rica,1987,74.3
Mexico,Cuba,1987,86.3401
Mexico,Dominican Republic,1987,142.238
Mexico,El Salvador,1987,90.145
Mexico,Guatemala,1987,108.92
Mexico,Nicaragua,1987,14.554
Mexico,Panama,1987,110.678
Mexico,RESTO_DEL_MUNDO,1987,6868.86
Mexico,United States,1987,20519.9
Mexico,Canada,1988,1179.61
Mexico,Costa Rica,1988,84.531
Mexico,Cuba,1988,129.998
Mexico,Dominican Republic,1988,146.146
Mexico,El Salvador,1988,80.3678
Mexico,Guatemala,1988,113.789
Mexico,Nicaragua,1988,14.415
Mexico,Panama,1988,60.647
Mexico,RESTO_DEL_MUNDO,1988,6434.94
Mexico,United States,1988,23533.7
Mexico,Canada,1989,1577.89
Mexico,Costa Rica,1989,97.5841
Mexico,Cuba,1989,119.344
Mexico,Dominican Republic,1989,179.383
Mexico,El Salvador,1989,96.28
Mexico,Guatemala,1989,99.7299
Mexico,Nicaragua,1989,12.65
Mexico,Panama,1989,28.4436
Mexico,RESTO_DEL_MUNDO,1989,6474.49
Mexico,United States,1989,27589.9
Mexico,Canada,1990,1630.85
Mexico,Costa Rica,1990,75.0014
Mexico,Cuba,1990,114.368
Mexico,Dominican Republic,1990,157.755
Mexico,El Salvador,1990,97.716
Mexico,Guatemala,1990,110.12
Mexico,Nicaragua,1990,16.1
Mexico,Panama,1990,25.3831
Mexico,RESTO_DEL_MUNDO,1990,7865.48
Mexico,United States,1990,30796.8
Mexico,Canada,1991,2343.56
Mexico,Costa Rica,1991,86.3163
Mexico,Cuba,1991,116.217
Mexico,Dominican Republic,1991,153.893
Mexico,El Salvador,1991,118.247
Mexico,Guatemala,1991,122.334
Mexico,Nicaragua,1991,14.1
Mexico,Panama,1991,30.7912
Mexico,RESTO_DEL_MUNDO,1991,7820.47
Mexico,United States,1991,31865.5
Mexico,Canada,1992,2427.49
Mexico,Costa Rica,1992,123.783
Mexico,Cuba,1992,128.56
Mexico,Dominican Republic,1992,196.233
Mexico,El Salvador,1992,106.323
Mexico,Guatemala,1992,143.05
Mexico,Nicaragua,1992,27.2
Mexico,Panama,1992,41.2656
Mexico,RESTO_DEL_MUNDO,1992,7543.06
Mexico,United States,1992,35886.1
Mexico,Canada,1993,2931.42
Mexico,Costa Rica,1993,112.091
Mexico,Cuba,1993,69.0228
Mexico,Dominican Republic,1993,223.33
Mexico,El Salvador,1993,111.952
Mexico,Guatemala,1993,168.545
Mexico,Nicaragua,1993,28
Mexico,Panama,1993,60.6424
Mexico,RESTO_DEL_MUNDO,1993,6635.62
Mexico,United States,1993,40744.9
Mexico,Canada,1994,3438.35
Mexico,Costa Rica,1994,136.76
Mexico,Cuba,1994,191.116
Mexico,Dominican Republic,1994,129.165
Mexico,El Salvador,1994,104.981
Mexico,Guatemala,1994,185.924
Mexico,Nicaragua,1994,30.8
Mexico,Panama,1994,47.5188
Mexico,RESTO_DEL_MUNDO,1994,7458.57
Mexico,United States,1994,50355.8
Mexico,Canada,1995,4151.49
Mexico,Costa Rica,1995,176.757
Mexico,Cuba,1995,390.606
Mexico,Dominican Republic,1995,139.515
Mexico,El Salvador,1995,150.409
Mexico,Guatemala,1995,307.873
Mexico,Nicaragua,1995,32.4
Mexico,Panama,1995,84.2947
Mexico,RESTO_DEL_MUNDO,1995,11158.7
Mexico,United States,1995,62756.3
Mexico,Canada,1996,4708.99
Mexico,Costa Rica,1996,251.081
Mexico,Cuba,1996,350.05
Mexico,Dominican Republic,1996,202.201
Mexico,El Salvador,1996,171.585
Mexico,Guatemala,1996,322.51
Mexico,Nicaragua,1996,45.8
Mexico,Panama,1996,106.903
Mexico,RESTO_DEL_MUNDO,1996,12424.7
Mexico,United States,1996,74111.1
Mexico,Canada,1997,5465.14
Mexico,Costa Rica,1997,279.01
Mexico,Cuba,1997,0
Mexico,Dominican Republic,1997,343.746
Mexico,El Salvador,1997,235.325
Mexico,Guatemala,1997,477.749
Mexico,Nicaragua,1997,83.3
Mexico,Panama,1997,147.185
Mexico,RESTO_DEL_MUNDO,1997,13489.9
Mexico,United States,1997,87167.2
Mexico,Canada,1998,5525.64
Mexico,Costa Rica,1998,318.81
Mexico,Cuba,1998,0
Mexico,Dominican Republic,1998,330.093
Mexico,El Salvador,1998,238.361
Mexico,Guatemala,1998,649.909
Mexico,Nicaragua,1998,69.4
Mexico,Panama,1998,163.932
Mexico,RESTO_DEL_MUNDO,1998,13013.9
Mexico,United States,1998,96077.8
Mexico,Canada,1999,6889.07
Mexico,Costa Rica,1999,333.704
Mexico,Cuba,1999,235.833
Mexico,Dominican Republic,1999,291.865
Mexico,El Salvador,1999,264.044
Mexico,Guatemala,1999,597.94
Mexico,Nicaragua,1999,76.9
Mexico,Panama,1999,172.278
Mexico,RESTO_DEL_MUNDO,1999,13015.5
Mexico,United States,1999,109499
Mexico,Canada,2000,8526.88
Mexico,Costa Rica,2000,375.23
Mexico,Cuba,2000,230.134
Mexico,Dominican Republic,2000,492.771
Mexico,El Salvador,2000,257.268
Mexico,Guatemala,2000,576.05
Mexico,Nicaragua,2000,126.144
Mexico,Panama,2000,133.968
Mexico,RESTO_DEL_MUNDO,2000,16348.6
Mexico,United States,2000,135080
Mexico,Canada,2001,8550.64
Mexico,Costa Rica,2001,365.393
Mexico,Cuba,2001,193.114
Mexico,Dominican Republic,2001,430.875
Mexico,El Salvador,2001,313.772
Mexico,Guatemala,2001,594.591
Mexico,Nicaragua,2001,130.636
Mexico,Panama,2001,119.388
Mexico,RESTO_DEL_MUNDO,2001,16415
Mexico,United States,2001,132778
Mexico,Canada,2002,8874.14
Mexico,Costa Rica,2002,354.461
Mexico,Cuba,2002,157.673
Mexico,Dominican Republic,2002,384.91
Mexico,El Salvador,2002,294.581
Mexico,Guatemala,2002,580.432
Mexico,Nicaragua,2002,112.17
Mexico,Panama,2002,112.44
Mexico,RESTO_DEL_MUNDO,2002,15097.1
Mexico,United States,2002,136144
Mexico,Canada,2003,9562.07
Mexico,Costa Rica,2003,379.245
Mexico,Cuba,2003,179.464
Mexico,Dominican Republic,2003,437.918
Mexico,El Salvador,2003,315.634
Mexico,Guatemala,2003,585.435
Mexico,Nicaragua,2003,159.897
Mexico,Panama,2003,119.154
Mexico,RESTO_DEL_MUNDO,2003,17029.8
Mexico,United States,2003,139702
Mexico,Canada,2004,11394.8
Mexico,Costa Rica,2004,418.555
Mexico,Cuba,2004,194.596
Mexico,Dominican Republic,2004,406.617
Mexico,El Salvador,2004,374.15
Mexico,Guatemala,2004,666.532
Mexico,Nicaragua,2004,178.921
Mexico,Panama,2004,143.321
Mexico,RESTO_DEL_MUNDO,2004,20873.2
Mexico,United States,2004,157821
Mexico,Canada,2005,13272.8
Mexico,Costa Rica,2005,474.5
Mexico,Cuba,2005,243.754
Mexico,Dominican Republic,2005,594.399
Mexico,El Salvador,2005,510.259
Mexico,Guatemala,2005,794.007
Mexico,Nicaragua,2005,216.96
Mexico,Panama,2005,152.525
Mexico,RESTO_DEL_MUNDO,2005,27762
Mexico,United States,2005,172485
Mexico,Canada,2006,15543.7
Mexico,Costa Rica,2006,582.282
Mexico,Cuba,2006,213.857
Mexico,Dominican Republic,2006,699.351
Mexico,El Salvador,2006,600.5
Mexico,Guatemala,2006,950.794
Mexico,Nicaragua,2006,405.663
Mexico,Panama,2006,166.781
Mexico,RESTO_DEL_MUNDO,2006,34052.5
Mexico,United States,2006,200516
Mexico,Canada,2007,17691.1
Mexico,Costa Rica,2007,736.508
Mexico,Cuba,2007,208.512
Mexico,Dominican Republic,2007,893.014
Mexico,El Salvador,2007,843.137
Mexico,Guatemala,2007,1184.3
Mexico,Nicaragua,2007,492.777
Mexico,Panama,2007,207.576
Mexico,RESTO_DEL_MUNDO,2007,42871.8
Mexico,United States,2007,212889
Mexico,Canada,2008,18408.3
Mexico,Costa Rica,2008,950.307
Mexico,Cuba,2008,339.754
Mexico,Dominican Republic,2008,947.219
Mexico,El Salvador,2008,874.465
Mexico,Guatemala,2008,1411.64
Mexico,Nicaragua,2008,359.658
Mexico,Panama,2008,307.347
Mexico,RESTO_DEL_MUNDO,2008,53241.8
Mexico,United States,2008,218086
Mexico,Canada,2009,16082.7
Mexico,Costa Rica,2009,742.76
Mexico,Cuba,2009,275.879
Mexico,Dominican Republic,2009,630.177
Mexico,El Salvador,2009,540.115
Mexico,Guatemala,2009,1185.63
Mexico,Nicaragua,2009,243.626
Mexico,Panama,2009,348.628
Mexico,RESTO_DEL_MUNDO,2009,40142.4
Mexico,United States,2009,178335
Mexico,Canada,2010,23632.7
Mexico,Costa Rica,2010,894.385
Mexico,Cuba,2010,337.997
Mexico,Dominican Republic,2010,994.682
Mexico,El Salvador,2010,754.476
Mexico,Guatemala,2010,1542.82
Mexico,Nicaragua,2010,336.792
Mexico,Panama,2010,386.795
Mexico,RESTO_DEL_MUNDO,2010,55359.5
Mexico,United States,2010,231924
Mexico,Canada,2011,27319.5
Mexico,Costa Rica,2011,1091.52
Mexico,Cuba,2011,392.088
Mexico,Dominican Republic,2011,1219.02
Mexico,El Salvador,2011,740.431
Mexico,Guatemala,2011,1858.95
Mexico,Nicaragua,2011,406.336
Mexico,Panama,2011,437.177
Mexico,RESTO_DEL_MUNDO,2011,73641
Mexico,United States,2011,265393
Mexico,Canada,2012,28108.3
Mexico,Costa Rica,2012,1165.54
Mexico,Cuba,2012,425.846
Mexico,Dominican Republic,2012,1141.45
Mexico,El Salvador,2012,694.608
Mexico,Guatemala,2012,1915.67
Mexico,Nicaragua,2012,443.189
Mexico,Panama,2012,550.681
Mexico,RESTO_DEL_MUNDO,2012,81156.4
Mexico,United States,2012,280024
Mexico,Canada,2013,28535.6
Mexico,Costa Rica,2013,1155.03
Mexico,Cuba,2013,409.874
Mexico,Dominican Republic,2013,1081.28
Mexico,El Salvador,2013,745.863
Mexico,Guatemala,2013,1860.26
Mexico,Nicaragua,2013,464.649
Mexico,Panama,2013,519.847
Mexico,RESTO_DEL_MUNDO,2013,81587.4
Mexico,United States,2013,283059
Mexico,Canada,2014,28591.3
Mexico,Costa Rica,2014,1096.12
Mexico,Cuba,2014,398.52
Mexico,Dominican Republic,2014,973.111
Mexico,El Salvador,2014,734.242
Mexico,Guatemala,2014,1950.16
Mexico,Nicaragua,2014,933.744
Mexico,Panama,2014,566.564
Mexico,RESTO_DEL_MUNDO,2014,81003
Mexico,United States,2014,294157
Mongolia,RESTO_DEL_MUNDO,1933,7.91
Mongolia,RESTO_DEL_MUNDO,1934,14.33
Mongolia,RESTO_DEL_MUNDO,1936,6.35
Mongolia,RESTO_DEL_MUNDO,1937,6.64
Mongolia,RESTO_DEL_MUNDO,1948,0
Mongolia,RESTO_DEL_MUNDO,1949,0
Mongolia,RESTO_DEL_MUNDO,1950,0
Mongolia,RESTO_DEL_MUNDO,1951,0
Mongolia,Japan,1952,0
Mongolia,RESTO_DEL_MUNDO,1952,0
Mongolia,Japan,1953,0
Mongolia,RESTO_DEL_MUNDO,1953,0
Mongolia,Japan,1954,0
Mongolia,RESTO_DEL_MUNDO,1954,0
Mongolia,Japan,1955,0
Mongolia,RESTO_DEL_MUNDO,1955,0
Mongolia,Japan,1956,0
Mongolia,RESTO_DEL_MUNDO,1956,0
Mongolia,Japan,1957,0
Mongolia,RESTO_DEL_MUNDO,1957,0
Mongolia,Japan,1958,0
Mongolia,RESTO_DEL_MUNDO,1958,0.07
Mongolia,Japan,1959,0
Mongolia,RESTO_DEL_MUNDO,1959,0.13
Mongolia,Japan,1960,0
Mongolia,RESTO_DEL_MUNDO,1960,0.26
Mongolia,Japan,1961,0
Mongolia,RESTO_DEL_MUNDO,1961,0.5
Mongolia,Japan,1962,0
Mongolia,RESTO_DEL_MUNDO,1962,0.57
Mongolia,Japan,1963,0
Mongolia,RESTO_DEL_MUNDO,1963,0.75
Mongolia,Japan,1964,0.1
Mongolia,RESTO_DEL_MUNDO,1964,6.78
Mongolia,Japan,1965,0.2
Mongolia,RESTO_DEL_MUNDO,1965,8.08
Mongolia,Japan,1966,0.3
Mongolia,RESTO_DEL_MUNDO,1966,9.54
Mongolia,Japan,1967,0.7
Mongolia,RESTO_DEL_MUNDO,1967,6.76
Mongolia,Japan,1968,0.6
Mongolia,RESTO_DEL_MUNDO,1968,8.23
Mongolia,Japan,1969,0.4
Mongolia,RESTO_DEL_MUNDO,1969,9.204
Mongolia,Japan,1970,0.6
Mongolia,RESTO_DEL_MUNDO,1970,6.38
Mongolia,Japan,1971,0.5
Mongolia,RESTO_DEL_MUNDO,1971,7.727
Mongolia,Japan,1972,0.6
Mongolia,RESTO_DEL_MUNDO,1972,10.271
Mongolia,Japan,1973,1
Mongolia,RESTO_DEL_MUNDO,1973,13.502
Mongolia,Japan,1974,1.2
Mongolia,RESTO_DEL_MUNDO,1974,12.309
Mongolia,Japan,1975,0.4
Mongolia,RESTO_DEL_MUNDO,1975,12.7
Mongolia,Japan,1976,0.4
Mongolia,RESTO_DEL_MUNDO,1976,16.273
Mongolia,Japan,1977,1.5
Mongolia,RESTO_DEL_MUNDO,1977,25.65
Mongolia,Japan,1978,1.8
Mongolia,RESTO_DEL_MUNDO,1978,30.29
Mongolia,Japan,1979,1.2
Mongolia,RESTO_DEL_MUNDO,1979,27.24
Mongolia,Japan,1980,1.1
Mongolia,RESTO_DEL_MUNDO,1980,63.4296
Mongolia,Japan,1981,3.8
Mongolia,RESTO_DEL_MUNDO,1981,61.3145
Mongolia,Japan,1982,8
Mongolia,RESTO_DEL_MUNDO,1982,50.7557
Mongolia,Japan,1983,2.1
Mongolia,RESTO_DEL_MUNDO,1983,45.8307
Mongolia,Japan,1984,10.5
Mongolia,RESTO_DEL_MUNDO,1984,44.2168
Mongolia,Japan,1985,7.6
Mongolia,RESTO_DEL_MUNDO,1985,69.983
Mongolia,Japan,1986,6.9
Mongolia,RESTO_DEL_MUNDO,1986,72.992
Mongolia,Japan,1987,13.1
Mongolia,RESTO_DEL_MUNDO,1987,81.9222
Mongolia,South Korea,1987,0
Mongolia,Japan,1988,22.9
Mongolia,RESTO_DEL_MUNDO,1988,85.8751
Mongolia,South Korea,1988,0
Mongolia,Japan,1989,38.3796
Mongolia,RESTO_DEL_MUNDO,1989,85.9306
Mongolia,South Korea,1989,0
Mongolia,Japan,1990,17.6211
Mongolia,RESTO_DEL_MUNDO,1990,82.3532
Mongolia,South Korea,1990,0
Mongolia,Japan,1991,21.684
Mongolia,RESTO_DEL_MUNDO,1991,51.679
Mongolia,South Korea,1991,0.387273
Mongolia,Japan,1992,42.526
Mongolia,RESTO_DEL_MUNDO,1992,355.904
Mongolia,South Korea,1992,2.4
Mongolia,Taiwan,1992,0
Mongolia,Japan,1993,25.972
Mongolia,RESTO_DEL_MUNDO,1993,269.792
Mongolia,South Korea,1993,3.6
Mongolia,Taiwan,1993,0.17
Mongolia,Japan,1994,57.867
Mongolia,RESTO_DEL_MUNDO,1994,233.283
Mongolia,South Korea,1994,4.8
Mongolia,Taiwan,1994,0
Mongolia,Japan,1995,90.305
Mongolia,RESTO_DEL_MUNDO,1995,281.972
Mongolia,South Korea,1995,9.6
Mongolia,Taiwan,1995,0.02
Mongolia,Japan,1996,88.737
Mongolia,RESTO_DEL_MUNDO,1996,326.527
Mongolia,South Korea,1996,2.4
Mongolia,Taiwan,1996,0.36
Mongolia,Japan,1997,110.965
Mongolia,RESTO_DEL_MUNDO,1997,363.188
Mongolia,South Korea,1997,2.4
Mongolia,Taiwan,1997,4.33
Mongolia,Japan,1998,58.3115
Mongolia,RESTO_DEL_MUNDO,1998,333.632
Mongolia,South Korea,1998,4.8
Mongolia,Taiwan,1998,6.92
Mongolia,Japan,1999,12.9689
Mongolia,RESTO_DEL_MUNDO,1999,350.928
Mongolia,South Korea,1999,4.8
Mongolia,Taiwan,1999,0.06
Mongolia,Japan,2000,9.60873
Mongolia,RESTO_DEL_MUNDO,2000,431.585
Mongolia,South Korea,2000,2.0769
Mongolia,Taiwan,2000,0
Mongolia,Japan,2001,10.7113
Mongolia,RESTO_DEL_MUNDO,2001,479.842
Mongolia,South Korea,2001,2.34833
Mongolia,Taiwan,2001,0.0135
Mongolia,Japan,2002,7.40334
Mongolia,RESTO_DEL_MUNDO,2002,489.077
Mongolia,South Korea,2002,5.71643
Mongolia,Taiwan,2002,0.0104
Mongolia,Japan,2003,6.90006
Mongolia,RESTO_DEL_MUNDO,2003,571.763
Mongolia,South Korea,2003,3.923
Mongolia,Taiwan,2003,0.0078
Mongolia,Japan,2004,8.2022
Mongolia,RESTO_DEL_MUNDO,2004,843.743
Mongolia,South Korea,2004,4.594
Mongolia,Taiwan,2004,0.0162
Mongolia,Japan,2005,6.49182
Mongolia,RESTO_DEL_MUNDO,2005,960.688
Mongolia,South Korea,2005,4.895
Mongolia,Taiwan,2005,0.2081
Mongolia,Japan,2006,9.01732
Mongolia,RESTO_DEL_MUNDO,2006,1613.82
Mongolia,South Korea,2006,6.44
Mongolia,Taiwan,2006,0.1534
Mongolia,Japan,2007,16.3389
Mongolia,RESTO_DEL_MUNDO,2007,1808.49
Mongolia,South Korea,2007,20.729
Mongolia,Taiwan,2007,0.0405
Mongolia,Japan,2008,36.1259
Mongolia,RESTO_DEL_MUNDO,2008,2186.71
Mongolia,South Korea,2008,31.15
Mongolia,Taiwan,2008,0.0518
Mongolia,Japan,2009,7.33785
Mongolia,RESTO_DEL_MUNDO,2009,1675.69
Mongolia,South Korea,2009,21.479
Mongolia,Taiwan,2009,0.094
Mongolia,Japan,2010,23.6915
Mongolia,RESTO_DEL_MUNDO,2010,3020.51
Mongolia,South Korea,2010,38.8393
Mongolia,Taiwan,2010,0.1222
Mongolia,Japan,2011,18.0572
Mongolia,RESTO_DEL_MUNDO,2011,4191.61
Mongolia,South Korea,2011,60.6134
Mongolia,Taiwan,2011,0.135642
Mongolia,Japan,2012,25.6387
Mongolia,RESTO_DEL_MUNDO,2012,4348.35
Mongolia,South Korea,2012,53.5982
Mongolia,Taiwan,2012,0.130586
Mongolia,Japan,2013,19.2509
Mongolia,RESTO_DEL_MUNDO,2013,3822.44
Mongolia,South Korea,2013,26.9577
Mongolia,Taiwan,2013,0.12926
Mongolia,Japan,2014,17.0245
Mongolia,RESTO_DEL_MUNDO,2014,5278.32
Mongolia,South Korea,2014,23.5847
Mongolia,Taiwan,2014,0.137818
Morocco,RESTO_DEL_MUNDO,1900,2.98
Morocco,RESTO_DEL_MUNDO,1901,2.58
Morocco,RESTO_DEL_MUNDO,1902,3.38
Morocco,RESTO_DEL_MUNDO,1903,2.7
Morocco,RESTO_DEL_MUNDO,1904,2.45
Morocco,RESTO_DEL_MUNDO,1905,8.18147
Morocco,RESTO_DEL_MUNDO,1906,8.45737
Morocco,RESTO_DEL_MUNDO,1907,7.52
Morocco,RESTO_DEL_MUNDO,1908,3.79
Morocco,RESTO_DEL_MUNDO,1909,11.85
Morocco,RESTO_DEL_MUNDO,1910,10.83
Morocco,RESTO_DEL_MUNDO,1911,16.45
Morocco,Egypt,1956,0.4
Morocco,Libya,1956,0.1
Morocco,RESTO_DEL_MUNDO,1956,402.94
Morocco,Tunisia,1956,5.1
Morocco,Egypt,1957,0
Morocco,Libya,1957,0.1
Morocco,RESTO_DEL_MUNDO,1957,425.09
Morocco,Tunisia,1957,1.3
Morocco,Egypt,1958,0.2
Morocco,Libya,1958,0.1
Morocco,RESTO_DEL_MUNDO,1958,417.4
Morocco,Tunisia,1958,0.9
Morocco,Egypt,1959,0.6
Morocco,Libya,1959,0.1
Morocco,RESTO_DEL_MUNDO,1959,390.02
Morocco,Tunisia,1959,1
Morocco,Egypt,1960,0.8
Morocco,Libya,1960,0.2
Morocco,RESTO_DEL_MUNDO,1960,387.82
Morocco,Tunisia,1960,0.9
Morocco,Egypt,1961,0
Morocco,Libya,1961,0.2
Morocco,RESTO_DEL_MUNDO,1961,363.68
Morocco,Tunisia,1961,0.7
Morocco,Algeria,1962,16.4
Morocco,Egypt,1962,0.6
Morocco,Libya,1962,1.5
Morocco,RESTO_DEL_MUNDO,1962,379.852
Morocco,Tunisia,1962,0.6
Morocco,Algeria,1963,11.7
Morocco,Egypt,1963,0.9
Morocco,Libya,1963,0.4
Morocco,RESTO_DEL_MUNDO,1963,429.92
Morocco,Tunisia,1963,0.5
Morocco,Algeria,1964,11
Morocco,Egypt,1964,0.9
Morocco,Libya,1964,0.3
Morocco,RESTO_DEL_MUNDO,1964,466.68
Morocco,Tunisia,1964,0.4
Morocco,Algeria,1965,10.5
Morocco,Egypt,1965,0.7
Morocco,Libya,1965,0.4
Morocco,RESTO_DEL_MUNDO,1965,479.754
Morocco,Tunisia,1965,0.7
Morocco,Algeria,1966,4.6
Morocco,Egypt,1966,0.6
Morocco,Libya,1966,0.5
Morocco,RESTO_DEL_MUNDO,1966,482.438
Morocco,Tunisia,1966,0.8
Morocco,Algeria,1967,4.1
Morocco,Egypt,1967,0.3
Morocco,Libya,1967,0.5
Morocco,RESTO_DEL_MUNDO,1967,469.198
Morocco,Tunisia,1967,1
Morocco,Algeria,1968,6.3
Morocco,Egypt,1968,0.2
Morocco,Libya,1968,0.6
Morocco,RESTO_DEL_MUNDO,1968,455.171
Morocco,Tunisia,1968,0.6
Morocco,Algeria,1969,12.2
Morocco,Egypt,1969,0
Morocco,Libya,1969,0.7
Morocco,RESTO_DEL_MUNDO,1969,491.022
Morocco,Tunisia,1969,1.43
Morocco,Algeria,1970,11
Morocco,Egypt,1970,0.31
Morocco,Libya,1970,3.2
Morocco,RESTO_DEL_MUNDO,1970,525.696
Morocco,Tunisia,1970,0.86
Morocco,Algeria,1971,16.03
Morocco,Egypt,1971,1.75
Morocco,Libya,1971,1.3
Morocco,RESTO_DEL_MUNDO,1971,531.441
Morocco,Tunisia,1971,0.9
Morocco,Algeria,1972,19.16
Morocco,Egypt,1972,1.02
Morocco,Libya,1972,0.5
Morocco,RESTO_DEL_MUNDO,1972,654.627
Morocco,Tunisia,1972,1.7
Morocco,Algeria,1973,33.63
Morocco,Egypt,1973,0.57
Morocco,Libya,1973,0.5
Morocco,RESTO_DEL_MUNDO,1973,935.449
Morocco,Tunisia,1973,2.69
Morocco,Algeria,1974,41.35
Morocco,Egypt,1974,1.17
Morocco,Libya,1974,0.7
Morocco,RESTO_DEL_MUNDO,1974,1718.64
Morocco,Tunisia,1974,11.16
Morocco,Algeria,1975,26.44
Morocco,Egypt,1975,3.64
Morocco,Libya,1975,1.8
Morocco,RESTO_DEL_MUNDO,1975,1606.87
Morocco,Tunisia,1975,8.9
Morocco,Algeria,1976,2.45
Morocco,Egypt,1976,4.98
Morocco,Libya,1976,2.6
Morocco,RESTO_DEL_MUNDO,1976,1370.42
Morocco,Tunisia,1976,9.6
Morocco,Algeria,1977,0.02
Morocco,Egypt,1977,3.42
Morocco,Libya,1977,5.3
Morocco,RESTO_DEL_MUNDO,1977,1413.41
Morocco,Tunisia,1977,7.55
Morocco,Algeria,1978,0.04
Morocco,Egypt,1978,2.42
Morocco,Libya,1978,10.1
Morocco,RESTO_DEL_MUNDO,1978,1606.57
Morocco,Tunisia,1978,6.72
Morocco,Algeria,1979,0
Morocco,Egypt,1979,0.23
Morocco,Libya,1979,10.4
Morocco,RESTO_DEL_MUNDO,1979,2049.96
Morocco,Tunisia,1979,8
Morocco,Algeria,1980,0
Morocco,Egypt,1980,0.66
Morocco,Libya,1980,5.6
Morocco,RESTO_DEL_MUNDO,1980,2504.38
Morocco,Tunisia,1980,14.6
Morocco,Algeria,1981,0
Morocco,Egypt,1981,1.05
Morocco,Libya,1981,7.5
Morocco,RESTO_DEL_MUNDO,1981,2279.28
Morocco,Tunisia,1981,17.93
Morocco,Algeria,1982,0
Morocco,Egypt,1982,0.54
Morocco,Libya,1982,0.814
Morocco,RESTO_DEL_MUNDO,1982,2130.57
Morocco,Tunisia,1982,19.98
Morocco,Algeria,1983,9.16
Morocco,Egypt,1983,0.83
Morocco,Libya,1983,16.357
Morocco,RESTO_DEL_MUNDO,1983,2067.59
Morocco,Tunisia,1983,12.67
Morocco,Algeria,1984,0
Morocco,Egypt,1984,0.91
Morocco,Libya,1984,42.614
Morocco,RESTO_DEL_MUNDO,1984,2139.33
Morocco,Tunisia,1984,19.06
Morocco,Algeria,1985,0
Morocco,Egypt,1985,0.424
Morocco,Libya,1985,39.677
Morocco,RESTO_DEL_MUNDO,1985,2295.6
Morocco,Tunisia,1985,19.93
Morocco,Algeria,1986,0
Morocco,Egypt,1986,1.66
Morocco,Libya,1986,41.532
Morocco,RESTO_DEL_MUNDO,1986,2562.46
Morocco,Tunisia,1986,17.1
Morocco,Algeria,1987,0
Morocco,Egypt,1987,2.755
Morocco,Libya,1987,93.426
Morocco,RESTO_DEL_MUNDO,1987,2979.9
Morocco,Tunisia,1987,27.69
Morocco,Algeria,1988,0.222
Morocco,Egypt,1988,3.381
Morocco,Libya,1988,96.633
Morocco,RESTO_DEL_MUNDO,1988,3627.78
Morocco,Tunisia,1988,48.27
Morocco,Algeria,1989,37.311
Morocco,Egypt,1989,0.468
Morocco,Libya,1989,83.328
Morocco,RESTO_DEL_MUNDO,1989,3718.68
Morocco,Tunisia,1989,48.4629
Morocco,Algeria,1990,56.76
Morocco,Egypt,1990,0.873
Morocco,Libya,1990,120.94
Morocco,RESTO_DEL_MUNDO,1990,5304.43
Morocco,Tunisia,1990,57.1371
Morocco,Algeria,1991,65.019
Morocco,Egypt,1991,3.398
Morocco,Libya,1991,191.038
Morocco,RESTO_DEL_MUNDO,1991,5538.3
Morocco,Tunisia,1991,67.4158
Morocco,Algeria,1992,96.936
Morocco,Egypt,1992,0.327
Morocco,Libya,1992,144.298
Morocco,RESTO_DEL_MUNDO,1992,5627.36
Morocco,Tunisia,1992,74.3719
Morocco,Algeria,1993,84.777
Morocco,Egypt,1993,1.09343
Morocco,Libya,1993,154.828
Morocco,RESTO_DEL_MUNDO,1993,5292.3
Morocco,Tunisia,1993,48.5972
Morocco,Algeria,1994,120.588
Morocco,Egypt,1994,3.831
Morocco,Libya,1994,108.533
Morocco,RESTO_DEL_MUNDO,1994,5837.16
Morocco,Tunisia,1994,47.3667
Morocco,Algeria,1995,51.4848
Morocco,Egypt,1995,4.16524
Morocco,Libya,1995,177.36
Morocco,RESTO_DEL_MUNDO,1995,7013.73
Morocco,Tunisia,1995,59.8413
Morocco,Algeria,1996,41.294
Morocco,Egypt,1996,6.75809
Morocco,Libya,1996,137.817
Morocco,RESTO_DEL_MUNDO,1996,7372.56
Morocco,Tunisia,1996,58.6496
Morocco,Algeria,1997,6.53797
Morocco,Egypt,1997,6.91232
Morocco,Libya,1997,143.401
Morocco,RESTO_DEL_MUNDO,1997,7546.39
Morocco,Tunisia,1997,52.3131
Morocco,Algeria,1998,9.32977
Morocco,Egypt,1998,5.95719
Morocco,Libya,1998,97.774
Morocco,RESTO_DEL_MUNDO,1998,7765.32
Morocco,Tunisia,1998,52.9217
Morocco,Algeria,1999,7.49745
Morocco,Egypt,1999,6.67862
Morocco,Libya,1999,95.1341
Morocco,RESTO_DEL_MUNDO,1999,8254.42
Morocco,Tunisia,1999,48.1229
Morocco,Algeria,2000,4.07205
Morocco,Egypt,2000,14.7582
Morocco,Libya,2000,69.2217
Morocco,RESTO_DEL_MUNDO,2000,8121.19
Morocco,Tunisia,2000,63.5785
Morocco,Algeria,2001,6.10138
Morocco,Egypt,2001,20.7867
Morocco,Libya,2001,64.2193
Morocco,RESTO_DEL_MUNDO,2001,8123.76
Morocco,Tunisia,2001,64.677
Morocco,Algeria,2002,17.4979
Morocco,Egypt,2002,8.13449
Morocco,Libya,2002,75.0254
Morocco,RESTO_DEL_MUNDO,2002,8596.63
Morocco,Tunisia,2002,57.4329
Morocco,Algeria,2003,26.1421
Morocco,Egypt,2003,8.60507
Morocco,Libya,2003,50.7924
Morocco,RESTO_DEL_MUNDO,2003,9840.65
Morocco,Tunisia,2003,46.7415
Morocco,Algeria,2004,37.4418
Morocco,Egypt,2004,8.02557
Morocco,Libya,2004,35.8882
Morocco,RESTO_DEL_MUNDO,2004,11580.5
Morocco,Tunisia,2004,62.6841
Morocco,Algeria,2005,49.8518
Morocco,Egypt,2005,10.8887
Morocco,Libya,2005,20.9354
Morocco,RESTO_DEL_MUNDO,2005,15417.5
Morocco,Tunisia,2005,60.0775
Morocco,Algeria,2006,49.88
Morocco,Egypt,2006,13.8229
Morocco,Libya,2006,24.659
Morocco,RESTO_DEL_MUNDO,2006,13812.9
Morocco,Tunisia,2006,70.8743
Morocco,Algeria,2007,49.8457
Morocco,Egypt,2007,22.9556
Morocco,Libya,2007,45.7609
Morocco,RESTO_DEL_MUNDO,2007,16650.2
Morocco,Tunisia,2007,75.6286
Morocco,Algeria,2008,86.6078
Morocco,Egypt,2008,38.0047
Morocco,Libya,2008,69.5229
Morocco,RESTO_DEL_MUNDO,2008,21131
Morocco,Tunisia,2008,89.2338
Morocco,Algeria,2009,123.176
Morocco,Egypt,2009,44.179
Morocco,Libya,2009,44.9496
Morocco,RESTO_DEL_MUNDO,2009,14400
Morocco,Tunisia,2009,65.7424
Morocco,Algeria,2010,135.584
Morocco,Egypt,2010,67.6778
Morocco,Libya,2010,41.3755
Morocco,RESTO_DEL_MUNDO,2010,17371.5
Morocco,Tunisia,2010,99.1296
Morocco,Algeria,2011,241.623
Morocco,Egypt,2011,54.9837
Morocco,Libya,2011,32.8263
Morocco,RESTO_DEL_MUNDO,2011,21552.2
Morocco,Tunisia,2011,93.5826
Morocco,Algeria,2012,283.752
Morocco,Egypt,2012,97.6861
Morocco,Libya,2012,87.9348
Morocco,RESTO_DEL_MUNDO,2012,21775.7
Morocco,Tunisia,2012,129.684
Morocco,Algeria,2013,217.373
Morocco,Egypt,2013,57.4916
Morocco,Libya,2013,95.0382
Morocco,RESTO_DEL_MUNDO,2013,22607.7
Morocco,Tunisia,2013,95.8757
Morocco,Algeria,2014,229.46
Morocco,Egypt,2014,116.104
Morocco,Libya,2014,39.3016
Morocco,RESTO_DEL_MUNDO,2014,24507.4
Morocco,Tunisia,2014,115.501
Mozambique,Angola,1975,3.386
Mozambique,Botswana,1975,0
Mozambique,Cameroon,1975,0
Mozambique,Ghana,1975,0
Mozambique,Kenya,1975,0.227
Mozambique,Nigeria,1975,0
Mozambique,RESTO_DEL_MUNDO,1975,394.064
Mozambique,Senegal,1975,0
Mozambique,South Africa,1975,15.968
Mozambique,Zambia,1975,0.352727
Mozambique,Zimbabwe,1975,5.314
Mozambique,Cameroon,1976,0
Mozambique,Ghana,1976,0.055
Mozambique,Kenya,1976,0.026
Mozambique,Nigeria,1976,1.1
Mozambique,RESTO_DEL_MUNDO,1976,280.317
Mozambique,Senegal,1976,0
Mozambique,Zambia,1976,0.171818
Mozambique,Angola,1977,0.141
Mozambique,Botswana,1977,0
Mozambique,Cameroon,1977,0
Mozambique,Ghana,1977,0
Mozambique,Kenya,1977,1.184
Mozambique,Nigeria,1977,3
Mozambique,RESTO_DEL_MUNDO,1977,269.632
Mozambique,Senegal,1977,0
Mozambique,South Africa,1977,9.004
Mozambique,Zambia,1977,0.0618182
Mozambique,Zimbabwe,1977,0
Mozambique,Cameroon,1978,0
Mozambique,Ghana,1978,0.001
Mozambique,Kenya,1978,2.684
Mozambique,Nigeria,1978,3.3
Mozambique,RESTO_DEL_MUNDO,1978,324.292
Mozambique,Senegal,1978,0
Mozambique,Zambia,1978,0.130909
Mozambique,Cameroon,1979,0
Mozambique,Ghana,1979,0
Mozambique,Kenya,1979,1.41
Mozambique,Nigeria,1979,0.1
Mozambique,RESTO_DEL_MUNDO,1979,497.736
Mozambique,Senegal,1979,0.118
Mozambique,Zambia,1979,0.0172727
Mozambique,Cameroon,1980,0.061
Mozambique,Ghana,1980,0
Mozambique,Kenya,1980,50.985
Mozambique,RESTO_DEL_MUNDO,1980,485.751
Mozambique,Senegal,1980,0
Mozambique,Zambia,1980,0.0290909
Mozambique,Angola,1981,0
Mozambique,Botswana,1981,0
Mozambique,Cameroon,1981,0
Mozambique,Ghana,1981,0.001
Mozambique,Kenya,1981,5.63
Mozambique,Nigeria,1981,0
Mozambique,RESTO_DEL_MUNDO,1981,407.606
Mozambique,Senegal,1981,0
Mozambique,South Africa,1981,0
Mozambique,Zambia,1981,0.0245455
Mozambique,Zimbabwe,1981,29.747
Mozambique,Angola,1982,0
Mozambique,Botswana,1982,0
Mozambique,Cameroon,1982,0
Mozambique,Ghana,1982,3.661
Mozambique,Kenya,1982,18.673
Mozambique,Nigeria,1982,0
Mozambique,RESTO_DEL_MUNDO,1982,267.856
Mozambique,Senegal,1982,0.043
Mozambique,South Africa,1982,0
Mozambique,Zambia,1982,0.00363636
Mozambique,Zimbabwe,1982,8.341
Mozambique,Angola,1983,0
Mozambique,Botswana,1983,0
Mozambique,Cameroon,1983,0
Mozambique,Ghana,1983,0.975
Mozambique,Kenya,1983,0
Mozambique,Nigeria,1983,0
Mozambique,RESTO_DEL_MUNDO,1983,229.302
Mozambique,Senegal,1983,0.14
Mozambique,South Africa,1983,0
Mozambique,Zambia,1983,0.00257954
Mozambique,Zimbabwe,1983,9.837
Mozambique,Angola,1984,0
Mozambique,Botswana,1984,0
Mozambique,Cameroon,1984,0.002
Mozambique,Ghana,1984,0
Mozambique,Kenya,1984,0.215
Mozambique,Nigeria,1984,0
Mozambique,RESTO_DEL_MUNDO,1984,138.781
Mozambique,Senegal,1984,0.041
Mozambique,South Africa,1984,0
Mozambique,Zambia,1984,0.00330909
Mozambique,Zimbabwe,1984,0.094
Mozambique,Angola,1985,0
Mozambique,Botswana,1985,0
Mozambique,Cameroon,1985,0
Mozambique,Ghana,1985,0
Mozambique,Kenya,1985,0.205741
Mozambique,Nigeria,1985,0
Mozambique,RESTO_DEL_MUNDO,1985,144.775
Mozambique,Senegal,1985,0.192
Mozambique,South Africa,1985,0
Mozambique,Zambia,1985,0
Mozambique,Zimbabwe,1985,0.157
Mozambique,Angola,1986,0
Mozambique,Botswana,1986,0
Mozambique,Cameroon,1986,0.07
Mozambique,Ghana,1986,1.12102e-05
Mozambique,Kenya,1986,0.231114
Mozambique,Nigeria,1986,0.00575199
Mozambique,RESTO_DEL_MUNDO,1986,122.633
Mozambique,Senegal,1986,0.0400514
Mozambique,South Africa,1986,0
Mozambique,Zambia,1986,0.0138667
Mozambique,Zimbabwe,1986,0.426
Mozambique,Angola,1987,0
Mozambique,Botswana,1987,0
Mozambique,Cameroon,1987,0.668
Mozambique,Ghana,1987,0.322955
Mozambique,Kenya,1987,2.82798
Mozambique,Nigeria,1987,0.0066127
Mozambique,RESTO_DEL_MUNDO,1987,231.014
Mozambique,Senegal,1987,0.00419584
Mozambique,South Africa,1987,0
Mozambique,Zambia,1987,0.000525239
Mozambique,Zimbabwe,1987,0.541
Mozambique,Angola,1988,0
Mozambique,Botswana,1988,0
Mozambique,Cameroon,1988,0.127926
Mozambique,Ghana,1988,0
Mozambique,Kenya,1988,2.43781
Mozambique,Nigeria,1988,0
Mozambique,RESTO_DEL_MUNDO,1988,314.363
Mozambique,Senegal,1988,0
Mozambique,South Africa,1988,0
Mozambique,Zambia,1988,0.00532299
Mozambique,Zimbabwe,1988,0.613354
Mozambique,Angola,1989,0.0897358
Mozambique,Botswana,1989,0
Mozambique,Cameroon,1989,0.0145448
Mozambique,Ghana,1989,0
Mozambique,Kenya,1989,2.63263
Mozambique,Nigeria,1989,0
Mozambique,RESTO_DEL_MUNDO,1989,359.105
Mozambique,Senegal,1989,0.0326513
Mozambique,South Africa,1989,5.20942
Mozambique,Zambia,1989,0.0307666
Mozambique,Zimbabwe,1989,1.10431
Mozambique,Angola,1990,0.103196
Mozambique,Botswana,1990,0
Mozambique,Cameroon,1990,0
Mozambique,Ghana,1990,0
Mozambique,Kenya,1990,0.695
Mozambique,Nigeria,1990,0
Mozambique,RESTO_DEL_MUNDO,1990,318.22
Mozambique,Senegal,1990,0
Mozambique,South Africa,1990,4.43376
Mozambique,Zambia,1990,0.0233747
Mozambique,Zimbabwe,1990,0.704985
Mozambique,Angola,1991,0.113516
Mozambique,Botswana,1991,0
Mozambique,Cameroon,1991,0.0106343
Mozambique,Ghana,1991,0
Mozambique,Kenya,1991,1.306
Mozambique,Nigeria,1991,0.0719516
Mozambique,RESTO_DEL_MUNDO,1991,326.664
Mozambique,Senegal,1991,0
Mozambique,South Africa,1991,4.87714
Mozambique,Zambia,1991,1.4305
Mozambique,Zimbabwe,1991,5.12597
Mozambique,Angola,1992,0
Mozambique,Botswana,1992,0
Mozambique,Cameroon,1992,0
Mozambique,Ghana,1992,0.763
Mozambique,Kenya,1992,0.022721
Mozambique,Nigeria,1992,0
Mozambique,RESTO_DEL_MUNDO,1992,273.492
Mozambique,Senegal,1992,0
Mozambique,South Africa,1992,17.8742
Mozambique,Zambia,1992,0.369756
Mozambique,Zimbabwe,1992,5.05643
Mozambique,Angola,1993,0
Mozambique,Botswana,1993,0
Mozambique,Cameroon,1993,0
Mozambique,Ghana,1993,0
Mozambique,Kenya,1993,0.0690846
Mozambique,Nigeria,1993,0
Mozambique,RESTO_DEL_MUNDO,1993,180.623
Mozambique,Senegal,1993,0.00661811
Mozambique,South Africa,1993,18.4603
Mozambique,Zambia,1993,0.170078
Mozambique,Zimbabwe,1993,0.727742
Mozambique,Angola,1994,0.77
Mozambique,Botswana,1994,0
Mozambique,Cameroon,1994,0
Mozambique,Ghana,1994,0
Mozambique,Kenya,1994,0.109264
Mozambique,Nigeria,1994,0
Mozambique,RESTO_DEL_MUNDO,1994,212.325
Mozambique,Senegal,1994,0.131597
Mozambique,South Africa,1994,25.8902
Mozambique,Zambia,1994,0.150304
Mozambique,Zimbabwe,1994,5.32377
Mozambique,Angola,1995,0.1529
Mozambique,Botswana,1995,0
Mozambique,Cameroon,1995,0
Mozambique,Ghana,1995,0
Mozambique,Kenya,1995,0.1111
Mozambique,Nigeria,1995,0
Mozambique,RESTO_DEL_MUNDO,1995,213.196
Mozambique,Senegal,1995,0
Mozambique,South Africa,1995,41.175
Mozambique,Zambia,1995,0.858067
Mozambique,Zimbabwe,1995,4.728
Mozambique,Angola,1996,0.517
Mozambique,Botswana,1996,0
Mozambique,Cameroon,1996,0
Mozambique,Ghana,1996,0
Mozambique,Kenya,1996,0.034
Mozambique,Nigeria,1996,0
Mozambique,RESTO_DEL_MUNDO,1996,206.849
Mozambique,Senegal,1996,0.0286579
Mozambique,South Africa,1996,43.911
Mozambique,Zambia,1996,0.319846
Mozambique,Zimbabwe,1996,12.2777
Mozambique,Angola,1997,0.77
Mozambique,Botswana,1997,0.1
Mozambique,Cameroon,1997,0
Mozambique,Ghana,1997,0
Mozambique,Kenya,1997,2.38299
Mozambique,Nigeria,1997,0
Mozambique,RESTO_DEL_MUNDO,1997,248.156
Mozambique,Senegal,1997,0.116837
Mozambique,South Africa,1997,36.464
Mozambique,Zambia,1997,0.383416
Mozambique,Zimbabwe,1997,22.3182
Mozambique,Angola,1998,1.32
Mozambique,Botswana,1998,0.4
Mozambique,Cameroon,1998,0
Mozambique,Ghana,1998,0
Mozambique,Kenya,1998,0.115343
Mozambique,Nigeria,1998,0
Mozambique,RESTO_DEL_MUNDO,1998,244.82
Mozambique,Senegal,1998,0.026292
Mozambique,South Africa,1998,35.2403
Mozambique,Zambia,1998,0.442663
Mozambique,Zimbabwe,1998,21.7268
Mozambique,Angola,1999,0.22
Mozambique,Botswana,1999,0
Mozambique,Cameroon,1999,0
Mozambique,Ghana,1999,0
Mozambique,Kenya,1999,0.55
Mozambique,Nigeria,1999,0
Mozambique,RESTO_DEL_MUNDO,1999,232.349
Mozambique,Senegal,1999,0
Mozambique,South Africa,1999,23.8741
Mozambique,Zambia,1999,1.33585
Mozambique,Zimbabwe,1999,13.5854
Mozambique,Angola,2000,0.59235
Mozambique,Botswana,2000,0.0023
Mozambique,Cameroon,2000,0
Mozambique,Ghana,2000,0
Mozambique,Kenya,2000,2.2904
Mozambique,Nigeria,2000,0.0986851
Mozambique,RESTO_DEL_MUNDO,2000,316.023
Mozambique,Senegal,2000,0
Mozambique,South Africa,2000,22.2014
Mozambique,Zambia,2000,9.7296
Mozambique,Zimbabwe,2000,60.7283
Mozambique,Angola,2001,0.551353
Mozambique,Botswana,2001,0.00724
Mozambique,Cameroon,2001,0
Mozambique,Ghana,2001,0
Mozambique,Kenya,2001,1.13516
Mozambique,Nigeria,2001,0.201122
Mozambique,RESTO_DEL_MUNDO,2001,670.061
Mozambique,Senegal,2001,0
Mozambique,South Africa,2001,31.3661
Mozambique,Zambia,2001,4.87085
Mozambique,Zimbabwe,2001,89.7788
Mozambique,Angola,2002,0.150625
Mozambique,Botswana,2002,0.130939
Mozambique,Cameroon,2002,0
Mozambique,Ghana,2002,0
Mozambique,Kenya,2002,2.51823
Mozambique,Nigeria,2002,0.223975
Mozambique,RESTO_DEL_MUNDO,2002,760.093
Mozambique,Senegal,2002,0
Mozambique,South Africa,2002,40.9867
Mozambique,Zambia,2002,2.75551
Mozambique,Zimbabwe,2002,173.418
Mozambique,Angola,2003,0.94478
Mozambique,Botswana,2003,1.74434
Mozambique,Cameroon,2003,0
Mozambique,Ghana,2003,0
Mozambique,Kenya,2003,2.51165
Mozambique,Nigeria,2003,0.0831274
Mozambique,RESTO_DEL_MUNDO,2003,920.153
Mozambique,Senegal,2003,0
Mozambique,South Africa,2003,37.5483
Mozambique,Zambia,2003,9.47312
Mozambique,Zimbabwe,2003,39.7975
Mozambique,Angola,2004,0.70653
Mozambique,Botswana,2004,0.7509
Mozambique,Cameroon,2004,0
Mozambique,Ghana,2004,0
Mozambique,Kenya,2004,1.22347
Mozambique,Nigeria,2004,0.10811
Mozambique,RESTO_DEL_MUNDO,2004,1325.41
Mozambique,Senegal,2004,0.106086
Mozambique,South Africa,2004,33.4149
Mozambique,Zambia,2004,2.27
Mozambique,Zimbabwe,2004,48.4876
Mozambique,Angola,2005,0.90332
Mozambique,Botswana,2005,0
Mozambique,Cameroon,2005,0
Mozambique,Ghana,2005,0
Mozambique,Kenya,2005,2.31803
Mozambique,Nigeria,2005,0.137657
Mozambique,RESTO_DEL_MUNDO,2005,1714.01
Mozambique,Senegal,2005,0.020072
Mozambique,South Africa,2005,32.9061
Mozambique,Zambia,2005,10.3201
Mozambique,Zimbabwe,2005,4.55667
Mozambique,Angola,2006,1.69447
Mozambique,Botswana,2006,0
Mozambique,Cameroon,2006,0
Mozambique,Ghana,2006,0
Mozambique,Kenya,2006,2.52704
Mozambique,Nigeria,2006,0.169938
Mozambique,RESTO_DEL_MUNDO,2006,1897.01
Mozambique,Senegal,2006,0.0330842
Mozambique,South Africa,2006,48.7482
Mozambique,Zambia,2006,15.8453
Mozambique,Zimbabwe,2006,4.25695
Mozambique,Angola,2007,4.21894
Mozambique,Botswana,2007,0.0697
Mozambique,Cameroon,2007,0
Mozambique,Ghana,2007,0
Mozambique,Kenya,2007,2.80763
Mozambique,Nigeria,2007,0.220141
Mozambique,RESTO_DEL_MUNDO,2007,2252.41
Mozambique,Senegal,2007,0
Mozambique,South Africa,2007,369.612
Mozambique,Zambia,2007,58.3244
Mozambique,Zimbabwe,2007,78.2208
Mozambique,Angola,2008,8.72916
Mozambique,Botswana,2008,7.4627
Mozambique,Cameroon,2008,0
Mozambique,Ghana,2008,0
Mozambique,Kenya,2008,3.72984
Mozambique,Nigeria,2008,0.278081
Mozambique,RESTO_DEL_MUNDO,2008,1722.12
Mozambique,Senegal,2008,0.00134597
Mozambique,South Africa,2008,425.564
Mozambique,Zambia,2008,51.217
Mozambique,Zimbabwe,2008,62.5437
Mozambique,Angola,2009,9.85697
Mozambique,Botswana,2009,0.274884
Mozambique,Cameroon,2009,0
Mozambique,Ghana,2009,0
Mozambique,Kenya,2009,1.33437
Mozambique,Nigeria,2009,0.260612
Mozambique,RESTO_DEL_MUNDO,2009,1518.65
Mozambique,Senegal,2009,0
Mozambique,South Africa,2009,456.508
Mozambique,Zambia,2009,38.0442
Mozambique,Zimbabwe,2009,81.1776
Mozambique,Angola,2010,2.77374
Mozambique,Botswana,2010,0.050457
Mozambique,Cameroon,2010,0
Mozambique,Ghana,2010,0
Mozambique,Kenya,2010,11.7115
Mozambique,Nigeria,2010,0.299703
Mozambique,RESTO_DEL_MUNDO,2010,2494.28
Mozambique,Senegal,2010,0
Mozambique,South Africa,2010,577.955
Mozambique,Zambia,2010,16.7128
Mozambique,Zimbabwe,2010,79.276
Mozambique,Angola,2011,3.1898
Mozambique,Botswana,2011,0.0565118
Mozambique,Cameroon,2011,0
Mozambique,Ghana,2011,0
Mozambique,Kenya,2011,16.6827
Mozambique,Nigeria,2011,0.344659
Mozambique,RESTO_DEL_MUNDO,2011,2639.1
Mozambique,Senegal,2011,1.69233
Mozambique,South Africa,2011,1124.65
Mozambique,Zambia,2011,19.2777
Mozambique,Zimbabwe,2011,88.7891
Mozambique,Angola,2012,3.55753
Mozambique,Botswana,2012,0.0589171
Mozambique,Cameroon,2012,0
Mozambique,Ghana,2012,0
Mozambique,Kenya,2012,9.05633
Mozambique,Nigeria,2012,0.384392
Mozambique,RESTO_DEL_MUNDO,2012,2918.14
Mozambique,Senegal,2012,0.084638
Mozambique,South Africa,2012,1403.79
Mozambique,Zambia,2012,21.0941
Mozambique,Zimbabwe,2012,92.5682
Mozambique,Angola,2013,3.98313
Mozambique,Botswana,2013,0.0620454
Mozambique,Cameroon,2013,0
Mozambique,Ghana,2013,0
Mozambique,Kenya,2013,20.812
Mozambique,Nigeria,2013,0.430378
Mozambique,RESTO_DEL_MUNDO,2013,3140.8
Mozambique,Senegal,2013,3.65788
Mozambique,South Africa,2013,1389.02
Mozambique,Zambia,2013,22.8249
Mozambique,Zimbabwe,2013,97.4833
Mozambique,Angola,2014,3.79422
Mozambique,Botswana,2014,0.0650219
Mozambique,Cameroon,2014,0
Mozambique,Ghana,2014,0
Mozambique,Kenya,2014,21.8104
Mozambique,Nigeria,2014,0.409967
Mozambique,RESTO_DEL_MUNDO,2014,4359.13
Mozambique,Senegal,2014,0.005403
Mozambique,South Africa,2014,1146.4
Mozambique,Zambia,2014,40.0378
Mozambique,Zimbabwe,2014,102.16
Myanmar,Philippines,1948,0.6
Myanmar,RESTO_DEL_MUNDO,1948,168.8
Myanmar,Thailand,1948,0.4
Myanmar,Indonesia,1949,16.7
Myanmar,Philippines,1949,2.31
Myanmar,RESTO_DEL_MUNDO,1949,127.1
Myanmar,Thailand,1949,0.4
Myanmar,Indonesia,1950,26
Myanmar,Philippines,1950,0
Myanmar,RESTO_DEL_MUNDO,1950,94.31
Myanmar,Thailand,1950,0
Myanmar,Indonesia,1951,26
Myanmar,Philippines,1951,0
Myanmar,RESTO_DEL_MUNDO,1951,124.6
Myanmar,Thailand,1951,0.2
Myanmar,Indonesia,1952,30.1
Myanmar,Philippines,1952,6.6
Myanmar,RESTO_DEL_MUNDO,1952,175
Myanmar,Thailand,1952,0.1
Myanmar,Indonesia,1953,44.4
Myanmar,Laos,1953,0
Myanmar,Philippines,1953,0
Myanmar,RESTO_DEL_MUNDO,1953,155.5
Myanmar,Thailand,1953,0.1
Myanmar,Indonesia,1954,30.4
Myanmar,Laos,1954,0
Myanmar,Philippines,1954,0
Myanmar,RESTO_DEL_MUNDO,1954,211.2
Myanmar,Thailand,1954,0.1
Myanmar,Indonesia,1955,15.2
Myanmar,Laos,1955,0
Myanmar,Philippines,1955,0.88
Myanmar,RESTO_DEL_MUNDO,1955,199.41
Myanmar,Thailand,1955,0.1
Myanmar,Indonesia,1956,44.9
Myanmar,Laos,1956,0
Myanmar,Philippines,1956,0.11
Myanmar,RESTO_DEL_MUNDO,1956,164.1
Myanmar,Thailand,1956,0.9
Myanmar,Indonesia,1957,28.3
Myanmar,Laos,1957,0
Myanmar,Malaysia,1957,0
Myanmar,Philippines,1957,0.1
Myanmar,RESTO_DEL_MUNDO,1957,177.62
Myanmar,Thailand,1957,0.8
Myanmar,Indonesia,1958,24.9
Myanmar,Laos,1958,0
Myanmar,Malaysia,1958,0
Myanmar,Philippines,1958,1
Myanmar,RESTO_DEL_MUNDO,1958,192.71
Myanmar,Thailand,1958,0.5
Myanmar,Indonesia,1959,35.6
Myanmar,Laos,1959,0
Myanmar,Malaysia,1959,0
Myanmar,Philippines,1959,0
Myanmar,RESTO_DEL_MUNDO,1959,131.5
Myanmar,Thailand,1959,0.4
Myanmar,Indonesia,1960,47.1
Myanmar,Laos,1960,0
Myanmar,Malaysia,1960,0
Myanmar,Philippines,1960,0
Myanmar,RESTO_DEL_MUNDO,1960,160.5
Myanmar,Thailand,1960,0.1
Myanmar,Indonesia,1961,26.4
Myanmar,Laos,1961,0
Myanmar,Malaysia,1961,0
Myanmar,Philippines,1961,2.2
Myanmar,RESTO_DEL_MUNDO,1961,176.7
Myanmar,Thailand,1961,0.4
Myanmar,Indonesia,1962,23.4
Myanmar,Laos,1962,0
Myanmar,Malaysia,1962,0
Myanmar,Philippines,1962,0
Myanmar,RESTO_DEL_MUNDO,1962,178.7
Myanmar,Thailand,1962,0.4
Myanmar,Indonesia,1963,27.3
Myanmar,Laos,1963,0
Myanmar,Malaysia,1963,0
Myanmar,Philippines,1963,13.7
Myanmar,RESTO_DEL_MUNDO,1963,177.31
Myanmar,Thailand,1963,0.2
Myanmar,Indonesia,1964,57.8
Myanmar,Laos,1964,0
Myanmar,Malaysia,1964,0
Myanmar,Philippines,1964,10.2
Myanmar,RESTO_DEL_MUNDO,1964,194.3
Myanmar,Thailand,1964,0.1
Myanmar,Indonesia,1965,40
Myanmar,Laos,1965,0
Myanmar,Malaysia,1965,0
Myanmar,Philippines,1965,30.7
Myanmar,RESTO_DEL_MUNDO,1965,160.292
Myanmar,Singapore,1965,0
Myanmar,Thailand,1965,0.2
Myanmar,Indonesia,1966,12.6
Myanmar,Laos,1966,0
Myanmar,Malaysia,1966,4.4
Myanmar,Philippines,1966,4.1
Myanmar,RESTO_DEL_MUNDO,1966,183.556
Myanmar,Singapore,1966,6.8
Myanmar,Thailand,1966,0.2
Myanmar,Indonesia,1967,3.4
Myanmar,Laos,1967,0
Myanmar,Malaysia,1967,4.31
Myanmar,Philippines,1967,4.5
Myanmar,RESTO_DEL_MUNDO,1967,96.293
Myanmar,Singapore,1967,7.6
Myanmar,Thailand,1967,0.1
Myanmar,Indonesia,1968,5.5
Myanmar,Laos,1968,0
Myanmar,Malaysia,1968,4.38
Myanmar,Philippines,1968,0
Myanmar,RESTO_DEL_MUNDO,1968,93.513
Myanmar,Singapore,1968,5.02
Myanmar,Thailand,1968,0
Myanmar,Indonesia,1969,2.5
Myanmar,Laos,1969,0
Myanmar,Malaysia,1969,6.31
Myanmar,Philippines,1969,0.004
Myanmar,RESTO_DEL_MUNDO,1969,95.067
Myanmar,Singapore,1969,7.37
Myanmar,Thailand,1969,0.12
Myanmar,Indonesia,1970,9.6
Myanmar,Laos,1970,0
Myanmar,Malaysia,1970,9.67
Myanmar,Philippines,1970,0.021
Myanmar,RESTO_DEL_MUNDO,1970,83.3886
Myanmar,Singapore,1970,12.52
Myanmar,Thailand,1970,0.18
Myanmar,Indonesia,1971,1.5
Myanmar,Laos,1971,0
Myanmar,Malaysia,1971,6.01
Myanmar,Philippines,1971,6
Myanmar,RESTO_DEL_MUNDO,1971,93.871
Myanmar,Singapore,1971,9.79
Myanmar,Thailand,1971,0.32
Myanmar,Indonesia,1972,0.4
Myanmar,Laos,1972,0
Myanmar,Malaysia,1972,7.16
Myanmar,Philippines,1972,2.1
Myanmar,RESTO_DEL_MUNDO,1972,113.682
Myanmar,Singapore,1972,10.85
Myanmar,Thailand,1972,0.46
Myanmar,Indonesia,1973,3.1
Myanmar,Laos,1973,0
Myanmar,Malaysia,1973,9.59
Myanmar,Philippines,1973,0
Myanmar,RESTO_DEL_MUNDO,1973,130.098
Myanmar,Singapore,1973,15.74
Myanmar,Thailand,1973,0.93
Myanmar,Indonesia,1974,21.4
Myanmar,Laos,1974,0
Myanmar,Malaysia,1974,14.98
Myanmar,Philippines,1974,1
Myanmar,RESTO_DEL_MUNDO,1974,149.575
Myanmar,Singapore,1974,17.44
Myanmar,Thailand,1974,2.86
Myanmar,Indonesia,1975,33.6
Myanmar,Laos,1975,0
Myanmar,Malaysia,1975,37.36
Myanmar,Philippines,1975,0
Myanmar,RESTO_DEL_MUNDO,1975,141.493
Myanmar,Singapore,1975,11.99
Myanmar,Thailand,1975,1.6
Myanmar,Indonesia,1976,89.3
Myanmar,Laos,1976,0
Myanmar,Malaysia,1976,19.33
Myanmar,Philippines,1976,0.04
Myanmar,RESTO_DEL_MUNDO,1976,130.615
Myanmar,Singapore,1976,21.38
Myanmar,Thailand,1976,1.81
Myanmar,Vietnam,1976,23.095
Myanmar,Indonesia,1977,81.8
Myanmar,Laos,1977,0
Myanmar,Malaysia,1977,16.14
Myanmar,Philippines,1977,0.12
Myanmar,RESTO_DEL_MUNDO,1977,135.667
Myanmar,Singapore,1977,33.24
Myanmar,Thailand,1977,2.34
Myanmar,Vietnam,1977,3.767
Myanmar,Indonesia,1978,50.9
Myanmar,Laos,1978,0
Myanmar,Malaysia,1978,19.83
Myanmar,Philippines,1978,0.04
Myanmar,RESTO_DEL_MUNDO,1978,183.488
Myanmar,Singapore,1978,38.23
Myanmar,Thailand,1978,3.72
Myanmar,Vietnam,1978,0
Myanmar,Indonesia,1979,55.5
Myanmar,Laos,1979,0
Myanmar,Malaysia,1979,20.17
Myanmar,Philippines,1979,0.16
Myanmar,RESTO_DEL_MUNDO,1979,312.552
Myanmar,Singapore,1979,63.02
Myanmar,Thailand,1979,14.58
Myanmar,Vietnam,1979,1.23
Myanmar,Indonesia,1980,50.4
Myanmar,Laos,1980,0
Myanmar,Malaysia,1980,32.46
Myanmar,Philippines,1980,0.02
Myanmar,RESTO_DEL_MUNDO,1980,278.212
Myanmar,Singapore,1980,69.59
Myanmar,Thailand,1980,11.15
Myanmar,Vietnam,1980,0
Myanmar,Indonesia,1981,9.6
Myanmar,Laos,1981,0
Myanmar,Malaysia,1981,27.27
Myanmar,Philippines,1981,0.1
Myanmar,RESTO_DEL_MUNDO,1981,313.667
Myanmar,Singapore,1981,65.4
Myanmar,Thailand,1981,14.74
Myanmar,Vietnam,1981,2.1769
Myanmar,Indonesia,1982,25
Myanmar,Laos,1982,0
Myanmar,Malaysia,1982,22.38
Myanmar,Philippines,1982,0.00350544
Myanmar,RESTO_DEL_MUNDO,1982,272.091
Myanmar,Singapore,1982,60.54
Myanmar,Thailand,1982,14.88
Myanmar,Vietnam,1982,1.90775
Myanmar,Indonesia,1983,53.8
Myanmar,Laos,1983,0
Myanmar,Malaysia,1983,28.52
Myanmar,Philippines,1983,0.00338992
Myanmar,RESTO_DEL_MUNDO,1983,278.564
Myanmar,Singapore,1983,70.3
Myanmar,Thailand,1983,24.57
Myanmar,Vietnam,1983,1.84488
Myanmar,Indonesia,1984,20.6
Myanmar,Laos,1984,0
Myanmar,Malaysia,1984,28.18
Myanmar,Philippines,1984,0.00269539
Myanmar,RESTO_DEL_MUNDO,1984,296.163
Myanmar,Singapore,1984,66.91
Myanmar,Thailand,1984,33.29
Myanmar,Vietnam,1984,1.4669
Myanmar,Indonesia,1985,0.7
Myanmar,Laos,1985,0
Myanmar,Malaysia,1985,26.79
Myanmar,Philippines,1985,0.00271445
Myanmar,RESTO_DEL_MUNDO,1985,250.837
Myanmar,Singapore,1985,68.3
Myanmar,Thailand,1985,37.68
Myanmar,Vietnam,1985,1.34298
Myanmar,Indonesia,1986,1
Myanmar,Laos,1986,0
Myanmar,Malaysia,1986,10.04
Myanmar,Philippines,1986,2.35
Myanmar,RESTO_DEL_MUNDO,1986,266.714
Myanmar,Singapore,1986,63.63
Myanmar,Thailand,1986,32.63
Myanmar,Vietnam,1986,1.27621
Myanmar,Indonesia,1987,6.4
Myanmar,Laos,1987,0
Myanmar,Malaysia,1987,16.11
Myanmar,Philippines,1987,1.14
Myanmar,RESTO_DEL_MUNDO,1987,268.066
Myanmar,Singapore,1987,51.42
Myanmar,Thailand,1987,37
Myanmar,Vietnam,1987,0.969639
Myanmar,Indonesia,1988,0.7
Myanmar,Laos,1988,0
Myanmar,Malaysia,1988,12.1
Myanmar,Philippines,1988,0.39
Myanmar,RESTO_DEL_MUNDO,1988,289.75
Myanmar,Singapore,1988,44.55
Myanmar,Thailand,1988,60.6626
Myanmar,Vietnam,1988,0.654012
Myanmar,Indonesia,1989,1.52264
Myanmar,Laos,1989,0
Myanmar,Malaysia,1989,12.8089
Myanmar,Philippines,1989,0.745
Myanmar,RESTO_DEL_MUNDO,1989,431.81
Myanmar,Singapore,1989,42.852
Myanmar,Thailand,1989,79.4839
Myanmar,Vietnam,1989,0.951596
Myanmar,Indonesia,1990,1.50236
Myanmar,Laos,1990,0
Myanmar,Malaysia,1990,17.4115
Myanmar,Philippines,1990,1.76258
Myanmar,RESTO_DEL_MUNDO,1990,348.101
Myanmar,Singapore,1990,65.7225
Myanmar,Thailand,1990,131.745
Myanmar,Vietnam,1990,0.634883
Myanmar,Indonesia,1991,1.9325
Myanmar,Laos,1991,0
Myanmar,Malaysia,1991,17.2034
Myanmar,Philippines,1991,0.91
Myanmar,RESTO_DEL_MUNDO,1991,357.726
Myanmar,Singapore,1991,89.1322
Myanmar,Thailand,1991,0
Myanmar,Vietnam,1991,0
Myanmar,Indonesia,1992,10.9811
Myanmar,Laos,1992,0
Myanmar,Malaysia,1992,18.7626
Myanmar,Philippines,1992,0.631
Myanmar,RESTO_DEL_MUNDO,1992,474.714
Myanmar,Singapore,1992,108.215
Myanmar,Thailand,1992,0
Myanmar,Vietnam,1992,0
Myanmar,Indonesia,1993,15.1869
Myanmar,Laos,1993,0
Myanmar,Malaysia,1993,57.678
Myanmar,Philippines,1993,0.332
Myanmar,RESTO_DEL_MUNDO,1993,599.051
Myanmar,Singapore,1993,111.475
Myanmar,Thailand,1993,0
Myanmar,Vietnam,1993,0
Myanmar,Indonesia,1994,37.174
Myanmar,Laos,1994,0
Myanmar,Malaysia,1994,27.4868
Myanmar,Philippines,1994,1.494
Myanmar,RESTO_DEL_MUNDO,1994,618.18
Myanmar,Singapore,1994,140.303
Myanmar,Thailand,1994,31.6527
Myanmar,Vietnam,1994,0
Myanmar,Indonesia,1995,104.972
Myanmar,Laos,1995,0
Myanmar,Malaysia,1995,41.3133
Myanmar,Philippines,1995,0.605
Myanmar,RESTO_DEL_MUNDO,1995,719.948
Myanmar,Singapore,1995,211.169
Myanmar,Thailand,1995,40.1842
Myanmar,Vietnam,1995,0
Myanmar,Indonesia,1996,32.625
Myanmar,Laos,1996,0
Myanmar,Malaysia,1996,39.9828
Myanmar,Philippines,1996,42.3409
Myanmar,RESTO_DEL_MUNDO,1996,758.76
Myanmar,Singapore,1996,209.779
Myanmar,Thailand,1996,0
Myanmar,Vietnam,1996,0.589
Myanmar,Indonesia,1997,19.0387
Myanmar,Laos,1997,0
Myanmar,Malaysia,1997,56.1493
Myanmar,Philippines,1997,5.49782
Myanmar,RESTO_DEL_MUNDO,1997,794.131
Myanmar,Singapore,1997,172.888
Myanmar,Thailand,1997,0
Myanmar,Vietnam,1997,1.394
Myanmar,Indonesia,1998,9.14196
Myanmar,Laos,1998,0
Myanmar,Malaysia,1998,57.3471
Myanmar,Philippines,1998,3.73288
Myanmar,RESTO_DEL_MUNDO,1998,825.026
Myanmar,Singapore,1998,119.972
Myanmar,Thailand,1998,0
Myanmar,Vietnam,1998,1.466
Myanmar,Indonesia,1999,19.3274
Myanmar,Laos,1999,0
Myanmar,Malaysia,1999,57.3946
Myanmar,Philippines,1999,3.14967
Myanmar,RESTO_DEL_MUNDO,1999,1032.75
Myanmar,Singapore,1999,99.3045
Myanmar,Thailand,1999,112.837
Myanmar,Vietnam,1999,1.225
Myanmar,Indonesia,2000,21.9827
Myanmar,Laos,2000,0
Myanmar,Malaysia,2000,69.5438
Myanmar,Philippines,2000,2.23727
Myanmar,RESTO_DEL_MUNDO,2000,1491.31
Myanmar,Singapore,2000,109.761
Myanmar,Thailand,2000,256.253
Myanmar,Vietnam,2000,3.593
Myanmar,Indonesia,2001,20.826
Myanmar,Laos,2001,0
Myanmar,Malaysia,2001,78.1967
Myanmar,Philippines,2001,3.08447
Myanmar,RESTO_DEL_MUNDO,2001,1778.82
Myanmar,Singapore,2001,112.349
Myanmar,Thailand,2001,808.947
Myanmar,Vietnam,2001,4
Myanmar,Indonesia,2002,31.4787
Myanmar,Laos,2002,0
Myanmar,Malaysia,2002,76.7634
Myanmar,Philippines,2002,1.76657
Myanmar,RESTO_DEL_MUNDO,2002,1659.28
Myanmar,Singapore,2002,106.986
Myanmar,Thailand,2002,914.312
Myanmar,Vietnam,2002,5.9
Myanmar,Indonesia,2003,14.9493
Myanmar,Laos,2003,0
Myanmar,Malaysia,2003,79.8818
Myanmar,Philippines,2003,2.28991
Myanmar,RESTO_DEL_MUNDO,2003,1660.17
Myanmar,Singapore,2003,83.8452
Myanmar,Thailand,2003,909.654
Myanmar,Vietnam,2003,18.3
Myanmar,Indonesia,2004,17.419
Myanmar,Laos,2004,0
Myanmar,Malaysia,2004,106.86
Myanmar,Philippines,2004,2.48124
Myanmar,RESTO_DEL_MUNDO,2004,1602.81
Myanmar,Singapore,2004,70.9619
Myanmar,Thailand,2004,1353.37
Myanmar,Vietnam,2004,19.3
Myanmar,Indonesia,2005,14.1547
Myanmar,Laos,2005,0
Myanmar,Malaysia,2005,133.665
Myanmar,Philippines,2005,1.19768
Myanmar,RESTO_DEL_MUNDO,2005,1686.43
Myanmar,Singapore,2005,108.385
Myanmar,Thailand,2005,1785.28
Myanmar,Vietnam,2005,45.8
Myanmar,Indonesia,2006,19.6628
Myanmar,Laos,2006,0
Myanmar,Malaysia,2006,124.886
Myanmar,Philippines,2006,1.57233
Myanmar,RESTO_DEL_MUNDO,2006,2040.72
Myanmar,Singapore,2006,69.4975
Myanmar,Thailand,2006,2349.29
Myanmar,Vietnam,2006,64.6
Myanmar,Indonesia,2007,30.3917
Myanmar,Laos,2007,0
Myanmar,Malaysia,2007,139.302
Myanmar,Philippines,2007,2.63255
Myanmar,RESTO_DEL_MUNDO,2007,2329.78
Myanmar,Singapore,2007,61.1761
Myanmar,Thailand,2007,2315.37
Myanmar,Vietnam,2007,75.4
Myanmar,Indonesia,2008,29.6779
Myanmar,Laos,2008,0
Myanmar,Malaysia,2008,178.731
Myanmar,Philippines,2008,3.69406
Myanmar,RESTO_DEL_MUNDO,2008,2753
Myanmar,Singapore,2008,88.0346
Myanmar,Thailand,2008,3365.55
Myanmar,Vietnam,2008,75.6
Myanmar,Indonesia,2009,29.0569
Myanmar,Laos,2009,0
Myanmar,Malaysia,2009,141.55
Myanmar,Philippines,2009,8.59223
Myanmar,RESTO_DEL_MUNDO,2009,2939.88
Myanmar,Singapore,2009,117.296
Myanmar,Thailand,2009,2803.93
Myanmar,Vietnam,2009,65
Myanmar,Indonesia,2010,31.8468
Myanmar,Laos,2010,0
Myanmar,Malaysia,2010,228.076
Myanmar,Philippines,2010,13.7504
Myanmar,RESTO_DEL_MUNDO,2010,3360.77
Myanmar,Singapore,2010,82.2666
Myanmar,Thailand,2010,2849.29
Myanmar,Vietnam,2010,102.824
Myanmar,Indonesia,2011,71.2793
Myanmar,Laos,2011,0
Myanmar,Malaysia,2011,234.099
Myanmar,Philippines,2011,20.7353
Myanmar,RESTO_DEL_MUNDO,2011,4711.69
Myanmar,Singapore,2011,85.8108
Myanmar,Thailand,2011,3489.86
Myanmar,Vietnam,2011,84.8
Myanmar,Indonesia,2012,63.5326
Myanmar,Laos,2012,0
Myanmar,Malaysia,2012,184.313
Myanmar,Philippines,2012,30.567
Myanmar,RESTO_DEL_MUNDO,2012,4458.57
Myanmar,Singapore,2012,78.9185
Myanmar,Thailand,2012,3698.86
Myanmar,Vietnam,2012,109.476
Myanmar,Indonesia,2013,73.1514
Myanmar,Laos,2013,0
Myanmar,Malaysia,2013,198.686
Myanmar,Philippines,2013,25.3631
Myanmar,RESTO_DEL_MUNDO,2013,6369.69
Myanmar,Singapore,2013,178.842
Myanmar,Thailand,2013,4020.97
Myanmar,Vietnam,2013,123.652
Myanmar,Indonesia,2014,122.077
Myanmar,Laos,2014,0
Myanmar,Malaysia,2014,166.858
Myanmar,Philippines,2014,15.7036
Myanmar,RESTO_DEL_MUNDO,2014,19722.8
Myanmar,Singapore,2014,159.035
Myanmar,Thailand,2014,3917.02
Myanmar,Vietnam,2014,134.787
Nepal,India,1948,0
Nepal,RESTO_DEL_MUNDO,1948,0
Nepal,Sri Lanka,1948,0
Nepal,India,1949,0
Nepal,RESTO_DEL_MUNDO,1949,0
Nepal,Sri Lanka,1949,0
Nepal,India,1950,0
Nepal,RESTO_DEL_MUNDO,1950,0
Nepal,Sri Lanka,1950,0
Nepal,India,1951,0
Nepal,RESTO_DEL_MUNDO,1951,0
Nepal,Sri Lanka,1951,0
Nepal,India,1952,0
Nepal,RESTO_DEL_MUNDO,1952,0
Nepal,Sri Lanka,1952,0
Nepal,India,1953,0
Nepal,RESTO_DEL_MUNDO,1953,0
Nepal,Sri Lanka,1953,0
Nepal,India,1954,0
Nepal,RESTO_DEL_MUNDO,1954,0
Nepal,Sri Lanka,1954,0
Nepal,India,1955,0
Nepal,RESTO_DEL_MUNDO,1955,0
Nepal,Sri Lanka,1955,0
Nepal,India,1956,0
Nepal,RESTO_DEL_MUNDO,1956,0
Nepal,Sri Lanka,1956,0
Nepal,India,1957,0
Nepal,RESTO_DEL_MUNDO,1957,0
Nepal,Sri Lanka,1957,0
Nepal,India,1958,0
Nepal,RESTO_DEL_MUNDO,1958,0
Nepal,Sri Lanka,1958,0
Nepal,India,1959,0
Nepal,RESTO_DEL_MUNDO,1959,0
Nepal,Sri Lanka,1959,0
Nepal,India,1960,0
Nepal,RESTO_DEL_MUNDO,1960,0
Nepal,Sri Lanka,1960,0
Nepal,India,1961,0
Nepal,RESTO_DEL_MUNDO,1961,0
Nepal,Sri Lanka,1961,0
Nepal,India,1962,0
Nepal,RESTO_DEL_MUNDO,1962,0
Nepal,Sri Lanka,1962,0
Nepal,India,1963,0
Nepal,RESTO_DEL_MUNDO,1963,0
Nepal,Sri Lanka,1963,0
Nepal,India,1964,7.3
Nepal,RESTO_DEL_MUNDO,1964,0.4
Nepal,Sri Lanka,1964,0
Nepal,India,1965,23.9
Nepal,RESTO_DEL_MUNDO,1965,0.8
Nepal,Sri Lanka,1965,0
Nepal,India,1966,14.2
Nepal,RESTO_DEL_MUNDO,1966,2.4
Nepal,Sri Lanka,1966,0
Nepal,India,1967,22.6
Nepal,RESTO_DEL_MUNDO,1967,6.2
Nepal,Sri Lanka,1967,0
Nepal,India,1968,20.2
Nepal,RESTO_DEL_MUNDO,1968,9.15
Nepal,Sri Lanka,1968,0
Nepal,India,1969,21.33
Nepal,RESTO_DEL_MUNDO,1969,8.57182
Nepal,Sri Lanka,1969,0
Nepal,India,1970,14.75
Nepal,RESTO_DEL_MUNDO,1970,9.223
Nepal,Sri Lanka,1970,0
Nepal,India,1971,10.57
Nepal,RESTO_DEL_MUNDO,1971,7.435
Nepal,Sri Lanka,1971,0
Nepal,India,1972,14.66
Nepal,Pakistan,1972,0.39
Nepal,RESTO_DEL_MUNDO,1972,13.043
Nepal,Sri Lanka,1972,0
Nepal,Bangladesh,1973,2.82
Nepal,India,1973,16.01
Nepal,Pakistan,1973,0.44
Nepal,RESTO_DEL_MUNDO,1973,9.265
Nepal,Sri Lanka,1973,0
Nepal,Bangladesh,1974,0.95
Nepal,India,1974,24.06
Nepal,Pakistan,1974,0.17
Nepal,RESTO_DEL_MUNDO,1974,8.555
Nepal,Sri Lanka,1974,0
Nepal,Bangladesh,1975,0
Nepal,India,1975,28.47
Nepal,Pakistan,1975,2.94
Nepal,RESTO_DEL_MUNDO,1975,7.84
Nepal,Sri Lanka,1975,0
Nepal,Bangladesh,1976,0
Nepal,India,1976,38.61
Nepal,Pakistan,1976,0.79
Nepal,RESTO_DEL_MUNDO,1976,13.8185
Nepal,Sri Lanka,1976,0
Nepal,Bangladesh,1977,5.55
Nepal,India,1977,24.96
Nepal,Pakistan,1977,0.21
Nepal,RESTO_DEL_MUNDO,1977,22.92
Nepal,Sri Lanka,1977,0
Nepal,Bangladesh,1978,0.4
Nepal,India,1978,14.85
Nepal,Pakistan,1978,1.32
Nepal,RESTO_DEL_MUNDO,1978,28.658
Nepal,Sri Lanka,1978,0.001
Nepal,Bangladesh,1979,8.6
Nepal,India,1979,19.04
Nepal,Pakistan,1979,3.2
Nepal,RESTO_DEL_MUNDO,1979,32.941
Nepal,Sri Lanka,1979,0.11
Nepal,Bangladesh,1980,0.99
Nepal,India,1980,21.04
Nepal,Pakistan,1980,3.95
Nepal,RESTO_DEL_MUNDO,1980,29.835
Nepal,Sri Lanka,1980,0.43
Nepal,Bangladesh,1981,11.75
Nepal,India,1981,44.53
Nepal,Pakistan,1981,2.2
Nepal,RESTO_DEL_MUNDO,1981,22.267
Nepal,Sri Lanka,1981,0
Nepal,Bangladesh,1982,0.52
Nepal,India,1982,46.3875
Nepal,Pakistan,1982,0.96
Nepal,RESTO_DEL_MUNDO,1982,18.915
Nepal,Sri Lanka,1982,0
Nepal,Bangladesh,1983,0.01
Nepal,India,1983,41.5194
Nepal,Pakistan,1983,0.63
Nepal,RESTO_DEL_MUNDO,1983,23.376
Nepal,Sri Lanka,1983,0
Nepal,Bangladesh,1984,0
Nepal,India,1984,43.8105
Nepal,Pakistan,1984,0.57
Nepal,RESTO_DEL_MUNDO,1984,27.2027
Nepal,Sri Lanka,1984,0
Nepal,Bangladesh,1985,0
Nepal,India,1985,50.4659
Nepal,Pakistan,1985,1.98
Nepal,RESTO_DEL_MUNDO,1985,75.351
Nepal,Sri Lanka,1985,4.378
Nepal,Bangladesh,1986,0
Nepal,India,1986,40.489
Nepal,Pakistan,1986,1.73
Nepal,RESTO_DEL_MUNDO,1986,66.7209
Nepal,Sri Lanka,1986,14.081
Nepal,Bangladesh,1987,0.16
Nepal,India,1987,40.9058
Nepal,Pakistan,1987,1.05
Nepal,RESTO_DEL_MUNDO,1987,76.7067
Nepal,Sri Lanka,1987,3.022
Nepal,Bangladesh,1988,0.01
Nepal,India,1988,35.4908
Nepal,Pakistan,1988,1.15
Nepal,RESTO_DEL_MUNDO,1988,142.244
Nepal,Sri Lanka,1988,0.0394885
Nepal,Bangladesh,1989,1.02093
Nepal,India,1989,3.30241
Nepal,Pakistan,1989,0.929675
Nepal,RESTO_DEL_MUNDO,1989,123.415
Nepal,Sri Lanka,1989,0.173092
Nepal,Bangladesh,1990,1.53973
Nepal,India,1990,15.1004
Nepal,Pakistan,1990,0.44213
Nepal,RESTO_DEL_MUNDO,1990,221.332
Nepal,Sri Lanka,1990,0.0153061
Nepal,Bangladesh,1991,0.136417
Nepal,India,1991,19.192
Nepal,Pakistan,1991,4.29706
Nepal,RESTO_DEL_MUNDO,1991,258.16
Nepal,Sri Lanka,1991,0
Nepal,Bangladesh,1992,0.359105
Nepal,India,1992,22.9177
Nepal,Pakistan,1992,3.50206
Nepal,RESTO_DEL_MUNDO,1992,338.265
Nepal,Sri Lanka,1992,23.764
Nepal,Bangladesh,1993,0.30126
Nepal,India,1993,18.7823
Nepal,Pakistan,1993,0.736563
Nepal,RESTO_DEL_MUNDO,1993,384.588
Nepal,Sri Lanka,1993,0
Nepal,Bangladesh,1994,0.547104
Nepal,India,1994,13.892
Nepal,Pakistan,1994,0.257108
Nepal,RESTO_DEL_MUNDO,1994,369.891
Nepal,Sri Lanka,1994,1
Nepal,Bangladesh,1995,3.89788
Nepal,India,1995,27.46
Nepal,Pakistan,1995,0.511018
Nepal,RESTO_DEL_MUNDO,1995,322.731
Nepal,Sri Lanka,1995,1
Nepal,Bangladesh,1996,6.04942
Nepal,India,1996,49.3491
Nepal,Pakistan,1996,0.227375
Nepal,RESTO_DEL_MUNDO,1996,339.277
Nepal,Sri Lanka,1996,0.3
Nepal,Bangladesh,1997,10.9883
Nepal,India,1997,87.425
Nepal,Pakistan,1997,0.698496
Nepal,RESTO_DEL_MUNDO,1997,342.866
Nepal,Sri Lanka,1997,5
Nepal,Bangladesh,1998,14.2723
Nepal,India,1998,132.475
Nepal,Pakistan,1998,1.27607
Nepal,RESTO_DEL_MUNDO,1998,336.583
Nepal,Sri Lanka,1998,1.2127
Nepal,Bangladesh,1999,8.93576
Nepal,India,1999,177.675
Nepal,Pakistan,1999,0.938978
Nepal,RESTO_DEL_MUNDO,1999,394.595
Nepal,Sri Lanka,1999,0.09156
Nepal,Bangladesh,2000,3.98454
Nepal,India,2000,238.475
Nepal,Pakistan,2000,2.65691
Nepal,RESTO_DEL_MUNDO,2000,489.131
Nepal,Sri Lanka,2000,0.08858
Nepal,Bangladesh,2001,4.1478
Nepal,India,2001,355.883
Nepal,Pakistan,2001,0.751131
Nepal,RESTO_DEL_MUNDO,2001,397.086
Nepal,Sri Lanka,2001,0.00915
Nepal,Bangladesh,2002,5.3829
Nepal,India,2002,300.306
Nepal,Pakistan,2002,1.0182
Nepal,RESTO_DEL_MUNDO,2002,295.701
Nepal,Sri Lanka,2002,0.188617
Nepal,Bangladesh,2003,4.86067
Nepal,India,2003,284.97
Nepal,Pakistan,2003,1.96123
Nepal,RESTO_DEL_MUNDO,2003,331.744
Nepal,Sri Lanka,2003,0
Nepal,Bangladesh,2004,2.13822
Nepal,India,2004,326.523
Nepal,Pakistan,2004,3.72486
Nepal,RESTO_DEL_MUNDO,2004,335.872
Nepal,Sri Lanka,2004,0.078
Nepal,Bangladesh,2005,2.94203
Nepal,India,2005,371.345
Nepal,Pakistan,2005,3.56256
Nepal,RESTO_DEL_MUNDO,2005,292.099
Nepal,Sri Lanka,2005,0.11069
Nepal,Bangladesh,2006,3.73211
Nepal,India,2006,324.442
Nepal,Pakistan,2006,2.83256
Nepal,RESTO_DEL_MUNDO,2006,282.088
Nepal,Sri Lanka,2006,0.0717485
Nepal,Bangladesh,2007,15.6718
Nepal,India,2007,547.285
Nepal,Pakistan,2007,1.694
Nepal,RESTO_DEL_MUNDO,2007,297.35
Nepal,Sri Lanka,2007,0.075149
Nepal,Bangladesh,2008,87.4142
Nepal,India,2008,523.258
Nepal,Pakistan,2008,1.298
Nepal,RESTO_DEL_MUNDO,2008,322.411
Nepal,Sri Lanka,2008,3.5577
Nepal,Bangladesh,2009,46.0943
Nepal,India,2009,427.147
Nepal,Pakistan,2009,0.837943
Nepal,RESTO_DEL_MUNDO,2009,240.13
Nepal,Sri Lanka,2009,5.67
Nepal,Bangladesh,2010,53.2608
Nepal,India,2010,506.711
Nepal,Pakistan,2010,1.06419
Nepal,RESTO_DEL_MUNDO,2010,271.217
Nepal,Sri Lanka,2010,0.138301
Nepal,Bangladesh,2011,28.3602
Nepal,India,2011,538.695
Nepal,Pakistan,2011,1.19189
Nepal,RESTO_DEL_MUNDO,2011,315.103
Nepal,Sri Lanka,2011,0.308813
Nepal,Bangladesh,2012,37.0911
Nepal,India,2012,567.321
Nepal,Pakistan,2012,1.24262
Nepal,RESTO_DEL_MUNDO,2012,323.598
Nepal,Sri Lanka,2012,0.161018
Nepal,Bangladesh,2013,21.8129
Nepal,India,2013,504.647
Nepal,Pakistan,2013,1.3086
Nepal,RESTO_DEL_MUNDO,2013,335.942
Nepal,Sri Lanka,2013,0.0640886
Nepal,Bangladesh,2014,22.048
Nepal,India,2014,602.041
Nepal,Pakistan,2014,1.37138
Nepal,RESTO_DEL_MUNDO,2014,354.015
Nepal,Sri Lanka,2014,0.0352027
Netherlands,Belgium,1900,36.82
Netherlands,Germany,1900,49.83
Netherlands,RESTO_DEL_MUNDO,1900,198.86
Netherlands,Switzerland,1900,0.68
Netherlands,Belgium,1901,37.8
Netherlands,Germany,1901,47.5
Netherlands,RESTO_DEL_MUNDO,1901,202.71
Netherlands,Switzerland,1901,0.69
Netherlands,Belgium,1902,39.71
Netherlands,Germany,1902,48.41
Netherlands,RESTO_DEL_MUNDO,1902,212.16
Netherlands,Switzerland,1902,0.76
Netherlands,Belgium,1903,43.69
Netherlands,Germany,1903,45.5
Netherlands,RESTO_DEL_MUNDO,1903,206.17
Netherlands,Switzerland,1903,1
Netherlands,Belgium,1904,46.18
Netherlands,Germany,1904,52.17
Netherlands,RESTO_DEL_MUNDO,1904,214.13
Netherlands,Switzerland,1904,1.33
Netherlands,Belgium,1905,47.44
Netherlands,Germany,1905,58.56
Netherlands,RESTO_DEL_MUNDO,1905,239.6
Netherlands,Switzerland,1905,1.56
Netherlands,Belgium,1906,50.26
Netherlands,Germany,1906,57.47
Netherlands,RESTO_DEL_MUNDO,1906,236.33
Netherlands,Switzerland,1906,1.46
Netherlands,Belgium,1907,57.71
Netherlands,Germany,1907,53.93
Netherlands,RESTO_DEL_MUNDO,1907,242.96
Netherlands,Switzerland,1907,2.68
Netherlands,Belgium,1908,56.25
Netherlands,Germany,1908,54.9
Netherlands,RESTO_DEL_MUNDO,1908,257.14
Netherlands,Switzerland,1908,3.34
Netherlands,Belgium,1909,54.78
Netherlands,Germany,1909,60.32
Netherlands,RESTO_DEL_MUNDO,1909,160.15
Netherlands,Switzerland,1909,3.27
Netherlands,Belgium,1910,64.27
Netherlands,Germany,1910,61.59
Netherlands,RESTO_DEL_MUNDO,1910,173.39
Netherlands,Switzerland,1910,3.65
Netherlands,Belgium,1911,57.25
Netherlands,Germany,1911,70.77
Netherlands,RESTO_DEL_MUNDO,1911,184.06
Netherlands,Switzerland,1911,4.66
Netherlands,Belgium,1912,68.51
Netherlands,Germany,1912,82.07
Netherlands,RESTO_DEL_MUNDO,1912,214.361
Netherlands,Spain,1912,3.23
Netherlands,Switzerland,1912,4.22
Netherlands,Belgium,1913,78.18
Netherlands,Germany,1913,79.01
Netherlands,RESTO_DEL_MUNDO,1913,217.3
Netherlands,Spain,1913,3.24
Netherlands,Switzerland,1913,4.88
Netherlands,Austria,1919,0
Netherlands,Germany,1919,0
Netherlands,RESTO_DEL_MUNDO,1919,251.56
Netherlands,Spain,1919,1.22
Netherlands,Switzerland,1919,3.55
Netherlands,Austria,1920,13.33
Netherlands,Belgium,1920,57.41
Netherlands,Germany,1920,105.94
Netherlands,RESTO_DEL_MUNDO,1920,405.853
Netherlands,Spain,1920,3.16
Netherlands,Switzerland,1920,15.31
Netherlands,Austria,1921,8.2
Netherlands,Belgium,1921,71.39
Netherlands,Germany,1921,88.72
Netherlands,RESTO_DEL_MUNDO,1921,355.668
Netherlands,Spain,1921,6.29
Netherlands,Switzerland,1921,14.73
Netherlands,Austria,1922,0.02
Netherlands,Belgium,1922,63.1
Netherlands,Germany,1922,39.12
Netherlands,Ireland,1922,1.05
Netherlands,RESTO_DEL_MUNDO,1922,351.89
Netherlands,Spain,1922,8.21
Netherlands,Switzerland,1922,7.92
Netherlands,Austria,1923,8.17066
Netherlands,Belgium,1923,72.07
Netherlands,Germany,1923,5.25
Netherlands,Ireland,1923,0
Netherlands,RESTO_DEL_MUNDO,1923,403.795
Netherlands,Spain,1923,7.13
Netherlands,Switzerland,1923,8.96
Netherlands,Austria,1924,8.40324
Netherlands,Belgium,1924,84.22
Netherlands,Germany,1924,101.68
Netherlands,Ireland,1924,3.6
Netherlands,RESTO_DEL_MUNDO,1924,457.988
Netherlands,Spain,1924,9.12
Netherlands,Switzerland,1924,7.56
Netherlands,Austria,1925,4.3
Netherlands,Belgium,1925,89.95
Netherlands,Germany,1925,177.21
Netherlands,Ireland,1925,3.25
Netherlands,RESTO_DEL_MUNDO,1925,489.315
Netherlands,Spain,1925,7.89
Netherlands,Switzerland,1925,9.52
Netherlands,Austria,1926,5.07
Netherlands,Belgium,1926,57.57
Netherlands,Germany,1926,152.68
Netherlands,Ireland,1926,4.38
Netherlands,RESTO_DEL_MUNDO,1926,545.532
Netherlands,Spain,1926,7.51
Netherlands,Switzerland,1926,7.51
Netherlands,Austria,1927,5.46
Netherlands,Belgium,1927,86.28
Netherlands,Germany,1927,165.65
Netherlands,Ireland,1927,3.16
Netherlands,RESTO_DEL_MUNDO,1927,541.72
Netherlands,Spain,1927,10.79
Netherlands,Switzerland,1927,9.24
Netherlands,Austria,1928,5.12
Netherlands,Belgium,1928,92.71
Netherlands,Germany,1928,169.04
Netherlands,Ireland,1928,3.17
Netherlands,RESTO_DEL_MUNDO,1928,555.74
Netherlands,Spain,1928,11.47
Netherlands,Switzerland,1928,10.28
Netherlands,Austria,1929,5.47
Netherlands,Belgium,1929,115.3
Netherlands,Germany,1929,166.9
Netherlands,Ireland,1929,2.67
Netherlands,RESTO_DEL_MUNDO,1929,541.425
Netherlands,Spain,1929,7.22
Netherlands,Switzerland,1929,11.61
Netherlands,Austria,1930,4.5
Netherlands,Belgium,1930,111.52
Netherlands,Germany,1930,133.78
Netherlands,Ireland,1930,2.79
Netherlands,RESTO_DEL_MUNDO,1930,474.333
Netherlands,Spain,1930,5.06
Netherlands,Switzerland,1930,11.43
Netherlands,Austria,1931,3.5
Netherlands,Belgium,1931,69.94
Netherlands,Germany,1931,90.64
Netherlands,Ireland,1931,1.95
Netherlands,RESTO_DEL_MUNDO,1931,377.908
Netherlands,Spain,1931,2.89
Netherlands,Switzerland,1931,9.11
Netherlands,Austria,1932,2.09
Netherlands,Belgium,1932,64.69
Netherlands,Germany,1932,64.85
Netherlands,Ireland,1932,1.52
Netherlands,RESTO_DEL_MUNDO,1932,211.345
Netherlands,Spain,1932,1.86
Netherlands,Switzerland,1932,10.28
Netherlands,Austria,1933,1.95
Netherlands,Belgium,1933,62.51
Netherlands,Germany,1933,55.21
Netherlands,Ireland,1933,2.1
Netherlands,RESTO_DEL_MUNDO,1933,209.105
Netherlands,Spain,1933,2.7
Netherlands,Switzerland,1933,11.17
Netherlands,Austria,1934,3.27
Netherlands,Belgium,1934,61.41
Netherlands,Germany,1934,98.52
Netherlands,Ireland,1934,1.67
Netherlands,RESTO_DEL_MUNDO,1934,289.142
Netherlands,Spain,1934,3.43
Netherlands,Switzerland,1934,12.49
Netherlands,Austria,1935,4
Netherlands,Belgium,1935,59
Netherlands,Germany,1935,79
Netherlands,Ireland,1935,1.47
Netherlands,RESTO_DEL_MUNDO,1935,326.714
Netherlands,Spain,1935,4.34
Netherlands,Switzerland,1935,12
Netherlands,Austria,1936,4.87
Netherlands,Belgium,1936,65.49
Netherlands,Germany,1936,67.97
Netherlands,Ireland,1936,2.42
Netherlands,RESTO_DEL_MUNDO,1936,347.486
Netherlands,Spain,1936,4.6
Netherlands,Switzerland,1936,11.89
Netherlands,Austria,1937,5.39
Netherlands,Belgium,1937,76.47
Netherlands,Germany,1937,86.89
Netherlands,Ireland,1937,2.63
Netherlands,RESTO_DEL_MUNDO,1937,440.31
Netherlands,Spain,1937,10.47
Netherlands,Switzerland,1937,14.36
Netherlands,Austria,1938,0
Netherlands,Belgium,1938,71
Netherlands,Germany,1938,47.3493
Netherlands,Ireland,1938,2.3
Netherlands,RESTO_DEL_MUNDO,1938,353.11
Netherlands,Spain,1938,5
Netherlands,Switzerland,1938,12.69
Netherlands,Germany,1939,70.78
Netherlands,Ireland,1939,0
Netherlands,RESTO_DEL_MUNDO,1939,293.66
Netherlands,Spain,1939,0
Netherlands,Switzerland,1939,15.85
Netherlands,Germany,1940,162.63
Netherlands,Ireland,1940,0
Netherlands,RESTO_DEL_MUNDO,1940,98.89
Netherlands,Spain,1940,0.44
Netherlands,Switzerland,1940,7.57
Netherlands,Germany,1945,0
Netherlands,Ireland,1945,0
Netherlands,RESTO_DEL_MUNDO,1945,15.6144
Netherlands,Spain,1945,0
Netherlands,Switzerland,1945,0
Netherlands,Ireland,1946,2.77
Netherlands,RESTO_DEL_MUNDO,1946,184.209
Netherlands,Spain,1946,0.44
Netherlands,Switzerland,1946,19.8
Netherlands,Ireland,1947,11.59
Netherlands,RESTO_DEL_MUNDO,1947,444.183
Netherlands,Spain,1947,2.55
Netherlands,Switzerland,1947,38.29
Netherlands,Ireland,1948,8.63
Netherlands,RESTO_DEL_MUNDO,1948,656.331
Netherlands,Spain,1948,3.26
Netherlands,Switzerland,1948,35.43
Netherlands,Ireland,1949,11.6
Netherlands,RESTO_DEL_MUNDO,1949,848.28
Netherlands,Spain,1949,0
Netherlands,Switzerland,1949,32.05
Netherlands,Belgium,1950,188.185
Netherlands,Ireland,1950,8.1
Netherlands,Luxembourg,1950,7.31506
Netherlands,RESTO_DEL_MUNDO,1950,857.18
Netherlands,Spain,1950,9.3
Netherlands,Switzerland,1950,36.7
Netherlands,Belgium,1951,265.97
Netherlands,Ireland,1951,14.2
Netherlands,Luxembourg,1951,12.0298
Netherlands,RESTO_DEL_MUNDO,1951,1254.55
Netherlands,Spain,1951,10.5
Netherlands,Switzerland,1951,47.2
Netherlands,Belgium,1952,309.736
Netherlands,Ireland,1952,17.9
Netherlands,Luxembourg,1952,14.564
Netherlands,RESTO_DEL_MUNDO,1952,1344.89
Netherlands,Spain,1952,14.3
Netherlands,Switzerland,1952,57.1
Netherlands,Belgium,1953,318.698
Netherlands,Ireland,1953,24.2
Netherlands,Luxembourg,1953,13.7025
Netherlands,RESTO_DEL_MUNDO,1953,1307.82
Netherlands,Spain,1953,13.2
Netherlands,Switzerland,1953,55.3
Netherlands,Belgium,1954,327.554
Netherlands,Ireland,1954,14.9
Netherlands,Luxembourg,1954,13.846
Netherlands,RESTO_DEL_MUNDO,1954,1495.18
Netherlands,Spain,1954,18.6
Netherlands,Switzerland,1954,59.8
Netherlands,Austria,1955,24.3
Netherlands,Belgium,1955,360.458
Netherlands,Ireland,1955,14.7
Netherlands,Luxembourg,1955,15.7418
Netherlands,RESTO_DEL_MUNDO,1955,2124.46
Netherlands,Spain,1955,20.2
Netherlands,Switzerland,1955,68.3
Netherlands,Austria,1956,26.6
Netherlands,Belgium,1956,409.126
Netherlands,Ireland,1956,13.4
Netherlands,Luxembourg,1956,18.1739
Netherlands,RESTO_DEL_MUNDO,1956,2278.1
Netherlands,Spain,1956,21.7
Netherlands,Switzerland,1956,81.5
Netherlands,Austria,1957,28.2
Netherlands,Belgium,1957,464.722
Netherlands,Ireland,1957,12.9
Netherlands,Luxembourg,1957,21.2778
Netherlands,RESTO_DEL_MUNDO,1957,2421.58
Netherlands,Spain,1957,17.3
Netherlands,Switzerland,1957,88.8
Netherlands,Austria,1958,32.1
Netherlands,Belgium,1958,470.567
Netherlands,Ireland,1958,15.9
Netherlands,Luxembourg,1958,21.0329
Netherlands,RESTO_DEL_MUNDO,1958,2537.36
Netherlands,Spain,1958,22.6
Netherlands,Switzerland,1958,84.3
Netherlands,Austria,1959,38.5
Netherlands,Belgium,1959,520.224
Netherlands,Ireland,1959,17.7
Netherlands,Luxembourg,1959,23.1759
Netherlands,RESTO_DEL_MUNDO,1959,2845.66
Netherlands,Spain,1959,16.4
Netherlands,Switzerland,1959,90.4
Netherlands,Austria,1960,44.7
Netherlands,Belgium,1960,556.773
Netherlands,Ireland,1960,16.9
Netherlands,Luxembourg,1960,31.0266
Netherlands,RESTO_DEL_MUNDO,1960,2374.48
Netherlands,Spain,1960,20.2
Netherlands,Switzerland,1960,93.3
Netherlands,Austria,1961,46.6
Netherlands,Belgium,1961,613.881
Netherlands,Ireland,1961,19.5
Netherlands,Luxembourg,1961,32.1192
Netherlands,RESTO_DEL_MUNDO,1961,2380.15
Netherlands,Spain,1961,27.3
Netherlands,Switzerland,1961,102.8
Netherlands,Austria,1962,48.2
Netherlands,Belgium,1962,640.324
Netherlands,Ireland,1962,22.9
Netherlands,Luxembourg,1962,32.9763
Netherlands,RESTO_DEL_MUNDO,1962,2628.03
Netherlands,Spain,1962,35.4
Netherlands,Switzerland,1962,114.4
Netherlands,Austria,1963,53.2
Netherlands,Belgium,1963,717.088
Netherlands,Ireland,1963,28.2
Netherlands,Luxembourg,1963,36.6125
Netherlands,RESTO_DEL_MUNDO,1963,2841.19
Netherlands,Spain,1963,57.8
Netherlands,Switzerland,1963,120
Netherlands,Austria,1964,59.6
Netherlands,Belgium,1964,833.357
Netherlands,Ireland,1964,30.2
Netherlands,Luxembourg,1964,43.4425
Netherlands,RESTO_DEL_MUNDO,1964,3173.19
Netherlands,Spain,1964,62.7
Netherlands,Switzerland,1964,127.9
Netherlands,Austria,1965,67.9
Netherlands,Belgium,1965,918.024
Netherlands,Ireland,1965,28.4
Netherlands,Luxembourg,1965,45.9764
Netherlands,RESTO_DEL_MUNDO,1965,3470.92
Netherlands,Spain,1965,114.9
Netherlands,Switzerland,1965,134.3
Netherlands,Austria,1966,71
Netherlands,Belgium,1966,999.559
Netherlands,Ireland,1966,27.8
Netherlands,Luxembourg,1966,48.9407
Netherlands,RESTO_DEL_MUNDO,1966,3889.83
Netherlands,Spain,1966,116.4
Netherlands,Switzerland,1966,138.4
Netherlands,Austria,1967,75.5
Netherlands,Belgium,1967,1033.62
Netherlands,Ireland,1967,33.4
Netherlands,Luxembourg,1967,47.3806
Netherlands,RESTO_DEL_MUNDO,1967,4252.94
Netherlands,Spain,1967,107.2
Netherlands,Switzerland,1967,151.6
Netherlands,Austria,1968,76.7
Netherlands,Belgium,1968,1161.75
Netherlands,Ireland,1968,35.4
Netherlands,Luxembourg,1968,54.5504
Netherlands,RESTO_DEL_MUNDO,1968,4689.98
Netherlands,Spain,1968,109.09
Netherlands,Switzerland,1968,160.9
Netherlands,Austria,1969,92.2
Netherlands,Belgium,1969,1358.66
Netherlands,Ireland,1969,34.2
Netherlands,Luxembourg,1969,66.7372
Netherlands,RESTO_DEL_MUNDO,1969,5320.8
Netherlands,Spain,1969,122.58
Netherlands,Switzerland,1969,190.4
Netherlands,Austria,1970,103.2
Netherlands,Belgium,1970,1584.26
Netherlands,Ireland,1970,42.75
Netherlands,Luxembourg,1970,82.1363
Netherlands,RESTO_DEL_MUNDO,1970,5944.39
Netherlands,Spain,1970,132.01
Netherlands,Switzerland,1970,224.3
Netherlands,Austria,1971,118.2
Netherlands,Belgium,1971,2020.98
Netherlands,Ireland,1971,52.03
Netherlands,Luxembourg,1971,97.4238
Netherlands,RESTO_DEL_MUNDO,1971,6632.03
Netherlands,Spain,1971,140.02
Netherlands,Switzerland,1971,255.5
Netherlands,Austria,1972,147.1
Netherlands,Belgium,1972,2360.87
Netherlands,Ireland,1972,63.59
Netherlands,Luxembourg,1972,114.23
Netherlands,RESTO_DEL_MUNDO,1972,8064.78
Netherlands,Spain,1972,191.83
Netherlands,Switzerland,1972,287.7
Netherlands,Austria,1973,221.5
Netherlands,Belgium,1973,3360.79
Netherlands,Ireland,1973,90.34
Netherlands,Luxembourg,1973,174.507
Netherlands,RESTO_DEL_MUNDO,1973,11665.1
Netherlands,Spain,1973,309.86
Netherlands,Switzerland,1973,462.9
Netherlands,Austria,1974,288.9
Netherlands,Belgium,1974,4694.04
Netherlands,Ireland,1974,130.87
Netherlands,Luxembourg,1974,253.858
Netherlands,RESTO_DEL_MUNDO,1974,17489.5
Netherlands,Spain,1974,407.41
Netherlands,Switzerland,1974,593.2
Netherlands,Austria,1975,285.9
Netherlands,Belgium,1975,4884.63
Netherlands,Ireland,1975,121.68
Netherlands,Luxembourg,1975,219.168
Netherlands,RESTO_DEL_MUNDO,1975,18670.5
Netherlands,Spain,1975,435.09
Netherlands,Switzerland,1975,533.7
Netherlands,Austria,1976,346.9
Netherlands,Belgium,1976,5857
Netherlands,Ireland,1976,133.45
Netherlands,Luxembourg,1976,266.195
Netherlands,RESTO_DEL_MUNDO,1976,20175.4
Netherlands,Spain,1976,444.34
Netherlands,Switzerland,1976,545.9
Netherlands,Austria,1977,405.2
Netherlands,Belgium,1977,6561.02
Netherlands,Ireland,1977,167.41
Netherlands,Luxembourg,1977,282.685
Netherlands,RESTO_DEL_MUNDO,1977,22667.6
Netherlands,Spain,1977,482.26
Netherlands,Switzerland,1977,686.2
Netherlands,Austria,1978,462.5
Netherlands,Belgium,1978,7525.77
Netherlands,Ireland,1978,194.89
Netherlands,Luxembourg,1978,330.625
Netherlands,RESTO_DEL_MUNDO,1978,25486.4
Netherlands,Spain,1978,528.55
Netherlands,Switzerland,1978,869
Netherlands,Austria,1979,597.2
Netherlands,Belgium,1979,9821.42
Netherlands,Ireland,1979,308.8
Netherlands,Luxembourg,1979,439.48
Netherlands,RESTO_DEL_MUNDO,1979,32111.3
Netherlands,Spain,1979,773.97
Netherlands,Switzerland,1979,746.3
Netherlands,Austria,1980,659.8
Netherlands,Belgium,1980,11276.5
Netherlands,Ireland,1980,314.12
Netherlands,Luxembourg,1980,504.953
Netherlands,RESTO_DEL_MUNDO,1980,37008.5
Netherlands,Spain,1980,735.82
Netherlands,Switzerland,1980,1472.7
Netherlands,Austria,1981,527.1
Netherlands,Belgium,1981,10046.7
Netherlands,Ireland,1981,326.81
Netherlands,Luxembourg,1981,457.716
Netherlands,RESTO_DEL_MUNDO,1981,36816.7
Netherlands,Spain,1981,628.3
Netherlands,Switzerland,1981,1255.4
Netherlands,Austria,1982,538.6
Netherlands,Belgium,1982,9854.4
Netherlands,Ireland,1982,367.75
Netherlands,Luxembourg,1982,465.7
Netherlands,RESTO_DEL_MUNDO,1982,35418.1
Netherlands,Spain,1982,590.09
Netherlands,Switzerland,1982,1233.8
Netherlands,Austria,1983,532.6
Netherlands,Belgium,1983,9514.44
Netherlands,Ireland,1983,338.32
Netherlands,Luxembourg,1983,467.762
Netherlands,RESTO_DEL_MUNDO,1983,35425.6
Netherlands,Spain,1983,588.68
Netherlands,Switzerland,1983,1283.8
Netherlands,Austria,1984,512.2
Netherlands,Belgium,1984,9877.72
Netherlands,Ireland,1984,364.43
Netherlands,Luxembourg,1984,498.977
Netherlands,RESTO_DEL_MUNDO,1984,37137.2
Netherlands,Spain,1984,579.1
Netherlands,Switzerland,1984,1294.6
Netherlands,Austria,1985,554.9
Netherlands,Belgium,1985,9934.09
Netherlands,Ireland,1985,378.84
Netherlands,Luxembourg,1985,499.91
Netherlands,RESTO_DEL_MUNDO,1985,37681.7
Netherlands,Spain,1985,642.18
Netherlands,Switzerland,1985,1405.9
Netherlands,Austria,1986,741.8
Netherlands,Belgium,1986,11655.7
Netherlands,Ireland,1986,445.66
Netherlands,Luxembourg,1986,617.357
Netherlands,RESTO_DEL_MUNDO,1986,42559.6
Netherlands,Spain,1986,1043.11
Netherlands,Switzerland,1986,1714.1
Netherlands,Austria,1987,903.4
Netherlands,Belgium,1987,13568.8
Netherlands,Ireland,1987,505.18
Netherlands,Luxembourg,1987,718.594
Netherlands,RESTO_DEL_MUNDO,1987,49804.7
Netherlands,Spain,1987,1588.75
Netherlands,Switzerland,1987,2031.3
Netherlands,Austria,1988,1020.97
Netherlands,Belgium,1988,15537.1
Netherlands,Ireland,1988,621.625
Netherlands,Luxembourg,1988,859.184
Netherlands,RESTO_DEL_MUNDO,1988,57965.4
Netherlands,Spain,1988,2079.53
Netherlands,Switzerland,1988,2367.2
Netherlands,Austria,1989,1070.23
Netherlands,Belgium,1989,16331.9
Netherlands,Ireland,1989,721.703
Netherlands,Luxembourg,1989,954.097
Netherlands,RESTO_DEL_MUNDO,1989,61381.9
Netherlands,Spain,1989,2330.93
Netherlands,Switzerland,1989,2363.3
Netherlands,Austria,1990,1391.66
Netherlands,Belgium,1990,19856.7
Netherlands,Germany,1990,34988.2
Netherlands,Ireland,1990,852.222
Netherlands,Luxembourg,1990,1182.36
Netherlands,RESTO_DEL_MUNDO,1990,70710.3
Netherlands,Spain,1990,3250.99
Netherlands,Switzerland,1990,2868.68
Netherlands,Austria,1991,1363.3
Netherlands,Belgium,1991,19537.1
Netherlands,Germany,1991,37927.4
Netherlands,Ireland,1991,910.893
Netherlands,Luxembourg,1991,1232.53
Netherlands,RESTO_DEL_MUNDO,1991,71378.9
Netherlands,Spain,1991,3274.51
Netherlands,Switzerland,1991,2719.28
Netherlands,Austria,1992,1466.79
Netherlands,Belgium,1992,20606.8
Netherlands,Germany,1992,39174
Netherlands,Ireland,1992,988.752
Netherlands,Luxembourg,1992,1308.04
Netherlands,RESTO_DEL_MUNDO,1992,74480.8
Netherlands,Spain,1992,3465.73
Netherlands,Switzerland,1992,2915.9
Netherlands,Austria,1993,1409.47
Netherlands,Belgium,1993,16708.1
Netherlands,Germany,1993,27525.5
Netherlands,Ireland,1993,686.933
Netherlands,Luxembourg,1993,1142.32
Netherlands,RESTO_DEL_MUNDO,1993,64674.6
Netherlands,Spain,1993,2986.69
Netherlands,Switzerland,1993,2745.46
Netherlands,Austria,1994,1670.18
Netherlands,Belgium,1994,21353.7
Netherlands,Germany,1994,29572.2
Netherlands,Ireland,1994,728.795
Netherlands,Luxembourg,1994,1491.21
Netherlands,RESTO_DEL_MUNDO,1994,72419.6
Netherlands,Spain,1994,3593.88
Netherlands,Switzerland,1994,3188.04
Netherlands,Austria,1995,2275.21
Netherlands,Belgium,1995,25982.2
Netherlands,Germany,1995,37351.8
Netherlands,Ireland,1995,871.144
Netherlands,Luxembourg,1995,1816.92
Netherlands,RESTO_DEL_MUNDO,1995,88742.6
Netherlands,Spain,1995,4969.94
Netherlands,Switzerland,1995,3668.78
Netherlands,Austria,1996,2162.1
Netherlands,Belgium,1996,27195.2
Netherlands,Germany,1996,38173.7
Netherlands,Ireland,1996,1014.7
Netherlands,Luxembourg,1996,1961.86
Netherlands,RESTO_DEL_MUNDO,1996,91241.4
Netherlands,Spain,1996,4758.06
Netherlands,Switzerland,1996,3703.61
Netherlands,Austria,1997,2098.7
Netherlands,Belgium,1997,28307.8
Netherlands,Germany,1997,37005.1
Netherlands,Ireland,1997,1262.05
Netherlands,Luxembourg,1997,422.638
Netherlands,RESTO_DEL_MUNDO,1997,94100.5
Netherlands,Spain,1997,4811.69
Netherlands,Switzerland,1997,3952.6
Netherlands,Austria,1998,2328.97
Netherlands,Belgium,1998,27455.8
Netherlands,Germany,1998,37273.9
Netherlands,Ireland,1998,1368.05
Netherlands,Luxembourg,1998,447.67
Netherlands,RESTO_DEL_MUNDO,1998,97989.4
Netherlands,Spain,1998,5996.25
Netherlands,Switzerland,1998,4011.52
Netherlands,Austria,1999,3317
Netherlands,Belgium,1999,26266.5
Netherlands,Germany,1999,37508.4
Netherlands,Ireland,1999,1575.6
Netherlands,Luxembourg,1999,521.464
Netherlands,RESTO_DEL_MUNDO,1999,110671
Netherlands,Spain,1999,6632.94
Netherlands,Switzerland,1999,4045.2
Netherlands,Austria,2000,3104.32
Netherlands,Belgium,2000,30416
Netherlands,Germany,2000,44108.7
Netherlands,Ireland,2000,1785.3
Netherlands,Luxembourg,2000,509.097
Netherlands,RESTO_DEL_MUNDO,2000,118334
Netherlands,Spain,2000,6698.39
Netherlands,Switzerland,2000,4674.03
Netherlands,Austria,2001,3404.16
Netherlands,Belgium,2001,30267.4
Netherlands,Germany,2001,41469.7
Netherlands,Ireland,2001,1903.34
Netherlands,Luxembourg,2001,563.631
Netherlands,RESTO_DEL_MUNDO,2001,110624
Netherlands,Spain,2001,6633.51
Netherlands,Switzerland,2001,4533.22
Netherlands,Austria,2002,3467
Netherlands,Belgium,2002,30819.2
Netherlands,Germany,2002,40576.8
Netherlands,Ireland,2002,1913.54
Netherlands,Luxembourg,2002,604.135
Netherlands,RESTO_DEL_MUNDO,2002,114079
Netherlands,Spain,2002,7375.96
Netherlands,Switzerland,2002,4306.78
Netherlands,Austria,2003,4220.05
Netherlands,Belgium,2003,37088.2
Netherlands,Germany,2003,49858.5
Netherlands,Ireland,2003,2203.04
Netherlands,Luxembourg,2003,777.776
Netherlands,RESTO_DEL_MUNDO,2003,135711
Netherlands,Spain,2003,10313.8
Netherlands,Switzerland,2003,4868.04
Netherlands,Austria,2004,4647.33
Netherlands,Belgium,2004,48586.7
Netherlands,Germany,2004,59607
Netherlands,Ireland,2004,2656.39
Netherlands,Luxembourg,2004,841.8
Netherlands,RESTO_DEL_MUNDO,2004,167134
Netherlands,Spain,2004,12859.6
Netherlands,Switzerland,2004,5620.95
Netherlands,Austria,2005,4766.19
Netherlands,Belgium,2005,56587.5
Netherlands,Germany,2005,66313.3
Netherlands,Ireland,2005,3071.39
Netherlands,Luxembourg,2005,1109.36
Netherlands,RESTO_DEL_MUNDO,2005,188061
Netherlands,Spain,2005,14326.5
Netherlands,Switzerland,2005,6064.61
Netherlands,Austria,2006,5610.46
Netherlands,Belgium,2006,63854.1
Netherlands,Germany,2006,108183
Netherlands,Ireland,2006,3363.16
Netherlands,Luxembourg,2006,1137.53
Netherlands,RESTO_DEL_MUNDO,2006,217903
Netherlands,Spain,2006,16136.2
Netherlands,Switzerland,2006,6637.52
Netherlands,Austria,2007,7056.45
Netherlands,Belgium,2007,72227.9
Netherlands,Germany,2007,126387
Netherlands,Ireland,2007,4183.32
Netherlands,Luxembourg,2007,1372.79
Netherlands,RESTO_DEL_MUNDO,2007,264343
Netherlands,Spain,2007,18728.7
Netherlands,Switzerland,2007,7357.33
Netherlands,Austria,2008,7624.93
Netherlands,Belgium,2008,90397.3
Netherlands,Germany,2008,146951
Netherlands,Ireland,2008,4733.16
Netherlands,Luxembourg,2008,1540.58
Netherlands,RESTO_DEL_MUNDO,2008,293711
Netherlands,Spain,2008,19612.9
Netherlands,Switzerland,2008,8345.11
Netherlands,Austria,2009,5713.16
Netherlands,Belgium,2009,63416.5
Netherlands,Germany,2009,119896
Netherlands,Ireland,2009,3674.37
Netherlands,Luxembourg,2009,1262.94
Netherlands,RESTO_DEL_MUNDO,2009,232225
Netherlands,Spain,2009,15879.7
Netherlands,Switzerland,2009,7045.66
Netherlands,Austria,2010,6509.88
Netherlands,Belgium,2010,72831.6
Netherlands,Germany,2010,141173
Netherlands,Ireland,2010,3388.81
Netherlands,Luxembourg,2010,1489.97
Netherlands,RESTO_DEL_MUNDO,2010,271721
Netherlands,Spain,2010,18057.5
Netherlands,Switzerland,2010,8000.85
Netherlands,Austria,2011,7641.48
Netherlands,Belgium,2011,90929.1
Netherlands,Germany,2011,173060
Netherlands,Ireland,2011,3833.96
Netherlands,Luxembourg,2011,1644.64
Netherlands,RESTO_DEL_MUNDO,2011,312753
Netherlands,Spain,2011,18934.2
Netherlands,Switzerland,2011,9066.43
Netherlands,Austria,2012,6956.29
Netherlands,Belgium,2012,90538.8
Netherlands,Germany,2012,161804
Netherlands,Ireland,2012,3416.8
Netherlands,Luxembourg,2012,1417.09
Netherlands,RESTO_DEL_MUNDO,2012,312567
Netherlands,Spain,2012,18029.2
Netherlands,Switzerland,2012,6751.64
Netherlands,Austria,2013,7153.06
Netherlands,Belgium,2013,92631.8
Netherlands,Germany,2013,166278
Netherlands,Ireland,2013,4101.59
Netherlands,Luxembourg,2013,1234.4
Netherlands,RESTO_DEL_MUNDO,2013,321068
Netherlands,Spain,2013,16612.9
Netherlands,Switzerland,2013,6395.69
Netherlands,Austria,2014,7310.25
Netherlands,Belgium,2014,90460.2
Netherlands,Germany,2014,166038
Netherlands,Ireland,2014,4319.91
Netherlands,Luxembourg,2014,1298.16
Netherlands,RESTO_DEL_MUNDO,2014,320606
Netherlands,Spain,2014,17084.4
Netherlands,Switzerland,2014,6097.62
Nicaragua,RESTO_DEL_MUNDO,1910,3.04
Nicaragua,RESTO_DEL_MUNDO,1911,3.36
Nicaragua,RESTO_DEL_MUNDO,1912,3.63
Nicaragua,RESTO_DEL_MUNDO,1913,7.38396
Nicaragua,RESTO_DEL_MUNDO,1919,1.71
Nicaragua,Costa Rica,1920,0.52
Nicaragua,El Salvador,1920,0.06
Nicaragua,RESTO_DEL_MUNDO,1920,11.3288
Nicaragua,Costa Rica,1921,0.17
Nicaragua,El Salvador,1921,0.01
Nicaragua,RESTO_DEL_MUNDO,1921,7.252
Nicaragua,Costa Rica,1922,0.14
Nicaragua,Cuba,1922,0.05
Nicaragua,El Salvador,1922,0.1
Nicaragua,RESTO_DEL_MUNDO,1922,7.19
Nicaragua,Costa Rica,1923,0.09
Nicaragua,Cuba,1923,0.32
Nicaragua,El Salvador,1923,0.04
Nicaragua,RESTO_DEL_MUNDO,1923,10.2
Nicaragua,Costa Rica,1924,0.27
Nicaragua,Cuba,1924,0.18
Nicaragua,El Salvador,1924,0.02
Nicaragua,RESTO_DEL_MUNDO,1924,11.5899
Nicaragua,Cuba,1925,0.31
Nicaragua,RESTO_DEL_MUNDO,1925,13.212
Nicaragua,Costa Rica,1926,0.18
Nicaragua,Cuba,1926,0.06
Nicaragua,RESTO_DEL_MUNDO,1926,12.143
Nicaragua,Costa Rica,1927,0.48
Nicaragua,Cuba,1927,0.08
Nicaragua,RESTO_DEL_MUNDO,1927,8.45437
Nicaragua,Costa Rica,1928,0.7
Nicaragua,Cuba,1928,0.12
Nicaragua,RESTO_DEL_MUNDO,1928,10.8244
Nicaragua,Costa Rica,1929,0.7
Nicaragua,Cuba,1929,0.13
Nicaragua,RESTO_DEL_MUNDO,1929,9.29819
Nicaragua,Cuba,1930,0.04
Nicaragua,RESTO_DEL_MUNDO,1930,6.48302
Nicaragua,Costa Rica,1931,0.24
Nicaragua,Cuba,1931,0
Nicaragua,RESTO_DEL_MUNDO,1931,6.20048
Nicaragua,Costa Rica,1932,0.1
Nicaragua,Cuba,1932,0.000128
Nicaragua,RESTO_DEL_MUNDO,1932,4.42972
Nicaragua,Costa Rica,1933,0.06
Nicaragua,Cuba,1933,0.000126
Nicaragua,Panama,1933,0.0068601
Nicaragua,RESTO_DEL_MUNDO,1933,4.65793
Nicaragua,Costa Rica,1934,0.15
Nicaragua,Cuba,1934,1.9e-05
Nicaragua,RESTO_DEL_MUNDO,1934,4.73685
Nicaragua,Cuba,1935,0.000176
Nicaragua,RESTO_DEL_MUNDO,1935,5.14242
Nicaragua,Costa Rica,1936,0.24
Nicaragua,Cuba,1936,0.000304
Nicaragua,Panama,1936,0.02
Nicaragua,RESTO_DEL_MUNDO,1936,2.23703
Nicaragua,Costa Rica,1937,0.26
Nicaragua,Cuba,1937,0
Nicaragua,Panama,1937,0.01
Nicaragua,RESTO_DEL_MUNDO,1937,4.49552
Nicaragua,Costa Rica,1938,0.05
Nicaragua,Cuba,1938,0.000229
Nicaragua,Panama,1938,0.02
Nicaragua,RESTO_DEL_MUNDO,1938,6.48493
Nicaragua,Cuba,1939,0.000254
Nicaragua,RESTO_DEL_MUNDO,1939,1.59861
Nicaragua,Cuba,1940,0.00891
Nicaragua,RESTO_DEL_MUNDO,1940,0.62
Nicaragua,Cuba,1941,0.004756
Nicaragua,RESTO_DEL_MUNDO,1941,0.16
Nicaragua,Cuba,1942,0.006751
Nicaragua,RESTO_DEL_MUNDO,1942,0.27
Nicaragua,Cuba,1943,0.005993
Nicaragua,RESTO_DEL_MUNDO,1943,0
Nicaragua,Cuba,1944,0.11
Nicaragua,RESTO_DEL_MUNDO,1944,0
Nicaragua,Cuba,1945,0.004404
Nicaragua,RESTO_DEL_MUNDO,1945,0
Nicaragua,Cuba,1946,0.77
Nicaragua,RESTO_DEL_MUNDO,1946,0.060486
Nicaragua,Cuba,1947,0.1
Nicaragua,RESTO_DEL_MUNDO,1947,0.160229
Nicaragua,Costa Rica,1948,0.1
Nicaragua,Cuba,1948,0.61
Nicaragua,El Salvador,1948,0.4
Nicaragua,Guatemala,1948,0
Nicaragua,Panama,1948,0.99
Nicaragua,RESTO_DEL_MUNDO,1948,16.0003
Nicaragua,Costa Rica,1949,0.4
Nicaragua,Cuba,1949,0.11
Nicaragua,El Salvador,1949,0.1
Nicaragua,Guatemala,1949,0.3
Nicaragua,Panama,1949,0.11
Nicaragua,RESTO_DEL_MUNDO,1949,9.88908
Nicaragua,Costa Rica,1950,0.2
Nicaragua,Cuba,1950,0.11
Nicaragua,Dominican Republic,1950,0
Nicaragua,El Salvador,1950,0.4
Nicaragua,Guatemala,1950,0
Nicaragua,Panama,1950,0.1
Nicaragua,RESTO_DEL_MUNDO,1950,24.71
Nicaragua,Costa Rica,1951,0.1
Nicaragua,Cuba,1951,0
Nicaragua,Dominican Republic,1951,0
Nicaragua,El Salvador,1951,1.9
Nicaragua,Guatemala,1951,0.3
Nicaragua,Panama,1951,0.55
Nicaragua,RESTO_DEL_MUNDO,1951,31.1
Nicaragua,Costa Rica,1952,0.2
Nicaragua,Cuba,1952,0.22
Nicaragua,Dominican Republic,1952,0
Nicaragua,El Salvador,1952,1.2
Nicaragua,Guatemala,1952,0
Nicaragua,Panama,1952,0.44
Nicaragua,RESTO_DEL_MUNDO,1952,36.73
Nicaragua,Costa Rica,1953,0.1
Nicaragua,Cuba,1953,0.44
Nicaragua,Dominican Republic,1953,0
Nicaragua,El Salvador,1953,1
Nicaragua,Guatemala,1953,0
Nicaragua,Panama,1953,0.44
Nicaragua,RESTO_DEL_MUNDO,1953,43.94
Nicaragua,Costa Rica,1954,0.1
Nicaragua,Cuba,1954,0.11
Nicaragua,Dominican Republic,1954,0
Nicaragua,El Salvador,1954,1.8
Nicaragua,Guatemala,1954,0
Nicaragua,Panama,1954,0.11
Nicaragua,RESTO_DEL_MUNDO,1954,47.44
Nicaragua,Costa Rica,1955,0.2
Nicaragua,Cuba,1955,0.33
Nicaragua,Dominican Republic,1955,0
Nicaragua,El Salvador,1955,0.7
Nicaragua,Guatemala,1955,0
Nicaragua,Panama,1955,0.11
Nicaragua,RESTO_DEL_MUNDO,1955,80.12
Nicaragua,Costa Rica,1956,0.2
Nicaragua,Cuba,1956,0.11
Nicaragua,Dominican Republic,1956,0
Nicaragua,El Salvador,1956,0.5
Nicaragua,Guatemala,1956,0
Nicaragua,Panama,1956,0.22
Nicaragua,RESTO_DEL_MUNDO,1956,61.61
Nicaragua,Costa Rica,1957,0.3
Nicaragua,Cuba,1957,0.22
Nicaragua,Dominican Republic,1957,0
Nicaragua,El Salvador,1957,0.8
Nicaragua,Guatemala,1957,0
Nicaragua,Panama,1957,0.22
Nicaragua,RESTO_DEL_MUNDO,1957,64.6
Nicaragua,Costa Rica,1958,0.2
Nicaragua,Cuba,1958,0.7
Nicaragua,Dominican Republic,1958,0
Nicaragua,El Salvador,1958,0.8
Nicaragua,Guatemala,1958,0
Nicaragua,Panama,1958,0.22
Nicaragua,RESTO_DEL_MUNDO,1958,69.4
Nicaragua,Costa Rica,1959,2.4
Nicaragua,Cuba,1959,0.5
Nicaragua,Dominican Republic,1959,0
Nicaragua,El Salvador,1959,1.2
Nicaragua,Guatemala,1959,0
Nicaragua,Panama,1959,0.22
Nicaragua,RESTO_DEL_MUNDO,1959,71.3
Nicaragua,Costa Rica,1960,2.1
Nicaragua,Cuba,1960,0.2
Nicaragua,Dominican Republic,1960,0
Nicaragua,El Salvador,1960,1.4
Nicaragua,Guatemala,1960,0
Nicaragua,Panama,1960,0.1
Nicaragua,RESTO_DEL_MUNDO,1960,46.3
Nicaragua,Costa Rica,1961,0.9
Nicaragua,Cuba,1961,0.4
Nicaragua,Dominican Republic,1961,0
Nicaragua,El Salvador,1961,0.7
Nicaragua,Guatemala,1961,0.1
Nicaragua,Panama,1961,0.1
Nicaragua,RESTO_DEL_MUNDO,1961,55.7
Nicaragua,Costa Rica,1962,1.1
Nicaragua,Cuba,1962,0
Nicaragua,Dominican Republic,1962,0
Nicaragua,El Salvador,1962,2
Nicaragua,Guatemala,1962,0.2
Nicaragua,Panama,1962,0.11
Nicaragua,RESTO_DEL_MUNDO,1962,73.8
Nicaragua,Costa Rica,1963,1
Nicaragua,Cuba,1963,0
Nicaragua,Dominican Republic,1963,0
Nicaragua,El Salvador,1963,2.4
Nicaragua,Guatemala,1963,0.2
Nicaragua,Panama,1963,0.1
Nicaragua,RESTO_DEL_MUNDO,1963,88.9
Nicaragua,Costa Rica,1964,2
Nicaragua,Cuba,1964,0
Nicaragua,Dominican Republic,1964,0
Nicaragua,El Salvador,1964,2.7
Nicaragua,Guatemala,1964,0.8
Nicaragua,Panama,1964,0.11
Nicaragua,RESTO_DEL_MUNDO,1964,99.3
Nicaragua,Costa Rica,1965,3.2
Nicaragua,Cuba,1965,0
Nicaragua,Dominican Republic,1965,0
Nicaragua,El Salvador,1965,3.2
Nicaragua,Guatemala,1965,1.4
Nicaragua,Panama,1965,0.11
Nicaragua,RESTO_DEL_MUNDO,1965,123.03
Nicaragua,Costa Rica,1966,4.5
Nicaragua,Cuba,1966,0
Nicaragua,Dominican Republic,1966,0
Nicaragua,El Salvador,1966,5.6
Nicaragua,Guatemala,1966,2.1
Nicaragua,Panama,1966,0.33
Nicaragua,RESTO_DEL_MUNDO,1966,108.73
Nicaragua,Costa Rica,1967,7.4
Nicaragua,Cuba,1967,0
Nicaragua,Dominican Republic,1967,0
Nicaragua,El Salvador,1967,5.4
Nicaragua,Guatemala,1967,2.1
Nicaragua,Panama,1967,0.11
Nicaragua,RESTO_DEL_MUNDO,1967,125.64
Nicaragua,Costa Rica,1968,11.8
Nicaragua,Cuba,1968,0
Nicaragua,Dominican Republic,1968,0.52
Nicaragua,El Salvador,1968,7.1
Nicaragua,Guatemala,1968,2.8
Nicaragua,Panama,1968,0.44
Nicaragua,RESTO_DEL_MUNDO,1968,131.581
Nicaragua,Costa Rica,1969,13.591
Nicaragua,Cuba,1969,0
Nicaragua,Dominican Republic,1969,0.039
Nicaragua,El Salvador,1969,6.238
Nicaragua,Guatemala,1969,4.591
Nicaragua,Panama,1969,0.824
Nicaragua,RESTO_DEL_MUNDO,1969,124.822
Nicaragua,Costa Rica,1970,19.948
Nicaragua,Cuba,1970,0
Nicaragua,Dominican Republic,1970,0.001
Nicaragua,El Salvador,1970,8.778
Nicaragua,Guatemala,1970,7.224
Nicaragua,Panama,1970,1.129
Nicaragua,RESTO_DEL_MUNDO,1970,133.942
Nicaragua,Costa Rica,1971,26.444
Nicaragua,Cuba,1971,0
Nicaragua,Dominican Republic,1971,0.175
Nicaragua,El Salvador,1971,10.559
Nicaragua,Guatemala,1971,8.565
Nicaragua,Panama,1971,1.696
Nicaragua,RESTO_DEL_MUNDO,1971,141
Nicaragua,Costa Rica,1972,26.586
Nicaragua,Cuba,1972,0
Nicaragua,Dominican Republic,1972,0.026
Nicaragua,El Salvador,1972,13.684
Nicaragua,Guatemala,1972,8.667
Nicaragua,Panama,1972,2.039
Nicaragua,RESTO_DEL_MUNDO,1972,191.535
Nicaragua,Costa Rica,1973,23.984
Nicaragua,Cuba,1973,0
Nicaragua,Dominican Republic,1973,0.043
Nicaragua,El Salvador,1973,15.595
Nicaragua,Guatemala,1973,12.416
Nicaragua,Panama,1973,2.544
Nicaragua,RESTO_DEL_MUNDO,1973,231.821
Nicaragua,Costa Rica,1974,33.202
Nicaragua,Cuba,1974,0
Nicaragua,Dominican Republic,1974,0.159
Nicaragua,El Salvador,1974,22.132
Nicaragua,Guatemala,1974,19.544
Nicaragua,Panama,1974,3.612
Nicaragua,RESTO_DEL_MUNDO,1974,304.067
Nicaragua,Costa Rica,1975,37.073
Nicaragua,Cuba,1975,0
Nicaragua,Dominican Republic,1975,0.121
Nicaragua,El Salvador,1975,24.629
Nicaragua,Guatemala,1975,14.409
Nicaragua,Panama,1975,2.623
Nicaragua,RESTO_DEL_MUNDO,1975,346.027
Nicaragua,Costa Rica,1976,44.22
Nicaragua,Cuba,1976,0
Nicaragua,Dominican Republic,1976,2.155
Nicaragua,El Salvador,1976,30.661
Nicaragua,Guatemala,1976,14.825
Nicaragua,Panama,1976,3.537
Nicaragua,RESTO_DEL_MUNDO,1976,440.606
Nicaragua,Costa Rica,1977,48.544
Nicaragua,Cuba,1977,0
Nicaragua,Dominican Republic,1977,1.02
Nicaragua,El Salvador,1977,35.481
Nicaragua,Guatemala,1977,15.857
Nicaragua,Panama,1977,3.516
Nicaragua,RESTO_DEL_MUNDO,1977,524.681
Nicaragua,Costa Rica,1978,56.518
Nicaragua,Cuba,1978,0
Nicaragua,Dominican Republic,1978,0.27
Nicaragua,El Salvador,1978,41.285
Nicaragua,Guatemala,1978,29.282
Nicaragua,Panama,1978,4.127
Nicaragua,RESTO_DEL_MUNDO,1978,559.058
Nicaragua,Costa Rica,1979,41.802
Nicaragua,Cuba,1979,0
Nicaragua,Dominican Republic,1979,0.32
Nicaragua,El Salvador,1979,26.031
Nicaragua,Guatemala,1979,19.786
Nicaragua,Panama,1979,3.536
Nicaragua,RESTO_DEL_MUNDO,1979,548.703
Nicaragua,Costa Rica,1980,32.804
Nicaragua,Cuba,1980,0
Nicaragua,Dominican Republic,1980,0
Nicaragua,El Salvador,1980,11.418
Nicaragua,Guatemala,1980,16.416
Nicaragua,Panama,1980,3.6
Nicaragua,RESTO_DEL_MUNDO,1980,409.691
Nicaragua,Costa Rica,1981,33.789
Nicaragua,Cuba,1981,12.3794
Nicaragua,Dominican Republic,1981,0.01
Nicaragua,El Salvador,1981,10.246
Nicaragua,Guatemala,1981,15.065
Nicaragua,Panama,1981,3.625
Nicaragua,RESTO_DEL_MUNDO,1981,428.292
Nicaragua,Costa Rica,1982,21.643
Nicaragua,Cuba,1982,1.3992
Nicaragua,Dominican Republic,1982,0
Nicaragua,El Salvador,1982,6.785
Nicaragua,Guatemala,1982,14.301
Nicaragua,Panama,1982,2.101
Nicaragua,RESTO_DEL_MUNDO,1982,328.581
Nicaragua,Costa Rica,1983,20.153
Nicaragua,Cuba,1983,1.56647
Nicaragua,Dominican Republic,1983,0.35
Nicaragua,El Salvador,1983,3.521
Nicaragua,Guatemala,1983,12.369
Nicaragua,Panama,1983,1.37
Nicaragua,RESTO_DEL_MUNDO,1983,391.071
Nicaragua,Costa Rica,1984,16.332
Nicaragua,Cuba,1984,1.48381
Nicaragua,Dominican Republic,1984,0.01
Nicaragua,El Salvador,1984,3.227
Nicaragua,Guatemala,1984,16.1096
Nicaragua,Panama,1984,0.762
Nicaragua,RESTO_DEL_MUNDO,1984,384.926
Nicaragua,Costa Rica,1985,8.924
Nicaragua,Cuba,1985,1.11216
Nicaragua,Dominican Republic,1985,0
Nicaragua,El Salvador,1985,2.396
Nicaragua,Guatemala,1985,6.9578
Nicaragua,Panama,1985,0.951
Nicaragua,RESTO_DEL_MUNDO,1985,258.586
Nicaragua,Costa Rica,1986,5.295
Nicaragua,Cuba,1986,1.16777
Nicaragua,Dominican Republic,1986,0.08
Nicaragua,El Salvador,1986,1.415
Nicaragua,Guatemala,1986,6.3151
Nicaragua,Panama,1986,0.665
Nicaragua,RESTO_DEL_MUNDO,1986,258.783
Nicaragua,Costa Rica,1987,8.996
Nicaragua,Cuba,1987,26.8559
Nicaragua,Dominican Republic,1987,0.0915594
Nicaragua,El Salvador,1987,4.185
Nicaragua,Guatemala,1987,3.5421
Nicaragua,Panama,1987,0.531
Nicaragua,RESTO_DEL_MUNDO,1987,206.499
Nicaragua,Costa Rica,1988,11.249
Nicaragua,Cuba,1988,11.7722
Nicaragua,Dominican Republic,1988,0.0940751
Nicaragua,El Salvador,1988,2.302
Nicaragua,Guatemala,1988,3.0851
Nicaragua,Panama,1988,4.181
Nicaragua,RESTO_DEL_MUNDO,1988,216.982
Nicaragua,Costa Rica,1989,17.0407
Nicaragua,Cuba,1989,15.8092
Nicaragua,Dominican Republic,1989,0.11547
Nicaragua,El Salvador,1989,9.76
Nicaragua,Guatemala,1989,8.1497
Nicaragua,Panama,1989,3.93324
Nicaragua,RESTO_DEL_MUNDO,1989,219.607
Nicaragua,Costa Rica,1990,12.6906
Nicaragua,Cuba,1990,8.3875
Nicaragua,Dominican Republic,1990,0.0641501
Nicaragua,El Salvador,1990,10.26
Nicaragua,Guatemala,1990,7.5953
Nicaragua,Panama,1990,0.756896
Nicaragua,RESTO_DEL_MUNDO,1990,266.579
Nicaragua,Costa Rica,1991,11.114
Nicaragua,Cuba,1991,3.2527
Nicaragua,Dominican Republic,1991,0.3476
Nicaragua,El Salvador,1991,17.5153
Nicaragua,Guatemala,1991,6.1872
Nicaragua,Panama,1991,0.7173
Nicaragua,RESTO_DEL_MUNDO,1991,338.822
Nicaragua,Costa Rica,1992,50.528
Nicaragua,Cuba,1992,4.3505
Nicaragua,Dominican Republic,1992,0.4697
Nicaragua,El Salvador,1992,16.192
Nicaragua,Guatemala,1992,4.3234
Nicaragua,Panama,1992,0.512202
Nicaragua,RESTO_DEL_MUNDO,1992,306.925
Nicaragua,Costa Rica,1993,49.3488
Nicaragua,Cuba,1993,5.17709
Nicaragua,Dominican Republic,1993,0.558943
Nicaragua,El Salvador,1993,17.174
Nicaragua,Guatemala,1993,3.6811
Nicaragua,Panama,1993,0.360115
Nicaragua,RESTO_DEL_MUNDO,1993,251.403
Nicaragua,Costa Rica,1994,22.7355
Nicaragua,Cuba,1994,0.99
Nicaragua,Dominican Republic,1994,1.8
Nicaragua,El Salvador,1994,31.527
Nicaragua,Guatemala,1994,5.9483
Nicaragua,Panama,1994,1.72352
Nicaragua,RESTO_DEL_MUNDO,1994,314.648
Nicaragua,Costa Rica,1995,17.1278
Nicaragua,Cuba,1995,3.19
Nicaragua,Dominican Republic,1995,3.1
Nicaragua,El Salvador,1995,34.7604
Nicaragua,Guatemala,1995,7.6799
Nicaragua,Panama,1995,1.83399
Nicaragua,RESTO_DEL_MUNDO,1995,485.99
Nicaragua,Costa Rica,1996,15.2969
Nicaragua,Cuba,1996,2.86
Nicaragua,Dominican Republic,1996,2.7
Nicaragua,El Salvador,1996,53.8942
Nicaragua,Guatemala,1996,8.1813
Nicaragua,Panama,1996,3.10645
Nicaragua,RESTO_DEL_MUNDO,1996,588.308
Nicaragua,Costa Rica,1997,26.4399
Nicaragua,Cuba,1997,1.54
Nicaragua,Dominican Republic,1997,8.8
Nicaragua,El Salvador,1997,51.112
Nicaragua,Guatemala,1997,10.8947
Nicaragua,Panama,1997,2.5384
Nicaragua,RESTO_DEL_MUNDO,1997,717.342
Nicaragua,Costa Rica,1998,24.6282
Nicaragua,Cuba,1998,2.97
Nicaragua,Dominican Republic,1998,4.7416
Nicaragua,El Salvador,1998,49.419
Nicaragua,Guatemala,1998,18.26
Nicaragua,Panama,1998,1.66789
Nicaragua,RESTO_DEL_MUNDO,1998,937.793
Nicaragua,Costa Rica,1999,26.1846
Nicaragua,Cuba,1999,2.53
Nicaragua,Dominican Republic,1999,3.63479
Nicaragua,El Salvador,1999,64.5555
Nicaragua,Guatemala,1999,16.5
Nicaragua,Panama,1999,3.2739
Nicaragua,RESTO_DEL_MUNDO,1999,739.667
Nicaragua,Costa Rica,2000,33.3726
Nicaragua,Cuba,2000,3.12771
Nicaragua,Dominican Republic,2000,4.41078
Nicaragua,El Salvador,2000,68.0008
Nicaragua,Guatemala,2000,16.8815
Nicaragua,Panama,2000,6.14726
Nicaragua,RESTO_DEL_MUNDO,2000,878.737
Nicaragua,Costa Rica,2001,38.0639
Nicaragua,Cuba,2001,1.24136
Nicaragua,Dominican Republic,2001,4.4655
Nicaragua,El Salvador,2001,87.9412
Nicaragua,Guatemala,2001,30.3892
Nicaragua,Panama,2001,7.20313
Nicaragua,RESTO_DEL_MUNDO,2001,941.932
Nicaragua,Costa Rica,2002,48.8823
Nicaragua,Cuba,2002,1.11404
Nicaragua,Dominican Republic,2002,5.90341
Nicaragua,El Salvador,2002,97.516
Nicaragua,Guatemala,2002,28.2295
Nicaragua,Panama,2002,3.27181
Nicaragua,RESTO_DEL_MUNDO,2002,919.812
Nicaragua,Costa Rica,2003,51.1375
Nicaragua,Cuba,2003,0.430229
Nicaragua,Dominican Republic,2003,13.4391
Nicaragua,El Salvador,2003,111.573
Nicaragua,Guatemala,2003,30.8974
Nicaragua,Panama,2003,4.39434
Nicaragua,RESTO_DEL_MUNDO,2003,1030.76
Nicaragua,Costa Rica,2004,53.3927
Nicaragua,Cuba,2004,0.11
Nicaragua,Dominican Republic,2004,11.8915
Nicaragua,El Salvador,2004,111.49
Nicaragua,Guatemala,2004,37.4214
Nicaragua,Panama,2004,3.75176
Nicaragua,RESTO_DEL_MUNDO,2004,1332.62
Nicaragua,Costa Rica,2005,58.6731
Nicaragua,Cuba,2005,0.55
Nicaragua,Dominican Republic,2005,12.9025
Nicaragua,El Salvador,2005,127.385
Nicaragua,Guatemala,2005,40.3211
Nicaragua,Panama,2005,6.27587
Nicaragua,RESTO_DEL_MUNDO,2005,1758.39
Nicaragua,Costa Rica,2006,69.2536
Nicaragua,Cuba,2006,0.407278
Nicaragua,Dominican Republic,2006,16.4012
Nicaragua,El Salvador,2006,152.072
Nicaragua,Guatemala,2006,55.752
Nicaragua,Panama,2006,7.73728
Nicaragua,RESTO_DEL_MUNDO,2006,2084.67
Nicaragua,Costa Rica,2007,92.9659
Nicaragua,Cuba,2007,0.722106
Nicaragua,Dominican Republic,2007,12.7929
Nicaragua,El Salvador,2007,164.441
Nicaragua,Guatemala,2007,79.8205
Nicaragua,Panama,2007,8.17088
Nicaragua,RESTO_DEL_MUNDO,2007,2277.74
Nicaragua,Costa Rica,2008,106.209
Nicaragua,Cuba,2008,2.34305
Nicaragua,Dominican Republic,2008,22.1774
Nicaragua,El Salvador,2008,198.931
Nicaragua,Guatemala,2008,92.9702
Nicaragua,Panama,2008,10.5324
Nicaragua,RESTO_DEL_MUNDO,2008,2588.58
Nicaragua,Costa Rica,2009,85.1668
Nicaragua,Cuba,2009,1.79641
Nicaragua,Dominican Republic,2009,37.4082
Nicaragua,El Salvador,2009,195.141
Nicaragua,Guatemala,2009,72.631
Nicaragua,Panama,2009,10.945
Nicaragua,RESTO_DEL_MUNDO,2009,2436.82
Nicaragua,Costa Rica,2010,89.8383
Nicaragua,Cuba,2010,1.09658
Nicaragua,Dominican Republic,2010,33.2244
Nicaragua,El Salvador,2010,184.985
Nicaragua,Guatemala,2010,83.4115
Nicaragua,Panama,2010,9.89183
Nicaragua,RESTO_DEL_MUNDO,2010,3528.83
Nicaragua,Costa Rica,2011,122.347
Nicaragua,Cuba,2011,2.36109
Nicaragua,Dominican Republic,2011,28.6005
Nicaragua,El Salvador,2011,195.731
Nicaragua,Guatemala,2011,76.928
Nicaragua,Panama,2011,15.2561
Nicaragua,RESTO_DEL_MUNDO,2011,4281.35
Nicaragua,Costa Rica,2012,105.739
Nicaragua,Cuba,2012,1.14047
Nicaragua,Dominican Republic,2012,28.0049
Nicaragua,El Salvador,2012,209.765
Nicaragua,Guatemala,2012,97.8214
Nicaragua,Panama,2012,21.5209
Nicaragua,RESTO_DEL_MUNDO,2012,4727.27
Nicaragua,Costa Rica,2013,141.876
Nicaragua,Cuba,2013,1.79751
Nicaragua,Dominican Republic,2013,30.5474
Nicaragua,El Salvador,2013,202.785
Nicaragua,Guatemala,2013,109.944
Nicaragua,Panama,2013,27.182
Nicaragua,RESTO_DEL_MUNDO,2013,5254.42
Nicaragua,Costa Rica,2014,148.682
Nicaragua,Cuba,2014,1.88374
Nicaragua,Dominican Republic,2014,32.0128
Nicaragua,El Salvador,2014,212.328
Nicaragua,Guatemala,2014,125.083
Nicaragua,Panama,2014,36.6024
Nicaragua,RESTO_DEL_MUNDO,2014,5367.45
Nigeria,RESTO_DEL_MUNDO,1960,401.4
Nigeria,South Africa,1960,0.3
Nigeria,RESTO_DEL_MUNDO,1961,436.04
Nigeria,South Africa,1961,0.1
Nigeria,RESTO_DEL_MUNDO,1962,422.46
Nigeria,South Africa,1962,0.1
Nigeria,RESTO_DEL_MUNDO,1963,471.16
Nigeria,South Africa,1963,0.1
Nigeria,RESTO_DEL_MUNDO,1964,516.96
Nigeria,South Africa,1964,0.1
Nigeria,RESTO_DEL_MUNDO,1965,656.851
Nigeria,South Africa,1965,0.1
Nigeria,RESTO_DEL_MUNDO,1966,715.635
Nigeria,South Africa,1966,0.1
Nigeria,RESTO_DEL_MUNDO,1967,623.65
Nigeria,South Africa,1967,0.1
Nigeria,RESTO_DEL_MUNDO,1968,485.44
Nigeria,South Africa,1968,0.2
Nigeria,RESTO_DEL_MUNDO,1969,802.121
Nigeria,South Africa,1969,0
Nigeria,RESTO_DEL_MUNDO,1970,1100.51
Nigeria,South Africa,1970,0
Nigeria,RESTO_DEL_MUNDO,1971,1628.24
Nigeria,South Africa,1971,0
Nigeria,RESTO_DEL_MUNDO,1972,2014.29
Nigeria,South Africa,1972,0
Nigeria,RESTO_DEL_MUNDO,1973,2939.06
Nigeria,South Africa,1973,0
Nigeria,RESTO_DEL_MUNDO,1974,8915.26
Nigeria,South Africa,1974,0
Nigeria,Angola,1975,0
Nigeria,RESTO_DEL_MUNDO,1975,7798.09
Nigeria,South Africa,1975,0
Nigeria,Angola,1976,0
Nigeria,RESTO_DEL_MUNDO,1976,9730.4
Nigeria,South Africa,1976,0
Nigeria,Angola,1977,0
Nigeria,RESTO_DEL_MUNDO,1977,11092.1
Nigeria,South Africa,1977,0
Nigeria,Angola,1978,0
Nigeria,RESTO_DEL_MUNDO,1978,9619.94
Nigeria,South Africa,1978,0
Nigeria,Angola,1979,0
Nigeria,RESTO_DEL_MUNDO,1979,15609.8
Nigeria,South Africa,1979,0
Nigeria,RESTO_DEL_MUNDO,1980,22557.7
Nigeria,Angola,1981,0
Nigeria,RESTO_DEL_MUNDO,1981,18008.4
Nigeria,South Africa,1981,0
Nigeria,Angola,1982,0
Nigeria,RESTO_DEL_MUNDO,1982,14151.4
Nigeria,South Africa,1982,0
Nigeria,Angola,1983,44.44
Nigeria,RESTO_DEL_MUNDO,1983,11059.6
Nigeria,South Africa,1983,0
Nigeria,Angola,1984,0.22
Nigeria,RESTO_DEL_MUNDO,1984,12220.2
Nigeria,South Africa,1984,0
Nigeria,Angola,1985,0.0483495
Nigeria,Botswana,1985,0
Nigeria,RESTO_DEL_MUNDO,1985,13943.4
Nigeria,South Africa,1985,0
Nigeria,Angola,1986,0.77845
Nigeria,Botswana,1986,0
Nigeria,RESTO_DEL_MUNDO,1986,8085.19
Nigeria,South Africa,1986,0
Nigeria,Angola,1987,1.10867
Nigeria,Botswana,1987,0
Nigeria,RESTO_DEL_MUNDO,1987,8423.07
Nigeria,South Africa,1987,0
Nigeria,Angola,1988,1.87095
Nigeria,Botswana,1988,0
Nigeria,RESTO_DEL_MUNDO,1988,7872.78
Nigeria,South Africa,1988,0
Nigeria,Angola,1989,0
Nigeria,Botswana,1989,0
Nigeria,RESTO_DEL_MUNDO,1989,10832.4
Nigeria,South Africa,1989,0
Nigeria,Angola,1990,0.0929259
Nigeria,Botswana,1990,0
Nigeria,RESTO_DEL_MUNDO,1990,14556
Nigeria,South Africa,1990,0
Nigeria,Angola,1991,0.18094
Nigeria,Botswana,1991,0
Nigeria,RESTO_DEL_MUNDO,1991,14205.6
Nigeria,South Africa,1991,0
Nigeria,Angola,1992,0.199034
Nigeria,Botswana,1992,0
Nigeria,RESTO_DEL_MUNDO,1992,13577.8
Nigeria,South Africa,1992,1.27018
Nigeria,Angola,1993,0.201025
Nigeria,Botswana,1993,0
Nigeria,RESTO_DEL_MUNDO,1993,12755.7
Nigeria,South Africa,1993,1.12743
Nigeria,Angola,1994,0.192984
Nigeria,Botswana,1994,0
Nigeria,RESTO_DEL_MUNDO,1994,12370.6
Nigeria,South Africa,1994,5.96559
Nigeria,Angola,1995,0.221931
Nigeria,Botswana,1995,0
Nigeria,RESTO_DEL_MUNDO,1995,13356.6
Nigeria,South Africa,1995,7.27217
Nigeria,Angola,1996,0.246344
Nigeria,Botswana,1996,0
Nigeria,RESTO_DEL_MUNDO,1996,17678.3
Nigeria,South Africa,1996,8.76812
Nigeria,Angola,1997,0.280832
Nigeria,Botswana,1997,0
Nigeria,RESTO_DEL_MUNDO,1997,17837
Nigeria,South Africa,1997,181.556
Nigeria,Angola,1998,0.289257
Nigeria,Botswana,1998,0
Nigeria,RESTO_DEL_MUNDO,1998,12279
Nigeria,South Africa,1998,90.1975
Nigeria,Angola,1999,0.286943
Nigeria,Botswana,1999,0
Nigeria,RESTO_DEL_MUNDO,1999,14221.5
Nigeria,South Africa,1999,221.827
Nigeria,Angola,2000,4.68898
Nigeria,Botswana,2000,0
Nigeria,RESTO_DEL_MUNDO,2000,22564.8
Nigeria,South Africa,2000,200.478
Nigeria,Angola,2001,0.980198
Nigeria,Botswana,2001,0
Nigeria,RESTO_DEL_MUNDO,2001,20552.7
Nigeria,South Africa,2001,257.557
Nigeria,Angola,2002,22.4006
Nigeria,Botswana,2002,0
Nigeria,RESTO_DEL_MUNDO,2002,17077.8
Nigeria,South Africa,2002,376.724
Nigeria,Angola,2003,0.465982
Nigeria,Botswana,2003,0.00878459
Nigeria,RESTO_DEL_MUNDO,2003,24672.4
Nigeria,South Africa,2003,440.665
Nigeria,Angola,2004,0.536486
Nigeria,Botswana,2004,0.011624
Nigeria,RESTO_DEL_MUNDO,2004,35223.9
Nigeria,South Africa,2004,884.17
Nigeria,Angola,2005,0.71213
Nigeria,Botswana,2005,0.0158121
Nigeria,RESTO_DEL_MUNDO,2005,46383.9
Nigeria,South Africa,2005,715.99
Nigeria,Angola,2006,0.852555
Nigeria,Botswana,2006,0.0198787
Nigeria,RESTO_DEL_MUNDO,2006,61008.6
Nigeria,South Africa,2006,1454.97
Nigeria,Angola,2007,1.0057
Nigeria,Botswana,2007,0.0239813
Nigeria,RESTO_DEL_MUNDO,2007,70488.2
Nigeria,South Africa,2007,1959.81
Nigeria,Angola,2008,1.31673
Nigeria,Botswana,2008,0.0315223
Nigeria,RESTO_DEL_MUNDO,2008,90351.3
Nigeria,South Africa,2008,2042.05
Nigeria,Angola,2009,0.895189
Nigeria,Botswana,2009,0.0219545
Nigeria,RESTO_DEL_MUNDO,2009,54772.9
Nigeria,South Africa,2009,2122.12
Nigeria,Angola,2010,1.1727
Nigeria,Botswana,2010,0.0287604
Nigeria,RESTO_DEL_MUNDO,2010,81518.7
Nigeria,South Africa,2010,2424.32
Nigeria,Angola,2011,1.51278
Nigeria,Botswana,2011,0.0365257
Nigeria,RESTO_DEL_MUNDO,2011,111407
Nigeria,South Africa,2011,3432.07
Nigeria,Angola,2012,1.60742
Nigeria,Botswana,2012,0.039953
Nigeria,RESTO_DEL_MUNDO,2012,110277
Nigeria,South Africa,2012,4120.1
Nigeria,Angola,2013,1.59252
Nigeria,Botswana,2013,0.0401667
Nigeria,RESTO_DEL_MUNDO,2013,99877.6
Nigeria,South Africa,2013,3989.28
Nigeria,Angola,2014,1.68167
Nigeria,Botswana,2014,0.0413535
Nigeria,RESTO_DEL_MUNDO,2014,95056.2
Nigeria,South Africa,2014,5636.6
Norway,RESTO_DEL_MUNDO,1905,104.34
Norway,RESTO_DEL_MUNDO,1906,30.26
Norway,RESTO_DEL_MUNDO,1907,79.0402
Norway,RESTO_DEL_MUNDO,1908,77.7369
Norway,RESTO_DEL_MUNDO,1909,78.47
Norway,RESTO_DEL_MUNDO,1910,82.4068
Norway,RESTO_DEL_MUNDO,1911,73.77
Norway,RESTO_DEL_MUNDO,1912,107.26
Norway,RESTO_DEL_MUNDO,1913,118.224
Norway,RESTO_DEL_MUNDO,1919,149.87
Norway,RESTO_DEL_MUNDO,1920,249.874
Norway,RESTO_DEL_MUNDO,1921,127.21
Norway,RESTO_DEL_MUNDO,1922,139.482
Norway,RESTO_DEL_MUNDO,1923,132.593
Norway,RESTO_DEL_MUNDO,1924,156.345
Norway,RESTO_DEL_MUNDO,1925,179.431
Norway,RESTO_DEL_MUNDO,1926,175.17
Norway,RESTO_DEL_MUNDO,1927,188.477
Norway,RESTO_DEL_MUNDO,1928,193.81
Norway,RESTO_DEL_MUNDO,1929,209.49
Norway,RESTO_DEL_MUNDO,1930,186.909
Norway,RESTO_DEL_MUNDO,1931,223.438
Norway,RESTO_DEL_MUNDO,1932,93.0359
Norway,RESTO_DEL_MUNDO,1933,113.972
Norway,RESTO_DEL_MUNDO,1934,151.056
Norway,RESTO_DEL_MUNDO,1935,168.311
Norway,RESTO_DEL_MUNDO,1936,185.296
Norway,RESTO_DEL_MUNDO,1937,219.4
Norway,RESTO_DEL_MUNDO,1938,184.774
Norway,RESTO_DEL_MUNDO,1939,184.024
Norway,RESTO_DEL_MUNDO,1940,139.352
Norway,RESTO_DEL_MUNDO,1945,6.68029
Norway,RESTO_DEL_MUNDO,1946,184.612
Norway,RESTO_DEL_MUNDO,1947,319.467
Norway,RESTO_DEL_MUNDO,1948,323.31
Norway,RESTO_DEL_MUNDO,1949,314.873
Norway,Iceland,1950,0.6
Norway,RESTO_DEL_MUNDO,1950,349.54
Norway,Iceland,1951,0.7
Norway,RESTO_DEL_MUNDO,1951,533.12
Norway,Iceland,1952,1
Norway,RESTO_DEL_MUNDO,1952,545.5
Norway,Iceland,1953,1.4
Norway,RESTO_DEL_MUNDO,1953,468.88
Norway,Iceland,1954,1.5
Norway,RESTO_DEL_MUNDO,1954,524.56
Norway,Iceland,1955,1.8
Norway,RESTO_DEL_MUNDO,1955,649.21
Norway,Iceland,1956,2.1
Norway,RESTO_DEL_MUNDO,1956,771.26
Norway,Iceland,1957,2.7
Norway,RESTO_DEL_MUNDO,1957,800.58
Norway,Iceland,1958,2.2
Norway,RESTO_DEL_MUNDO,1958,763.5
Norway,Iceland,1959,3.2
Norway,RESTO_DEL_MUNDO,1959,810.64
Norway,Iceland,1960,5.2
Norway,RESTO_DEL_MUNDO,1960,780.17
Norway,Iceland,1961,3.4
Norway,RESTO_DEL_MUNDO,1961,810.12
Norway,Iceland,1962,6.2
Norway,RESTO_DEL_MUNDO,1962,864.816
Norway,Iceland,1963,11
Norway,RESTO_DEL_MUNDO,1963,936.095
Norway,Iceland,1964,14.2
Norway,RESTO_DEL_MUNDO,1964,1140.62
Norway,Iceland,1965,8.6
Norway,RESTO_DEL_MUNDO,1965,1302.56
Norway,Iceland,1966,15.8
Norway,RESTO_DEL_MUNDO,1966,1376.35
Norway,Iceland,1967,13.6
Norway,RESTO_DEL_MUNDO,1967,1476.46
Norway,Iceland,1968,10.4
Norway,RESTO_DEL_MUNDO,1968,1629.71
Norway,Iceland,1969,7.947
Norway,RESTO_DEL_MUNDO,1969,1778.41
Norway,Iceland,1970,8.747
Norway,RESTO_DEL_MUNDO,1970,1993.03
Norway,Iceland,1971,10.52
Norway,RESTO_DEL_MUNDO,1971,2172.99
Norway,Iceland,1972,14.301
Norway,RESTO_DEL_MUNDO,1972,2663.09
Norway,Iceland,1973,36.807
Norway,RESTO_DEL_MUNDO,1973,3723.61
Norway,Iceland,1974,43.99
Norway,RESTO_DEL_MUNDO,1974,5136.95
Norway,Iceland,1975,50.81
Norway,RESTO_DEL_MUNDO,1975,5976.21
Norway,Iceland,1976,38.978
Norway,RESTO_DEL_MUNDO,1976,6175.15
Norway,Iceland,1977,59.673
Norway,RESTO_DEL_MUNDO,1977,7180.43
Norway,Iceland,1978,56.086
Norway,RESTO_DEL_MUNDO,1978,9003.57
Norway,Iceland,1979,69.387
Norway,RESTO_DEL_MUNDO,1979,10820.2
Norway,Iceland,1980,75.286
Norway,RESTO_DEL_MUNDO,1980,14577.3
Norway,Iceland,1981,98.837
Norway,RESTO_DEL_MUNDO,1981,14829.6
Norway,Iceland,1982,69.669
Norway,RESTO_DEL_MUNDO,1982,13478.1
Norway,Iceland,1983,63.971
Norway,RESTO_DEL_MUNDO,1983,14119.6
Norway,Iceland,1984,50.596
Norway,RESTO_DEL_MUNDO,1984,15400.7
Norway,Iceland,1985,68.682
Norway,RESTO_DEL_MUNDO,1985,15339.4
Norway,Iceland,1986,81.038
Norway,RESTO_DEL_MUNDO,1986,14496
Norway,Iceland,1987,131.938
Norway,RESTO_DEL_MUNDO,1987,17800.6
Norway,Iceland,1988,143.71
Norway,RESTO_DEL_MUNDO,1988,19171.2
Norway,Iceland,1989,92.9618
Norway,RESTO_DEL_MUNDO,1989,23098.7
Norway,Iceland,1990,84.037
Norway,RESTO_DEL_MUNDO,1990,33283.6
Norway,Iceland,1991,94.484
Norway,RESTO_DEL_MUNDO,1991,34430.6
Norway,Iceland,1992,242.583
Norway,RESTO_DEL_MUNDO,1992,34605.9
Norway,Iceland,1993,167.133
Norway,RESTO_DEL_MUNDO,1993,31139.9
Norway,Iceland,1994,209.771
Norway,RESTO_DEL_MUNDO,1994,34228.1
Norway,Iceland,1995,178.771
Norway,RESTO_DEL_MUNDO,1995,42471.5
Norway,Iceland,1996,276.41
Norway,RESTO_DEL_MUNDO,1996,49236.1
Norway,Iceland,1997,233.071
Norway,RESTO_DEL_MUNDO,1997,50221.4
Norway,Iceland,1998,234
Norway,RESTO_DEL_MUNDO,1998,42061
Norway,Iceland,1999,261.578
Norway,RESTO_DEL_MUNDO,1999,42665.7
Norway,Iceland,2000,211.342
Norway,RESTO_DEL_MUNDO,2000,57866.7
Norway,Iceland,2001,178.337
Norway,RESTO_DEL_MUNDO,2001,54801.7
Norway,Iceland,2002,182.956
Norway,RESTO_DEL_MUNDO,2002,57355.1
Norway,Iceland,2003,196.567
Norway,RESTO_DEL_MUNDO,2003,72754.7
Norway,Iceland,2004,353.688
Norway,RESTO_DEL_MUNDO,2004,88055.7
Norway,Iceland,2005,347.119
Norway,RESTO_DEL_MUNDO,2005,106120
Norway,Iceland,2006,434.186
Norway,RESTO_DEL_MUNDO,2006,122303
Norway,Iceland,2007,306.263
Norway,RESTO_DEL_MUNDO,2007,132707
Norway,Iceland,2008,676.225
Norway,RESTO_DEL_MUNDO,2008,173800
Norway,Iceland,2009,467.345
Norway,RESTO_DEL_MUNDO,2009,121735
Norway,Iceland,2010,353.538
Norway,RESTO_DEL_MUNDO,2010,131358
Norway,Iceland,2011,771.604
Norway,RESTO_DEL_MUNDO,2011,160250
Norway,Iceland,2012,793.844
Norway,RESTO_DEL_MUNDO,2012,159629
Norway,Iceland,2013,755.631
Norway,RESTO_DEL_MUNDO,2013,142597
Norway,Iceland,2014,785.543
Norway,RESTO_DEL_MUNDO,2014,130969
Pakistan,RESTO_DEL_MUNDO,1972,665.19
Pakistan,Sri Lanka,1972,13.605
Pakistan,RESTO_DEL_MUNDO,1973,815.774
Pakistan,Sri Lanka,1973,16.938
Pakistan,RESTO_DEL_MUNDO,1974,963.204
Pakistan,Sri Lanka,1974,41.951
Pakistan,RESTO_DEL_MUNDO,1975,903.238
Pakistan,Sri Lanka,1975,31.181
Pakistan,RESTO_DEL_MUNDO,1976,971.958
Pakistan,Sri Lanka,1976,32.349
Pakistan,RESTO_DEL_MUNDO,1977,1054.59
Pakistan,Sri Lanka,1977,29.865
Pakistan,RESTO_DEL_MUNDO,1978,1210.29
Pakistan,Sri Lanka,1978,11.031
Pakistan,RESTO_DEL_MUNDO,1979,1775.42
Pakistan,Sri Lanka,1979,31.666
Pakistan,RESTO_DEL_MUNDO,1980,2123.01
Pakistan,Sri Lanka,1980,29.862
Pakistan,RESTO_DEL_MUNDO,1981,2536.88
Pakistan,Sri Lanka,1981,17.776
Pakistan,RESTO_DEL_MUNDO,1982,2144.75
Pakistan,Sri Lanka,1982,17.648
Pakistan,RESTO_DEL_MUNDO,1983,2534.1
Pakistan,Sri Lanka,1983,13.473
Pakistan,RESTO_DEL_MUNDO,1984,2089.35
Pakistan,Sri Lanka,1984,17.081
Pakistan,RESTO_DEL_MUNDO,1985,2395.15
Pakistan,Sri Lanka,1985,33.809
Pakistan,RESTO_DEL_MUNDO,1986,2971.28
Pakistan,Sri Lanka,1986,46.101
Pakistan,RESTO_DEL_MUNDO,1987,3419.06
Pakistan,Sri Lanka,1987,46.654
Pakistan,RESTO_DEL_MUNDO,1988,3889.26
Pakistan,Sri Lanka,1988,69.6507
Pakistan,RESTO_DEL_MUNDO,1989,4042.62
Pakistan,Sri Lanka,1989,50.8265
Pakistan,RESTO_DEL_MUNDO,1990,5066.26
Pakistan,Sri Lanka,1990,50.7729
Pakistan,RESTO_DEL_MUNDO,1991,5677.13
Pakistan,Sri Lanka,1991,73.7367
Pakistan,RESTO_DEL_MUNDO,1992,6072.04
Pakistan,Sri Lanka,1992,67.037
Pakistan,RESTO_DEL_MUNDO,1993,5804.85
Pakistan,Sri Lanka,1993,55.2624
Pakistan,RESTO_DEL_MUNDO,1994,6304.53
Pakistan,Sri Lanka,1994,61
Pakistan,RESTO_DEL_MUNDO,1995,7378.43
Pakistan,Sri Lanka,1995,52
Pakistan,RESTO_DEL_MUNDO,1996,7608.88
Pakistan,Sri Lanka,1996,69
Pakistan,RESTO_DEL_MUNDO,1997,7475.47
Pakistan,Sri Lanka,1997,38
Pakistan,RESTO_DEL_MUNDO,1998,7622.38
Pakistan,Sri Lanka,1998,90.6325
Pakistan,RESTO_DEL_MUNDO,1999,8143.21
Pakistan,Sri Lanka,1999,94.7148
Pakistan,RESTO_DEL_MUNDO,2000,8719.59
Pakistan,Sri Lanka,2000,72.1689
Pakistan,RESTO_DEL_MUNDO,2001,9336.77
Pakistan,Sri Lanka,2001,73.8179
Pakistan,RESTO_DEL_MUNDO,2002,9440.42
Pakistan,Sri Lanka,2002,65.6855
Pakistan,RESTO_DEL_MUNDO,2003,10832.6
Pakistan,Sri Lanka,2003,70.98
Pakistan,RESTO_DEL_MUNDO,2004,13549.3
Pakistan,Sri Lanka,2004,107.916
Pakistan,RESTO_DEL_MUNDO,2005,15005.3
Pakistan,Sri Lanka,2005,115.637
Pakistan,RESTO_DEL_MUNDO,2006,17541.8
Pakistan,Sri Lanka,2006,146.577
Pakistan,RESTO_DEL_MUNDO,2007,19917.5
Pakistan,Sri Lanka,2007,178.045
Pakistan,RESTO_DEL_MUNDO,2008,22864
Pakistan,Sri Lanka,2008,192.434
Pakistan,RESTO_DEL_MUNDO,2009,19195.3
Pakistan,Sri Lanka,2009,196.548
Pakistan,RESTO_DEL_MUNDO,2010,22672.6
Pakistan,Sri Lanka,2010,281.759
Pakistan,RESTO_DEL_MUNDO,2011,27370.1
Pakistan,Sri Lanka,2011,333.836
Pakistan,RESTO_DEL_MUNDO,2012,27171.7
Pakistan,Sri Lanka,2012,350.186
Pakistan,RESTO_DEL_MUNDO,2013,28209.8
Pakistan,Sri Lanka,2013,381.412
Pakistan,RESTO_DEL_MUNDO,2014,28889.2
Pakistan,Sri Lanka,2014,279.373
Panama,RESTO_DEL_MUNDO,1919,0
Panama,Costa Rica,1920,0.23
Panama,RESTO_DEL_MUNDO,1920,3.223
Panama,Costa Rica,1921,0.27
Panama,RESTO_DEL_MUNDO,1921,2.462
Panama,Costa Rica,1922,0.2
Panama,RESTO_DEL_MUNDO,1922,2.43322
Panama,Costa Rica,1923,0.28
Panama,RESTO_DEL_MUNDO,1923,2.55
Panama,Costa Rica,1924,0.58
Panama,RESTO_DEL_MUNDO,1924,3.199
Panama,RESTO_DEL_MUNDO,1925,0.17
Panama,Costa Rica,1926,0.31
Panama,RESTO_DEL_MUNDO,1926,0.533141
Panama,Costa Rica,1927,0.42
Panama,RESTO_DEL_MUNDO,1927,3.91086
Panama,Costa Rica,1928,0.28
Panama,RESTO_DEL_MUNDO,1928,4
Panama,Costa Rica,1929,0.28
Panama,RESTO_DEL_MUNDO,1929,4.1126
Panama,RESTO_DEL_MUNDO,1930,0.133349
Panama,RESTO_DEL_MUNDO,1931,3.21693
Panama,RESTO_DEL_MUNDO,1932,2.193
Panama,Costa Rica,1933,0.14
Panama,RESTO_DEL_MUNDO,1933,2.71797
Panama,Costa Rica,1934,0.19
Panama,RESTO_DEL_MUNDO,1934,3.82612
Panama,RESTO_DEL_MUNDO,1935,0.144934
Panama,Costa Rica,1936,0.21
Panama,RESTO_DEL_MUNDO,1936,5.11209
Panama,Costa Rica,1937,0.11
Panama,RESTO_DEL_MUNDO,1937,5.86743
Panama,RESTO_DEL_MUNDO,1938,6.06325
Panama,RESTO_DEL_MUNDO,1939,1.69329
Panama,RESTO_DEL_MUNDO,1940,0.03
Panama,RESTO_DEL_MUNDO,1941,0
Panama,RESTO_DEL_MUNDO,1942,0
Panama,RESTO_DEL_MUNDO,1944,0
Panama,RESTO_DEL_MUNDO,1945,0
Panama,RESTO_DEL_MUNDO,1946,1.57
Panama,RESTO_DEL_MUNDO,1947,1.9
Panama,Costa Rica,1948,0.1
Panama,RESTO_DEL_MUNDO,1948,19.05
Panama,Costa Rica,1949,0.1
Panama,RESTO_DEL_MUNDO,1949,20.17
Panama,Costa Rica,1950,0.1
Panama,RESTO_DEL_MUNDO,1950,19.61
Panama,Costa Rica,1951,0.3
Panama,RESTO_DEL_MUNDO,1951,24.94
Panama,Costa Rica,1952,0.7
Panama,RESTO_DEL_MUNDO,1952,29.22
Panama,Costa Rica,1953,0.6
Panama,RESTO_DEL_MUNDO,1953,36.36
Panama,Costa Rica,1954,0.9
Panama,RESTO_DEL_MUNDO,1954,49.66
Panama,Costa Rica,1955,0.8
Panama,RESTO_DEL_MUNDO,1955,68
Panama,Costa Rica,1956,1.1
Panama,RESTO_DEL_MUNDO,1956,54.89
Panama,Costa Rica,1957,0.8
Panama,RESTO_DEL_MUNDO,1957,70.5
Panama,Costa Rica,1958,1
Panama,RESTO_DEL_MUNDO,1958,72.61
Panama,Costa Rica,1959,1.6
Panama,RESTO_DEL_MUNDO,1959,84.87
Panama,Costa Rica,1960,1.2
Panama,RESTO_DEL_MUNDO,1960,80.89
Panama,Costa Rica,1961,1.7
Panama,RESTO_DEL_MUNDO,1961,87.87
Panama,Costa Rica,1962,1.4
Panama,RESTO_DEL_MUNDO,1962,105.86
Panama,Costa Rica,1963,1.5
Panama,RESTO_DEL_MUNDO,1963,122.93
Panama,Costa Rica,1964,1.5
Panama,RESTO_DEL_MUNDO,1964,125.72
Panama,Costa Rica,1965,1.2
Panama,RESTO_DEL_MUNDO,1965,147.14
Panama,Costa Rica,1966,2.8
Panama,RESTO_DEL_MUNDO,1966,166.98
Panama,Costa Rica,1967,2.1
Panama,RESTO_DEL_MUNDO,1967,153.34
Panama,Costa Rica,1968,3.3
Panama,RESTO_DEL_MUNDO,1968,165.933
Panama,Costa Rica,1969,3.435
Panama,RESTO_DEL_MUNDO,1969,159.061
Panama,Costa Rica,1970,2.698
Panama,RESTO_DEL_MUNDO,1970,182.882
Panama,Costa Rica,1971,3.388
Panama,RESTO_DEL_MUNDO,1971,278.833
Panama,Costa Rica,1972,6.174
Panama,RESTO_DEL_MUNDO,1972,214.408
Panama,Costa Rica,1973,6.858
Panama,RESTO_DEL_MUNDO,1973,348.445
Panama,Costa Rica,1974,9.73
Panama,RESTO_DEL_MUNDO,1974,390.926
Panama,Costa Rica,1975,6.624
Panama,RESTO_DEL_MUNDO,1975,566.575
Panama,Costa Rica,1976,10.684
Panama,RESTO_DEL_MUNDO,1976,646.962
Panama,Costa Rica,1977,12.159
Panama,RESTO_DEL_MUNDO,1977,723.414
Panama,Costa Rica,1978,15.686
Panama,RESTO_DEL_MUNDO,1978,918.179
Panama,Costa Rica,1979,19.714
Panama,RESTO_DEL_MUNDO,1979,1242.14
Panama,Costa Rica,1980,31.568
Panama,RESTO_DEL_MUNDO,1980,1574.59
Panama,Costa Rica,1981,21.233
Panama,RESTO_DEL_MUNDO,1981,1716.09
Panama,Costa Rica,1982,13.83
Panama,RESTO_DEL_MUNDO,1982,1522.59
Panama,Costa Rica,1983,20.651
Panama,RESTO_DEL_MUNDO,1983,1402.77
Panama,Costa Rica,1984,25.584
Panama,RESTO_DEL_MUNDO,1984,1619.73
Panama,Costa Rica,1985,20.496
Panama,RESTO_DEL_MUNDO,1985,1981.16
Panama,Costa Rica,1986,21.957
Panama,RESTO_DEL_MUNDO,1986,1570.24
Panama,Costa Rica,1987,27.406
Panama,RESTO_DEL_MUNDO,1987,1986.55
Panama,Costa Rica,1988,26.534
Panama,RESTO_DEL_MUNDO,1988,2060
Panama,Costa Rica,1989,33.5467
Panama,RESTO_DEL_MUNDO,1989,2700.42
Panama,Costa Rica,1990,42.6926
Panama,RESTO_DEL_MUNDO,1990,2499.57
Panama,Costa Rica,1991,40.0395
Panama,RESTO_DEL_MUNDO,1991,2054.04
Panama,Costa Rica,1992,21.962
Panama,RESTO_DEL_MUNDO,1992,2727.31
Panama,Costa Rica,1993,50.6556
Panama,RESTO_DEL_MUNDO,1993,2554.15
Panama,Costa Rica,1994,65.1105
Panama,RESTO_DEL_MUNDO,1994,2636.79
Panama,Costa Rica,1995,99.3799
Panama,RESTO_DEL_MUNDO,1995,3038.16
Panama,Costa Rica,1996,97.8177
Panama,RESTO_DEL_MUNDO,1996,3163.16
Panama,Costa Rica,1997,76.7577
Panama,RESTO_DEL_MUNDO,1997,2734.5
Panama,Costa Rica,1998,88.844
Panama,RESTO_DEL_MUNDO,1998,2228.79
Panama,Costa Rica,1999,82.2513
Panama,RESTO_DEL_MUNDO,1999,1913.91
Panama,Costa Rica,2000,87.6201
Panama,RESTO_DEL_MUNDO,2000,2506.92
Panama,Costa Rica,2001,109.188
Panama,RESTO_DEL_MUNDO,2001,2688.92
Panama,Costa Rica,2002,116.948
Panama,RESTO_DEL_MUNDO,2002,3148.3
Panama,Costa Rica,2003,114.767
Panama,RESTO_DEL_MUNDO,2003,3383.11
Panama,Costa Rica,2004,103.891
Panama,RESTO_DEL_MUNDO,2004,3831.36
Panama,Costa Rica,2005,121.277
Panama,RESTO_DEL_MUNDO,2005,4873.31
Panama,Costa Rica,2006,162.747
Panama,RESTO_DEL_MUNDO,2006,6011.54
Panama,Costa Rica,2007,223.753
Panama,RESTO_DEL_MUNDO,2007,6537.09
Panama,Costa Rica,2008,242.415
Panama,RESTO_DEL_MUNDO,2008,7381.16
Panama,Costa Rica,2009,216.253
Panama,RESTO_DEL_MUNDO,2009,6526.89
Panama,Costa Rica,2010,233.482
Panama,RESTO_DEL_MUNDO,2010,6793.43
Panama,Costa Rica,2011,289.428
Panama,RESTO_DEL_MUNDO,2011,8156.98
Panama,Costa Rica,2012,384.5
Panama,RESTO_DEL_MUNDO,2012,6344.62
Panama,Costa Rica,2013,342.557
Panama,RESTO_DEL_MUNDO,2013,7048.16
Panama,Costa Rica,2014,59.8632
Panama,RESTO_DEL_MUNDO,2014,5330.52
Paraguay,RESTO_DEL_MUNDO,1910,1.97493
Paraguay,RESTO_DEL_MUNDO,1911,2.67
Paraguay,RESTO_DEL_MUNDO,1912,2.40985
Paraguay,RESTO_DEL_MUNDO,1913,5.47
Paraguay,RESTO_DEL_MUNDO,1919,4.62555
Paraguay,RESTO_DEL_MUNDO,1920,6.97919
Paraguay,RESTO_DEL_MUNDO,1921,4.15122
Paraguay,RESTO_DEL_MUNDO,1922,7.72453
Paraguay,RESTO_DEL_MUNDO,1923,6.48173
Paraguay,RESTO_DEL_MUNDO,1924,4.65228
Paraguay,RESTO_DEL_MUNDO,1925,6.79053
Paraguay,RESTO_DEL_MUNDO,1926,7.08768
Paraguay,RESTO_DEL_MUNDO,1927,9.37319
Paraguay,RESTO_DEL_MUNDO,1928,8.14474
Paraguay,RESTO_DEL_MUNDO,1929,9.35205
Paraguay,RESTO_DEL_MUNDO,1930,6.06485
Paraguay,RESTO_DEL_MUNDO,1931,4.09863
Paraguay,RESTO_DEL_MUNDO,1932,2.20059
Paraguay,RESTO_DEL_MUNDO,1933,6.17384
Paraguay,RESTO_DEL_MUNDO,1934,4.9302
Paraguay,RESTO_DEL_MUNDO,1935,5.59877
Paraguay,RESTO_DEL_MUNDO,1936,6.95322
Paraguay,RESTO_DEL_MUNDO,1937,6.63177
Paraguay,RESTO_DEL_MUNDO,1938,7.16399
Paraguay,Argentina,1939,1.52
Paraguay,Chile,1939,7e-05
Paraguay,RESTO_DEL_MUNDO,1939,5.94153
Paraguay,Uruguay,1939,0.24
Paraguay,Venezuela,1939,0
Paraguay,Argentina,1940,1.94
Paraguay,Chile,1940,2.9e-05
Paraguay,RESTO_DEL_MUNDO,1940,4.36617
Paraguay,Uruguay,1940,0.15
Paraguay,Venezuela,1940,2.6e-05
Paraguay,Argentina,1941,1.56
Paraguay,Chile,1941,6.2e-05
Paraguay,RESTO_DEL_MUNDO,1941,6.39802
Paraguay,Uruguay,1941,0.44
Paraguay,Venezuela,1941,0
Paraguay,Argentina,1942,1.88
Paraguay,RESTO_DEL_MUNDO,1942,5.77207
Paraguay,Uruguay,1942,0.88
Paraguay,Venezuela,1942,5e-05
Paraguay,Argentina,1943,1.65
Paraguay,RESTO_DEL_MUNDO,1943,9.05134
Paraguay,Uruguay,1943,0.97
Paraguay,Venezuela,1943,0.14
Paraguay,Argentina,1944,1.97
Paraguay,RESTO_DEL_MUNDO,1944,7.39106
Paraguay,Uruguay,1944,0.81
Paraguay,Venezuela,1944,0.03
Paraguay,Argentina,1945,2.74
Paraguay,RESTO_DEL_MUNDO,1945,11.4717
Paraguay,Uruguay,1945,1.17
Paraguay,Venezuela,1945,0.07
Paraguay,Argentina,1946,2.83
Paraguay,RESTO_DEL_MUNDO,1946,17.1203
Paraguay,Uruguay,1946,2.6
Paraguay,Venezuela,1946,0.27
Paraguay,Argentina,1947,2.52
Paraguay,RESTO_DEL_MUNDO,1947,16.4443
Paraguay,Uruguay,1947,2.58
Paraguay,Argentina,1948,2.41
Paraguay,Chile,1948,0.003586
Paraguay,RESTO_DEL_MUNDO,1948,14.8179
Paraguay,Uruguay,1948,1.99
Paraguay,Venezuela,1948,0.01
Paraguay,Argentina,1949,0.95
Paraguay,Chile,1949,0.000159
Paraguay,RESTO_DEL_MUNDO,1949,13.9842
Paraguay,Venezuela,1949,0.09
Paraguay,RESTO_DEL_MUNDO,1950,20.61
Paraguay,Uruguay,1950,5
Paraguay,Venezuela,1950,0
Paraguay,Chile,1951,0
Paraguay,RESTO_DEL_MUNDO,1951,22.86
Paraguay,Uruguay,1951,5.1
Paraguay,Venezuela,1951,0
Paraguay,Argentina,1952,11.6
Paraguay,Chile,1952,0.1
Paraguay,RESTO_DEL_MUNDO,1952,22.64
Paraguay,Uruguay,1952,6.6
Paraguay,Venezuela,1952,0
Paraguay,Argentina,1953,11.4
Paraguay,Chile,1953,0
Paraguay,RESTO_DEL_MUNDO,1953,18.52
Paraguay,Uruguay,1953,6
Paraguay,Venezuela,1953,0
Paraguay,Argentina,1954,15.4
Paraguay,Chile,1954,0.1
Paraguay,RESTO_DEL_MUNDO,1954,18.71
Paraguay,Uruguay,1954,4
Paraguay,Venezuela,1954,0
Paraguay,Argentina,1955,19.7
Paraguay,Chile,1955,0
Paraguay,RESTO_DEL_MUNDO,1955,18.32
Paraguay,Uruguay,1955,1.5
Paraguay,Venezuela,1955,0
Paraguay,Argentina,1956,14.6
Paraguay,Chile,1956,0
Paraguay,RESTO_DEL_MUNDO,1956,21.41
Paraguay,Uruguay,1956,2.2
Paraguay,Venezuela,1956,0
Paraguay,Argentina,1957,12.1
Paraguay,Chile,1957,0
Paraguay,RESTO_DEL_MUNDO,1957,21.81
Paraguay,Uruguay,1957,1.6
Paraguay,Venezuela,1957,0
Paraguay,Argentina,1958,14.6
Paraguay,Chile,1958,0
Paraguay,RESTO_DEL_MUNDO,1958,23.22
Paraguay,Uruguay,1958,1.3
Paraguay,Venezuela,1958,0
Paraguay,Argentina,1959,9.3
Paraguay,Chile,1959,0
Paraguay,RESTO_DEL_MUNDO,1959,30.01
Paraguay,Uruguay,1959,1
Paraguay,Venezuela,1959,0
Paraguay,Argentina,1960,9.1
Paraguay,Chile,1960,0.2
Paraguay,RESTO_DEL_MUNDO,1960,23.75
Paraguay,Uruguay,1960,1.4
Paraguay,Venezuela,1960,0
Paraguay,Argentina,1961,10.6
Paraguay,Chile,1961,0.1
Paraguay,RESTO_DEL_MUNDO,1961,26.25
Paraguay,Uruguay,1961,1.7
Paraguay,Venezuela,1961,0
Paraguay,Argentina,1962,9.5
Paraguay,Chile,1962,0.1
Paraguay,RESTO_DEL_MUNDO,1962,27
Paraguay,Uruguay,1962,1.8
Paraguay,Venezuela,1962,0.3
Paraguay,Argentina,1963,9.4
Paraguay,Chile,1963,0.5
Paraguay,RESTO_DEL_MUNDO,1963,30.79
Paraguay,Uruguay,1963,2.4
Paraguay,Venezuela,1963,0
Paraguay,Argentina,1964,13.3
Paraguay,Chile,1964,0.7
Paraguay,RESTO_DEL_MUNDO,1964,36.87
Paraguay,Uruguay,1964,4.2
Paraguay,Venezuela,1964,0
Paraguay,Argentina,1965,19.5
Paraguay,Chile,1965,1.1
Paraguay,RESTO_DEL_MUNDO,1965,40.23
Paraguay,Uruguay,1965,2.8
Paraguay,Venezuela,1965,0
Paraguay,Argentina,1966,18
Paraguay,Chile,1966,1.4
Paraguay,RESTO_DEL_MUNDO,1966,34.651
Paraguay,Uruguay,1966,4.3
Paraguay,Venezuela,1966,0
Paraguay,Argentina,1967,14.7
Paraguay,Chile,1967,1.3
Paraguay,RESTO_DEL_MUNDO,1967,31.078
Paraguay,Uruguay,1967,4.2
Paraguay,Venezuela,1967,0
Paraguay,Argentina,1968,13.6
Paraguay,Chile,1968,1.021
Paraguay,RESTO_DEL_MUNDO,1968,33.818
Paraguay,Uruguay,1968,3.7
Paraguay,Venezuela,1968,0.012
Paraguay,Argentina,1969,15.88
Paraguay,Chile,1969,1.81
Paraguay,RESTO_DEL_MUNDO,1969,37.384
Paraguay,Uruguay,1969,3.179
Paraguay,Venezuela,1969,0.1
Paraguay,Argentina,1970,19.85
Paraguay,Chile,1970,1.72
Paraguay,RESTO_DEL_MUNDO,1970,45.385
Paraguay,Uruguay,1970,3.657
Paraguay,Venezuela,1970,0.026
Paraguay,Argentina,1971,21.08
Paraguay,Chile,1971,2.91
Paraguay,RESTO_DEL_MUNDO,1971,46.1442
Paraguay,Uruguay,1971,2.175
Paraguay,Venezuela,1971,0.003
Paraguay,Argentina,1972,19.81
Paraguay,Chile,1972,2.57
Paraguay,RESTO_DEL_MUNDO,1972,73.9753
Paraguay,Uruguay,1972,1.059
Paraguay,Venezuela,1972,0.011
Paraguay,Argentina,1973,20.82
Paraguay,Chile,1973,0.89
Paraguay,RESTO_DEL_MUNDO,1973,125.753
Paraguay,Uruguay,1973,2.033
Paraguay,Venezuela,1973,0.067
Paraguay,Argentina,1974,42.95
Paraguay,Chile,1974,2.28
Paraguay,RESTO_DEL_MUNDO,1974,145.068
Paraguay,Uruguay,1974,3.527
Paraguay,Venezuela,1974,0.1
Paraguay,Argentina,1975,50.18
Paraguay,Chile,1975,1.89
Paraguay,RESTO_DEL_MUNDO,1975,151.497
Paraguay,Uruguay,1975,3.768
Paraguay,Venezuela,1975,4.6
Paraguay,Argentina,1976,22.35
Paraguay,Chile,1976,10.8
Paraguay,RESTO_DEL_MUNDO,1976,167.992
Paraguay,Uruguay,1976,11.016
Paraguay,Venezuela,1976,0.3
Paraguay,Argentina,1977,35.38
Paraguay,Chile,1977,21.4
Paraguay,RESTO_DEL_MUNDO,1977,263.606
Paraguay,Uruguay,1977,14.848
Paraguay,Venezuela,1977,0.5
Paraguay,Argentina,1978,42.72
Paraguay,Chile,1978,24.3
Paraguay,RESTO_DEL_MUNDO,1978,330.51
Paraguay,Uruguay,1978,13.308
Paraguay,Venezuela,1978,1.5
Paraguay,Argentina,1979,55.49
Paraguay,Chile,1979,15.2
Paraguay,RESTO_DEL_MUNDO,1979,589.241
Paraguay,Uruguay,1979,13.998
Paraguay,Venezuela,1979,0.129
Paraguay,Argentina,1980,84.58
Paraguay,Chile,1980,7.3
Paraguay,RESTO_DEL_MUNDO,1980,518.606
Paraguay,Uruguay,1980,19.472
Paraguay,Venezuela,1980,0.014
Paraguay,Argentina,1981,91.99
Paraguay,Chile,1981,11.9
Paraguay,RESTO_DEL_MUNDO,1981,518.114
Paraguay,Uruguay,1981,19.357
Paraguay,Venezuela,1981,0.552
Paraguay,Argentina,1982,49.27
Paraguay,Chile,1982,14
Paraguay,RESTO_DEL_MUNDO,1982,469.278
Paraguay,Uruguay,1982,5.701
Paraguay,Venezuela,1982,13.2
Paraguay,Argentina,1983,38.64
Paraguay,Chile,1983,22.4
Paraguay,RESTO_DEL_MUNDO,1983,365.511
Paraguay,Uruguay,1983,7.036
Paraguay,Venezuela,1983,1.1
Paraguay,Argentina,1984,50.41
Paraguay,Chile,1984,36.5
Paraguay,RESTO_DEL_MUNDO,1984,359.803
Paraguay,Uruguay,1984,11.446
Paraguay,Venezuela,1984,25.3
Paraguay,Argentina,1985,20.12
Paraguay,Chile,1985,27
Paraguay,RESTO_DEL_MUNDO,1985,357.592
Paraguay,Uruguay,1985,8.215
Paraguay,Venezuela,1985,7.7
Paraguay,Argentina,1986,47.44
Paraguay,Chile,1986,29.4
Paraguay,RESTO_DEL_MUNDO,1986,470.705
Paraguay,Uruguay,1986,11.929
Paraguay,Venezuela,1986,0.107
Paraguay,Argentina,1987,70.16
Paraguay,Chile,1987,42.7
Paraguay,RESTO_DEL_MUNDO,1987,435.688
Paraguay,Uruguay,1987,11.01
Paraguay,Venezuela,1987,7
Paraguay,Argentina,1988,67.59
Paraguay,Chile,1988,50.5
Paraguay,RESTO_DEL_MUNDO,1988,713.08
Paraguay,Uruguay,1988,13.997
Paraguay,Venezuela,1988,0.8822
Paraguay,Argentina,1989,48.7797
Paraguay,Chile,1989,39.6
Paraguay,RESTO_DEL_MUNDO,1989,1055.94
Paraguay,Uruguay,1989,12.056
Paraguay,Venezuela,1989,0.3113
Paraguay,Argentina,1990,41.639
Paraguay,Chile,1990,40.4
Paraguay,RESTO_DEL_MUNDO,1990,1142.05
Paraguay,Uruguay,1990,14.736
Paraguay,Venezuela,1990,1.75356
Paraguay,Argentina,1991,40.354
Paraguay,Chile,1991,59.4
Paraguay,RESTO_DEL_MUNDO,1991,791.862
Paraguay,Uruguay,1991,10.714
Paraguay,Venezuela,1991,11.0099
Paraguay,Argentina,1992,64.71
Paraguay,Chile,1992,61.38
Paraguay,RESTO_DEL_MUNDO,1992,625.38
Paraguay,Uruguay,1992,10.86
Paraguay,Venezuela,1992,9.8703
Paraguay,Argentina,1993,72.873
Paraguay,Chile,1993,68.107
Paraguay,RESTO_DEL_MUNDO,1993,732.841
Paraguay,Uruguay,1993,6.763
Paraguay,Venezuela,1993,0.3762
Paraguay,Argentina,1994,71.604
Paraguay,Chile,1994,55.6
Paraguay,RESTO_DEL_MUNDO,1994,816.498
Paraguay,Uruguay,1994,8.552
Paraguay,Venezuela,1994,21.9933
Paraguay,Argentina,1995,97.804
Paraguay,Chile,1995,58
Paraguay,RESTO_DEL_MUNDO,1995,1093.18
Paraguay,Uruguay,1995,13.548
Paraguay,Venezuela,1995,82.941
Paraguay,Argentina,1996,182.112
Paraguay,Chile,1996,69.36
Paraguay,RESTO_DEL_MUNDO,1996,1032.15
Paraguay,Uruguay,1996,25.263
Paraguay,Venezuela,1996,16
Paraguay,Argentina,1997,318.749
Paraguay,Chile,1997,55.01
Paraguay,RESTO_DEL_MUNDO,1997,1049.98
Paraguay,Uruguay,1997,23.653
Paraguay,Venezuela,1997,6
Paraguay,Argentina,1998,349.931
Paraguay,Chile,1998,62.39
Paraguay,RESTO_DEL_MUNDO,1998,861.049
Paraguay,Uruguay,1998,16.444
Paraguay,Venezuela,1998,12
Paraguay,Argentina,1999,304.101
Paraguay,Chile,1999,51.42
Paraguay,RESTO_DEL_MUNDO,1999,609.385
Paraguay,Uruguay,1999,14.4609
Paraguay,Venezuela,1999,15
Paraguay,Argentina,2000,294.758
Paraguay,Chile,2000,66.79
Paraguay,RESTO_DEL_MUNDO,2000,721.217
Paraguay,Uruguay,2000,15.1009
Paraguay,Venezuela,2000,11.3564
Paraguay,Argentina,2001,302.804
Paraguay,Chile,2001,90.26
Paraguay,RESTO_DEL_MUNDO,2001,846.394
Paraguay,Uruguay,2001,18.3296
Paraguay,Venezuela,2001,8.5162
Paraguay,Argentina,2002,255.397
Paraguay,Chile,2002,78.6
Paraguay,RESTO_DEL_MUNDO,2002,864.284
Paraguay,Uruguay,2002,181.557
Paraguay,Venezuela,2002,16.5814
Paraguay,Argentina,2003,294.712
Paraguay,Chile,2003,40.7356
Paraguay,RESTO_DEL_MUNDO,2003,1194.7
Paraguay,Uruguay,2003,10.661
Paraguay,Venezuela,2003,10.667
Paraguay,Argentina,2004,383.237
Paraguay,Chile,2004,97.0247
Paraguay,RESTO_DEL_MUNDO,2004,1281.7
Paraguay,Uruguay,2004,16.141
Paraguay,Venezuela,2004,6.177
Paraguay,Argentina,2005,455.387
Paraguay,Chile,2005,117.92
Paraguay,RESTO_DEL_MUNDO,2005,1212.39
Paraguay,Uruguay,2005,20.1452
Paraguay,Venezuela,2005,7.565
Paraguay,Argentina,2006,505.183
Paraguay,Chile,2006,182.503
Paraguay,RESTO_DEL_MUNDO,2006,1409.2
Paraguay,Uruguay,2006,393.514
Paraguay,Venezuela,2006,11.566
Paraguay,Argentina,2007,1056.42
Paraguay,Chile,2007,223.176
Paraguay,RESTO_DEL_MUNDO,2007,1863.58
Paraguay,Uruguay,2007,80.8588
Paraguay,Venezuela,2007,8.10054
Paraguay,Argentina,2008,1782.96
Paraguay,Chile,2008,379.737
Paraguay,RESTO_DEL_MUNDO,2008,2616.2
Paraguay,Uruguay,2008,142.835
Paraguay,Venezuela,2008,26.5507
Paraguay,Argentina,2009,698.956
Paraguay,Chile,2009,427.097
Paraguay,RESTO_DEL_MUNDO,2009,2382.59
Paraguay,Uruguay,2009,69.0751
Paraguay,Venezuela,2009,81.0867
Paraguay,Argentina,2010,431.184
Paraguay,Chile,2010,624.417
Paraguay,RESTO_DEL_MUNDO,2010,3711.6
Paraguay,Uruguay,2010,74.6123
Paraguay,Venezuela,2010,44.0842
Paraguay,Argentina,2011,506.003
Paraguay,Chile,2011,611.421
Paraguay,RESTO_DEL_MUNDO,2011,4747.16
Paraguay,Uruguay,2011,92.309
Paraguay,Venezuela,2011,48.4191
Paraguay,Argentina,2012,459.991
Paraguay,Chile,2012,211.22
Paraguay,RESTO_DEL_MUNDO,2012,4967.89
Paraguay,Uruguay,2012,109.565
Paraguay,Venezuela,2012,66.5703
Paraguay,Argentina,2013,538.746
Paraguay,Chile,2013,573.116
Paraguay,RESTO_DEL_MUNDO,2013,6476.31
Paraguay,Uruguay,2013,193.866
Paraguay,Venezuela,2013,64.8103
Paraguay,Argentina,2014,853.678
Paraguay,Chile,2014,711.482
Paraguay,RESTO_DEL_MUNDO,2014,6690.06
Paraguay,Uruguay,2014,269.383
Paraguay,Venezuela,2014,38.3628
Peru,Bolivia,1900,0.47
Peru,Chile,1900,2.42
Peru,Ecuador,1900,0.21
Peru,RESTO_DEL_MUNDO,1900,14.01
Peru,Chile,1901,1.77
Peru,RESTO_DEL_MUNDO,1901,14.4681
Peru,Chile,1902,1.74
Peru,RESTO_DEL_MUNDO,1902,12.5303
Peru,Chile,1903,2.19
Peru,RESTO_DEL_MUNDO,1903,12.4972
Peru,Chile,1904,2.41
Peru,RESTO_DEL_MUNDO,1904,16.76
Peru,Bolivia,1905,1.01
Peru,Chile,1905,1.82
Peru,Ecuador,1905,0.2
Peru,RESTO_DEL_MUNDO,1905,18.6
Peru,Bolivia,1906,1.48
Peru,Chile,1906,4.76
Peru,RESTO_DEL_MUNDO,1906,17.03
Peru,Bolivia,1907,0.5
Peru,Chile,1907,3.25
Peru,RESTO_DEL_MUNDO,1907,25.92
Peru,Bolivia,1908,0.56
Peru,Chile,1908,3.77
Peru,RESTO_DEL_MUNDO,1908,24.16
Peru,Chile,1909,4.78
Peru,RESTO_DEL_MUNDO,1909,14.93
Peru,Argentina,1910,0.0098522
Peru,Chile,1910,5.51
Peru,RESTO_DEL_MUNDO,1910,33.7949
Peru,Chile,1911,7.49
Peru,RESTO_DEL_MUNDO,1911,27.7
Peru,Bolivia,1912,4.97
Peru,Chile,1912,4.87
Peru,Ecuador,1912,0.17
Peru,RESTO_DEL_MUNDO,1912,80.56
Peru,Argentina,1913,0.00954
Peru,Bolivia,1913,0.62
Peru,Chile,1913,4.87
Peru,Ecuador,1913,0.16
Peru,RESTO_DEL_MUNDO,1913,32.7643
Peru,RESTO_DEL_MUNDO,1919,1.85
Peru,Argentina,1920,0.0045893
Peru,Bolivia,1920,1.55
Peru,Chile,1920,12.39
Peru,Ecuador,1920,0.42
Peru,RESTO_DEL_MUNDO,1920,132.093
Peru,Argentina,1921,2.89
Peru,Bolivia,1921,1.44
Peru,Chile,1921,10.36
Peru,Ecuador,1921,0.25
Peru,RESTO_DEL_MUNDO,1921,37.453
Peru,Argentina,1922,4.21
Peru,Bolivia,1922,0.65
Peru,Chile,1922,7.12
Peru,Ecuador,1922,0.31
Peru,RESTO_DEL_MUNDO,1922,46.3828
Peru,Argentina,1923,3.6
Peru,Bolivia,1923,1.1
Peru,Chile,1923,6
Peru,Ecuador,1923,0.28
Peru,RESTO_DEL_MUNDO,1923,69.1001
Peru,Argentina,1924,7.06
Peru,Bolivia,1924,1.05
Peru,Chile,1924,6.83
Peru,Ecuador,1924,0.32
Peru,RESTO_DEL_MUNDO,1924,70.4487
Peru,Argentina,1925,6.73
Peru,Bolivia,1925,0.85
Peru,Chile,1925,9
Peru,RESTO_DEL_MUNDO,1925,72.1097
Peru,Argentina,1926,20.19
Peru,Bolivia,1926,1.11
Peru,Chile,1926,9.67
Peru,RESTO_DEL_MUNDO,1926,77.2776
Peru,Argentina,1927,14.74
Peru,Bolivia,1927,1.16
Peru,Brazil,1927,4.74
Peru,Chile,1927,6.61
Peru,Ecuador,1927,0.23
Peru,RESTO_DEL_MUNDO,1927,70.9738
Peru,Argentina,1928,14.53
Peru,Bolivia,1928,1.18
Peru,Brazil,1928,4.73
Peru,Chile,1928,7.89
Peru,Ecuador,1928,0.26
Peru,RESTO_DEL_MUNDO,1928,76.0804
Peru,Argentina,1929,15.92
Peru,Bolivia,1929,1.13
Peru,Brazil,1929,8.14
Peru,Chile,1929,9.79
Peru,Ecuador,1929,0.32
Peru,RESTO_DEL_MUNDO,1929,75.8125
Peru,Argentina,1930,25.95
Peru,Chile,1930,7.12
Peru,RESTO_DEL_MUNDO,1930,28.4941
Peru,Argentina,1931,3.36
Peru,Bolivia,1931,0.8
Peru,Brazil,1931,1.58
Peru,Chile,1931,5.21
Peru,Ecuador,1931,0.13
Peru,RESTO_DEL_MUNDO,1931,34.8385
Peru,Argentina,1932,2.79
Peru,Bolivia,1932,0.82
Peru,Brazil,1932,1.67
Peru,Chile,1932,3.32
Peru,Ecuador,1932,0.03
Peru,RESTO_DEL_MUNDO,1932,14.1092
Peru,Argentina,1933,8.09
Peru,Bolivia,1933,1.41
Peru,Brazil,1933,1.72
Peru,Chile,1933,1.54
Peru,Ecuador,1933,0.13
Peru,RESTO_DEL_MUNDO,1933,36.2318
Peru,Argentina,1934,3.97
Peru,Bolivia,1934,0.72
Peru,Brazil,1934,2.27
Peru,Chile,1934,4.36
Peru,Ecuador,1934,0.24
Peru,RESTO_DEL_MUNDO,1934,53.4563
Peru,Argentina,1935,6
Peru,Bolivia,1935,1
Peru,Brazil,1935,2
Peru,Chile,1935,4.5
Peru,RESTO_DEL_MUNDO,1935,57.4529
Peru,Uruguay,1935,3
Peru,Argentina,1936,3.66
Peru,Bolivia,1936,0.29
Peru,Brazil,1936,1.95
Peru,Chile,1936,5.01
Peru,Ecuador,1936,0.27
Peru,RESTO_DEL_MUNDO,1936,64.7697
Peru,Uruguay,1936,0.73
Peru,Argentina,1937,14.02
Peru,Bolivia,1937,3.43
Peru,Brazil,1937,0.1
Peru,Chile,1937,7.16
Peru,Ecuador,1937,0.26
Peru,RESTO_DEL_MUNDO,1937,58.1233
Peru,Uruguay,1937,0.45
Peru,Argentina,1938,15
Peru,Bolivia,1938,3
Peru,Brazil,1938,1
Peru,Chile,1938,6
Peru,Ecuador,1938,0.15
Peru,RESTO_DEL_MUNDO,1938,55.7516
Peru,Uruguay,1938,2
Peru,Paraguay,1939,0
Peru,RESTO_DEL_MUNDO,1939,17.38
Peru,Paraguay,1940,0
Peru,RESTO_DEL_MUNDO,1940,4.44
Peru,Paraguay,1941,0
Peru,RESTO_DEL_MUNDO,1941,1.18
Peru,Paraguay,1942,0
Peru,RESTO_DEL_MUNDO,1942,0.01
Peru,Paraguay,1943,0
Peru,RESTO_DEL_MUNDO,1943,0
Peru,Paraguay,1944,0
Peru,RESTO_DEL_MUNDO,1944,0
Peru,Paraguay,1945,0
Peru,RESTO_DEL_MUNDO,1945,0.01
Peru,Paraguay,1946,0.001213
Peru,RESTO_DEL_MUNDO,1946,18.1937
Peru,Paraguay,1947,0.000341
Peru,RESTO_DEL_MUNDO,1947,17.319
Peru,Argentina,1948,9.3
Peru,Bolivia,1948,7.7
Peru,Brazil,1948,0.55
Peru,Chile,1948,35.5
Peru,Colombia,1948,9.6
Peru,Ecuador,1948,0.77
Peru,Paraguay,1948,4.9e-05
Peru,RESTO_DEL_MUNDO,1948,103.503
Peru,Uruguay,1948,6.9
Peru,Venezuela,1948,0.2
Peru,Argentina,1949,4.7
Peru,Bolivia,1949,6.93
Peru,Brazil,1949,1.87
Peru,Chile,1949,32.6
Peru,Colombia,1949,5.7
Peru,Ecuador,1949,0.66
Peru,Paraguay,1949,0.00805
Peru,RESTO_DEL_MUNDO,1949,99.4023
Peru,Uruguay,1949,5.2
Peru,Venezuela,1949,2.8
Peru,Argentina,1950,9.4
Peru,Bolivia,1950,6
Peru,Brazil,1950,0.55
Peru,Chile,1950,17.9
Peru,Colombia,1950,7.5
Peru,Ecuador,1950,0.55
Peru,Paraguay,1950,0
Peru,RESTO_DEL_MUNDO,1950,128.55
Peru,Uruguay,1950,5.7
Peru,Venezuela,1950,3.2
Peru,Argentina,1951,13.9
Peru,Bolivia,1951,9.57
Peru,Brazil,1951,5.61
Peru,Chile,1951,14.2
Peru,Colombia,1951,8
Peru,Ecuador,1951,1.21
Peru,Paraguay,1951,0
Peru,RESTO_DEL_MUNDO,1951,206.66
Peru,Uruguay,1951,9.2
Peru,Venezuela,1951,0.1
Peru,Argentina,1952,30.4
Peru,Bolivia,1952,7.15
Peru,Brazil,1952,0.99
Peru,Chile,1952,23.5
Peru,Colombia,1952,4.8
Peru,Ecuador,1952,1.54
Peru,Paraguay,1952,0
Peru,RESTO_DEL_MUNDO,1952,196.75
Peru,Uruguay,1952,6.2
Peru,Venezuela,1952,0.2
Peru,Argentina,1953,19
Peru,Bolivia,1953,10.45
Peru,Brazil,1953,0.44
Peru,Chile,1953,18.3
Peru,Colombia,1953,8.5
Peru,Ecuador,1953,1.21
Peru,Paraguay,1953,0
Peru,RESTO_DEL_MUNDO,1953,185.83
Peru,Uruguay,1953,3
Peru,Venezuela,1953,0.6
Peru,Argentina,1954,19
Peru,Bolivia,1954,7.4
Peru,Brazil,1954,0.88
Peru,Chile,1954,26.3
Peru,Colombia,1954,3.1
Peru,Ecuador,1954,1.98
Peru,Paraguay,1954,0
Peru,RESTO_DEL_MUNDO,1954,228.54
Peru,Uruguay,1954,4.3
Peru,Venezuela,1954,0
Peru,Argentina,1955,8.2
Peru,Bolivia,1955,5.5
Peru,Brazil,1955,0.77
Peru,Chile,1955,29.3
Peru,Colombia,1955,3.5
Peru,Ecuador,1955,3.52
Peru,Paraguay,1955,0.2
Peru,RESTO_DEL_MUNDO,1955,266.72
Peru,Uruguay,1955,2.1
Peru,Venezuela,1955,0
Peru,Argentina,1956,9.7
Peru,Bolivia,1956,5.3
Peru,Brazil,1956,3.3
Peru,Chile,1956,22
Peru,Colombia,1956,6.4
Peru,Ecuador,1956,3.41
Peru,Paraguay,1956,0.5
Peru,RESTO_DEL_MUNDO,1956,341.73
Peru,Uruguay,1956,2.2
Peru,Venezuela,1956,0.4
Peru,Argentina,1957,13
Peru,Bolivia,1957,6.9
Peru,Brazil,1957,4.07
Peru,Chile,1957,26.4
Peru,Colombia,1957,1.8
Peru,Ecuador,1957,0.33
Peru,Paraguay,1957,0
Peru,RESTO_DEL_MUNDO,1957,368.9
Peru,Uruguay,1957,4.1
Peru,Venezuela,1957,0.6
Peru,Argentina,1958,4.2
Peru,Bolivia,1958,3.7
Peru,Brazil,1958,1.5
Peru,Chile,1958,11.9
Peru,Colombia,1958,1.2
Peru,Ecuador,1958,0.77
Peru,Paraguay,1958,0
Peru,RESTO_DEL_MUNDO,1958,320.03
Peru,Uruguay,1958,0.6
Peru,Venezuela,1958,0.6
Peru,Argentina,1959,9.8
Peru,Bolivia,1959,4.2
Peru,Brazil,1959,1.65
Peru,Chile,1959,16.2
Peru,Colombia,1959,1.6
Peru,Ecuador,1959,1.54
Peru,Paraguay,1959,0
Peru,RESTO_DEL_MUNDO,1959,328.63
Peru,Uruguay,1959,0.8
Peru,Venezuela,1959,0.7
Peru,Argentina,1960,11.9
Peru,Bolivia,1960,2.7
Peru,Brazil,1960,2.86
Peru,Chile,1960,22.2
Peru,Colombia,1960,1.1
Peru,Ecuador,1960,1.76
Peru,Paraguay,1960,0
Peru,RESTO_DEL_MUNDO,1960,397.04
Peru,Uruguay,1960,0.6
Peru,Venezuela,1960,0.8
Peru,Argentina,1961,10.4
Peru,Bolivia,1961,3
Peru,Brazil,1961,4.07
Peru,Chile,1961,24
Peru,Colombia,1961,0.5
Peru,Ecuador,1961,0.55
Peru,Paraguay,1961,0
Peru,RESTO_DEL_MUNDO,1961,465.78
Peru,Uruguay,1961,1.4
Peru,Venezuela,1961,1.1
Peru,Argentina,1962,10.6
Peru,Bolivia,1962,1.6
Peru,Brazil,1962,14.85
Peru,Chile,1962,24
Peru,Colombia,1962,0.9
Peru,Ecuador,1962,1.43
Peru,Paraguay,1962,0
Peru,RESTO_DEL_MUNDO,1962,485.68
Peru,Uruguay,1962,1.2
Peru,Venezuela,1962,1.8
Peru,Argentina,1963,9.2
Peru,Bolivia,1963,1.7
Peru,Brazil,1963,16.94
Peru,Chile,1963,26.5
Peru,Colombia,1963,1.9
Peru,Ecuador,1963,0.99
Peru,Paraguay,1963,0
Peru,RESTO_DEL_MUNDO,1963,556.57
Peru,Uruguay,1963,3
Peru,Venezuela,1963,2.8
Peru,Argentina,1964,16.2
Peru,Bolivia,1964,1.5
Peru,Brazil,1964,13.64
Peru,Chile,1964,31.8
Peru,Colombia,1964,3.8
Peru,Ecuador,1964,0.88
Peru,Paraguay,1964,0
Peru,RESTO_DEL_MUNDO,1964,614.97
Peru,Uruguay,1964,2.8
Peru,Venezuela,1964,5.4
Peru,Argentina,1965,23.3
Peru,Bolivia,1965,2.1
Peru,Brazil,1965,13.75
Peru,Chile,1965,24
Peru,Colombia,1965,4.7
Peru,Ecuador,1965,0.6
Peru,Paraguay,1965,0
Peru,RESTO_DEL_MUNDO,1965,641.322
Peru,Uruguay,1965,1.8
Peru,Venezuela,1965,8.1
Peru,Argentina,1966,14.8
Peru,Bolivia,1966,1.5
Peru,Brazil,1966,8.03
Peru,Chile,1966,17.6
Peru,Colombia,1966,10.3
Peru,Ecuador,1966,0.76
Peru,Paraguay,1966,0.003
Peru,RESTO_DEL_MUNDO,1966,723.567
Peru,Uruguay,1966,2.1
Peru,Venezuela,1966,7
Peru,Argentina,1967,10.5
Peru,Bolivia,1967,1.7
Peru,Brazil,1967,7.48
Peru,Chile,1967,7.33
Peru,Colombia,1967,4.3
Peru,Ecuador,1967,0.88
Peru,Paraguay,1967,0.018
Peru,RESTO_DEL_MUNDO,1967,729.422
Peru,Uruguay,1967,1.4
Peru,Venezuela,1967,6.3
Peru,Argentina,1968,13.9
Peru,Bolivia,1968,2.105
Peru,Brazil,1968,7.48
Peru,Chile,1968,6.57
Peru,Colombia,1968,6.25
Peru,Ecuador,1968,1.57
Peru,Paraguay,1968,0.174
Peru,RESTO_DEL_MUNDO,1968,827.219
Peru,Uruguay,1968,1.2
Peru,Venezuela,1968,6.7
Peru,Argentina,1969,14.14
Peru,Bolivia,1969,2.202
Peru,Brazil,1969,9.196
Peru,Chile,1969,9.63
Peru,Colombia,1969,7.33
Peru,Ecuador,1969,2.04
Peru,Paraguay,1969,0.027
Peru,RESTO_DEL_MUNDO,1969,848.061
Peru,Uruguay,1969,1.044
Peru,Venezuela,1969,6.3
Peru,Argentina,1970,14.07
Peru,Bolivia,1970,2.116
Peru,Brazil,1970,11.176
Peru,Chile,1970,7.1
Peru,Colombia,1970,9.84
Peru,Ecuador,1970,4.4
Peru,Paraguay,1970,0.098
Peru,RESTO_DEL_MUNDO,1970,932.371
Peru,Uruguay,1970,0.964
Peru,Venezuela,1970,6.6
Peru,Argentina,1971,22.21
Peru,Bolivia,1971,2.286
Peru,Brazil,1971,16.181
Peru,Chile,1971,6.83
Peru,Colombia,1971,10.85
Peru,Ecuador,1971,3.18
Peru,Paraguay,1971,0.142
Peru,RESTO_DEL_MUNDO,1971,831.184
Peru,Uruguay,1971,0.645
Peru,Venezuela,1971,6.4
Peru,Argentina,1972,17.76
Peru,Bolivia,1972,2.71
Peru,Brazil,1972,16.687
Peru,Chile,1972,8.1
Peru,Colombia,1972,8.42
Peru,Ecuador,1972,2.84
Peru,Paraguay,1972,0.027
Peru,RESTO_DEL_MUNDO,1972,934.762
Peru,Uruguay,1972,0.544
Peru,Venezuela,1972,3.5
Peru,Argentina,1973,18.86
Peru,Bolivia,1973,3.186
Peru,Brazil,1973,22.011
Peru,Chile,1973,12.37
Peru,Colombia,1973,12.36
Peru,Ecuador,1973,3.99
Peru,Paraguay,1973,0.192
Peru,RESTO_DEL_MUNDO,1973,1044.85
Peru,Uruguay,1973,1.241
Peru,Venezuela,1973,9.5
Peru,Argentina,1974,46.25
Peru,Bolivia,1974,4.183
Peru,Brazil,1974,23.815
Peru,Chile,1974,25.86
Peru,Colombia,1974,23.4
Peru,Ecuador,1974,6.46
Peru,Paraguay,1974,0.113
Peru,RESTO_DEL_MUNDO,1974,1546.36
Peru,Uruguay,1974,2.652
Peru,Venezuela,1974,8.5
Peru,Argentina,1975,41.53
Peru,Bolivia,1975,8.678
Peru,Brazil,1975,51.854
Peru,Chile,1975,46.26
Peru,Colombia,1975,18.04
Peru,Ecuador,1975,5.68
Peru,Paraguay,1975,0.145
Peru,RESTO_DEL_MUNDO,1975,1258.07
Peru,Uruguay,1975,2.003
Peru,Venezuela,1975,13.1
Peru,Argentina,1976,30.97
Peru,Bolivia,1976,9
Peru,Brazil,1976,70.389
Peru,Chile,1976,17.4
Peru,Colombia,1976,13.47
Peru,Ecuador,1976,6.94
Peru,Paraguay,1976,3.37
Peru,RESTO_DEL_MUNDO,1976,1249.26
Peru,Uruguay,1976,2.119
Peru,Venezuela,1976,18.2
Peru,Argentina,1977,28.16
Peru,Bolivia,1977,13.763
Peru,Brazil,1977,75.713
Peru,Chile,1977,35.8
Peru,Colombia,1977,16.62
Peru,Ecuador,1977,12.15
Peru,Paraguay,1977,0.03
Peru,RESTO_DEL_MUNDO,1977,1602.14
Peru,Uruguay,1977,2.121
Peru,Venezuela,1977,34.1
Peru,Argentina,1978,22.16
Peru,Bolivia,1978,21.063
Peru,Brazil,1978,68.86
Peru,Chile,1978,35.4
Peru,Colombia,1978,31.52
Peru,Ecuador,1978,19.31
Peru,Paraguay,1978,0.136
Peru,RESTO_DEL_MUNDO,1978,1679.24
Peru,Uruguay,1978,2.993
Peru,Venezuela,1978,41.3
Peru,Argentina,1979,56.84
Peru,Bolivia,1979,46.917
Peru,Brazil,1979,117.832
Peru,Chile,1979,52.6
Peru,Colombia,1979,80.39
Peru,Ecuador,1979,40.39
Peru,Paraguay,1979,0.093
Peru,RESTO_DEL_MUNDO,1979,2841.24
Peru,Uruguay,1979,7.348
Peru,Venezuela,1979,67.9
Peru,Argentina,1980,69.61
Peru,Bolivia,1980,44.352
Peru,Brazil,1980,143.473
Peru,Chile,1980,40.6
Peru,Colombia,1980,97.03
Peru,Ecuador,1980,56.82
Peru,Paraguay,1980,0.145
Peru,RESTO_DEL_MUNDO,1980,3400.88
Peru,Uruguay,1980,10.771
Peru,Venezuela,1980,62.3
Peru,Argentina,1981,27.15
Peru,Bolivia,1981,28.794
Peru,Brazil,1981,68.948
Peru,Chile,1981,66.9
Peru,Colombia,1981,102.61
Peru,Ecuador,1981,37.98
Peru,Paraguay,1981,0.327
Peru,RESTO_DEL_MUNDO,1981,2962.69
Peru,Uruguay,1981,2.621
Peru,Venezuela,1981,65.9
Peru,Argentina,1982,21.28
Peru,Bolivia,1982,13.599
Peru,Brazil,1982,82.753
Peru,Chile,1982,33.4
Peru,Colombia,1982,151.47
Peru,Ecuador,1982,35.96
Peru,Paraguay,1982,0.2651
Peru,RESTO_DEL_MUNDO,1982,2884.75
Peru,Uruguay,1982,0.951
Peru,Venezuela,1982,55
Peru,Argentina,1983,31.39
Peru,Bolivia,1983,13.473
Peru,Brazil,1983,66.429
Peru,Chile,1983,37.2
Peru,Colombia,1983,62.6
Peru,Ecuador,1983,29.13
Peru,Paraguay,1983,0.1199
Peru,RESTO_DEL_MUNDO,1983,2729.15
Peru,Uruguay,1983,1.965
Peru,Venezuela,1983,31.9
Peru,Argentina,1984,34.98
Peru,Bolivia,1984,21.804
Peru,Brazil,1984,56.353
Peru,Chile,1984,49.2
Peru,Colombia,1984,92.87
Peru,Ecuador,1984,30.14
Peru,Paraguay,1984,0.1254
Peru,RESTO_DEL_MUNDO,1984,2882.62
Peru,Uruguay,1984,2.659
Peru,Venezuela,1984,49.5
Peru,Argentina,1985,36.51
Peru,Bolivia,1985,25.369
Peru,Brazil,1985,65.417
Peru,Chile,1985,41.1
Peru,Colombia,1985,108.44
Peru,Ecuador,1985,74.39
Peru,Paraguay,1985,0.0682
Peru,RESTO_DEL_MUNDO,1985,2758.81
Peru,Uruguay,1985,2.438
Peru,Venezuela,1985,51.7
Peru,Argentina,1986,60.12
Peru,Bolivia,1986,14.89
Peru,Brazil,1986,83.798
Peru,Chile,1986,56.3
Peru,Colombia,1986,79.05
Peru,Ecuador,1986,36.51
Peru,Paraguay,1986,0.1496
Peru,RESTO_DEL_MUNDO,1986,2323.5
Peru,Uruguay,1986,2.16
Peru,Venezuela,1986,59.4
Peru,Argentina,1987,46.21
Peru,Bolivia,1987,11.821
Peru,Brazil,1987,132.099
Peru,Chile,1987,27.9
Peru,Colombia,1987,66.14
Peru,Ecuador,1987,24.09
Peru,Paraguay,1987,0.3993
Peru,RESTO_DEL_MUNDO,1987,2441.83
Peru,Uruguay,1987,3.906
Peru,Venezuela,1987,70.5
Peru,Argentina,1988,19.4
Peru,Bolivia,1988,13.5226
Peru,Brazil,1988,97.779
Peru,Chile,1988,33
Peru,Colombia,1988,89.555
Peru,Ecuador,1988,21.7602
Peru,Paraguay,1988,0.2002
Peru,RESTO_DEL_MUNDO,1988,2573.12
Peru,Uruguay,1988,4.102
Peru,Venezuela,1988,90.3353
Peru,Argentina,1989,11.728
Peru,Bolivia,1989,16.6747
Peru,Brazil,1989,187.47
Peru,Chile,1989,63.2
Peru,Colombia,1989,120.796
Peru,Ecuador,1989,41.9864
Peru,Paraguay,1989,0.2354
Peru,RESTO_DEL_MUNDO,1989,3196.7
Peru,Uruguay,1989,3.619
Peru,Venezuela,1989,51.2468
Peru,Argentina,1990,11.785
Peru,Bolivia,1990,22.2112
Peru,Brazil,1990,155.477
Peru,Chile,1990,50.3
Peru,Colombia,1990,100.491
Peru,Ecuador,1990,29.342
Peru,Paraguay,1990,0.5346
Peru,RESTO_DEL_MUNDO,1990,3341.35
Peru,Uruguay,1990,3.049
Peru,Venezuela,1990,59.429
Peru,Argentina,1991,49.341
Peru,Bolivia,1991,21.3218
Peru,Brazil,1991,138.834
Peru,Chile,1991,63.6
Peru,Colombia,1991,109.317
Peru,Ecuador,1991,35.3738
Peru,Paraguay,1991,0.5027
Peru,RESTO_DEL_MUNDO,1991,3308.32
Peru,Uruguay,1991,2.621
Peru,Venezuela,1991,98.4401
Peru,Argentina,1992,87.957
Peru,Bolivia,1992,27.1215
Peru,Brazil,1992,173.335
Peru,Chile,1992,67.78
Peru,Colombia,1992,91.946
Peru,Ecuador,1992,32.7543
Peru,Paraguay,1992,0.7623
Peru,RESTO_DEL_MUNDO,1992,3179.38
Peru,Uruguay,1992,3.662
Peru,Venezuela,1992,114.157
Peru,Argentina,1993,24.371
Peru,Bolivia,1993,54.0911
Peru,Brazil,1993,145.865
Peru,Chile,1993,72.301
Peru,Colombia,1993,91.487
Peru,Ecuador,1993,34.717
Peru,Paraguay,1993,2.1021
Peru,RESTO_DEL_MUNDO,1993,3040.48
Peru,Uruguay,1993,2.577
Peru,Venezuela,1993,90.9876
Peru,Argentina,1994,24.123
Peru,Bolivia,1994,65.0602
Peru,Brazil,1994,204.452
Peru,Chile,1994,94.5
Peru,Colombia,1994,101.755
Peru,Ecuador,1994,52.4241
Peru,Paraguay,1994,0.9823
Peru,RESTO_DEL_MUNDO,1994,3870.45
Peru,Uruguay,1994,2.92
Peru,Venezuela,1994,77.0722
Peru,Argentina,1995,35.85
Peru,Bolivia,1995,76.5761
Peru,Brazil,1995,232.499
Peru,Chile,1995,147.4
Peru,Colombia,1995,122.717
Peru,Ecuador,1995,39.8484
Peru,Paraguay,1995,1.2364
Peru,RESTO_DEL_MUNDO,1995,4532.06
Peru,Uruguay,1995,3.225
Peru,Venezuela,1995,154.946
Peru,Argentina,1996,37.0355
Peru,Bolivia,1996,90.2318
Peru,Brazil,1996,285.402
Peru,Chile,1996,117.9
Peru,Colombia,1996,126.266
Peru,Ecuador,1996,40.4016
Peru,Paraguay,1996,1.6368
Peru,RESTO_DEL_MUNDO,1996,4874.12
Peru,Uruguay,1996,4.666
Peru,Venezuela,1996,99
Peru,Argentina,1997,49.94
Peru,Bolivia,1997,97.8538
Peru,Brazil,1997,312.331
Peru,Chile,1997,118.49
Peru,Colombia,1997,158.859
Peru,Ecuador,1997,59.6631
Peru,Paraguay,1997,1.7446
Peru,RESTO_DEL_MUNDO,1997,5792.55
Peru,Uruguay,1997,4.657
Peru,Venezuela,1997,121
Peru,Argentina,1998,32.848
Peru,Bolivia,1998,95.4867
Peru,Brazil,1998,218.943
Peru,Chile,1998,121.42
Peru,Colombia,1998,149.439
Peru,Ecuador,1998,98.3781
Peru,Paraguay,1998,1.5829
Peru,RESTO_DEL_MUNDO,1998,4739.3
Peru,Uruguay,1998,3.589
Peru,Venezuela,1998,100
Peru,Argentina,1999,28.829
Peru,Bolivia,1999,88.9375
Peru,Brazil,1999,208.377
Peru,Chile,1999,168.59
Peru,Colombia,1999,108.729
Peru,Ecuador,1999,59.4275
Peru,Paraguay,1999,1.54
Peru,RESTO_DEL_MUNDO,1999,4910.32
Peru,Uruguay,1999,4.05298
Peru,Venezuela,1999,88
Peru,Argentina,2000,28.592
Peru,Bolivia,2000,102.205
Peru,Brazil,2000,232.62
Peru,Chile,2000,255.54
Peru,Colombia,2000,159.372
Peru,Ecuador,2000,70.0212
Peru,Paraguay,2000,0.683979
Peru,RESTO_DEL_MUNDO,2000,5433.69
Peru,Uruguay,2000,3.40856
Peru,Venezuela,2000,142.199
Peru,Argentina,2001,21.3356
Peru,Bolivia,2001,107.875
Peru,Brazil,2001,254.494
Peru,Chile,2001,285.48
Peru,Colombia,2001,159.245
Peru,Ecuador,2001,95.527
Peru,Paraguay,2001,1.08108
Peru,RESTO_DEL_MUNDO,2001,5298.73
Peru,Uruguay,2001,4.22233
Peru,Venezuela,2001,151.404
Peru,Argentina,2002,14.0178
Peru,Bolivia,2002,94.9801
Peru,Brazil,2002,238.8
Peru,Chile,2002,255.9
Peru,Colombia,2002,155.29
Peru,Ecuador,2002,144.067
Peru,Paraguay,2002,0.363806
Peru,RESTO_DEL_MUNDO,2002,5898.33
Peru,Uruguay,2002,5.53359
Peru,Venezuela,2002,125.746
Peru,Argentina,2003,17.0778
Peru,Bolivia,2003,104.714
Peru,Brazil,2003,257.202
Peru,Chile,2003,477.467
Peru,Colombia,2003,189.515
Peru,Ecuador,2003,167.083
Peru,Paraguay,2003,1.08991
Peru,RESTO_DEL_MUNDO,2003,6675.63
Peru,Uruguay,2003,10.1432
Peru,Venezuela,2003,109.49
Peru,Argentina,2004,41.007
Peru,Bolivia,2004,127.3
Peru,Brazil,2004,384.322
Peru,Chile,2004,704.235
Peru,Colombia,2004,257.065
Peru,Ecuador,2004,228.851
Peru,Paraguay,2004,1.12673
Peru,RESTO_DEL_MUNDO,2004,10300.4
Peru,Uruguay,2004,8.9901
Peru,Venezuela,2004,172.238
Peru,Argentina,2005,54.3716
Peru,Bolivia,2005,152.252
Peru,Brazil,2005,504.188
Peru,Chile,2005,1121.83
Peru,Colombia,2005,348.84
Peru,Ecuador,2005,382.501
Peru,Paraguay,2005,1.17287
Peru,RESTO_DEL_MUNDO,2005,14585.5
Peru,Uruguay,2005,5.52522
Peru,Venezuela,2005,285.247
Peru,Argentina,2006,51.736
Peru,Bolivia,2006,189.915
Peru,Brazil,2006,896.093
Peru,Chile,2006,1447.62
Peru,Colombia,2006,503.583
Peru,Ecuador,2006,347.253
Peru,Paraguay,2006,0.938749
Peru,RESTO_DEL_MUNDO,2006,19701
Peru,Uruguay,2006,9.33502
Peru,Venezuela,2006,450.347
Peru,Argentina,2007,116.02
Peru,Bolivia,2007,227.084
Peru,Brazil,2007,1095.49
Peru,Chile,2007,1708.04
Peru,Colombia,2007,596.303
Peru,Ecuador,2007,480.445
Peru,Paraguay,2007,1.6589
Peru,RESTO_DEL_MUNDO,2007,23498.4
Peru,Uruguay,2007,10.0818
Peru,Venezuela,2007,756.44
Peru,Argentina,2008,120.514
Peru,Bolivia,2008,354.443
Peru,Brazil,2008,1051.49
Peru,Chile,2008,1874.18
Peru,Colombia,2008,731.529
Peru,Ecuador,2008,561.96
Peru,Paraguay,2008,1.90226
Peru,RESTO_DEL_MUNDO,2008,25072.4
Peru,Uruguay,2008,21.3338
Peru,Venezuela,2008,938.234
Peru,Argentina,2009,68.2018
Peru,Bolivia,2009,321.86
Peru,Brazil,2009,519.391
Peru,Chile,2009,724.737
Peru,Colombia,2009,623.286
Peru,Ecuador,2009,668.892
Peru,Paraguay,2009,3.10903
Peru,RESTO_DEL_MUNDO,2009,20732.2
Peru,Uruguay,2009,16.5649
Peru,Venezuela,2009,532.392
Peru,Argentina,2010,121.518
Peru,Bolivia,2010,388.492
Peru,Brazil,2010,997.855
Peru,Chile,2010,1368.56
Peru,Colombia,2010,786.249
Peru,Ecuador,2010,1035.55
Peru,Paraguay,2010,5.09118
Peru,RESTO_DEL_MUNDO,2010,28155.4
Peru,Uruguay,2010,25.5998
Peru,Venezuela,2010,518.408
Peru,Argentina,2011,162.006
Peru,Bolivia,2011,467.35
Peru,Brazil,2011,1504.49
Peru,Chile,2011,2049.77
Peru,Colombia,2011,1024.54
Peru,Ecuador,2011,1141.93
Peru,Paraguay,2011,8.06455
Peru,RESTO_DEL_MUNDO,2011,36290.1
Peru,Uruguay,2011,48.5419
Peru,Venezuela,2011,726.789
Peru,Argentina,2012,161.589
Peru,Bolivia,2012,558.825
Peru,Brazil,2012,1415.99
Peru,Chile,2012,2072.24
Peru,Colombia,2012,911.955
Peru,Ecuador,2012,1127.95
Peru,Paraguay,2012,10.8365
Peru,RESTO_DEL_MUNDO,2012,35310.5
Peru,Uruguay,2012,36.7766
Peru,Venezuela,2012,1331.05
Peru,Argentina,2013,134.051
Peru,Bolivia,2013,600.978
Peru,Brazil,2013,1957.07
Peru,Chile,2013,1757.12
Peru,Colombia,2013,870.181
Peru,Ecuador,2013,1119.79
Peru,Paraguay,2013,11.3218
Peru,RESTO_DEL_MUNDO,2013,35514.5
Peru,Uruguay,2013,39.1095
Peru,Venezuela,2013,878.009
Peru,Argentina,2014,194.289
Peru,Bolivia,2014,649.434
Peru,Brazil,2014,1885.1
Peru,Chile,2014,1541.32
Peru,Colombia,2014,1204.81
Peru,Ecuador,2014,1025.03
Peru,Paraguay,2014,12.6787
Peru,RESTO_DEL_MUNDO,2014,31714.7
Peru,Uruguay,2014,40.9928
Peru,Venezuela,2014,542.866
Philippines,RESTO_DEL_MUNDO,1946,2.64426
Philippines,RESTO_DEL_MUNDO,1947,69.5015
Philippines,RESTO_DEL_MUNDO,1948,324.04
Philippines,Thailand,1948,0.8
Philippines,RESTO_DEL_MUNDO,1949,273.91
Philippines,Thailand,1949,0.2
Philippines,RESTO_DEL_MUNDO,1950,303.72
Philippines,Thailand,1950,0.4
Philippines,RESTO_DEL_MUNDO,1951,404.02
Philippines,Thailand,1951,0.2
Philippines,RESTO_DEL_MUNDO,1952,383.69
Philippines,Thailand,1952,0.5
Philippines,RESTO_DEL_MUNDO,1953,415.52
Philippines,Thailand,1953,0.2
Philippines,RESTO_DEL_MUNDO,1954,426.96
Philippines,Thailand,1954,0
Philippines,RESTO_DEL_MUNDO,1955,464.075
Philippines,Thailand,1955,0.5
Philippines,RESTO_DEL_MUNDO,1956,529.87
Philippines,Thailand,1956,0.2
Philippines,Malaysia,1957,0
Philippines,RESTO_DEL_MUNDO,1957,550.58
Philippines,Thailand,1957,0.1
Philippines,Malaysia,1958,0
Philippines,RESTO_DEL_MUNDO,1958,522.91
Philippines,Thailand,1958,0.2
Philippines,Malaysia,1959,0
Philippines,RESTO_DEL_MUNDO,1959,581.98
Philippines,Thailand,1959,0.3
Philippines,Malaysia,1960,0
Philippines,RESTO_DEL_MUNDO,1960,617.81
Philippines,Thailand,1960,0
Philippines,Malaysia,1961,0
Philippines,RESTO_DEL_MUNDO,1961,601.74
Philippines,Thailand,1961,0.1
Philippines,Malaysia,1962,0
Philippines,RESTO_DEL_MUNDO,1962,631.24
Philippines,Thailand,1962,0.2
Philippines,Malaysia,1963,0
Philippines,RESTO_DEL_MUNDO,1963,738.92
Philippines,Thailand,1963,0.1
Philippines,Malaysia,1964,0
Philippines,RESTO_DEL_MUNDO,1964,785.29
Philippines,Thailand,1964,0.1
Philippines,Malaysia,1965,0
Philippines,RESTO_DEL_MUNDO,1965,797.39
Philippines,Singapore,1965,0
Philippines,Thailand,1965,1.3
Philippines,Malaysia,1966,5
Philippines,RESTO_DEL_MUNDO,1966,922.214
Philippines,Singapore,1966,2.6
Philippines,Thailand,1966,1.7
Philippines,Malaysia,1967,0.75
Philippines,RESTO_DEL_MUNDO,1967,926.875
Philippines,Singapore,1967,3.9
Philippines,Thailand,1967,1.5
Philippines,Malaysia,1968,0.98
Philippines,RESTO_DEL_MUNDO,1968,1026.08
Philippines,Singapore,1968,9.62
Philippines,Thailand,1968,3.1
Philippines,Malaysia,1969,1.67
Philippines,RESTO_DEL_MUNDO,1969,1077.46
Philippines,Singapore,1969,5.67
Philippines,Thailand,1969,4.34
Philippines,Malaysia,1970,2.22
Philippines,RESTO_DEL_MUNDO,1970,1203.54
Philippines,Singapore,1970,8.84
Philippines,Thailand,1970,3.32
Philippines,Malaysia,1971,5.42
Philippines,RESTO_DEL_MUNDO,1971,1241.28
Philippines,Singapore,1971,15.3
Philippines,Thailand,1971,3.37
Philippines,Malaysia,1972,4.61
Philippines,RESTO_DEL_MUNDO,1972,1196.84
Philippines,Singapore,1972,11.01
Philippines,Thailand,1972,2.39
Philippines,Malaysia,1973,8.54
Philippines,RESTO_DEL_MUNDO,1973,1894.35
Philippines,Singapore,1973,15.86
Philippines,Thailand,1973,4.86
Philippines,Malaysia,1974,18.36
Philippines,RESTO_DEL_MUNDO,1974,2704.98
Philippines,Singapore,1974,21.93
Philippines,Thailand,1974,4.69
Philippines,Malaysia,1975,16.9
Philippines,RESTO_DEL_MUNDO,1975,2570.49
Philippines,Singapore,1975,28.79
Philippines,Thailand,1975,4.89
Philippines,Malaysia,1976,13.28
Philippines,RESTO_DEL_MUNDO,1976,2591.07
Philippines,Singapore,1976,37.1
Philippines,Thailand,1976,7.58
Philippines,Malaysia,1977,27.12
Philippines,RESTO_DEL_MUNDO,1977,3136.3
Philippines,Singapore,1977,68.31
Philippines,Thailand,1977,8.77
Philippines,Malaysia,1978,44.88
Philippines,RESTO_DEL_MUNDO,1978,3453.5
Philippines,Singapore,1978,65.25
Philippines,Thailand,1978,7.8
Philippines,Malaysia,1979,68.46
Philippines,RESTO_DEL_MUNDO,1979,4739.8
Philippines,Singapore,1979,73.85
Philippines,Thailand,1979,26.15
Philippines,Malaysia,1980,107.18
Philippines,RESTO_DEL_MUNDO,1980,6073.13
Philippines,Singapore,1980,74.86
Philippines,Thailand,1980,78.25
Philippines,Malaysia,1981,95.51
Philippines,RESTO_DEL_MUNDO,1981,6111.33
Philippines,Singapore,1981,107.03
Philippines,Thailand,1981,19.96
Philippines,Malaysia,1982,155.8
Philippines,RESTO_DEL_MUNDO,1982,5418.71
Philippines,Singapore,1982,102.26
Philippines,Thailand,1982,19.3
Philippines,Malaysia,1983,158.7
Philippines,RESTO_DEL_MUNDO,1983,5140.34
Philippines,Singapore,1983,128.34
Philippines,Thailand,1983,15.45
Philippines,Malaysia,1984,241.84
Philippines,RESTO_DEL_MUNDO,1984,5588.61
Philippines,Singapore,1984,185.27
Philippines,Thailand,1984,20.17
Philippines,Malaysia,1985,230.11
Philippines,RESTO_DEL_MUNDO,1985,5056.46
Philippines,Singapore,1985,198.26
Philippines,Thailand,1985,59.58
Philippines,Malaysia,1986,125.42
Philippines,RESTO_DEL_MUNDO,1986,4984.29
Philippines,Singapore,1986,184.18
Philippines,Thailand,1986,70.73
Philippines,Malaysia,1987,147.68
Philippines,RESTO_DEL_MUNDO,1987,5706.77
Philippines,Singapore,1987,177.91
Philippines,Thailand,1987,140.59
Philippines,Malaysia,1988,134.63
Philippines,RESTO_DEL_MUNDO,1988,7132.19
Philippines,Singapore,1988,263.24
Philippines,Thailand,1988,190.354
Philippines,Malaysia,1989,158.746
Philippines,RESTO_DEL_MUNDO,1989,7638.72
Philippines,Singapore,1989,267.438
Philippines,Thailand,1989,94.2799
Philippines,Malaysia,1990,156.12
Philippines,RESTO_DEL_MUNDO,1990,8696.79
Philippines,Singapore,1990,313.008
Philippines,Thailand,1990,108.756
Philippines,Malaysia,1991,164.673
Philippines,RESTO_DEL_MUNDO,1991,9469.17
Philippines,Singapore,1991,275.208
Philippines,Thailand,1991,97.5378
Philippines,Malaysia,1992,240.492
Philippines,RESTO_DEL_MUNDO,1992,10584.8
Philippines,Singapore,1992,317.311
Philippines,Thailand,1992,121.23
Philippines,Malaysia,1993,218.617
Philippines,RESTO_DEL_MUNDO,1993,11673.8
Philippines,Singapore,1993,504.054
Philippines,Thailand,1993,180.747
Philippines,Malaysia,1994,321.835
Philippines,RESTO_DEL_MUNDO,1994,13526.8
Philippines,Singapore,1994,780.123
Philippines,Thailand,1994,353.471
Philippines,Malaysia,1995,460.528
Philippines,RESTO_DEL_MUNDO,1995,16681.5
Philippines,Singapore,1995,1099.51
Philippines,Thailand,1995,579.739
Philippines,Malaysia,1996,800.47
Philippines,RESTO_DEL_MUNDO,1996,20554.5
Philippines,Singapore,1996,1389.94
Philippines,Thailand,1996,575.289
Philippines,Malaysia,1997,908.103
Philippines,RESTO_DEL_MUNDO,1997,24567.4
Philippines,Singapore,1997,1983.01
Philippines,Thailand,1997,548.409
Philippines,Malaysia,1998,1382.5
Philippines,RESTO_DEL_MUNDO,1998,27418.9
Philippines,Singapore,1998,2394.03
Philippines,Thailand,1998,625.48
Philippines,Malaysia,1999,1634.99
Philippines,RESTO_DEL_MUNDO,1999,33909.3
Philippines,Singapore,1999,2936.4
Philippines,Thailand,1999,817.435
Philippines,Malaysia,2000,1990.6
Philippines,RESTO_DEL_MUNDO,2000,41082.1
Philippines,Singapore,2000,3358.06
Philippines,Thailand,2000,1098.35
Philippines,Malaysia,2001,1839.28
Philippines,RESTO_DEL_MUNDO,2001,36151
Philippines,Singapore,2001,2555.35
Philippines,Thailand,2001,1128.67
Philippines,Malaysia,2002,2595.71
Philippines,RESTO_DEL_MUNDO,2002,39310.5
Philippines,Singapore,2002,2502.88
Philippines,Thailand,2002,1081.08
Philippines,Malaysia,2003,3114.59
Philippines,RESTO_DEL_MUNDO,2003,43643.6
Philippines,Singapore,2003,2827.08
Philippines,Thailand,2003,1351.92
Philippines,Malaysia,2004,2818.53
Philippines,RESTO_DEL_MUNDO,2004,48286
Philippines,Singapore,2004,4214.88
Philippines,Thailand,2004,1546.77
Philippines,Malaysia,2005,3219.46
Philippines,RESTO_DEL_MUNDO,2005,53165.3
Philippines,Singapore,2005,4649.81
Philippines,Thailand,2005,1881.22
Philippines,Malaysia,2006,2900.94
Philippines,RESTO_DEL_MUNDO,2006,59187.3
Philippines,Singapore,2006,5649.66
Philippines,Thailand,2006,2143.43
Philippines,Malaysia,2007,2849.87
Philippines,RESTO_DEL_MUNDO,2007,66457.6
Philippines,Singapore,2007,5810.91
Philippines,Thailand,2007,2160.88
Philippines,Malaysia,2008,2110.26
Philippines,RESTO_DEL_MUNDO,2008,63764.7
Philippines,Singapore,2008,4918.04
Philippines,Thailand,2008,2276.89
Philippines,Malaysia,2009,1142.72
Philippines,RESTO_DEL_MUNDO,2009,44826.9
Philippines,Singapore,2009,5143.75
Philippines,Thailand,2009,1797.71
Philippines,Malaysia,2010,3542.85
Philippines,RESTO_DEL_MUNDO,2010,57367.5
Philippines,Singapore,2010,9211.73
Philippines,Thailand,2010,2404.25
Philippines,Malaysia,2011,1565.64
Philippines,RESTO_DEL_MUNDO,2011,63853.7
Philippines,Singapore,2011,6200.87
Philippines,Thailand,2011,2707.91
Philippines,Malaysia,2012,1555.6
Philippines,RESTO_DEL_MUNDO,2012,64014.3
Philippines,Singapore,2012,6037.8
Philippines,Thailand,2012,2741.82
Philippines,Malaysia,2013,1506.19
Philippines,RESTO_DEL_MUNDO,2013,63309.3
Philippines,Singapore,2013,5086.49
Philippines,Thailand,2013,2618.93
Philippines,Malaysia,2014,1578.24
Philippines,RESTO_DEL_MUNDO,2014,70585.7
Philippines,Singapore,2014,4994.72
Philippines,Thailand,2014,2614.59
Poland,RESTO_DEL_MUNDO,1919,0.2
Poland,RESTO_DEL_MUNDO,1920,9.97504
Poland,Romania,1920,1.23
Poland,Bulgaria,1921,0.00529
Poland,Hungary,1921,0.02
Poland,RESTO_DEL_MUNDO,1921,23.679
Poland,Romania,1921,2.03
Poland,Bulgaria,1922,0.04
Poland,Hungary,1922,0.02
Poland,RESTO_DEL_MUNDO,1922,37.4056
Poland,Romania,1922,10.57
Poland,Bulgaria,1923,0.03
Poland,Hungary,1923,0.004458
Poland,RESTO_DEL_MUNDO,1923,92.0235
Poland,Romania,1923,13.33
Poland,Bulgaria,1924,0.05
Poland,Hungary,1924,0.00660592
Poland,RESTO_DEL_MUNDO,1924,243.448
Poland,Romania,1924,11.72
Poland,Bulgaria,1925,0.03
Poland,Hungary,1925,0.00510794
Poland,RESTO_DEL_MUNDO,1925,237.991
Poland,Romania,1925,11.74
Poland,Bulgaria,1926,0.09
Poland,Hungary,1926,8.42
Poland,RESTO_DEL_MUNDO,1926,244.963
Poland,Romania,1926,8.03
Poland,Bulgaria,1927,0.24
Poland,Hungary,1927,9.47
Poland,RESTO_DEL_MUNDO,1927,295.629
Poland,Romania,1927,15.22
Poland,Bulgaria,1928,0.21
Poland,Hungary,1928,4.85
Poland,RESTO_DEL_MUNDO,1928,278.139
Poland,Romania,1928,6.09
Poland,Bulgaria,1929,0.34
Poland,Hungary,1929,8.88
Poland,RESTO_DEL_MUNDO,1929,273.004
Poland,Romania,1929,7.27
Poland,Bulgaria,1930,0.38
Poland,Hungary,1930,5.21
Poland,RESTO_DEL_MUNDO,1930,234.879
Poland,Romania,1930,5.84
Poland,Bulgaria,1931,1.03
Poland,Hungary,1931,4.32
Poland,RESTO_DEL_MUNDO,1931,205.976
Poland,Romania,1931,4.21
Poland,Bulgaria,1932,0.75
Poland,Hungary,1932,1.14
Poland,RESTO_DEL_MUNDO,1932,116.76
Poland,Romania,1932,3.28
Poland,Bulgaria,1933,0.24
Poland,Hungary,1933,0.96
Poland,RESTO_DEL_MUNDO,1933,115.981
Poland,Romania,1933,2.75
Poland,Bulgaria,1934,0.59
Poland,Hungary,1934,1.03
Poland,RESTO_DEL_MUNDO,1934,167.618
Poland,Romania,1934,4.29
Poland,Bulgaria,1935,0.46
Poland,Hungary,1935,1
Poland,RESTO_DEL_MUNDO,1935,188.427
Poland,Romania,1935,2
Poland,Bulgaria,1936,1.19
Poland,Hungary,1936,0.9
Poland,RESTO_DEL_MUNDO,1936,203.234
Poland,Romania,1936,0.87
Poland,Bulgaria,1937,2.77
Poland,Hungary,1937,1.55
Poland,RESTO_DEL_MUNDO,1937,252.966
Poland,Romania,1937,2.57
Poland,Bulgaria,1938,3.42
Poland,Hungary,1938,2
Poland,RESTO_DEL_MUNDO,1938,219.486
Poland,Romania,1938,1
Poland,Bulgaria,1939,3.59
Poland,RESTO_DEL_MUNDO,1939,157.155
Poland,RESTO_DEL_MUNDO,1945,0.007014
Poland,RESTO_DEL_MUNDO,1946,80.4972
Poland,RESTO_DEL_MUNDO,1947,159.053
Poland,Bulgaria,1948,8.8
Poland,Hungary,1948,4.6
Poland,RESTO_DEL_MUNDO,1948,474.163
Poland,Romania,1948,5.4
Poland,RESTO_DEL_MUNDO,1949,308.081
Poland,RESTO_DEL_MUNDO,1950,244.14
Poland,RESTO_DEL_MUNDO,1951,318.85
Poland,RESTO_DEL_MUNDO,1952,248.52
Poland,RESTO_DEL_MUNDO,1953,228.6
Poland,RESTO_DEL_MUNDO,1954,227.56
Poland,Bulgaria,1955,10.89
Poland,Hungary,1955,26.6
Poland,RESTO_DEL_MUNDO,1955,915.08
Poland,Romania,1955,12.6
Poland,Bulgaria,1956,7.7
Poland,Hungary,1956,23.4
Poland,RESTO_DEL_MUNDO,1956,964.18
Poland,Romania,1956,19.1
Poland,Bulgaria,1957,12
Poland,Hungary,1957,35.3
Poland,RESTO_DEL_MUNDO,1957,911.16
Poland,Romania,1957,17.1
Poland,RESTO_DEL_MUNDO,1958,417.67
Poland,Romania,1958,14.05
Poland,RESTO_DEL_MUNDO,1959,448.97
Poland,Romania,1959,19.58
Poland,Bulgaria,1960,0
Poland,Hungary,1960,0
Poland,RESTO_DEL_MUNDO,1960,475.606
Poland,Romania,1960,25.4
Poland,Bulgaria,1961,0
Poland,Hungary,1961,0
Poland,RESTO_DEL_MUNDO,1961,494.355
Poland,Romania,1961,35.17
Poland,Bulgaria,1962,0
Poland,Hungary,1962,0
Poland,RESTO_DEL_MUNDO,1962,559.971
Poland,Romania,1962,38.6
Poland,Bulgaria,1963,0
Poland,Hungary,1963,0
Poland,RESTO_DEL_MUNDO,1963,596.76
Poland,Romania,1963,45.09
Poland,RESTO_DEL_MUNDO,1964,737.37
Poland,Romania,1964,45.22
Poland,RESTO_DEL_MUNDO,1965,798.387
Poland,Romania,1965,40.78
Poland,RESTO_DEL_MUNDO,1966,861.225
Poland,Romania,1966,48.01
Poland,RESTO_DEL_MUNDO,1967,877.945
Poland,Romania,1967,51.67
Poland,Hungary,1968,84.98
Poland,RESTO_DEL_MUNDO,1968,956.17
Poland,Romania,1968,64.27
Poland,Hungary,1969,115.34
Poland,RESTO_DEL_MUNDO,1969,1013.46
Poland,Romania,1969,75.05
Poland,Bulgaria,1970,66.19
Poland,Hungary,1970,141.04
Poland,RESTO_DEL_MUNDO,1970,3011.18
Poland,Romania,1970,84.5
Poland,Bulgaria,1971,87.43
Poland,Hungary,1971,137.36
Poland,RESTO_DEL_MUNDO,1971,3352.9
Poland,Romania,1971,79.03
Poland,Bulgaria,1972,114.82
Poland,Hungary,1972,120.06
Poland,RESTO_DEL_MUNDO,1972,4161.95
Poland,Romania,1972,104.04
Poland,Bulgaria,1973,158.53
Poland,Hungary,1973,147.41
Poland,RESTO_DEL_MUNDO,1973,5414.94
Poland,Romania,1973,124.39
Poland,Bulgaria,1974,227.93
Poland,Hungary,1974,205.5
Poland,RESTO_DEL_MUNDO,1974,6817.51
Poland,Romania,1974,187.08
Poland,Bulgaria,1975,268.96
Poland,Hungary,1975,265.63
Poland,RESTO_DEL_MUNDO,1975,8680.5
Poland,Romania,1975,234.58
Poland,Bulgaria,1976,263.5
Poland,Hungary,1976,243.34
Poland,RESTO_DEL_MUNDO,1976,9164.7
Poland,Romania,1976,348.5
Poland,Bulgaria,1977,275.99
Poland,Hungary,1977,287.88
Poland,RESTO_DEL_MUNDO,1977,10239.6
Poland,Romania,1977,305.61
Poland,Bulgaria,1978,304.93
Poland,Hungary,1978,330.03
Poland,RESTO_DEL_MUNDO,1978,11622
Poland,Romania,1978,364.09
Poland,Bulgaria,1979,321.81
Poland,Hungary,1979,346.32
Poland,RESTO_DEL_MUNDO,1979,13758.7
Poland,Romania,1979,390.36
Poland,Bulgaria,1980,394.31
Poland,Hungary,1980,338.33
Poland,RESTO_DEL_MUNDO,1980,13838.4
Poland,Romania,1980,414.11
Poland,Bulgaria,1981,443.729
Poland,Hungary,1981,306.96
Poland,RESTO_DEL_MUNDO,1981,11005.6
Poland,Romania,1981,314.21
Poland,Bulgaria,1982,383.064
Poland,Hungary,1982,341.34
Poland,RESTO_DEL_MUNDO,1982,9124.09
Poland,Romania,1982,382.62
Poland,Bulgaria,1983,334.356
Poland,Hungary,1983,371.02
Poland,RESTO_DEL_MUNDO,1983,9512.37
Poland,Romania,1983,523.82
Poland,Bulgaria,1984,310.86
Poland,Hungary,1984,358.5
Poland,RESTO_DEL_MUNDO,1984,9888.82
Poland,Romania,1984,474.12
Poland,Bulgaria,1985,338.795
Poland,Hungary,1985,386.05
Poland,RESTO_DEL_MUNDO,1985,9808.7
Poland,Romania,1985,522.21
Poland,Bulgaria,1986,250.67
Poland,Hungary,1986,453.16
Poland,RESTO_DEL_MUNDO,1986,9995.59
Poland,Romania,1986,510.816
Poland,Bulgaria,1987,224.294
Poland,Hungary,1987,389.64
Poland,RESTO_DEL_MUNDO,1987,10670
Poland,Romania,1987,479.959
Poland,Bulgaria,1988,313.06
Poland,Hungary,1988,379.8
Poland,RESTO_DEL_MUNDO,1988,12530.3
Poland,Romania,1988,468.518
Poland,Bulgaria,1989,232.844
Poland,Hungary,1989,290.242
Poland,RESTO_DEL_MUNDO,1989,12344.3
Poland,Romania,1989,397.757
Poland,Bulgaria,1990,114.193
Poland,Hungary,1990,206.12
Poland,RESTO_DEL_MUNDO,1990,15406.2
Poland,Romania,1990,445.706
Poland,Bulgaria,1991,34.9942
Poland,Hungary,1991,212.7
Poland,RESTO_DEL_MUNDO,1991,14197.8
Poland,Romania,1991,99.9619
Poland,Bulgaria,1992,31.788
Poland,Hungary,1992,173.4
Poland,RESTO_DEL_MUNDO,1992,13735.7
Poland,Romania,1992,62.8402
Poland,Russia,1992,1229.6
Poland,Ukraine,1992,206.987
Poland,Bulgaria,1993,34.848
Poland,Croatia,1993,25.179
Poland,Czechia,1993,355.427
Poland,Hungary,1993,148.1
Poland,RESTO_DEL_MUNDO,1993,13166.7
Poland,Romania,1993,33.1
Poland,Russia,1993,528.8
Poland,Slovakia,1993,135.48
Poland,Slovenia,1993,14.035
Poland,Ukraine,1993,206.489
Poland,Bulgaria,1994,49.7332
Poland,Croatia,1994,37.622
Poland,Czechia,1994,470.349
Poland,Hungary,1994,193.3
Poland,RESTO_DEL_MUNDO,1994,15429.8
Poland,Romania,1994,31.8
Poland,Russia,1994,945.7
Poland,Slovakia,1994,173.275
Poland,Slovenia,1994,22.477
Poland,Ukraine,1994,112.173
Poland,Bulgaria,1995,30.7
Poland,Croatia,1995,45.254
Poland,Czechia,1995,704.116
Poland,Hungary,1995,248.6
Poland,RESTO_DEL_MUNDO,1995,19825.4
Poland,Romania,1995,57
Poland,Russia,1995,1321.5
Poland,Slovakia,1995,267.672
Poland,Slovenia,1995,37.678
Poland,Ukraine,1995,816.882
Poland,Bulgaria,1996,33.448
Poland,Croatia,1996,49.71
Poland,Czechia,1996,887.564
Poland,Hungary,1996,298.399
Poland,RESTO_DEL_MUNDO,1996,19502.1
Poland,Romania,1996,73
Poland,Russia,1996,919.135
Poland,Slovakia,1996,296.462
Poland,Slovenia,1996,48.43
Poland,Ukraine,1996,510.7
Poland,Bulgaria,1997,43.441
Poland,Croatia,1997,59.08
Poland,Czechia,1997,958.405
Poland,Hungary,1997,358.301
Poland,RESTO_DEL_MUNDO,1997,20586.6
Poland,Romania,1997,89.7
Poland,Russia,1997,1066.37
Poland,Slovakia,1997,328.667
Poland,Slovenia,1997,58.372
Poland,Ukraine,1997,549.9
Poland,Bulgaria,1998,44.886
Poland,Croatia,1998,63.28
Poland,Czechia,1998,1070.57
Poland,Hungary,1998,459.526
Poland,RESTO_DEL_MUNDO,1998,22394.1
Poland,Romania,1998,145.5
Poland,Russia,1998,1031.55
Poland,Slovakia,1998,361.024
Poland,Slovenia,1998,77.62
Poland,Ukraine,1998,486.2
Poland,Bulgaria,1999,72.88
Poland,Croatia,1999,72.56
Poland,Czechia,1999,1111.7
Poland,Hungary,1999,583.424
Poland,RESTO_DEL_MUNDO,1999,22915
Poland,Romania,1999,159.63
Poland,Russia,1999,601.934
Poland,Slovakia,1999,350.182
Poland,Slovenia,1999,110.292
Poland,Ukraine,1999,258.5
Poland,Bulgaria,2000,89.335
Poland,Croatia,2000,94.0241
Poland,Czechia,2000,1263.4
Poland,Hungary,2000,650.9
Poland,RESTO_DEL_MUNDO,2000,26243.1
Poland,Romania,2000,192.81
Poland,Russia,2000,715.391
Poland,Slovakia,2000,429.672
Poland,Slovenia,2000,137.396
Poland,Ukraine,2000,312.5
Poland,Bulgaria,2001,106.708
Poland,Croatia,2001,111.052
Poland,Czechia,2001,1504.3
Poland,Hungary,2001,773.612
Poland,RESTO_DEL_MUNDO,2001,28926.9
Poland,Romania,2001,275.4
Poland,Russia,2001,950.063
Poland,Slovakia,2001,527.286
Poland,Slovenia,2001,143.856
Poland,Ukraine,2001,450.837
Poland,Bulgaria,2002,99.236
Poland,Croatia,2002,149.165
Poland,Czechia,2002,1784.37
Poland,Hungary,2002,945.881
Poland,RESTO_DEL_MUNDO,2002,32394.2
Poland,Romania,2002,349.36
Poland,Russia,2002,1293.72
Poland,Slovakia,2002,584.465
Poland,Slovenia,2002,158.853
Poland,Ukraine,2002,537.216
Poland,Bulgaria,2003,151.254
Poland,Croatia,2003,213.471
Poland,Czechia,2003,2332.19
Poland,Hungary,2003,1320.58
Poland,RESTO_DEL_MUNDO,2003,42721.8
Poland,Romania,2003,555.99
Poland,Russia,2003,1681.88
Poland,Slovakia,2003,960.153
Poland,Slovenia,2003,214.528
Poland,Ukraine,2003,802.386
Poland,Bulgaria,2004,215.971
Poland,Croatia,2004,281.899
Poland,Czechia,2004,3333.2
Poland,Hungary,2004,1946.71
Poland,RESTO_DEL_MUNDO,2004,54501
Poland,Romania,2004,822.47
Poland,Russia,2004,2302.01
Poland,Slovakia,2004,1449.55
Poland,Slovenia,2004,268.353
Poland,Ukraine,2004,1008.16
Poland,Bulgaria,2005,295.356
Poland,Croatia,2005,332.747
Poland,Czechia,2005,3789.1
Poland,Hungary,2005,2503.21
Poland,RESTO_DEL_MUNDO,2005,61167.9
Poland,Romania,2005,1169.19
Poland,Russia,2005,2744.23
Poland,Slovakia,2005,1631.57
Poland,Slovenia,2005,296.624
Poland,Ukraine,2005,1405.92
Poland,Bulgaria,2006,457.019
Poland,Croatia,2006,404.565
Poland,Czechia,2006,5694.29
Poland,Hungary,2006,3321.83
Poland,RESTO_DEL_MUNDO,2006,79798.1
Poland,Romania,2006,1423.73
Poland,Russia,2006,3399.63
Poland,Slovakia,2006,2236.11
Poland,Slovenia,2006,380.855
Poland,Ukraine,2006,2109.12
Poland,Bulgaria,2007,591.839
Poland,Croatia,2007,506.425
Poland,Czechia,2007,7404.32
Poland,Hungary,2007,3765.3
Poland,RESTO_DEL_MUNDO,2007,101538
Poland,Romania,2007,2383.87
Poland,Russia,2007,4630.14
Poland,Slovakia,2007,3009.16
Poland,Slovenia,2007,487.797
Poland,Ukraine,2007,2920.48
Poland,Bulgaria,2008,786.847
Poland,Croatia,2008,600.165
Poland,Czechia,2008,9159.21
Poland,Hungary,2008,4307.02
Poland,RESTO_DEL_MUNDO,2008,122360
Poland,Romania,2008,2853.76
Poland,Russia,2008,7048.86
Poland,Slovakia,2008,3633.82
Poland,Slovenia,2008,606.6
Poland,Ukraine,2008,4280.31
Poland,Bulgaria,2009,519.297
Poland,Croatia,2009,395.361
Poland,Czechia,2009,7308.7
Poland,Hungary,2009,3169.42
Poland,RESTO_DEL_MUNDO,2009,102074
Poland,Romania,2009,1938.75
Poland,Russia,2009,4213.64
Poland,Slovakia,2009,2853.94
Poland,Slovenia,2009,502.737
Poland,Ukraine,2009,2170.34
Poland,Bulgaria,2010,533.192
Poland,Croatia,2010,403.182
Poland,Czechia,2010,8749.03
Poland,Hungary,2010,4592.09
Poland,RESTO_DEL_MUNDO,2010,118492
Poland,Romania,2010,2313.3
Poland,Russia,2010,5826.75
Poland,Slovakia,2010,3541.25
Poland,Slovenia,2010,553.995
Poland,Ukraine,2010,2788.81
Poland,Bulgaria,2011,622.005
Poland,Croatia,2011,473.252
Poland,Czechia,2011,10819.7
Poland,Hungary,2011,4703.27
Poland,RESTO_DEL_MUNDO,2011,143059
Poland,Romania,2011,3019.7
Poland,Russia,2011,5963.4
Poland,Slovakia,2011,4299.78
Poland,Slovenia,2011,653.946
Poland,Ukraine,2011,3183.35
Poland,Bulgaria,2012,717.686
Poland,Croatia,2012,431.95
Poland,Czechia,2012,10917.5
Poland,Hungary,2012,4401.9
Poland,RESTO_DEL_MUNDO,2012,138864
Poland,Romania,2012,3012.59
Poland,Russia,2012,7473.6
Poland,Slovakia,2012,4381.18
Poland,Slovenia,2012,613.294
Poland,Ukraine,2012,3567.1
Poland,Bulgaria,2013,971.57
Poland,Croatia,2013,458.633
Poland,Czechia,2013,11887.8
Poland,Hungary,2013,4824.21
Poland,RESTO_DEL_MUNDO,2013,152163
Poland,Romania,2013,3267.19
Poland,Russia,2013,8325.6
Poland,Slovakia,2013,4996.25
Poland,Slovenia,2013,658.233
Poland,Ukraine,2013,4068.69
Poland,Bulgaria,2014,942.247
Poland,Croatia,2014,556.992
Poland,Czechia,2014,12824.5
Poland,Hungary,2014,5407.86
Poland,RESTO_DEL_MUNDO,2014,164494
Poland,Romania,2014,3600.46
Poland,Russia,2014,7075.25
Poland,Slovakia,2014,5011.49
Poland,Slovenia,2014,724.214
Poland,Ukraine,2014,3067.39
Portugal,France,1900,0.75
Portugal,Germany,1900,4.06
Portugal,RESTO_DEL_MUNDO,1900,0.45
Portugal,Spain,1900,7.16
Portugal,United Kingdom,1900,15.62
Portugal,Germany,1901,4.21
Portugal,RESTO_DEL_MUNDO,1901,6.53
Portugal,Spain,1901,6.76
Portugal,United Kingdom,1901,15.92
Portugal,Germany,1902,3.47
Portugal,RESTO_DEL_MUNDO,1902,3.41
Portugal,Spain,1902,6.74
Portugal,United Kingdom,1902,16.5
Portugal,Germany,1903,3.62
Portugal,RESTO_DEL_MUNDO,1903,3.01
Portugal,Spain,1903,7.84
Portugal,United Kingdom,1903,16.28
Portugal,Germany,1904,3.85
Portugal,RESTO_DEL_MUNDO,1904,9.22
Portugal,Spain,1904,7.39
Portugal,United Kingdom,1904,13.94
Portugal,France,1905,0.71
Portugal,Germany,1905,3.94
Portugal,RESTO_DEL_MUNDO,1905,11.22
Portugal,Spain,1905,6.5
Portugal,United Kingdom,1905,14.38
Portugal,Germany,1906,4.39
Portugal,RESTO_DEL_MUNDO,1906,6.47
Portugal,Spain,1906,8.45
Portugal,United Kingdom,1906,16.44
Portugal,Germany,1907,3.59
Portugal,RESTO_DEL_MUNDO,1907,5.17
Portugal,Spain,1907,9.28
Portugal,United Kingdom,1907,17.5
Portugal,Germany,1908,3.23
Portugal,RESTO_DEL_MUNDO,1908,15.55
Portugal,United Kingdom,1908,14.67
Portugal,Germany,1909,3.08
Portugal,RESTO_DEL_MUNDO,1909,6.74
Portugal,United Kingdom,1909,14.1
Portugal,France,1910,0.89
Portugal,Germany,1910,5.18
Portugal,RESTO_DEL_MUNDO,1910,20.25
Portugal,Spain,1910,5.06
Portugal,United Kingdom,1910,15.25
Portugal,France,1911,1.39
Portugal,Germany,1911,3.28
Portugal,RESTO_DEL_MUNDO,1911,15.12
Portugal,Spain,1911,5.77
Portugal,United Kingdom,1911,6.86
Portugal,Belgium,1912,1
Portugal,France,1912,1.63
Portugal,Germany,1912,2.93
Portugal,Italy,1912,0.59
Portugal,Netherlands,1912,0.64
Portugal,RESTO_DEL_MUNDO,1912,17.7339
Portugal,Spain,1912,7.83
Portugal,Switzerland,1912,0.0019569
Portugal,United Kingdom,1912,7.12
Portugal,Belgium,1913,1.03
Portugal,France,1913,1.23
Portugal,Germany,1913,3.16
Portugal,Italy,1913,0.53
Portugal,Netherlands,1913,0.65
Portugal,RESTO_DEL_MUNDO,1913,17.9093
Portugal,Spain,1913,7.12
Portugal,Switzerland,1913,0.0018553
Portugal,Turkey,1913,0.05
Portugal,United Kingdom,1913,7.05
Portugal,France,1919,24.43
Portugal,Netherlands,1919,6.63
Portugal,RESTO_DEL_MUNDO,1919,3.14358
Portugal,Austria,1920,0.0026908
Portugal,France,1920,9.16888
Portugal,Germany,1920,0.54
Portugal,Italy,1920,1.46
Portugal,Netherlands,1920,1.97
Portugal,RESTO_DEL_MUNDO,1920,18.126
Portugal,Spain,1920,2.84
Portugal,Switzerland,1920,0.0026908
Portugal,Turkey,1920,0.39
Portugal,United Kingdom,1920,9.75
Portugal,Austria,1921,0.01
Portugal,Belgium,1921,1.08
Portugal,France,1921,4.53393
Portugal,Germany,1921,0.96
Portugal,Greece,1921,0.21
Portugal,Italy,1921,0.85
Portugal,Netherlands,1921,1.53
Portugal,RESTO_DEL_MUNDO,1921,7.47935
Portugal,Spain,1921,0.92
Portugal,Turkey,1921,0.13
Portugal,United Kingdom,1921,4.8
Portugal,Austria,1922,0.0007338
Portugal,Belgium,1922,1.44
Portugal,France,1922,17.49
Portugal,Germany,1922,1.2
Portugal,Greece,1922,0
Portugal,Italy,1922,0.61
Portugal,Netherlands,1922,0.47
Portugal,RESTO_DEL_MUNDO,1922,7.91005
Portugal,Spain,1922,0.99
Portugal,Switzerland,1922,6.67e-05
Portugal,Turkey,1922,0.05
Portugal,United Kingdom,1922,5.69
Portugal,Austria,1923,0.0018275
Portugal,Belgium,1923,2.17
Portugal,France,1923,12.0142
Portugal,Germany,1923,1.14
Portugal,Greece,1923,0.37
Portugal,Italy,1923,1.13
Portugal,Netherlands,1923,0.64
Portugal,RESTO_DEL_MUNDO,1923,8.15043
Portugal,Spain,1923,0.95
Portugal,Switzerland,1923,0.0018275
Portugal,Turkey,1923,0.16
Portugal,United Kingdom,1923,6.44
Portugal,Austria,1924,0.0011828
Portugal,Belgium,1924,2.34
Portugal,France,1924,4.85
Portugal,Germany,1924,2.83
Portugal,Greece,1924,0.5
Portugal,Italy,1924,1.25
Portugal,Netherlands,1924,2.32
Portugal,RESTO_DEL_MUNDO,1924,10.4366
Portugal,Spain,1924,2.42
Portugal,Switzerland,1924,0.01
Portugal,Turkey,1924,0.06
Portugal,United Kingdom,1924,8.61
Portugal,Austria,1925,0.21
Portugal,France,1925,4.48
Portugal,Germany,1925,3.22
Portugal,Greece,1925,0.38
Portugal,Netherlands,1925,3.69
Portugal,RESTO_DEL_MUNDO,1925,13.27
Portugal,Spain,1925,1.66
Portugal,United Kingdom,1925,12.7
Portugal,Austria,1926,0.32
Portugal,Belgium,1926,1.63
Portugal,France,1926,3.27
Portugal,Germany,1926,2.69
Portugal,Greece,1926,0.43
Portugal,Italy,1926,1.08
Portugal,Netherlands,1926,2.47
Portugal,RESTO_DEL_MUNDO,1926,10
Portugal,Spain,1926,1.48
Portugal,Switzerland,1926,0.01
Portugal,Turkey,1926,0.08
Portugal,United Kingdom,1926,11.12
Portugal,Austria,1927,0.32
Portugal,Belgium,1927,1.69
Portugal,France,1927,2.54
Portugal,Germany,1927,3.56
Portugal,Greece,1927,0.51
Portugal,Italy,1927,1.37
Portugal,Netherlands,1927,2.09
Portugal,RESTO_DEL_MUNDO,1927,13.1518
Portugal,Spain,1927,2.35
Portugal,Switzerland,1927,0.03
Portugal,Turkey,1927,0.08
Portugal,United Kingdom,1927,20.17
Portugal,Austria,1928,0.37
Portugal,Belgium,1928,1.9
Portugal,France,1928,7.3
Portugal,Germany,1928,5.24
Portugal,Greece,1928,0.33
Portugal,Italy,1928,1.3
Portugal,Netherlands,1928,1.65
Portugal,RESTO_DEL_MUNDO,1928,16.1012
Portugal,Spain,1928,2.42
Portugal,Switzerland,1928,0.03
Portugal,Turkey,1928,0.05
Portugal,United Kingdom,1928,15.75
Portugal,Austria,1929,0.48
Portugal,Belgium,1929,2.66
Portugal,France,1929,5.33
Portugal,Germany,1929,5.27
Portugal,Greece,1929,0.41
Portugal,Italy,1929,1.32
Portugal,Netherlands,1929,1.54
Portugal,RESTO_DEL_MUNDO,1929,15.45
Portugal,Spain,1929,2.76
Portugal,Switzerland,1929,0.03
Portugal,Turkey,1929,0.03
Portugal,United Kingdom,1929,18.5
Portugal,Austria,1930,0.46
Portugal,Belgium,1930,2.37
Portugal,France,1930,5.83
Portugal,Germany,1930,4.04
Portugal,Greece,1930,0.24
Portugal,Italy,1930,1.16
Portugal,Netherlands,1930,1.16
Portugal,RESTO_DEL_MUNDO,1930,11.4727
Portugal,Switzerland,1930,0.04
Portugal,United Kingdom,1930,16.06
Portugal,Austria,1931,0.46
Portugal,Belgium,1931,1.82
Portugal,France,1931,6.36
Portugal,Germany,1931,3.47
Portugal,Greece,1931,0.38
Portugal,Italy,1931,0.93
Portugal,Netherlands,1931,1.14
Portugal,RESTO_DEL_MUNDO,1931,7.52089
Portugal,Spain,1931,0.93
Portugal,Switzerland,1931,0.04
Portugal,United Kingdom,1931,14.07
Portugal,Austria,1932,0.31
Portugal,Belgium,1932,1.31
Portugal,France,1932,4
Portugal,Germany,1932,2.43
Portugal,Greece,1932,0.08
Portugal,Italy,1932,0.57
Portugal,Netherlands,1932,0.67
Portugal,RESTO_DEL_MUNDO,1932,5.49929
Portugal,Spain,1932,0.67
Portugal,Switzerland,1932,0.03
Portugal,United Kingdom,1932,8.23
Portugal,Austria,1933,0.23
Portugal,Belgium,1933,1.96
Portugal,France,1933,3.05
Portugal,Germany,1933,2.94
Portugal,Greece,1933,0.01
Portugal,Italy,1933,0.74
Portugal,Netherlands,1933,0.7
Portugal,RESTO_DEL_MUNDO,1933,6.88797
Portugal,Spain,1933,0.67
Portugal,Switzerland,1933,0.07
Portugal,United Kingdom,1933,9.74
Portugal,Austria,1934,0.34
Portugal,Belgium,1934,2.01
Portugal,France,1934,4.08
Portugal,Germany,1934,4.91
Portugal,Greece,1934,0.05
Portugal,Italy,1934,1.22
Portugal,Netherlands,1934,0.66
Portugal,RESTO_DEL_MUNDO,1934,8.12135
Portugal,Spain,1934,0.62
Portugal,Switzerland,1934,0.06
Portugal,United Kingdom,1934,16.36
Portugal,Austria,1935,0.48
Portugal,Belgium,1935,2
Portugal,France,1935,7
Portugal,Germany,1935,9
Portugal,Greece,1935,0.05
Portugal,Ireland,1935,1
Portugal,Italy,1935,2
Portugal,Netherlands,1935,1
Portugal,RESTO_DEL_MUNDO,1935,11.15
Portugal,Spain,1935,1
Portugal,Switzerland,1935,1
Portugal,United Kingdom,1935,16
Portugal,Austria,1936,0.55
Portugal,Belgium,1936,2.86
Portugal,France,1936,5.14
Portugal,Germany,1936,5.57
Portugal,Greece,1936,0.000548
Portugal,Italy,1936,0.54
Portugal,Netherlands,1936,0.8
Portugal,RESTO_DEL_MUNDO,1936,12.4113
Portugal,Spain,1936,1.19
Portugal,Switzerland,1936,0.13
Portugal,United Kingdom,1936,19.22
Portugal,Austria,1937,0.59
Portugal,Belgium,1937,2.63
Portugal,France,1937,5.5
Portugal,Germany,1937,5.84
Portugal,Greece,1937,0.01
Portugal,Italy,1937,2.02
Portugal,Netherlands,1937,1.41
Portugal,RESTO_DEL_MUNDO,1937,16.0439
Portugal,Spain,1937,2.53
Portugal,Switzerland,1937,0.17
Portugal,United Kingdom,1937,21.09
Portugal,Austria,1938,0.001808
Portugal,Belgium,1938,3
Portugal,France,1938,7.64
Portugal,Germany,1938,5.91292
Portugal,Greece,1938,0.06
Portugal,Ireland,1938,1
Portugal,Italy,1938,3
Portugal,Netherlands,1938,1.38
Portugal,RESTO_DEL_MUNDO,1938,20.1533
Portugal,Spain,1938,1
Portugal,Switzerland,1938,1
Portugal,United Kingdom,1938,18
Portugal,France,1939,5.75
Portugal,Germany,1939,8.95
Portugal,Greece,1939,0.09
Portugal,Netherlands,1939,2.53
Portugal,RESTO_DEL_MUNDO,1939,3.34
Portugal,France,1940,6.25
Portugal,Germany,1940,1.71
Portugal,Greece,1940,0
Portugal,Netherlands,1940,0
Portugal,RESTO_DEL_MUNDO,1940,1.25
Portugal,France,1941,39.69
Portugal,Germany,1941,0
Portugal,Greece,1941,0
Portugal,RESTO_DEL_MUNDO,1941,0
Portugal,France,1942,129.7
Portugal,RESTO_DEL_MUNDO,1942,0
Portugal,France,1944,11.44
Portugal,RESTO_DEL_MUNDO,1944,0
Portugal,France,1945,4.41
Portugal,RESTO_DEL_MUNDO,1945,0
Portugal,France,1946,17.8752
Portugal,Greece,1946,0.02
Portugal,Netherlands,1946,0
Portugal,RESTO_DEL_MUNDO,1946,3.51338
Portugal,France,1947,22.8016
Portugal,Greece,1947,0.008907
Portugal,Netherlands,1947,0
Portugal,RESTO_DEL_MUNDO,1947,9.98041
Portugal,France,1948,6
Portugal,Greece,1948,0.02
Portugal,Ireland,1948,2
Portugal,Italy,1948,5.2
Portugal,Netherlands,1948,5.6
Portugal,RESTO_DEL_MUNDO,1948,61.9708
Portugal,Spain,1948,2.1
Portugal,Switzerland,1948,5.1
Portugal,Turkey,1948,0.1
Portugal,United Kingdom,1948,33.8
Portugal,France,1949,9.95
Portugal,Greece,1949,0.2
Portugal,Ireland,1949,1.6
Portugal,Italy,1949,3.9
Portugal,Netherlands,1949,3.4
Portugal,RESTO_DEL_MUNDO,1949,44.32
Portugal,Spain,1949,2
Portugal,Switzerland,1949,3.3
Portugal,Turkey,1949,0.3
Portugal,United Kingdom,1949,32.2
Portugal,Belgium,1950,10.0109
Portugal,France,1950,8.4
Portugal,Greece,1950,0.4
Portugal,Ireland,1950,1.3
Portugal,Italy,1950,5.9
Portugal,Luxembourg,1950,0.389138
Portugal,Netherlands,1950,5.3
Portugal,RESTO_DEL_MUNDO,1950,59.53
Portugal,Spain,1950,2.2
Portugal,Switzerland,1950,4.3
Portugal,Turkey,1950,0
Portugal,United Kingdom,1950,33.4
Portugal,Belgium,1951,9.66294
Portugal,France,1951,13.8
Portugal,Greece,1951,0.9
Portugal,Ireland,1951,2.2
Portugal,Italy,1951,5.3
Portugal,Luxembourg,1951,0.437055
Portugal,Netherlands,1951,7.7
Portugal,RESTO_DEL_MUNDO,1951,86.03
Portugal,Spain,1951,2.6
Portugal,Switzerland,1951,4.2
Portugal,Turkey,1951,0.2
Portugal,United Kingdom,1951,55
Portugal,Belgium,1952,9.93295
Portugal,France,1952,12.1
Portugal,Greece,1952,0.5
Portugal,Ireland,1952,1.7
Portugal,Italy,1952,8.7
Portugal,Luxembourg,1952,0.467054
Portugal,Netherlands,1952,3.6
Portugal,RESTO_DEL_MUNDO,1952,96.45
Portugal,Spain,1952,0.8
Portugal,Switzerland,1952,2.9
Portugal,Turkey,1952,0.6
Portugal,United Kingdom,1952,35.8
Portugal,Belgium,1953,8.91663
Portugal,France,1953,8.4
Portugal,Greece,1953,0.8
Portugal,Ireland,1953,2.2
Portugal,Italy,1953,9
Portugal,Luxembourg,1953,0.383373
Portugal,Netherlands,1953,3.9
Portugal,RESTO_DEL_MUNDO,1953,81.01
Portugal,Spain,1953,1.2
Portugal,Switzerland,1953,2.2
Portugal,Turkey,1953,0.4
Portugal,United Kingdom,1953,29.3
Portugal,Belgium,1954,9.88227
Portugal,France,1954,10.3
Portugal,Greece,1954,1
Portugal,Ireland,1954,2
Portugal,Italy,1954,7.4
Portugal,Luxembourg,1954,0.417734
Portugal,Netherlands,1954,5.1
Portugal,RESTO_DEL_MUNDO,1954,82.33
Portugal,Spain,1954,3.2
Portugal,Switzerland,1954,2.1
Portugal,Turkey,1954,0.4
Portugal,United Kingdom,1954,41.9
Portugal,Austria,1955,2
Portugal,Belgium,1955,10.4439
Portugal,France,1955,17.1
Portugal,Greece,1955,1.2
Portugal,Ireland,1955,2.3
Portugal,Italy,1955,12.4
Portugal,Luxembourg,1955,0.456104
Portugal,Netherlands,1955,5.3
Portugal,RESTO_DEL_MUNDO,1955,117.05
Portugal,Spain,1955,1.6
Portugal,Switzerland,1955,3.2
Portugal,Turkey,1955,0.2
Portugal,United Kingdom,1955,50.8
Portugal,Austria,1956,2.2
Portugal,Belgium,1956,12.0641
Portugal,France,1956,21.8
Portugal,Greece,1956,1.5
Portugal,Ireland,1956,1.6
Portugal,Italy,1956,12.4
Portugal,Luxembourg,1956,0.535904
Portugal,Netherlands,1956,6.1
Portugal,RESTO_DEL_MUNDO,1956,122.4
Portugal,Spain,1956,2.5
Portugal,Switzerland,1956,3.7
Portugal,Turkey,1956,0.2
Portugal,United Kingdom,1956,48.7
Portugal,Austria,1957,0.8
Portugal,Belgium,1957,10.7096
Portugal,France,1957,16
Portugal,Greece,1957,1.6
Portugal,Ireland,1957,1.3
Portugal,Italy,1957,13
Portugal,Luxembourg,1957,0.490354
Portugal,Netherlands,1957,6
Portugal,RESTO_DEL_MUNDO,1957,117.68
Portugal,Spain,1957,2.3
Portugal,Switzerland,1957,3.9
Portugal,Turkey,1957,0.1
Portugal,United Kingdom,1957,47.6
Portugal,Austria,1958,1.5
Portugal,Belgium,1958,11.008
Portugal,France,1958,20.7
Portugal,Greece,1958,1.9
Portugal,Ireland,1958,1.1
Portugal,Italy,1958,13.3
Portugal,Luxembourg,1958,0.492023
Portugal,Netherlands,1958,6.3
Portugal,RESTO_DEL_MUNDO,1958,114.95
Portugal,Spain,1958,2.3
Portugal,Switzerland,1958,3.7
Portugal,Turkey,1958,0.1
Portugal,United Kingdom,1958,48.9
Portugal,Austria,1959,1.8
Portugal,Belgium,1959,9.95644
Portugal,France,1959,13.4
Portugal,Greece,1959,2.2
Portugal,Ireland,1959,1.1
Portugal,Italy,1959,11.8
Portugal,Luxembourg,1959,0.443558
Portugal,Netherlands,1959,6.5
Portugal,RESTO_DEL_MUNDO,1959,128.11
Portugal,Spain,1959,3.1
Portugal,Switzerland,1959,3.8
Portugal,Turkey,1959,0.7
Portugal,United Kingdom,1959,55.4
Portugal,Austria,1960,2.3
Portugal,Belgium,1960,11.556
Portugal,Cyprus,1960,1.4
Portugal,France,1960,13.4
Portugal,Greece,1960,1.6
Portugal,Ireland,1960,1
Portugal,Italy,1960,13.6
Portugal,Luxembourg,1960,0.643968
Portugal,Netherlands,1960,8.8
Portugal,RESTO_DEL_MUNDO,1960,122.56
Portugal,Spain,1960,4.1
Portugal,Switzerland,1960,4.7
Portugal,Turkey,1960,0.5
Portugal,United Kingdom,1960,63.8
Portugal,Austria,1961,2.7
Portugal,Belgium,1961,10.7382
Portugal,Cyprus,1961,1.4
Portugal,France,1961,16.3
Portugal,Greece,1961,1.8
Portugal,Ireland,1961,1.5
Portugal,Italy,1961,11.6
Portugal,Luxembourg,1961,0.561837
Portugal,Netherlands,1961,8.4
Portugal,RESTO_DEL_MUNDO,1961,135.38
Portugal,Spain,1961,4.9
Portugal,Switzerland,1961,5.8
Portugal,Turkey,1961,0.5
Portugal,United Kingdom,1961,70.1
Portugal,Austria,1962,3.1
Portugal,Belgium,1962,11.127
Portugal,Cyprus,1962,1.4
Portugal,France,1962,18.6
Portugal,Greece,1962,1.6
Portugal,Ireland,1962,1.2
Portugal,Italy,1962,18.7
Portugal,Luxembourg,1962,0.573033
Portugal,Netherlands,1962,8.5
Portugal,RESTO_DEL_MUNDO,1962,147.56
Portugal,Spain,1962,10.9
Portugal,Switzerland,1962,6.8
Portugal,Turkey,1962,0.7
Portugal,United Kingdom,1962,69.9
Portugal,Austria,1963,3.9
Portugal,Belgium,1963,12.2734
Portugal,Cyprus,1963,1.3
Portugal,France,1963,22.3
Portugal,Greece,1963,2
Portugal,Ireland,1963,1.9
Portugal,Italy,1963,34.6
Portugal,Luxembourg,1963,0.626643
Portugal,Netherlands,1963,10.7
Portugal,RESTO_DEL_MUNDO,1963,159.243
Portugal,Spain,1963,10.4
Portugal,Switzerland,1963,8.4
Portugal,Turkey,1963,0.9
Portugal,United Kingdom,1963,63.2
Portugal,Austria,1964,5.4
Portugal,Belgium,1964,14.9221
Portugal,Cyprus,1964,1.9
Portugal,France,1964,27.5
Portugal,Greece,1964,3
Portugal,Ireland,1964,2.1
Portugal,Italy,1964,14.2
Portugal,Luxembourg,1964,0.777883
Portugal,Malta,1964,0.02
Portugal,Netherlands,1964,11.9
Portugal,RESTO_DEL_MUNDO,1964,176.77
Portugal,Spain,1964,18.4
Portugal,Switzerland,1964,10.5
Portugal,Turkey,1964,1
Portugal,United Kingdom,1964,87.9
Portugal,Austria,1965,6.6
Portugal,Belgium,1965,15.9987
Portugal,Cyprus,1965,1.9
Portugal,France,1965,28.5
Portugal,Greece,1965,3.3
Portugal,Ireland,1965,2.5
Portugal,Italy,1965,16.6
Portugal,Luxembourg,1965,0.801249
Portugal,Malta,1965,0.04
Portugal,Netherlands,1965,13.9
Portugal,RESTO_DEL_MUNDO,1965,182.659
Portugal,Spain,1965,18
Portugal,Switzerland,1965,11.2
Portugal,Turkey,1965,2.1
Portugal,United Kingdom,1965,116.1
Portugal,Austria,1966,8.7
Portugal,Belgium,1966,16.8738
Portugal,Cyprus,1966,2
Portugal,France,1966,33.2
Portugal,Greece,1966,3.2
Portugal,Ireland,1966,2
Portugal,Italy,1966,21.4
Portugal,Luxembourg,1966,0.826181
Portugal,Malta,1966,0.03
Portugal,Netherlands,1966,13.4
Portugal,RESTO_DEL_MUNDO,1966,218.276
Portugal,Spain,1966,18.1
Portugal,Switzerland,1966,11.1
Portugal,Turkey,1966,2.1
Portugal,United Kingdom,1966,131.5
Portugal,Austria,1967,11.3
Portugal,Belgium,1967,28.9719
Portugal,Cyprus,1967,1.9
Portugal,France,1967,33.5
Portugal,Greece,1967,3
Portugal,Ireland,1967,2.2
Portugal,Italy,1967,22.6
Portugal,Luxembourg,1967,1.32806
Portugal,Malta,1967,0.02
Portugal,Netherlands,1967,13.2
Portugal,RESTO_DEL_MUNDO,1967,236.189
Portugal,Spain,1967,14.8
Portugal,Switzerland,1967,14
Portugal,Turkey,1967,2.1
Portugal,United Kingdom,1967,154.6
Portugal,Austria,1968,11.8
Portugal,Belgium,1968,21.2043
Portugal,Cyprus,1968,2.5
Portugal,France,1968,37.3
Portugal,Greece,1968,2.68
Portugal,Ireland,1968,2.7
Portugal,Italy,1968,18.1
Portugal,Luxembourg,1968,0.995659
Portugal,Malta,1968,0.02
Portugal,Netherlands,1968,13.1
Portugal,RESTO_DEL_MUNDO,1968,261.559
Portugal,Spain,1968,14.73
Portugal,Switzerland,1968,15.7
Portugal,Turkey,1968,3.5
Portugal,United Kingdom,1968,178.3
Portugal,Austria,1969,13.2
Portugal,Belgium,1969,23.7342
Portugal,Cyprus,1969,1.575
Portugal,France,1969,45.7
Portugal,Greece,1969,2.71
Portugal,Ireland,1969,3.19
Portugal,Italy,1969,21.8
Portugal,Luxembourg,1969,1.16582
Portugal,Malta,1969,0.04
Portugal,Netherlands,1969,16.1
Portugal,RESTO_DEL_MUNDO,1969,286.835
Portugal,Spain,1969,17.19
Portugal,Switzerland,1969,19.8
Portugal,Turkey,1969,1.41
Portugal,United Kingdom,1969,184
Portugal,Austria,1970,15.1
Portugal,Belgium,1970,25.5741
Portugal,Cyprus,1970,1.871
Portugal,France,1970,48.1
Portugal,Greece,1970,2.7
Portugal,Ireland,1970,5.42
Portugal,Italy,1970,28.6
Portugal,Luxembourg,1970,1.32589
Portugal,Malta,1970,0.05
Portugal,Netherlands,1970,20.4
Portugal,RESTO_DEL_MUNDO,1970,319.153
Portugal,Spain,1970,19
Portugal,Switzerland,1970,24
Portugal,Turkey,1970,0.93
Portugal,United Kingdom,1970,207.3
Portugal,Austria,1971,16.9
Portugal,Belgium,1971,34.4398
Portugal,Cyprus,1971,1.595
Portugal,France,1971,52.7
Portugal,Greece,1971,2.44
Portugal,Ireland,1971,5.7
Portugal,Italy,1971,28.3
Portugal,Luxembourg,1971,1.66021
Portugal,Malta,1971,0.06
Portugal,Netherlands,1971,27.9
Portugal,RESTO_DEL_MUNDO,1971,352.244
Portugal,Spain,1971,18.45
Portugal,Switzerland,1971,30.6
Portugal,Turkey,1971,3.74
Portugal,United Kingdom,1971,256.7
Portugal,Austria,1972,21.6
Portugal,Belgium,1972,33.7662
Portugal,Cyprus,1972,1.901
Portugal,France,1972,70.7
Portugal,Greece,1972,2.88
Portugal,Ireland,1972,9.24
Portugal,Italy,1972,39.6
Portugal,Luxembourg,1972,1.63377
Portugal,Malta,1972,0.06
Portugal,Netherlands,1972,30.1
Portugal,RESTO_DEL_MUNDO,1972,470.779
Portugal,Spain,1972,30.8
Portugal,Switzerland,1972,39.5
Portugal,Turkey,1972,1.29
Portugal,United Kingdom,1972,316.7
Portugal,Austria,1973,32.6
Portugal,Belgium,1973,48.5776
Portugal,Cyprus,1973,1.162
Portugal,France,1973,102.2
Portugal,Greece,1973,5.6
Portugal,Ireland,1973,11.63
Portugal,Italy,1973,60.9
Portugal,Luxembourg,1973,2.52236
Portugal,Malta,1973,0.11
Portugal,Netherlands,1973,44
Portugal,RESTO_DEL_MUNDO,1973,655.861
Portugal,Spain,1973,44.35
Portugal,Switzerland,1973,54.4
Portugal,Turkey,1973,0.78
Portugal,United Kingdom,1973,466.1
Portugal,Austria,1974,36
Portugal,Belgium,1974,60.9061
Portugal,Cyprus,1974,0.799
Portugal,France,1974,149
Portugal,Greece,1974,6.51
Portugal,Ireland,1974,14.43
Portugal,Italy,1974,81.4
Portugal,Luxembourg,1974,3.29386
Portugal,Malta,1974,0.15
Portugal,Netherlands,1974,56.8
Portugal,RESTO_DEL_MUNDO,1974,908.526
Portugal,Spain,1974,49.47
Portugal,Switzerland,1974,65.2
Portugal,Turkey,1974,2.01
Portugal,United Kingdom,1974,552.8
Portugal,Austria,1975,33
Portugal,Belgium,1975,62.8787
Portugal,Cyprus,1975,3.267
Portugal,France,1975,151.9
Portugal,Greece,1975,23.73
Portugal,Ireland,1975,13.45
Portugal,Italy,1975,72.3
Portugal,Luxembourg,1975,2.8213
Portugal,Malta,1975,0.12
Portugal,Netherlands,1975,51.6
Portugal,RESTO_DEL_MUNDO,1975,935.807
Portugal,Spain,1975,53.28
Portugal,Switzerland,1975,61.5
Portugal,Turkey,1975,8.12
Portugal,United Kingdom,1975,447.6
Portugal,Austria,1976,29.2
Portugal,Belgium,1976,60.6438
Portugal,Cyprus,1976,1.622
Portugal,France,1976,168.8
Portugal,Greece,1976,7.02
Portugal,Ireland,1976,12.74
Portugal,Italy,1976,73.9
Portugal,Luxembourg,1976,2.7562
Portugal,Malta,1976,0.09
Portugal,Netherlands,1976,72.2
Portugal,RESTO_DEL_MUNDO,1976,852.673
Portugal,Spain,1976,39.73
Portugal,Switzerland,1976,52.2
Portugal,Turkey,1976,9.6
Portugal,United Kingdom,1976,358.5
Portugal,Austria,1977,30.2
Portugal,Belgium,1977,69.1218
Portugal,Cyprus,1977,2.14
Portugal,France,1977,175.3
Portugal,Greece,1977,9.4
Portugal,Ireland,1977,14.5
Portugal,Italy,1977,89.9
Portugal,Luxembourg,1977,2.97816
Portugal,Malta,1977,0.11
Portugal,Netherlands,1977,75.9
Portugal,RESTO_DEL_MUNDO,1977,951.553
Portugal,Spain,1977,44.83
Portugal,Switzerland,1977,56.4
Portugal,Turkey,1977,5.58
Portugal,United Kingdom,1977,402.3
Portugal,Austria,1978,33.9
Portugal,Belgium,1978,84.9672
Portugal,Cyprus,1978,2.896
Portugal,France,1978,239.9
Portugal,Greece,1978,10.74
Portugal,Ireland,1978,17.91
Portugal,Italy,1978,150.4
Portugal,Luxembourg,1978,3.73281
Portugal,Malta,1978,0.12
Portugal,Netherlands,1978,101.8
Portugal,RESTO_DEL_MUNDO,1978,961.346
Portugal,Spain,1978,55.44
Portugal,Switzerland,1978,57.9
Portugal,Turkey,1978,2.52
Portugal,United Kingdom,1978,492.5
Portugal,Austria,1979,46.4
Portugal,Belgium,1979,118.402
Portugal,Cyprus,1979,4.688
Portugal,France,1979,390.3
Portugal,Greece,1979,14.15
Portugal,Ireland,1979,30.47
Portugal,Italy,1979,227.4
Portugal,Luxembourg,1979,5.29814
Portugal,Malta,1979,0.23
Portugal,Netherlands,1979,148.6
Portugal,RESTO_DEL_MUNDO,1979,1371.47
Portugal,Spain,1979,114.77
Portugal,Switzerland,1979,204.3
Portugal,Turkey,1979,2.01
Portugal,United Kingdom,1979,719.4
Portugal,Austria,1980,64.9
Portugal,Belgium,1980,151.228
Portugal,Cyprus,1980,5.548
Portugal,France,1980,510.3
Portugal,Greece,1980,16.87
Portugal,Ireland,1980,33.52
Portugal,Italy,1980,299.8
Portugal,Luxembourg,1980,6.77191
Portugal,Malta,1980,2.57
Portugal,Netherlands,1980,212.1
Portugal,RESTO_DEL_MUNDO,1980,1642.51
Portugal,Spain,1980,162.65
Portugal,Switzerland,1980,107.2
Portugal,Turkey,1980,6.67
Portugal,United Kingdom,1980,778.8
Portugal,Austria,1981,55.9
Portugal,Belgium,1981,120.414
Portugal,Cyprus,1981,5.045
Portugal,France,1981,525.5
Portugal,Greece,1981,12.37
Portugal,Ireland,1981,29.07
Portugal,Italy,1981,210.6
Portugal,Luxembourg,1981,5.48593
Portugal,Malta,1981,1.99
Portugal,Netherlands,1981,167.7
Portugal,RESTO_DEL_MUNDO,1981,1653.64
Portugal,Spain,1981,136.3
Portugal,Switzerland,1981,96.9
Portugal,Turkey,1981,1.61
Portugal,United Kingdom,1981,672.6
Portugal,Austria,1982,56.7
Portugal,Belgium,1982,133.778
Portugal,Cyprus,1982,4.872
Portugal,France,1982,567.7
Portugal,Greece,1982,11.17
Portugal,Ireland,1982,31.47
Portugal,Italy,1982,225.3
Portugal,Luxembourg,1982,6.32209
Portugal,Malta,1982,2.14
Portugal,Netherlands,1982,209
Portugal,RESTO_DEL_MUNDO,1982,1509.95
Portugal,Spain,1982,149.69
Portugal,Switzerland,1982,83.1
Portugal,Turkey,1982,4.9
Portugal,United Kingdom,1982,665
Portugal,Austria,1983,63.7
Portugal,Belgium,1983,174.043
Portugal,Cyprus,1983,4.642
Portugal,France,1983,668.4
Portugal,Greece,1983,11.95
Portugal,Ireland,1983,32.66
Portugal,Italy,1983,200
Portugal,Luxembourg,1983,8.55656
Portugal,Malta,1983,1.55
Portugal,Netherlands,1983,240.7
Portugal,RESTO_DEL_MUNDO,1983,1595.42
Portugal,Spain,1983,172.01
Portugal,Switzerland,1983,87.4
Portugal,Turkey,1983,3.16
Portugal,United Kingdom,1983,720.7
Portugal,Austria,1984,71.8
Portugal,Belgium,1984,176.58
Portugal,Cyprus,1984,6.383
Portugal,France,1984,663.1
Portugal,Greece,1984,16.2
Portugal,Ireland,1984,38.08
Portugal,Italy,1984,251.8
Portugal,Luxembourg,1984,8.92001
Portugal,Malta,1984,1.98
Portugal,Netherlands,1984,276.3
Portugal,RESTO_DEL_MUNDO,1984,1877.55
Portugal,Spain,1984,223.9
Portugal,Switzerland,1984,97.5
Portugal,Turkey,1984,16.62
Portugal,United Kingdom,1984,861
Portugal,Austria,1985,85.9
Portugal,Belgium,1985,216.124
Portugal,Cyprus,1985,6.133
Portugal,France,1985,761.3
Portugal,Greece,1985,13.88
Portugal,Ireland,1985,48.44
Portugal,Italy,1985,272.6
Portugal,Luxembourg,1985,10.8759
Portugal,Malta,1985,2.79
Portugal,Netherlands,1985,327.7
Portugal,RESTO_DEL_MUNDO,1985,2001.89
Portugal,Spain,1985,236.81
Portugal,Switzerland,1985,100.4
Portugal,Turkey,1985,26.18
Portugal,United Kingdom,1985,901.8
Portugal,Austria,1986,120.9
Portugal,Belgium,1986,249.296
Portugal,Cyprus,1986,6.048
Portugal,France,1986,1129.7
Portugal,Greece,1986,27.1
Portugal,Ireland,1986,54.44
Portugal,Italy,1986,447.6
Portugal,Luxembourg,1986,13.2042
Portugal,Malta,1986,2.86
Portugal,Netherlands,1986,415.5
Portugal,RESTO_DEL_MUNDO,1986,2291.53
Portugal,Spain,1986,454.9
Portugal,Switzerland,1986,153.2
Portugal,Turkey,1986,15.52
Portugal,United Kingdom,1986,1127
Portugal,Austria,1987,167.5
Portugal,Belgium,1987,272.28
Portugal,Cyprus,1987,6.716
Portugal,France,1987,1545.4
Portugal,Greece,1987,20.7
Portugal,Ireland,1987,61.6
Portugal,Italy,1987,388.6
Portugal,Luxembourg,1987,14.4198
Portugal,Malta,1987,4.22
Portugal,Netherlands,1987,528.5
Portugal,RESTO_DEL_MUNDO,1987,2705.7
Portugal,Spain,1987,821.53
Portugal,Switzerland,1987,185.4
Portugal,Turkey,1987,14.431
Portugal,United Kingdom,1987,1393.5
Portugal,Austria,1988,186.858
Portugal,Belgium,1988,316.024
Portugal,Cyprus,1988,8.64737
Portugal,France,1988,1724.5
Portugal,Greece,1988,24.3341
Portugal,Ireland,1988,66.3843
Portugal,Italy,1988,448.7
Portugal,Luxembourg,1988,17.4758
Portugal,Malta,1988,4.18
Portugal,Netherlands,1988,569.5
Portugal,RESTO_DEL_MUNDO,1988,3025.8
Portugal,Spain,1988,1257.62
Portugal,Switzerland,1988,203.8
Portugal,Turkey,1988,12.84
Portugal,United Kingdom,1988,1650.73
Portugal,Austria,1989,219.324
Portugal,Belgium,1989,357.269
Portugal,Cyprus,1989,8.15097
Portugal,France,1989,1966.9
Portugal,Greece,1989,60.7743
Portugal,Ireland,1989,81.3932
Portugal,Italy,1989,586.976
Portugal,Luxembourg,1989,20.8713
Portugal,Malta,1989,4.9257
Portugal,Netherlands,1989,616.706
Portugal,RESTO_DEL_MUNDO,1989,3594.74
Portugal,Spain,1989,1661.07
Portugal,Switzerland,1989,213.96
Portugal,Turkey,1989,9.606
Portugal,United Kingdom,1989,1703.75
Portugal,Austria,1990,302
Portugal,Belgium,1990,430.411
Portugal,Cyprus,1990,9.98998
Portugal,France,1990,2947.75
Portugal,Germany,1990,2942.52
Portugal,Greece,1990,82.1428
Portugal,Ireland,1990,105.763
Portugal,Italy,1990,640.614
Portugal,Luxembourg,1990,25.6287
Portugal,Malta,1990,7.15205
Portugal,Netherlands,1990,775.577
Portugal,RESTO_DEL_MUNDO,1990,4298.67
Portugal,Spain,1990,2192.26
Portugal,Switzerland,1990,281.235
Portugal,Turkey,1990,17.471
Portugal,United Kingdom,1990,2078.08
Portugal,Austria,1991,303.523
Portugal,Belgium,1991,462.559
Portugal,Cyprus,1991,13.1811
Portugal,France,1991,2555.07
Portugal,Germany,1991,3397.57
Portugal,Greece,1991,67.8345
Portugal,Ireland,1991,105.481
Portugal,Italy,1991,671.104
Portugal,Luxembourg,1991,29.1814
Portugal,Malta,1991,6.46979
Portugal,Netherlands,1991,782.256
Portugal,RESTO_DEL_MUNDO,1991,4072.45
Portugal,Spain,1991,2540.76
Portugal,Switzerland,1991,283.55
Portugal,Turkey,1991,18.257
Portugal,United Kingdom,1991,1847.49
Portugal,Austria,1992,325.783
Portugal,Belgium,1992,485.502
Portugal,Cyprus,1992,15.6001
Portugal,France,1992,2693.83
Portugal,Germany,1992,3792.33
Portugal,Greece,1992,85.0555
Portugal,Ireland,1992,91.3234
Portugal,Italy,1992,692.945
Portugal,Luxembourg,1992,30.8179
Portugal,Malta,1992,12.9647
Portugal,Netherlands,1992,763.606
Portugal,RESTO_DEL_MUNDO,1992,4592.96
Portugal,Spain,1992,2699.84
Portugal,Switzerland,1992,293.163
Portugal,Turkey,1992,24
Portugal,United Kingdom,1992,2062.91
Portugal,Austria,1993,282.587
Portugal,Belgium,1993,539.505
Portugal,Cyprus,1993,10.8682
Portugal,France,1993,2246.88
Portugal,Germany,1993,2982.52
Portugal,Greece,1993,58.247
Portugal,Ireland,1993,71.0374
Portugal,Italy,1993,466
Portugal,Luxembourg,1993,36.8856
Portugal,Malta,1993,5.97638
Portugal,Netherlands,1993,652.923
Portugal,RESTO_DEL_MUNDO,1993,3814.56
Portugal,Spain,1993,2210.29
Portugal,Switzerland,1993,312.672
Portugal,Turkey,1993,48
Portugal,United Kingdom,1993,1689.86
Portugal,Austria,1994,331.977
Portugal,Belgium,1994,620.863
Portugal,Cyprus,1994,12.9467
Portugal,France,1994,2612.53
Portugal,Germany,1994,3324.45
Portugal,Greece,1994,68.2581
Portugal,Ireland,1994,87.6477
Portugal,Italy,1994,585.686
Portugal,Luxembourg,1994,43.3572
Portugal,Malta,1994,7.69369
Portugal,Netherlands,1994,699.732
Portugal,RESTO_DEL_MUNDO,1994,4138.91
Portugal,Spain,1994,2562.01
Portugal,Switzerland,1994,342.562
Portugal,Turkey,1994,42.348
Portugal,United Kingdom,1994,1785.6
Portugal,Austria,1995,377.187
Portugal,Belgium,1995,693.494
Portugal,Cyprus,1995,14.7614
Portugal,France,1995,3089.31
Portugal,Germany,1995,4598.12
Portugal,Greece,1995,83.6153
Portugal,Ireland,1995,91.7656
Portugal,Italy,1995,831.808
Portugal,Luxembourg,1995,48.4958
Portugal,Malta,1995,9.98335
Portugal,Netherlands,1995,919.533
Portugal,RESTO_DEL_MUNDO,1995,4874.19
Portugal,Spain,1995,3380.4
Portugal,Switzerland,1995,441.435
Portugal,Turkey,1995,72.166
Portugal,United Kingdom,1995,2033.29
Portugal,Austria,1996,433.008
Portugal,Belgium,1996,802.004
Portugal,Cyprus,1996,16.5347
Portugal,France,1996,3079.28
Portugal,Germany,1996,5264.14
Portugal,Greece,1996,117.1
Portugal,Ireland,1996,120.082
Portugal,Italy,1996,1002.11
Portugal,Luxembourg,1996,57.8563
Portugal,Malta,1996,7.23318
Portugal,Netherlands,1996,980.707
Portugal,RESTO_DEL_MUNDO,1996,4896.45
Portugal,Spain,1996,3573.39
Portugal,Switzerland,1996,414.202
Portugal,Turkey,1996,89.2558
Portugal,United Kingdom,1996,2300.69
Portugal,Austria,1997,382.595
Portugal,Belgium,1997,868.482
Portugal,Cyprus,1997,14.1663
Portugal,France,1997,3031.27
Portugal,Germany,1997,5028.67
Portugal,Greece,1997,100.513
Portugal,Ireland,1997,103.739
Portugal,Italy,1997,945.187
Portugal,Luxembourg,1997,18.5457
Portugal,Malta,1997,8.50869
Portugal,Netherlands,1997,896.22
Portugal,RESTO_DEL_MUNDO,1997,5125.88
Portugal,Spain,1997,3317.03
Portugal,Switzerland,1997,340.659
Portugal,Turkey,1997,98.691
Portugal,United Kingdom,1997,2503.71
Portugal,Austria,1998,369.718
Portugal,Belgium,1998,956.653
Portugal,Cyprus,1998,16.5448
Portugal,France,1998,3144.17
Portugal,Germany,1998,5297.48
Portugal,Greece,1998,94.184
Portugal,Ireland,1998,118.705
Portugal,Italy,1998,980.246
Portugal,Luxembourg,1998,15.7008
Portugal,Malta,1998,6.64987
Portugal,Netherlands,1998,912.524
Portugal,RESTO_DEL_MUNDO,1998,5080.16
Portugal,Spain,1998,3614.9
Portugal,Switzerland,1998,352.924
Portugal,Turkey,1998,79.6
Portugal,United Kingdom,1998,2598.1
Portugal,Austria,1999,181.213
Portugal,Belgium,1999,985.974
Portugal,Cyprus,1999,15.4713
Portugal,France,1999,3503.57
Portugal,Germany,1999,5080.79
Portugal,Greece,1999,96.587
Portugal,Ireland,1999,97.5644
Portugal,Italy,1999,1039.39
Portugal,Luxembourg,1999,17.3121
Portugal,Malta,1999,6.18749
Portugal,Netherlands,1999,1012.87
Portugal,RESTO_DEL_MUNDO,1999,4862.21
Portugal,Spain,1999,3587.05
Portugal,Switzerland,1999,326.4
Portugal,Turkey,1999,70.2796
Portugal,United Kingdom,1999,2983.82
Portugal,Austria,2000,142.689
Portugal,Belgium,2000,1423.15
Portugal,Cyprus,2000,17.3616
Portugal,France,2000,4046.89
Portugal,Germany,2000,5325.55
Portugal,Greece,2000,87.803
Portugal,Ireland,2000,97.7743
Portugal,Italy,2000,978.778
Portugal,Luxembourg,2000,19.3382
Portugal,Malta,2000,8.18657
Portugal,Netherlands,2000,1012.12
Portugal,RESTO_DEL_MUNDO,2000,5339.44
Portugal,Spain,2000,3660.62
Portugal,Switzerland,2000,304.524
Portugal,Turkey,2000,90.7308
Portugal,United Kingdom,2000,2615.83
Portugal,Austria,2001,176.103
Portugal,Belgium,2001,1764.45
Portugal,Cyprus,2001,14.4471
Portugal,France,2001,5492.92
Portugal,Germany,2001,4891.82
Portugal,Greece,2001,78.7625
Portugal,Ireland,2001,114.059
Portugal,Italy,2001,1111.92
Portugal,Luxembourg,2001,20.7291
Portugal,Malta,2001,10.4283
Portugal,Netherlands,2001,1031.81
Portugal,RESTO_DEL_MUNDO,2001,5551.21
Portugal,Spain,2001,3792.74
Portugal,Switzerland,2001,310.34
Portugal,Turkey,2001,67.6868
Portugal,United Kingdom,2001,2103.28
Portugal,Austria,2002,188.706
Portugal,Belgium,2002,1592.84
Portugal,Cyprus,2002,16.8186
Portugal,France,2002,4314.89
Portugal,Germany,2002,4820.61
Portugal,Greece,2002,79.3584
Portugal,Ireland,2002,126.942
Portugal,Italy,2002,1253.58
Portugal,Luxembourg,2002,20.6283
Portugal,Malta,2002,9.82943
Portugal,Netherlands,2002,1106.57
Portugal,RESTO_DEL_MUNDO,2002,5966.04
Portugal,Spain,2002,4596.52
Portugal,Switzerland,2002,326.636
Portugal,Turkey,2002,100.68
Portugal,United Kingdom,2002,2307.27
Portugal,Austria,2003,231.599
Portugal,Belgium,2003,1526.69
Portugal,Cyprus,2003,19.3485
Portugal,France,2003,6054.37
Portugal,Germany,2003,5793.39
Portugal,Greece,2003,114.406
Portugal,Ireland,2003,130.325
Portugal,Italy,2003,1500.31
Portugal,Luxembourg,2003,26.2953
Portugal,Malta,2003,16.025
Portugal,Netherlands,2003,1342.77
Portugal,RESTO_DEL_MUNDO,2003,7260.53
Portugal,Spain,2003,6844.13
Portugal,Switzerland,2003,359.252
Portugal,Turkey,2003,155.03
Portugal,United Kingdom,2003,3007.66
Portugal,Austria,2004,262.313
Portugal,Belgium,2004,1725.01
Portugal,Cyprus,2004,25.9976
Portugal,France,2004,6994.62
Portugal,Germany,2004,5761.34
Portugal,Greece,2004,140.043
Portugal,Ireland,2004,162.729
Portugal,Italy,2004,1657.73
Portugal,Luxembourg,2004,36.0692
Portugal,Malta,2004,15.3573
Portugal,Netherlands,2004,1463.17
Portugal,RESTO_DEL_MUNDO,2004,8603.75
Portugal,Spain,2004,8588.68
Portugal,Switzerland,2004,395.132
Portugal,Turkey,2004,236.729
Portugal,United Kingdom,2004,3223.39
Portugal,Austria,2005,241.203
Portugal,Belgium,2005,1774.44
Portugal,Cyprus,2005,24.976
Portugal,France,2005,4607.88
Portugal,Germany,2005,5064.82
Portugal,Greece,2005,161.718
Portugal,Ireland,2005,162.693
Portugal,Italy,2005,1720.29
Portugal,Luxembourg,2005,38.6697
Portugal,Malta,2005,12.56
Portugal,Netherlands,2005,1517.67
Portugal,RESTO_DEL_MUNDO,2005,9237.62
Portugal,Spain,2005,9507.23
Portugal,Switzerland,2005,378.73
Portugal,Turkey,2005,397.787
Portugal,United Kingdom,2005,3352.91
Portugal,Austria,2006,247.608
Portugal,Belgium,2006,1323.42
Portugal,Cyprus,2006,32.356
Portugal,France,2006,4970.16
Portugal,Germany,2006,5026.92
Portugal,Greece,2006,154.832
Portugal,Ireland,2006,176.595
Portugal,Italy,2006,1991.54
Portugal,Luxembourg,2006,41.8762
Portugal,Malta,2006,11.3948
Portugal,Netherlands,2006,1605.33
Portugal,RESTO_DEL_MUNDO,2006,11381.9
Portugal,Spain,2006,10914.2
Portugal,Switzerland,2006,410.384
Portugal,Turkey,2006,381.646
Portugal,United Kingdom,2006,5162.6
Portugal,Austria,2007,300.4
Portugal,Belgium,2007,1469.03
Portugal,Cyprus,2007,39.0654
Portugal,France,2007,5723.38
Portugal,Germany,2007,5552.78
Portugal,Greece,2007,180.159
Portugal,Ireland,2007,175.59
Portugal,Italy,2007,2087.84
Portugal,Luxembourg,2007,47.3067
Portugal,Malta,2007,11.6209
Portugal,Netherlands,2007,1678.5
Portugal,RESTO_DEL_MUNDO,2007,13826
Portugal,Spain,2007,12955.3
Portugal,Switzerland,2007,423.436
Portugal,Turkey,2007,407.623
Portugal,United Kingdom,2007,2904.41
Portugal,Austria,2008,342.759
Portugal,Belgium,2008,1622.64
Portugal,Cyprus,2008,53.5482
Portugal,France,2008,6022.96
Portugal,Germany,2008,5955.79
Portugal,Greece,2008,229.987
Portugal,Ireland,2008,172.114
Portugal,Italy,2008,2009.55
Portugal,Luxembourg,2008,53.774
Portugal,Malta,2008,10.8919
Portugal,Netherlands,2008,1928.07
Portugal,RESTO_DEL_MUNDO,2008,15867.1
Portugal,Spain,2008,14479.3
Portugal,Switzerland,2008,496.798
Portugal,Turkey,2008,479.85
Portugal,United Kingdom,2008,3114.87
Portugal,Austria,2009,270.475
Portugal,Belgium,2009,1256.81
Portugal,Cyprus,2009,31.6526
Portugal,France,2009,4997.18
Portugal,Germany,2009,4826.07
Portugal,Greece,2009,162.761
Portugal,Ireland,2009,116.546
Portugal,Italy,2009,1572.23
Portugal,Luxembourg,2009,54.1914
Portugal,Malta,2009,8.6538
Portugal,Netherlands,2009,1526.63
Portugal,RESTO_DEL_MUNDO,2009,12686.7
Portugal,Spain,2009,12138.7
Portugal,Switzerland,2009,429.03
Portugal,Turkey,2009,417.988
Portugal,United Kingdom,2009,2197.9
Portugal,Austria,2010,291.764
Portugal,Belgium,2010,1443.43
Portugal,Cyprus,2010,45.5674
Portugal,France,2010,5462.98
Portugal,Germany,2010,5294.73
Portugal,Greece,2010,165.409
Portugal,Ireland,2010,110.085
Portugal,Italy,2010,1840.72
Portugal,Luxembourg,2010,52.5203
Portugal,Malta,2010,9.0602
Portugal,Netherlands,2010,1911.68
Portugal,RESTO_DEL_MUNDO,2010,14400.6
Portugal,Spain,2010,12531.4
Portugal,Switzerland,2010,483.275
Portugal,Turkey,2010,503.658
Portugal,United Kingdom,2010,2641.11
Portugal,Austria,2011,371.951
Portugal,Belgium,2011,2081.88
Portugal,Cyprus,2011,31.3346
Portugal,France,2011,6764.07
Portugal,Germany,2011,6550.3
Portugal,Greece,2011,183.129
Portugal,Ireland,2011,150.743
Portugal,Italy,2011,2171.69
Portugal,Luxembourg,2011,59.3468
Portugal,Malta,2011,25.0935
Portugal,Netherlands,2011,2244.28
Portugal,RESTO_DEL_MUNDO,2011,18768.9
Portugal,Spain,2011,13886.3
Portugal,Switzerland,2011,572.196
Portugal,Turkey,2011,606.557
Portugal,United Kingdom,2011,2856.1
Portugal,Austria,2012,318.168
Portugal,Belgium,2012,2082.06
Portugal,Cyprus,2012,20.0059
Portugal,France,2012,6211.46
Portugal,Germany,2012,6324.66
Portugal,Greece,2012,303.615
Portugal,Ireland,2012,148.074
Portugal,Italy,2012,2065.25
Portugal,Luxembourg,2012,50.4992
Portugal,Malta,2012,8.0688
Portugal,Netherlands,2012,2192.4
Portugal,RESTO_DEL_MUNDO,2012,20626.5
Portugal,Spain,2012,12261.1
Portugal,Switzerland,2012,828.966
Portugal,Turkey,2012,644.369
Portugal,United Kingdom,2012,2749.31
Portugal,Austria,2013,355.553
Portugal,Belgium,2013,1914.13
Portugal,Cyprus,2013,16.4551
Portugal,France,2013,6813.11
Portugal,Germany,2013,6688.01
Portugal,Greece,2013,171.128
Portugal,Ireland,2013,162.153
Portugal,Italy,2013,2015.51
Portugal,Luxembourg,2013,60.4884
Portugal,Malta,2013,14.2871
Portugal,Netherlands,2013,2373.26
Portugal,RESTO_DEL_MUNDO,2013,22279.8
Portugal,Spain,2013,13618.7
Portugal,Switzerland,2013,1075.05
Portugal,Turkey,2013,680.055
Portugal,United Kingdom,2013,3027.35
Portugal,Austria,2014,365.717
Portugal,Belgium,2014,1675.18
Portugal,Cyprus,2014,35.3771
Portugal,France,2014,6860.55
Portugal,Germany,2014,6813.18
Portugal,Greece,2014,172.7
Portugal,Ireland,2014,186.82
Portugal,Italy,2014,1980.59
Portugal,Luxembourg,2014,63.5704
Portugal,Malta,2014,13.4938
Portugal,Netherlands,2014,2330.93
Portugal,RESTO_DEL_MUNDO,2014,22901.7
Portugal,Spain,2014,13698.4
Portugal,Switzerland,2014,893.987
Portugal,Turkey,2014,762.684
Portugal,United Kingdom,2014,3657.24
Romania,RESTO_DEL_MUNDO,1900,40.5603
Romania,RESTO_DEL_MUNDO,1901,61.02
Romania,RESTO_DEL_MUNDO,1902,85.45
Romania,RESTO_DEL_MUNDO,1903,68.48
Romania,RESTO_DEL_MUNDO,1904,60.78
Romania,RESTO_DEL_MUNDO,1905,67.1168
Romania,RESTO_DEL_MUNDO,1906,113.8
Romania,RESTO_DEL_MUNDO,1907,129.96
Romania,Bulgaria,1908,0.7
Romania,RESTO_DEL_MUNDO,1908,80.93
Romania,Bulgaria,1909,0.85
Romania,RESTO_DEL_MUNDO,1909,93.95
Romania,Bulgaria,1910,1.05
Romania,RESTO_DEL_MUNDO,1910,115.34
Romania,RESTO_DEL_MUNDO,1911,101.74
Romania,Bulgaria,1912,2.64
Romania,RESTO_DEL_MUNDO,1912,164.24
Romania,Bulgaria,1913,1.65
Romania,RESTO_DEL_MUNDO,1913,130.98
Romania,RESTO_DEL_MUNDO,1919,0.13
Romania,Bulgaria,1920,1.1
Romania,Hungary,1920,0.97
Romania,RESTO_DEL_MUNDO,1920,49.56
Romania,Bulgaria,1921,2.1
Romania,Hungary,1921,3.34
Romania,RESTO_DEL_MUNDO,1921,82.7101
Romania,Bulgaria,1922,3.5
Romania,Hungary,1922,17.74
Romania,RESTO_DEL_MUNDO,1922,61.1207
Romania,Bulgaria,1923,5.1
Romania,Hungary,1923,8.74
Romania,RESTO_DEL_MUNDO,1923,92.8287
Romania,Bulgaria,1924,5.4
Romania,Hungary,1924,11.18
Romania,RESTO_DEL_MUNDO,1924,110.108
Romania,Bulgaria,1925,5.2
Romania,Hungary,1925,12.16
Romania,RESTO_DEL_MUNDO,1925,124.474
Romania,Bulgaria,1926,4.1
Romania,Hungary,1926,13.48
Romania,RESTO_DEL_MUNDO,1926,131.819
Romania,Bulgaria,1927,4
Romania,Hungary,1927,14.45
Romania,RESTO_DEL_MUNDO,1927,1217.16
Romania,Bulgaria,1928,4.6
Romania,Hungary,1928,16.22
Romania,RESTO_DEL_MUNDO,1928,137.63
Romania,Bulgaria,1929,7.2
Romania,Hungary,1929,16.76
Romania,RESTO_DEL_MUNDO,1929,128.88
Romania,Bulgaria,1930,4.5
Romania,RESTO_DEL_MUNDO,1930,172.678
Romania,Bulgaria,1931,2.7
Romania,Hungary,1931,11.35
Romania,RESTO_DEL_MUNDO,1931,124.356
Romania,Bulgaria,1932,1.4
Romania,Hungary,1932,7.13
Romania,RESTO_DEL_MUNDO,1932,112.5
Romania,Bulgaria,1933,1.3
Romania,Hungary,1933,5.45
Romania,RESTO_DEL_MUNDO,1933,98.7107
Romania,Bulgaria,1934,1.2
Romania,Hungary,1934,8.95
Romania,RESTO_DEL_MUNDO,1934,113.248
Romania,Bulgaria,1935,1.1
Romania,Hungary,1935,16
Romania,RESTO_DEL_MUNDO,1935,135.931
Romania,Bulgaria,1936,1.2
Romania,Hungary,1936,11.57
Romania,RESTO_DEL_MUNDO,1936,161.692
Romania,Bulgaria,1937,1.85
Romania,Hungary,1937,13.38
Romania,RESTO_DEL_MUNDO,1937,257.397
Romania,Bulgaria,1938,2.1
Romania,Hungary,1938,12
Romania,RESTO_DEL_MUNDO,1938,154.393
Romania,Bulgaria,1939,2.5
Romania,RESTO_DEL_MUNDO,1939,123.604
Romania,Bulgaria,1940,1.5
Romania,RESTO_DEL_MUNDO,1940,177.4
Romania,Bulgaria,1941,3.3
Romania,RESTO_DEL_MUNDO,1941,107.31
Romania,Bulgaria,1942,6.9
Romania,RESTO_DEL_MUNDO,1942,271.63
Romania,Bulgaria,1943,10.9
Romania,RESTO_DEL_MUNDO,1943,0
Romania,Bulgaria,1944,7.6
Romania,RESTO_DEL_MUNDO,1944,176.39
Romania,Bulgaria,1945,3.9
Romania,RESTO_DEL_MUNDO,1945,0.85
Romania,Bulgaria,1946,1
Romania,RESTO_DEL_MUNDO,1946,3.87148
Romania,Bulgaria,1947,1.3
Romania,RESTO_DEL_MUNDO,1947,5.25605
Romania,Bulgaria,1948,2.2
Romania,Hungary,1948,4.2
Romania,RESTO_DEL_MUNDO,1948,77.92
Romania,RESTO_DEL_MUNDO,1949,29.7963
Romania,RESTO_DEL_MUNDO,1950,15.23
Romania,RESTO_DEL_MUNDO,1951,31.85
Romania,RESTO_DEL_MUNDO,1952,27.7
Romania,RESTO_DEL_MUNDO,1953,47.5
Romania,RESTO_DEL_MUNDO,1954,71.8
Romania,Bulgaria,1955,11.33
Romania,Hungary,1955,18.6
Romania,RESTO_DEL_MUNDO,1955,405.26
Romania,Bulgaria,1956,10.23
Romania,Hungary,1956,12.9
Romania,RESTO_DEL_MUNDO,1956,418.68
Romania,Hungary,1957,17
Romania,RESTO_DEL_MUNDO,1957,376.13
Romania,Bulgaria,1958,4.7
Romania,Hungary,1958,14.05
Romania,RESTO_DEL_MUNDO,1958,454.02
Romania,Bulgaria,1959,6.6
Romania,Hungary,1959,22.8
Romania,RESTO_DEL_MUNDO,1959,491.68
Romania,Bulgaria,1960,9.19
Romania,Hungary,1960,42.03
Romania,RESTO_DEL_MUNDO,1960,598.63
Romania,Bulgaria,1961,9.07
Romania,Hungary,1961,25.04
Romania,RESTO_DEL_MUNDO,1961,691.865
Romania,Bulgaria,1962,11.74
Romania,Hungary,1962,38.34
Romania,RESTO_DEL_MUNDO,1962,686.39
Romania,Bulgaria,1963,11.77
Romania,Hungary,1963,36.74
Romania,RESTO_DEL_MUNDO,1963,828.63
Romania,Bulgaria,1964,6.93
Romania,Hungary,1964,40.92
Romania,RESTO_DEL_MUNDO,1964,893.83
Romania,Bulgaria,1965,9.22
Romania,Hungary,1965,38.46
Romania,RESTO_DEL_MUNDO,1965,984.28
Romania,Bulgaria,1966,17.4
Romania,Hungary,1966,32.94
Romania,RESTO_DEL_MUNDO,1966,1049.79
Romania,Bulgaria,1967,20.67
Romania,Hungary,1967,37.87
Romania,RESTO_DEL_MUNDO,1967,1192.93
Romania,Bulgaria,1968,19.94
Romania,Hungary,1968,30.7
Romania,RESTO_DEL_MUNDO,1968,1260.26
Romania,Bulgaria,1969,20.82
Romania,Hungary,1969,47.36
Romania,RESTO_DEL_MUNDO,1969,1388.1
Romania,Bulgaria,1970,23.42
Romania,Hungary,1970,67.53
Romania,RESTO_DEL_MUNDO,1970,1582.98
Romania,Bulgaria,1971,27.34
Romania,Hungary,1971,73.12
Romania,RESTO_DEL_MUNDO,1971,1701.62
Romania,Bulgaria,1972,52.67
Romania,Hungary,1972,54.13
Romania,RESTO_DEL_MUNDO,1972,2124.63
Romania,Bulgaria,1973,73.7
Romania,Hungary,1973,91.82
Romania,RESTO_DEL_MUNDO,1973,2929.98
Romania,Bulgaria,1974,89.74
Romania,Hungary,1974,107.64
Romania,RESTO_DEL_MUNDO,1974,3871.9
Romania,Bulgaria,1975,96.54
Romania,Hungary,1975,190.92
Romania,RESTO_DEL_MUNDO,1975,4464.73
Romania,Bulgaria,1976,87.63
Romania,Hungary,1976,129.55
Romania,RESTO_DEL_MUNDO,1976,4963.91
Romania,Bulgaria,1977,157.4
Romania,Hungary,1977,170.88
Romania,RESTO_DEL_MUNDO,1977,5696.61
Romania,Bulgaria,1978,151.24
Romania,Hungary,1978,183.63
Romania,RESTO_DEL_MUNDO,1978,6809.39
Romania,Bulgaria,1979,164.47
Romania,Hungary,1979,222.38
Romania,RESTO_DEL_MUNDO,1979,8008.13
Romania,Bulgaria,1980,216.33
Romania,Hungary,1980,197.7
Romania,RESTO_DEL_MUNDO,1980,9220.34
Romania,Bulgaria,1981,169.653
Romania,Hungary,1981,184.08
Romania,RESTO_DEL_MUNDO,1981,10346.7
Romania,Bulgaria,1982,183.381
Romania,Hungary,1982,172.18
Romania,RESTO_DEL_MUNDO,1982,8479.63
Romania,Bulgaria,1983,225.896
Romania,Hungary,1983,155.43
Romania,RESTO_DEL_MUNDO,1983,8428.57
Romania,Bulgaria,1984,192.39
Romania,Hungary,1984,142.69
Romania,RESTO_DEL_MUNDO,1984,8899.12
Romania,Bulgaria,1985,209.011
Romania,Hungary,1985,143.71
Romania,RESTO_DEL_MUNDO,1985,9214.3
Romania,Bulgaria,1986,242.541
Romania,Hungary,1986,182.51
Romania,RESTO_DEL_MUNDO,1986,9253.2
Romania,Bulgaria,1987,261.58
Romania,Hungary,1987,181.15
Romania,RESTO_DEL_MUNDO,1987,9309.72
Romania,Bulgaria,1988,232.76
Romania,Hungary,1988,166.74
Romania,RESTO_DEL_MUNDO,1988,10001.9
Romania,Bulgaria,1989,191.95
Romania,Hungary,1989,141.859
Romania,RESTO_DEL_MUNDO,1989,9038.24
Romania,Bulgaria,1990,119.9
Romania,Hungary,1990,77.2555
Romania,RESTO_DEL_MUNDO,1990,5722.52
Romania,Bulgaria,1991,66.33
Romania,Hungary,1991,51.5
Romania,RESTO_DEL_MUNDO,1991,4621.76
Romania,Bulgaria,1992,120.221
Romania,Hungary,1992,68.2
Romania,RESTO_DEL_MUNDO,1992,4062.4
Romania,Russia,1992,430.5
Romania,Ukraine,1992,114.95
Romania,Bulgaria,1993,113.19
Romania,Croatia,1993,3.8
Romania,Czechia,1993,9.7766
Romania,Hungary,1993,86.4
Romania,RESTO_DEL_MUNDO,1993,4789.93
Romania,Russia,1993,101.7
Romania,Slovakia,1993,7.8592
Romania,Slovenia,1993,15.705
Romania,Ukraine,1993,115.17
Romania,Bulgaria,1994,113.3
Romania,Croatia,1994,10.649
Romania,Czechia,1994,12.4332
Romania,Hungary,1994,119
Romania,RESTO_DEL_MUNDO,1994,6607.13
Romania,Russia,1994,146.1
Romania,Slovakia,1994,8.4283
Romania,Slovenia,1994,20.647
Romania,Ukraine,1994,95.2
Romania,Bulgaria,1995,60.8
Romania,Croatia,1995,12.569
Romania,Czechia,1995,14.1653
Romania,Hungary,1995,130.2
Romania,RESTO_DEL_MUNDO,1995,8651.61
Romania,Russia,1995,131.9
Romania,Slovakia,1995,11.698
Romania,Slovenia,1995,33.371
Romania,Ukraine,1995,151.36
Romania,Bulgaria,1996,70.462
Romania,Croatia,1996,19.14
Romania,Czechia,1996,17.7951
Romania,Hungary,1996,146.538
Romania,RESTO_DEL_MUNDO,1996,8460.82
Romania,Russia,1996,134.785
Romania,Slovakia,1996,16.5389
Romania,Slovenia,1996,24.706
Romania,Ukraine,1996,80.3
Romania,Bulgaria,1997,53.237
Romania,Croatia,1997,29.33
Romania,Czechia,1997,25.773
Romania,Hungary,1997,154.929
Romania,RESTO_DEL_MUNDO,1997,8591.76
Romania,Russia,1997,201.864
Romania,Slovakia,1997,19.0298
Romania,Slovenia,1997,16.54
Romania,Ukraine,1997,86.9
Romania,Bulgaria,1998,58.861
Romania,Croatia,1998,14.76
Romania,Czechia,1998,28.8496
Romania,Hungary,1998,185.693
Romania,RESTO_DEL_MUNDO,1998,8598.69
Romania,Russia,1998,90.34
Romania,Slovakia,1998,15.247
Romania,Slovenia,1998,48.684
Romania,Ukraine,1998,47.8
Romania,Bulgaria,1999,70.551
Romania,Croatia,1999,12.81
Romania,Czechia,1999,26.3518
Romania,Hungary,1999,232.57
Romania,RESTO_DEL_MUNDO,1999,8652.23
Romania,Russia,1999,47.7674
Romania,Slovakia,1999,15.0329
Romania,Slovenia,1999,45.6068
Romania,Ukraine,1999,52.3
Romania,Bulgaria,2000,230.183
Romania,Croatia,2000,19.1608
Romania,Czechia,2000,38.3021
Romania,Hungary,2000,328.5
Romania,RESTO_DEL_MUNDO,2000,9879.7
Romania,Russia,2000,79.387
Romania,Slovakia,2000,29.0311
Romania,Slovenia,2000,57.9105
Romania,Ukraine,2000,48.2
Romania,Bulgaria,2001,172.19
Romania,Croatia,2001,21.8339
Romania,Czechia,2001,62.3236
Romania,Hungary,2001,361.374
Romania,RESTO_DEL_MUNDO,2001,11279.5
Romania,Russia,2001,85.9969
Romania,Slovakia,2001,35.0234
Romania,Slovenia,2001,85.3965
Romania,Ukraine,2001,28.1158
Romania,Bulgaria,2002,162.63
Romania,Croatia,2002,44.7084
Romania,Czechia,2002,84.3349
Romania,Hungary,2002,426.349
Romania,RESTO_DEL_MUNDO,2002,13585.6
Romania,Russia,2002,61.1229
Romania,Slovakia,2002,48.2058
Romania,Slovenia,2002,92.3673
Romania,Ukraine,2002,28.998
Romania,Bulgaria,2003,260.139
Romania,Croatia,2003,132.144
Romania,Czechia,2003,151.221
Romania,Hungary,2003,599.921
Romania,RESTO_DEL_MUNDO,2003,17299.5
Romania,Russia,2003,67.9624
Romania,Slovakia,2003,51.579
Romania,Slovenia,2003,79.8581
Romania,Ukraine,2003,46.0138
Romania,Bulgaria,2004,426.6
Romania,Croatia,2004,190.124
Romania,Czechia,2004,228.886
Romania,Hungary,2004,901.812
Romania,RESTO_DEL_MUNDO,2004,22581.4
Romania,Russia,2004,130.17
Romania,Slovakia,2004,86.284
Romania,Slovenia,2004,130.339
Romania,Ukraine,2004,91.2469
Romania,Bulgaria,2005,677.928
Romania,Croatia,2005,275.57
Romania,Czechia,2005,350.712
Romania,Hungary,2005,1328.69
Romania,RESTO_DEL_MUNDO,2005,25254.2
Romania,Russia,2005,232.941
Romania,Slovakia,2005,126.555
Romania,Slovenia,2005,169.316
Romania,Ukraine,2005,211.849
Romania,Bulgaria,2006,876.853
Romania,Croatia,2006,173.791
Romania,Czechia,2006,363.009
Romania,Hungary,2006,2166.17
Romania,RESTO_DEL_MUNDO,2006,28173.4
Romania,Russia,2006,539.855
Romania,Slovakia,2006,237.558
Romania,Slovenia,2006,143.74
Romania,Ukraine,2006,446.086
Romania,Bulgaria,2007,1367.03
Romania,Croatia,2007,202.049
Romania,Czechia,2007,421.397
Romania,Hungary,2007,2067.61
Romania,RESTO_DEL_MUNDO,2007,30925.5
Romania,Russia,2007,730.866
Romania,Slovakia,2007,280.697
Romania,Slovenia,2007,199.953
Romania,Ukraine,2007,778.86
Romania,Bulgaria,2008,2084.54
Romania,Croatia,2008,183.991
Romania,Czechia,2008,574.776
Romania,Hungary,2008,2342.52
Romania,RESTO_DEL_MUNDO,2008,36165.4
Romania,Russia,2008,1018.45
Romania,Slovakia,2008,538.792
Romania,Slovenia,2008,228.861
Romania,Ukraine,2008,1171.08
Romania,Bulgaria,2009,1322.34
Romania,Croatia,2009,165.142
Romania,Czechia,2009,454.032
Romania,Hungary,2009,1817.01
Romania,RESTO_DEL_MUNDO,2009,32513.6
Romania,Russia,2009,876.251
Romania,Slovakia,2009,331.716
Romania,Slovenia,2009,226.265
Romania,Ukraine,2009,488.12
Romania,Bulgaria,2010,1775.61
Romania,Croatia,2010,158.397
Romania,Czechia,2010,668.676
Romania,Hungary,2010,2292.47
Romania,RESTO_DEL_MUNDO,2010,38773.8
Romania,Russia,2010,1347.35
Romania,Slovakia,2010,507.575
Romania,Slovenia,2010,225.223
Romania,Ukraine,2010,682.195
Romania,Bulgaria,2011,2248.75
Romania,Croatia,2011,185.974
Romania,Czechia,2011,926.23
Romania,Hungary,2011,3272.78
Romania,RESTO_DEL_MUNDO,2011,48452.9
Romania,Russia,2011,1433.31
Romania,Slovakia,2011,801.89
Romania,Slovenia,2011,282.126
Romania,Ukraine,2011,1125.72
Romania,Bulgaria,2012,2142.13
Romania,Croatia,2012,179.168
Romania,Czechia,2012,890.605
Romania,Hungary,2012,2657.15
Romania,RESTO_DEL_MUNDO,2012,44999.2
Romania,Russia,2012,1735.85
Romania,Slovakia,2012,873.452
Romania,Slovenia,2012,187.28
Romania,Ukraine,2012,929.748
Romania,Bulgaria,2013,2285.84
Romania,Croatia,2013,155.669
Romania,Czechia,2013,1166.68
Romania,Hungary,2013,2861.32
Romania,RESTO_DEL_MUNDO,2013,51271.1
Romania,Russia,2013,2046.59
Romania,Slovakia,2013,1011.44
Romania,Slovenia,2013,238.797
Romania,Ukraine,2013,897.019
Romania,Bulgaria,2014,2369.9
Romania,Croatia,2014,177.42
Romania,Czechia,2014,1413.28
Romania,Hungary,2014,3389.4
Romania,RESTO_DEL_MUNDO,2014,56547.3
Romania,Russia,2014,2205.57
Romania,Slovakia,2014,1275.24
Romania,Slovenia,2014,363.938
Romania,Ukraine,2014,847.345
Russia,RESTO_DEL_MUNDO,1900,521.91
Russia,RESTO_DEL_MUNDO,1901,481.77
Russia,RESTO_DEL_MUNDO,1902,584.38
Russia,RESTO_DEL_MUNDO,1903,684.03
Russia,RESTO_DEL_MUNDO,1904,693.39
Russia,RESTO_DEL_MUNDO,1905,795.78
Russia,RESTO_DEL_MUNDO,1906,732.44
Russia,RESTO_DEL_MUNDO,1907,742.97
Russia,RESTO_DEL_MUNDO,1908,506.85
Russia,RESTO_DEL_MUNDO,1909,992.05
Russia,RESTO_DEL_MUNDO,1910,1065.87
Russia,RESTO_DEL_MUNDO,1911,1020.64
Russia,RESTO_DEL_MUNDO,1912,1025.31
Russia,RESTO_DEL_MUNDO,1913,1051.54
Russia,RESTO_DEL_MUNDO,1914,22.66
Russia,RESTO_DEL_MUNDO,1915,12.76
Russia,RESTO_DEL_MUNDO,1916,6.53
Russia,RESTO_DEL_MUNDO,1992,40387.9
Russia,Czechia,1993,1478.78
Russia,RESTO_DEL_MUNDO,1993,46922.3
Russia,Slovakia,1993,1360.38
Russia,Slovenia,1993,202.404
Russia,Czechia,1994,1337.66
Russia,RESTO_DEL_MUNDO,1994,61378.5
Russia,Slovakia,1994,1309.91
Russia,Slovenia,1994,147.434
Russia,Czechia,1995,2014.82
Russia,RESTO_DEL_MUNDO,1995,77185.5
Russia,Slovakia,1995,1601.61
Russia,Slovenia,1995,241.418
Russia,Czechia,1996,2267.18
Russia,RESTO_DEL_MUNDO,1996,81603.8
Russia,Slovakia,1996,2126.38
Russia,Slovenia,1996,208.521
Russia,Czechia,1997,2011.33
Russia,RESTO_DEL_MUNDO,1997,80913.2
Russia,Slovakia,1997,1787.99
Russia,Slovenia,1997,250.2
Russia,Czechia,1998,1741
Russia,RESTO_DEL_MUNDO,1998,72324.5
Russia,Slovakia,1998,1499.52
Russia,Slovenia,1998,177.782
Russia,Czechia,1999,1526.81
Russia,RESTO_DEL_MUNDO,1999,75443.5
Russia,Slovakia,1999,1488.51
Russia,Slovenia,1999,145.127
Russia,Czechia,2000,2286.64
Russia,RESTO_DEL_MUNDO,2000,106541
Russia,Slovakia,2000,2394.68
Russia,Slovenia,2000,230.411
Russia,Czechia,2001,2196.97
Russia,RESTO_DEL_MUNDO,2001,106731
Russia,Slovakia,2001,2398.82
Russia,Slovenia,2001,281.315
Russia,Czechia,2002,2015.57
Russia,RESTO_DEL_MUNDO,2002,110001
Russia,Slovakia,2002,2277.11
Russia,Slovenia,2002,252.407
Russia,Czechia,2003,2564.6
Russia,RESTO_DEL_MUNDO,2003,141668
Russia,Slovakia,2003,2525.29
Russia,Slovenia,2003,352.822
Russia,Czechia,2004,979.997
Russia,RESTO_DEL_MUNDO,2004,194859
Russia,Slovakia,2004,2668.42
Russia,Slovenia,2004,154.334
Russia,Czechia,2005,4353.29
Russia,RESTO_DEL_MUNDO,2005,248875
Russia,Slovakia,2005,3694.35
Russia,Slovenia,2005,423.526
Russia,Czechia,2006,5305.69
Russia,RESTO_DEL_MUNDO,2006,301816
Russia,Slovakia,2006,5041.38
Russia,Slovenia,2006,466.734
Russia,Czechia,2007,5385.46
Russia,RESTO_DEL_MUNDO,2007,354057
Russia,Slovakia,2007,5536.24
Russia,Slovenia,2007,671.525
Russia,Czechia,2008,8817.9
Russia,RESTO_DEL_MUNDO,2008,466479
Russia,Slovakia,2008,7757.42
Russia,Slovenia,2008,583.612
Russia,Czechia,2009,5187.21
Russia,RESTO_DEL_MUNDO,2009,308453
Russia,Slovakia,2009,4849.68
Russia,Slovenia,2009,290.314
Russia,Czechia,2010,6475.22
Russia,RESTO_DEL_MUNDO,2010,381063
Russia,Slovakia,2010,6205.1
Russia,Slovenia,2010,413.564
Russia,Czechia,2011,7291.34
Russia,RESTO_DEL_MUNDO,2011,497649
Russia,Slovakia,2011,8644.1
Russia,Slovenia,2011,562.054
Russia,Czechia,2012,7395.65
Russia,RESTO_DEL_MUNDO,2012,515497
Russia,Slovakia,2012,7647.63
Russia,Slovenia,2012,486.618
Russia,Czechia,2013,7144.83
Russia,RESTO_DEL_MUNDO,2013,505670
Russia,Slovakia,2013,8047.55
Russia,Slovenia,2013,608.993
Russia,Czechia,2014,5615.26
Russia,RESTO_DEL_MUNDO,2014,471427
Russia,Slovakia,2014,6351.65
Russia,Slovenia,2014,556.051
Senegal,Ghana,1960,0
Senegal,Nigeria,1960,0
Senegal,RESTO_DEL_MUNDO,1960,110.8
Senegal,South Africa,1960,0
Senegal,Ghana,1961,0.2
Senegal,Nigeria,1961,0
Senegal,RESTO_DEL_MUNDO,1961,130.3
Senegal,South Africa,1961,0
Senegal,Ghana,1962,1
Senegal,Nigeria,1962,0.1
Senegal,RESTO_DEL_MUNDO,1962,153.5
Senegal,South Africa,1962,0
Senegal,Ghana,1963,0.1
Senegal,Nigeria,1963,0
Senegal,RESTO_DEL_MUNDO,1963,139.9
Senegal,South Africa,1963,0
Senegal,Ghana,1964,0.1
Senegal,Nigeria,1964,0.4
Senegal,RESTO_DEL_MUNDO,1964,148.04
Senegal,South Africa,1964,1
Senegal,Ghana,1965,0.2
Senegal,Nigeria,1965,0.3
Senegal,RESTO_DEL_MUNDO,1965,150.146
Senegal,South Africa,1965,1.4
Senegal,Ghana,1966,0.2
Senegal,Nigeria,1966,0.1
Senegal,RESTO_DEL_MUNDO,1966,164.274
Senegal,South Africa,1966,0
Senegal,Ghana,1967,0.2
Senegal,Nigeria,1967,0.3
Senegal,RESTO_DEL_MUNDO,1967,152.285
Senegal,South Africa,1967,1.013
Senegal,Ghana,1968,0.1
Senegal,Nigeria,1968,0.2
Senegal,RESTO_DEL_MUNDO,1968,148.551
Senegal,South Africa,1968,0.9
Senegal,Ghana,1969,0.005
Senegal,Nigeria,1969,0.3
Senegal,RESTO_DEL_MUNDO,1969,135.42
Senegal,South Africa,1969,0
Senegal,Ghana,1970,0.262
Senegal,Nigeria,1970,1
Senegal,RESTO_DEL_MUNDO,1970,151.637
Senegal,South Africa,1970,0
Senegal,Ghana,1971,0.058
Senegal,Nigeria,1971,0.9
Senegal,RESTO_DEL_MUNDO,1971,137.483
Senegal,South Africa,1971,0
Senegal,Ghana,1972,0.051
Senegal,Nigeria,1972,0.9
Senegal,RESTO_DEL_MUNDO,1972,215.51
Senegal,South Africa,1972,0
Senegal,Ghana,1973,0.068
Senegal,Nigeria,1973,0.9
Senegal,RESTO_DEL_MUNDO,1973,225.244
Senegal,South Africa,1973,0
Senegal,Ghana,1974,0.718
Senegal,Nigeria,1974,0.7
Senegal,RESTO_DEL_MUNDO,1974,401.376
Senegal,South Africa,1974,0
Senegal,Angola,1975,0
Senegal,Ghana,1975,0.817
Senegal,Nigeria,1975,2.3
Senegal,RESTO_DEL_MUNDO,1975,440.444
Senegal,South Africa,1975,0
Senegal,Angola,1976,0
Senegal,Ghana,1976,0.317
Senegal,Nigeria,1976,11.4
Senegal,RESTO_DEL_MUNDO,1976,462.746
Senegal,South Africa,1976,0
Senegal,Angola,1977,0
Senegal,Ghana,1977,1.053
Senegal,Nigeria,1977,28.8
Senegal,RESTO_DEL_MUNDO,1977,527.663
Senegal,South Africa,1977,0
Senegal,Angola,1978,0
Senegal,Ghana,1978,0.226
Senegal,Nigeria,1978,20.9
Senegal,RESTO_DEL_MUNDO,1978,397.238
Senegal,South Africa,1978,0
Senegal,Angola,1979,0
Senegal,Ghana,1979,0.302
Senegal,Nigeria,1979,7.7
Senegal,RESTO_DEL_MUNDO,1979,510.431
Senegal,South Africa,1979,0
Senegal,Angola,1980,0.062
Senegal,Ghana,1980,0.207
Senegal,Nigeria,1980,6.783
Senegal,RESTO_DEL_MUNDO,1980,476.938
Senegal,South Africa,1980,0.001
Senegal,Angola,1981,0
Senegal,Ghana,1981,0.414
Senegal,Nigeria,1981,0.9
Senegal,RESTO_DEL_MUNDO,1981,435.522
Senegal,South Africa,1981,0
Senegal,Angola,1982,0.0044
Senegal,Ghana,1982,0.159
Senegal,Nigeria,1982,4.4
Senegal,RESTO_DEL_MUNDO,1982,489.919
Senegal,South Africa,1982,0
Senegal,Angola,1983,0
Senegal,Ghana,1983,5.377
Senegal,Nigeria,1983,3.9
Senegal,RESTO_DEL_MUNDO,1983,457.24
Senegal,South Africa,1983,0
Senegal,Angola,1984,0.0231
Senegal,Ghana,1984,0.713
Senegal,Nigeria,1984,19.5
Senegal,RESTO_DEL_MUNDO,1984,476.997
Senegal,South Africa,1984,0
Senegal,Angola,1985,0.0308
Senegal,Ghana,1985,0.09
Senegal,Nigeria,1985,8.47247
Senegal,RESTO_DEL_MUNDO,1985,453.414
Senegal,South Africa,1985,0.059
Senegal,Angola,1986,0
Senegal,Botswana,1986,0
Senegal,Ghana,1986,0.0321398
Senegal,Nigeria,1986,0.939782
Senegal,RESTO_DEL_MUNDO,1986,514.696
Senegal,South Africa,1986,0.206
Senegal,Angola,1987,0.0022949
Senegal,Botswana,1987,0.000492454
Senegal,Ghana,1987,0.101774
Senegal,Nigeria,1987,1.08041
Senegal,RESTO_DEL_MUNDO,1987,561.024
Senegal,South Africa,1987,0
Senegal,Angola,1988,0.0533811
Senegal,Botswana,1988,0
Senegal,Ghana,1988,0.0585087
Senegal,Nigeria,1988,2.09088
Senegal,RESTO_DEL_MUNDO,1988,654.358
Senegal,South Africa,1988,0
Senegal,Angola,1989,0
Senegal,Botswana,1989,0
Senegal,Ghana,1989,0.0771475
Senegal,Nigeria,1989,1.13559
Senegal,RESTO_DEL_MUNDO,1989,682.771
Senegal,South Africa,1989,0
Senegal,Angola,1990,0
Senegal,Botswana,1990,0
Senegal,Ghana,1990,1.09339
Senegal,Nigeria,1990,1.26593
Senegal,RESTO_DEL_MUNDO,1990,777.54
Senegal,South Africa,1990,0
Senegal,Angola,1991,0.0425018
Senegal,Botswana,1991,0
Senegal,Ghana,1991,0.006
Senegal,Nigeria,1991,1.24506
Senegal,RESTO_DEL_MUNDO,1991,756.756
Senegal,South Africa,1991,0
Senegal,Angola,1992,5.17993
Senegal,Botswana,1992,0
Senegal,Ghana,1992,0.903
Senegal,Nigeria,1992,5.16039
Senegal,RESTO_DEL_MUNDO,1992,694.232
Senegal,South Africa,1992,0
Senegal,Angola,1993,0.129504
Senegal,Botswana,1993,0
Senegal,Ghana,1993,0.151857
Senegal,Nigeria,1993,5.36214
Senegal,RESTO_DEL_MUNDO,1993,507.086
Senegal,South Africa,1993,0.00278639
Senegal,Angola,1994,0.118891
Senegal,Botswana,1994,0
Senegal,Ghana,1994,0.907188
Senegal,Nigeria,1994,8.19645
Senegal,RESTO_DEL_MUNDO,1994,551.578
Senegal,South Africa,1994,0.346146
Senegal,Angola,1995,0.175985
Senegal,Botswana,1995,0
Senegal,Ghana,1995,1.29271
Senegal,Nigeria,1995,19.594
Senegal,RESTO_DEL_MUNDO,1995,667.877
Senegal,South Africa,1995,2.15002
Senegal,Angola,1996,0.0322462
Senegal,Botswana,1996,0
Senegal,Ghana,1996,0.953012
Senegal,Nigeria,1996,8.15856
Senegal,RESTO_DEL_MUNDO,1996,688.114
Senegal,South Africa,1996,1.17268
Senegal,Angola,1997,0
Senegal,Botswana,1997,0
Senegal,Ghana,1997,2.16968
Senegal,Nigeria,1997,2.96251
Senegal,RESTO_DEL_MUNDO,1997,647.577
Senegal,South Africa,1997,1.68899
Senegal,Angola,1998,0.0867318
Senegal,Botswana,1998,0
Senegal,Ghana,1998,2.1194
Senegal,Nigeria,1998,6.04628
Senegal,RESTO_DEL_MUNDO,1998,747.471
Senegal,South Africa,1998,0.564095
Senegal,Angola,1999,0.0375987
Senegal,Botswana,1999,0
Senegal,Ghana,1999,4.75826
Senegal,Nigeria,1999,1.95222
Senegal,RESTO_DEL_MUNDO,1999,813.037
Senegal,South Africa,1999,0.503116
Senegal,Angola,2000,0
Senegal,Botswana,2000,0
Senegal,Ghana,2000,4.66247
Senegal,Nigeria,2000,0.531912
Senegal,RESTO_DEL_MUNDO,2000,672.636
Senegal,South Africa,2000,0.672711
Senegal,Angola,2001,0.20372
Senegal,Botswana,2001,0
Senegal,Ghana,2001,3.90342
Senegal,Nigeria,2001,2.1273
Senegal,RESTO_DEL_MUNDO,2001,873.654
Senegal,South Africa,2001,0.091815
Senegal,Angola,2002,0.347688
Senegal,Botswana,2002,0
Senegal,Ghana,2002,5.65194
Senegal,Nigeria,2002,2.56083
Senegal,RESTO_DEL_MUNDO,2002,893.807
Senegal,South Africa,2002,0.169854
Senegal,Angola,2003,1.31709
Senegal,Botswana,2003,0
Senegal,Ghana,2003,3.78919
Senegal,Nigeria,2003,31.3421
Senegal,RESTO_DEL_MUNDO,2003,982.369
Senegal,South Africa,2003,0.266057
Senegal,Angola,2004,2.51247
Senegal,Botswana,2004,0.0381802
Senegal,Ghana,2004,4.36471
Senegal,Nigeria,2004,4.93301
Senegal,RESTO_DEL_MUNDO,2004,1103.36
Senegal,South Africa,2004,0.819465
Senegal,Angola,2005,1.67611
Senegal,Botswana,2005,0.0196126
Senegal,Ghana,2005,3.93612
Senegal,Nigeria,2005,2.14164
Senegal,RESTO_DEL_MUNDO,2005,1644.63
Senegal,South Africa,2005,0.257135
Senegal,Angola,2006,2.67077
Senegal,Botswana,2006,0.00436803
Senegal,Ghana,2006,3.70105
Senegal,Nigeria,2006,6.14583
Senegal,RESTO_DEL_MUNDO,2006,1239.04
Senegal,South Africa,2006,0.829201
Senegal,Angola,2007,4.4931
Senegal,Botswana,2007,0.00121018
Senegal,Ghana,2007,7.3597
Senegal,Nigeria,2007,12.9611
Senegal,RESTO_DEL_MUNDO,2007,1539.08
Senegal,South Africa,2007,0.520298
Senegal,Angola,2008,6.55258
Senegal,Botswana,2008,0
Senegal,Ghana,2008,4.95051
Senegal,Nigeria,2008,19.4174
Senegal,RESTO_DEL_MUNDO,2008,1826.04
Senegal,South Africa,2008,1.66809
Senegal,Angola,2009,3.00831
Senegal,Botswana,2009,0.0168508
Senegal,Ghana,2009,8.33782
Senegal,Nigeria,2009,17.7219
Senegal,RESTO_DEL_MUNDO,2009,1529.2
Senegal,South Africa,2009,0.81549
Senegal,Angola,2010,8.90016
Senegal,Botswana,2010,0
Senegal,Ghana,2010,10.675
Senegal,Nigeria,2010,5.31312
Senegal,RESTO_DEL_MUNDO,2010,1807.38
Senegal,South Africa,2010,0.819787
Senegal,Angola,2011,3.50207
Senegal,Botswana,2011,0.342891
Senegal,Ghana,2011,15.2213
Senegal,Nigeria,2011,9.95553
Senegal,RESTO_DEL_MUNDO,2011,2323.38
Senegal,South Africa,2011,1.37696
Senegal,Angola,2012,17.5877
Senegal,Botswana,2012,0.319548
Senegal,Ghana,2012,47.2529
Senegal,Nigeria,2012,13.7936
Senegal,RESTO_DEL_MUNDO,2012,1865.66
Senegal,South Africa,2012,1.62717
Senegal,Angola,2013,0.96688
Senegal,Botswana,2013,0.053652
Senegal,Ghana,2013,22.1817
Senegal,Nigeria,2013,10.331
Senegal,RESTO_DEL_MUNDO,2013,2127.01
Senegal,South Africa,2013,2.33217
Senegal,Angola,2014,0.448793
Senegal,Botswana,2014,0.242983
Senegal,Ghana,2014,9.63467
Senegal,Nigeria,2014,16.6939
Senegal,RESTO_DEL_MUNDO,2014,2426.27
Senegal,South Africa,2014,2.6276
Serbia,RESTO_DEL_MUNDO,1900,10.88
Serbia,RESTO_DEL_MUNDO,1901,10.2177
Serbia,RESTO_DEL_MUNDO,1902,13.5683
Serbia,RESTO_DEL_MUNDO,1903,11.6608
Serbia,RESTO_DEL_MUNDO,1904,13.1848
Serbia,RESTO_DEL_MUNDO,1905,12.69
Serbia,RESTO_DEL_MUNDO,1906,13.4049
Serbia,RESTO_DEL_MUNDO,1907,15.15
Serbia,RESTO_DEL_MUNDO,1908,12.5647
Serbia,RESTO_DEL_MUNDO,1909,15.7639
Serbia,RESTO_DEL_MUNDO,1910,8.35
Serbia,RESTO_DEL_MUNDO,1911,21.68
Serbia,RESTO_DEL_MUNDO,1912,12.58
Slovakia,Czechia,1993,2463.74
Slovakia,RESTO_DEL_MUNDO,1993,3052.39
Slovakia,Slovenia,1993,26.948
Slovakia,Czechia,1994,2351.9
Slovakia,RESTO_DEL_MUNDO,1994,4204.45
Slovakia,Slovenia,1994,58.066
Slovakia,Czechia,1995,3019.08
Slovakia,RESTO_DEL_MUNDO,1995,6208.42
Slovakia,Slovenia,1995,82.34
Slovakia,Czechia,1996,2916.07
Slovakia,RESTO_DEL_MUNDO,1996,6425.48
Slovakia,Slovenia,1996,92.246
Slovakia,Czechia,1997,2483.19
Slovakia,RESTO_DEL_MUNDO,1997,6850.71
Slovakia,Slovenia,1997,103.328
Slovakia,Czechia,1998,2280.82
Slovakia,RESTO_DEL_MUNDO,1998,8501.7
Slovakia,Slovenia,1998,89.921
Slovakia,Czechia,1999,1932.06
Slovakia,RESTO_DEL_MUNDO,1999,8626.95
Slovakia,Slovenia,1999,84.7135
Slovakia,Czechia,2000,2125.48
Slovakia,RESTO_DEL_MUNDO,2000,9217.27
Slovakia,Slovenia,2000,131.909
Slovakia,Czechia,2001,2156.57
Slovakia,RESTO_DEL_MUNDO,2001,10259.3
Slovakia,Slovenia,2001,142.709
Slovakia,Czechia,2002,2326.03
Slovakia,RESTO_DEL_MUNDO,2002,12533.8
Slovakia,Slovenia,2002,153.449
Slovakia,Czechia,2003,2913.56
Slovakia,RESTO_DEL_MUNDO,2003,19213.2
Slovakia,Slovenia,2003,184.385
Slovakia,Czechia,2004,3760.62
Slovakia,RESTO_DEL_MUNDO,2004,23179.4
Slovakia,Slovenia,2004,201.533
Slovakia,Czechia,2005,4150.76
Slovakia,RESTO_DEL_MUNDO,2005,24858.3
Slovakia,Slovenia,2005,261.178
Slovakia,Czechia,2006,5781.98
Slovakia,RESTO_DEL_MUNDO,2006,31076.4
Slovakia,Slovenia,2006,325.324
Slovakia,Czechia,2007,7523.46
Slovakia,RESTO_DEL_MUNDO,2007,44869.3
Slovakia,Slovenia,2007,389.092
Slovakia,Czechia,2008,9271.64
Slovakia,RESTO_DEL_MUNDO,2008,53591.8
Slovakia,Slovenia,2008,456.766
Slovakia,Czechia,2009,7019.09
Slovakia,RESTO_DEL_MUNDO,2009,43468.7
Slovakia,Slovenia,2009,334.311
Slovakia,Czechia,2010,8132.89
Slovakia,RESTO_DEL_MUNDO,2010,52453.1
Slovakia,Slovenia,2010,414.71
Slovakia,Czechia,2011,10707.8
Slovakia,RESTO_DEL_MUNDO,2011,63362.8
Slovakia,Slovenia,2011,463.965
Slovakia,Czechia,2012,10489.7
Slovakia,RESTO_DEL_MUNDO,2012,65680.5
Slovakia,Slovenia,2012,446.784
Slovakia,Czechia,2013,10301.8
Slovakia,RESTO_DEL_MUNDO,2013,69317.2
Slovakia,Slovenia,2013,458.327
Slovakia,Czechia,2014,10292
Slovakia,RESTO_DEL_MUNDO,2014,70247.1
Slovakia,Slovenia,2014,431.056
South Africa,RESTO_DEL_MUNDO,1920,112.76
South Africa,RESTO_DEL_MUNDO,1921,81.9749
South Africa,RESTO_DEL_MUNDO,1922,87.4
South Africa,RESTO_DEL_MUNDO,1923,99.06
South Africa,RESTO_DEL_MUNDO,1924,115.799
South Africa,RESTO_DEL_MUNDO,1925,305.575
South Africa,RESTO_DEL_MUNDO,1926,115.195
South Africa,RESTO_DEL_MUNDO,1927,143.85
South Africa,RESTO_DEL_MUNDO,1928,174.59
South Africa,RESTO_DEL_MUNDO,1929,185.05
South Africa,RESTO_DEL_MUNDO,1930,131.743
South Africa,RESTO_DEL_MUNDO,1931,89.5658
South Africa,RESTO_DEL_MUNDO,1932,73.4004
South Africa,RESTO_DEL_MUNDO,1933,77.9047
South Africa,RESTO_DEL_MUNDO,1934,104
South Africa,RESTO_DEL_MUNDO,1935,115.567
South Africa,RESTO_DEL_MUNDO,1936,122.066
South Africa,RESTO_DEL_MUNDO,1937,202.296
South Africa,RESTO_DEL_MUNDO,1938,122.981
South Africa,RESTO_DEL_MUNDO,1939,15.95
South Africa,RESTO_DEL_MUNDO,1940,12.3
South Africa,RESTO_DEL_MUNDO,1941,11.97
South Africa,RESTO_DEL_MUNDO,1942,2.75
South Africa,RESTO_DEL_MUNDO,1943,0
South Africa,RESTO_DEL_MUNDO,1944,0.96
South Africa,RESTO_DEL_MUNDO,1945,1.5
South Africa,RESTO_DEL_MUNDO,1946,126.723
South Africa,RESTO_DEL_MUNDO,1947,102.145
South Africa,RESTO_DEL_MUNDO,1948,461.733
South Africa,RESTO_DEL_MUNDO,1949,444.942
South Africa,RESTO_DEL_MUNDO,1950,542.36
South Africa,RESTO_DEL_MUNDO,1951,572.27
South Africa,RESTO_DEL_MUNDO,1952,515.33
South Africa,RESTO_DEL_MUNDO,1953,520.16
South Africa,RESTO_DEL_MUNDO,1954,559.31
South Africa,RESTO_DEL_MUNDO,1955,687.59
South Africa,RESTO_DEL_MUNDO,1956,800.35
South Africa,RESTO_DEL_MUNDO,1957,839.98
South Africa,RESTO_DEL_MUNDO,1958,912.21
South Africa,RESTO_DEL_MUNDO,1959,943.39
South Africa,RESTO_DEL_MUNDO,1960,957.85
South Africa,RESTO_DEL_MUNDO,1961,1076.65
South Africa,RESTO_DEL_MUNDO,1962,1199.68
South Africa,RESTO_DEL_MUNDO,1963,1261.17
South Africa,RESTO_DEL_MUNDO,1964,1418.64
South Africa,RESTO_DEL_MUNDO,1965,1482
South Africa,RESTO_DEL_MUNDO,1966,1586.59
South Africa,RESTO_DEL_MUNDO,1967,1789.39
South Africa,RESTO_DEL_MUNDO,1968,1991.83
South Africa,RESTO_DEL_MUNDO,1969,2014.83
South Africa,RESTO_DEL_MUNDO,1970,1952.72
South Africa,RESTO_DEL_MUNDO,1971,1947.31
South Africa,RESTO_DEL_MUNDO,1972,2381.77
South Africa,RESTO_DEL_MUNDO,1973,3215.98
South Africa,RESTO_DEL_MUNDO,1974,4510.66
South Africa,RESTO_DEL_MUNDO,1975,5436.67
South Africa,RESTO_DEL_MUNDO,1976,5502.66
South Africa,RESTO_DEL_MUNDO,1977,7270.14
South Africa,RESTO_DEL_MUNDO,1978,8610.37
South Africa,RESTO_DEL_MUNDO,1979,10579.5
South Africa,RESTO_DEL_MUNDO,1980,12662.3
South Africa,RESTO_DEL_MUNDO,1981,11420.4
South Africa,RESTO_DEL_MUNDO,1982,10242.1
South Africa,RESTO_DEL_MUNDO,1983,8983.17
South Africa,RESTO_DEL_MUNDO,1984,9940.79
South Africa,RESTO_DEL_MUNDO,1985,10387.2
South Africa,RESTO_DEL_MUNDO,1986,11287
South Africa,RESTO_DEL_MUNDO,1987,10237.6
South Africa,RESTO_DEL_MUNDO,1988,11343.7
South Africa,RESTO_DEL_MUNDO,1989,13167.6
South Africa,RESTO_DEL_MUNDO,1990,14853.5
South Africa,RESTO_DEL_MUNDO,1991,15241.8
South Africa,RESTO_DEL_MUNDO,1992,15992.1
South Africa,RESTO_DEL_MUNDO,1993,15041.4
South Africa,RESTO_DEL_MUNDO,1994,17744.4
South Africa,RESTO_DEL_MUNDO,1995,22733.4
South Africa,RESTO_DEL_MUNDO,1996,25214.4
South Africa,RESTO_DEL_MUNDO,1997,28244.3
South Africa,Botswana,1998,0
South Africa,RESTO_DEL_MUNDO,1998,27600.5
South Africa,Botswana,1999,0
South Africa,RESTO_DEL_MUNDO,1999,29308.4
South Africa,Botswana,2000,0
South Africa,RESTO_DEL_MUNDO,2000,32922.6
South Africa,Botswana,2001,0
South Africa,RESTO_DEL_MUNDO,2001,33676.5
South Africa,Botswana,2002,0
South Africa,RESTO_DEL_MUNDO,2002,33986.3
South Africa,Botswana,2003,0
South Africa,RESTO_DEL_MUNDO,2003,39748.7
South Africa,Botswana,2004,0
South Africa,RESTO_DEL_MUNDO,2004,53164
South Africa,Botswana,2005,0
South Africa,RESTO_DEL_MUNDO,2005,57894.4
South Africa,Botswana,2006,0
South Africa,RESTO_DEL_MUNDO,2006,67329.1
South Africa,Botswana,2007,0
South Africa,RESTO_DEL_MUNDO,2007,81941.3
South Africa,Botswana,2008,0
South Africa,RESTO_DEL_MUNDO,2008,99170.3
South Africa,Botswana,2009,0
South Africa,RESTO_DEL_MUNDO,2009,75320.5
South Africa,Botswana,2010,4174.51
South Africa,RESTO_DEL_MUNDO,2010,95775.4
South Africa,Botswana,2011,0
South Africa,RESTO_DEL_MUNDO,2011,126196
South Africa,Botswana,2012,5047.83
South Africa,RESTO_DEL_MUNDO,2012,137740
South Africa,Botswana,2013,4607.48
South Africa,RESTO_DEL_MUNDO,2013,134179
South Africa,Botswana,2014,4774.63
South Africa,RESTO_DEL_MUNDO,2014,129728
South Korea,RESTO_DEL_MUNDO,1949,9
South Korea,RESTO_DEL_MUNDO,1950,5.3
South Korea,RESTO_DEL_MUNDO,1951,4
South Korea,Japan,1952,20.2
South Korea,RESTO_DEL_MUNDO,1952,20.21
South Korea,Taiwan,1952,0.09
South Korea,Japan,1953,8.5
South Korea,RESTO_DEL_MUNDO,1953,32.3
South Korea,Japan,1954,8.1
South Korea,RESTO_DEL_MUNDO,1954,21.6
South Korea,Japan,1955,9.5
South Korea,RESTO_DEL_MUNDO,1955,7.9
South Korea,Taiwan,1955,0.187
South Korea,Japan,1956,11.1
South Korea,RESTO_DEL_MUNDO,1956,16.7
South Korea,Japan,1957,12.2
South Korea,RESTO_DEL_MUNDO,1957,10.8
South Korea,Japan,1958,11
South Korea,RESTO_DEL_MUNDO,1958,5.7
South Korea,Japan,1959,12.1
South Korea,RESTO_DEL_MUNDO,1959,6.7
South Korea,Japan,1960,18.6
South Korea,RESTO_DEL_MUNDO,1960,10.7
South Korea,Taiwan,1960,0.4
South Korea,Japan,1961,22.8
South Korea,RESTO_DEL_MUNDO,1961,11.53
South Korea,Taiwan,1961,0.5
South Korea,Japan,1962,28.6
South Korea,RESTO_DEL_MUNDO,1962,20.54
South Korea,Taiwan,1962,1.4
South Korea,Japan,1963,27
South Korea,RESTO_DEL_MUNDO,1963,38.54
South Korea,Taiwan,1963,0.7
South Korea,Japan,1964,41.6
South Korea,RESTO_DEL_MUNDO,1964,59.67
South Korea,Taiwan,1964,2
South Korea,Japan,1965,41.4
South Korea,RESTO_DEL_MUNDO,1965,103.35
South Korea,Taiwan,1965,1.9
South Korea,Japan,1966,72
South Korea,RESTO_DEL_MUNDO,1966,151.878
South Korea,Taiwan,1966,2.2
South Korea,Japan,1967,92.4
South Korea,RESTO_DEL_MUNDO,1967,192.926
South Korea,Taiwan,1967,3.1
South Korea,Japan,1968,101.6
South Korea,RESTO_DEL_MUNDO,1968,324.257
South Korea,Taiwan,1968,5.8
South Korea,Japan,1969,133.9
South Korea,RESTO_DEL_MUNDO,1969,420.267
South Korea,Taiwan,1969,13.3
South Korea,Japan,1970,229
South Korea,RESTO_DEL_MUNDO,1970,550.443
South Korea,Taiwan,1970,7.2
South Korea,Japan,1971,272.7
South Korea,RESTO_DEL_MUNDO,1971,692.767
South Korea,Taiwan,1971,12
South Korea,Japan,1972,432.9
South Korea,RESTO_DEL_MUNDO,1972,1038.14
South Korea,Taiwan,1972,16.1
South Korea,Japan,1973,1206.2
South Korea,RESTO_DEL_MUNDO,1973,1593.64
South Korea,Taiwan,1973,40.9
South Korea,Japan,1974,1566.6
South Korea,RESTO_DEL_MUNDO,1974,2640.06
South Korea,Taiwan,1974,50.8
South Korea,Japan,1975,1306.7
South Korea,RESTO_DEL_MUNDO,1975,2939.93
South Korea,Taiwan,1975,62.9
South Korea,Japan,1976,1919.1
South Korea,RESTO_DEL_MUNDO,1976,4940.68
South Korea,Taiwan,1976,83.7
South Korea,Japan,1977,2160.4
South Korea,RESTO_DEL_MUNDO,1977,6465.91
South Korea,Taiwan,1977,103.2
South Korea,Japan,1978,2629.6
South Korea,RESTO_DEL_MUNDO,1978,7898.77
South Korea,Taiwan,1978,12.6
South Korea,Japan,1979,3358.3
South Korea,RESTO_DEL_MUNDO,1979,9485.4
South Korea,Taiwan,1979,145.7
South Korea,Japan,1980,3040.1
South Korea,RESTO_DEL_MUNDO,1980,11337.6
South Korea,Taiwan,1980,153.6
South Korea,Japan,1981,3394.8
South Korea,RESTO_DEL_MUNDO,1981,13799.8
South Korea,Taiwan,1981,262.6
South Korea,Japan,1982,3270
South Korea,RESTO_DEL_MUNDO,1982,13725.3
South Korea,Taiwan,1982,210
South Korea,Japan,1983,3406.7
South Korea,RESTO_DEL_MUNDO,1983,15303
South Korea,Taiwan,1983,138.9
South Korea,Japan,1984,4204.7
South Korea,RESTO_DEL_MUNDO,1984,17913.7
South Korea,Taiwan,1984,258.8
South Korea,Japan,1985,4144
South Korea,RESTO_DEL_MUNDO,1985,19061.9
South Korea,Taiwan,1985,196.2
South Korea,Japan,1986,5333.6
South Korea,RESTO_DEL_MUNDO,1986,23687.5
South Korea,Taiwan,1986,341.6
South Korea,Japan,1987,8172.5
South Korea,RESTO_DEL_MUNDO,1987,32304.7
South Korea,Taiwan,1987,555.6
South Korea,Japan,1988,11826.7
South Korea,RESTO_DEL_MUNDO,1988,39541.4
South Korea,Taiwan,1988,954.2
South Korea,Japan,1989,12930.6
South Korea,RESTO_DEL_MUNDO,1989,39678.9
South Korea,Taiwan,1989,1283.52
South Korea,Japan,1990,11742.6
South Korea,RESTO_DEL_MUNDO,1990,43847.5
South Korea,Taiwan,1990,1248
South Korea,Japan,1991,12381.4
South Korea,RESTO_DEL_MUNDO,1991,49388.7
South Korea,Taiwan,1991,1609.2
South Korea,Japan,1992,11596.2
South Korea,RESTO_DEL_MUNDO,1992,52762.8
South Korea,Taiwan,1992,2263.2
South Korea,Japan,1993,11741.9
South Korea,RESTO_DEL_MUNDO,1993,57510.9
South Korea,Taiwan,1993,2296.8
South Korea,Japan,1994,13523.9
South Korea,RESTO_DEL_MUNDO,1994,67961.1
South Korea,Taiwan,1994,2731.2
South Korea,Japan,1995,17330.3
South Korea,RESTO_DEL_MUNDO,1995,87553.7
South Korea,Taiwan,1995,3882
South Korea,Japan,1996,15979.5
South Korea,RESTO_DEL_MUNDO,1996,90953.1
South Korea,Taiwan,1996,4004.4
South Korea,Japan,1997,14605.8
South Korea,RESTO_DEL_MUNDO,1997,97892.5
South Korea,Taiwan,1997,4612.8
South Korea,Japan,1998,12141.9
South Korea,RESTO_DEL_MUNDO,1998,100265
South Korea,Taiwan,1998,5146.8
South Korea,Japan,1999,16138
South Korea,RESTO_DEL_MUNDO,1999,121981
South Korea,Taiwan,1999,6345.6
South Korea,Japan,2000,20453.6
South Korea,RESTO_DEL_MUNDO,2000,146164
South Korea,Taiwan,2000,8026.63
South Korea,Japan,2001,17221.3
South Korea,RESTO_DEL_MUNDO,2001,135820
South Korea,Taiwan,2001,5835.27
South Korea,Japan,2002,15497.5
South Korea,RESTO_DEL_MUNDO,2002,148245
South Korea,Taiwan,2002,6631.58
South Korea,Japan,2003,17930.7
South Korea,RESTO_DEL_MUNDO,2003,177456
South Korea,Taiwan,2003,7044.55
South Korea,Japan,2004,22062.5
South Korea,RESTO_DEL_MUNDO,2004,236519
South Korea,Taiwan,2004,9844.21
South Korea,Japan,2005,24398.2
South Korea,RESTO_DEL_MUNDO,2005,268357
South Korea,Taiwan,2005,10862.9
South Korea,Japan,2006,27385.1
South Korea,RESTO_DEL_MUNDO,2006,316249
South Korea,Taiwan,2006,12995.7
South Korea,Japan,2007,27299.9
South Korea,RESTO_DEL_MUNDO,2007,357439
South Korea,Taiwan,2007,13027.1
South Korea,Japan,2008,29505.4
South Korea,RESTO_DEL_MUNDO,2008,398897
South Korea,Taiwan,2008,11462
South Korea,Japan,2009,21986
South Korea,RESTO_DEL_MUNDO,2009,335649
South Korea,Taiwan,2009,9501.12
South Korea,Japan,2010,28648.8
South Korea,RESTO_DEL_MUNDO,2010,433038
South Korea,Taiwan,2010,14830.5
South Korea,Japan,2011,39786.9
South Korea,RESTO_DEL_MUNDO,2011,503020
South Korea,Taiwan,2011,18198.4
South Korea,Japan,2012,40526.1
South Korea,RESTO_DEL_MUNDO,2012,517432
South Korea,Taiwan,2012,14814.9
South Korea,Japan,2013,35839.3
South Korea,RESTO_DEL_MUNDO,2013,538187
South Korea,Taiwan,2013,15699.1
South Korea,Japan,2014,33376.6
South Korea,RESTO_DEL_MUNDO,2014,556914
South Korea,Taiwan,2014,15077.4
Spain,Belgium,1900,7.75
Spain,Germany,1900,19.07
Spain,RESTO_DEL_MUNDO,1900,143.45
Spain,Switzerland,1900,0.41
Spain,Belgium,1901,6.52
Spain,Germany,1901,18.25
Spain,RESTO_DEL_MUNDO,1901,93.66
Spain,Switzerland,1901,0.35
Spain,Belgium,1902,6.39
Spain,Germany,1902,17.59
Spain,RESTO_DEL_MUNDO,1902,134.58
Spain,Switzerland,1902,0.33
Spain,Belgium,1903,6.39
Spain,Germany,1903,20.55
Spain,RESTO_DEL_MUNDO,1903,138.97
Spain,Switzerland,1903,0.24
Spain,Belgium,1904,6.4
Spain,Germany,1904,23.45
Spain,RESTO_DEL_MUNDO,1904,133.848
Spain,Switzerland,1904,0.15
Spain,Belgium,1905,7.08
Spain,Germany,1905,27.84
Spain,RESTO_DEL_MUNDO,1905,157.061
Spain,Switzerland,1905,0.24
Spain,Belgium,1906,10.79
Spain,Germany,1906,38.04
Spain,RESTO_DEL_MUNDO,1906,162.64
Spain,Switzerland,1906,0.36
Spain,Belgium,1907,11.71
Spain,Germany,1907,33.16
Spain,RESTO_DEL_MUNDO,1907,162.49
Spain,Switzerland,1907,0.7
Spain,Belgium,1908,8.92
Spain,Germany,1908,27.36
Spain,RESTO_DEL_MUNDO,1908,130.73
Spain,Belgium,1909,8.87
Spain,Germany,1909,29.45
Spain,RESTO_DEL_MUNDO,1909,115.04
Spain,Belgium,1910,10.65
Spain,Germany,1910,33.4
Spain,RESTO_DEL_MUNDO,1910,163.81
Spain,Belgium,1911,10.45
Spain,Germany,1911,11.73
Spain,RESTO_DEL_MUNDO,1911,144.38
Spain,Belgium,1912,10.16
Spain,Germany,1912,45.1
Spain,Greece,1912,0.02
Spain,RESTO_DEL_MUNDO,1912,236.78
Spain,Switzerland,1912,5.93
Spain,Belgium,1913,12.9
Spain,Germany,1913,47.14
Spain,Greece,1913,0.04
Spain,RESTO_DEL_MUNDO,1913,242.58
Spain,Switzerland,1913,5.63
Spain,RESTO_DEL_MUNDO,1914,64
Spain,RESTO_DEL_MUNDO,1915,63
Spain,RESTO_DEL_MUNDO,1916,96
Spain,RESTO_DEL_MUNDO,1917,106
Spain,RESTO_DEL_MUNDO,1918,50
Spain,Austria,1919,0
Spain,Germany,1919,0
Spain,Greece,1919,0
Spain,RESTO_DEL_MUNDO,1919,328.54
Spain,Austria,1920,0.02
Spain,Belgium,1920,7.45
Spain,Germany,1920,20.44
Spain,Greece,1920,1.82
Spain,RESTO_DEL_MUNDO,1920,382.549
Spain,Switzerland,1920,17.14
Spain,Austria,1921,0.03
Spain,Belgium,1921,9.62
Spain,Germany,1921,5.81
Spain,Greece,1921,1.15
Spain,RESTO_DEL_MUNDO,1921,209.134
Spain,Switzerland,1921,11.16
Spain,Austria,1922,0.25
Spain,Germany,1922,1.03
Spain,Greece,1922,0
Spain,RESTO_DEL_MUNDO,1922,196.49
Spain,Switzerland,1922,8.89
Spain,Austria,1923,0.1
Spain,Germany,1923,0.00090992
Spain,Greece,1923,0.13
Spain,RESTO_DEL_MUNDO,1923,196
Spain,Switzerland,1923,6.31
Spain,Austria,1924,2.8e-05
Spain,Belgium,1924,9.26
Spain,Germany,1924,25.35
Spain,Greece,1924,0.25
Spain,RESTO_DEL_MUNDO,1924,226.781
Spain,Switzerland,1924,6.34
Spain,Austria,1925,0.41
Spain,Belgium,1925,8.51
Spain,Germany,1925,45.61
Spain,Greece,1925,0.33
Spain,RESTO_DEL_MUNDO,1925,194.936
Spain,Switzerland,1925,7.19
Spain,Austria,1926,0.79
Spain,Belgium,1926,13.35
Spain,Germany,1926,34.19
Spain,Greece,1926,0.23
Spain,RESTO_DEL_MUNDO,1926,233.508
Spain,Switzerland,1926,7.7
Spain,Austria,1927,0.86
Spain,Belgium,1927,5.48
Spain,Germany,1927,57.43
Spain,Greece,1927,0.13
Spain,Ireland,1927,0.01
Spain,RESTO_DEL_MUNDO,1927,264.338
Spain,Switzerland,1927,8.12
Spain,Austria,1928,1.46
Spain,Belgium,1928,13.14
Spain,Germany,1928,66.95
Spain,Greece,1928,0.16
Spain,Ireland,1928,0.01
Spain,RESTO_DEL_MUNDO,1928,274.563
Spain,Switzerland,1928,9.7
Spain,Austria,1929,1.69
Spain,Belgium,1929,10.54
Spain,Germany,1929,59.95
Spain,Greece,1929,0.07
Spain,Ireland,1929,0.0008808
Spain,RESTO_DEL_MUNDO,1929,270.04
Spain,Switzerland,1929,8.42
Spain,Austria,1930,1.39
Spain,Germany,1930,50.08
Spain,Greece,1930,0.07
Spain,RESTO_DEL_MUNDO,1930,229.662
Spain,Switzerland,1930,7.36
Spain,Austria,1931,1.02
Spain,Belgium,1931,5.58
Spain,Germany,1931,34.48
Spain,Greece,1931,0.19
Spain,RESTO_DEL_MUNDO,1931,191.225
Spain,Switzerland,1931,6.78
Spain,Austria,1932,0.64
Spain,Belgium,1932,4.33
Spain,Germany,1932,23.48
Spain,Greece,1932,0.03
Spain,RESTO_DEL_MUNDO,1932,121.869
Spain,Switzerland,1932,6.59
Spain,Austria,1933,0.33
Spain,Belgium,1933,5.76
Spain,Germany,1933,20.5938
Spain,Greece,1933,0.03
Spain,Ireland,1933,0.08
Spain,RESTO_DEL_MUNDO,1933,120.153
Spain,Switzerland,1933,7.69
Spain,Austria,1934,0.57
Spain,Belgium,1934,5.51
Spain,Germany,1934,37.32
Spain,Greece,1934,0.04
Spain,Ireland,1934,0.08
Spain,RESTO_DEL_MUNDO,1934,154.282
Spain,Switzerland,1934,10.03
Spain,Austria,1935,0.56
Spain,Belgium,1935,6
Spain,Germany,1935,45
Spain,Greece,1935,0.05
Spain,Ireland,1935,1
Spain,RESTO_DEL_MUNDO,1935,162.81
Spain,Switzerland,1935,8
Spain,Austria,1936,0.57
Spain,Belgium,1936,5.71
Spain,Germany,1936,39.41
Spain,Greece,1936,0.03
Spain,RESTO_DEL_MUNDO,1936,143.558
Spain,Switzerland,1936,5.82
Spain,Austria,1937,0.14
Spain,Belgium,1937,3.88
Spain,Germany,1937,49.48
Spain,Greece,1937,0.009798
Spain,RESTO_DEL_MUNDO,1937,98.7005
Spain,Switzerland,1937,1.94
Spain,Austria,1938,0
Spain,Belgium,1938,3
Spain,Germany,1938,22.1029
Spain,Greece,1938,0.008421
Spain,Ireland,1938,1
Spain,RESTO_DEL_MUNDO,1938,66.4094
Spain,Switzerland,1938,1
Spain,Germany,1939,42.06
Spain,Greece,1939,0
Spain,RESTO_DEL_MUNDO,1939,7.58229
Spain,Germany,1940,7.98
Spain,Greece,1940,0
Spain,RESTO_DEL_MUNDO,1940,14.45
Spain,Germany,1941,0
Spain,Greece,1941,0
Spain,RESTO_DEL_MUNDO,1941,118.18
Spain,RESTO_DEL_MUNDO,1942,462.8
Spain,RESTO_DEL_MUNDO,1943,25.08
Spain,RESTO_DEL_MUNDO,1944,245.49
Spain,RESTO_DEL_MUNDO,1945,62.85
Spain,Greece,1946,0.000497
Spain,RESTO_DEL_MUNDO,1946,175.458
Spain,Greece,1947,0.009263
Spain,RESTO_DEL_MUNDO,1947,85.4013
Spain,Greece,1948,0.006984
Spain,Ireland,1948,3.8
Spain,RESTO_DEL_MUNDO,1948,223.531
Spain,Switzerland,1948,16.5
Spain,Ireland,1949,2.7
Spain,RESTO_DEL_MUNDO,1949,244.33
Spain,Switzerland,1949,14.5
Spain,Belgium,1950,11.166
Spain,Greece,1950,0
Spain,Ireland,1950,2.7
Spain,Luxembourg,1950,0.434039
Spain,RESTO_DEL_MUNDO,1950,257.33
Spain,Switzerland,1950,9.6
Spain,Belgium,1951,16.4557
Spain,Greece,1951,0.1
Spain,Ireland,1951,4.1
Spain,Luxembourg,1951,0.744293
Spain,RESTO_DEL_MUNDO,1951,343.26
Spain,Switzerland,1951,14
Spain,Belgium,1952,16.2365
Spain,Greece,1952,0.1
Spain,Ireland,1952,3.7
Spain,Luxembourg,1952,0.763453
Spain,RESTO_DEL_MUNDO,1952,335.31
Spain,Switzerland,1952,12.3
Spain,Belgium,1953,14.094
Spain,Greece,1953,1.3
Spain,Ireland,1953,6.2
Spain,Luxembourg,1953,0.605977
Spain,RESTO_DEL_MUNDO,1953,364.94
Spain,Switzerland,1953,13.8
Spain,Belgium,1954,15.2552
Spain,Greece,1954,0.2
Spain,Ireland,1954,4.5
Spain,Luxembourg,1954,0.644851
Spain,RESTO_DEL_MUNDO,1954,392.25
Spain,Switzerland,1954,12.8
Spain,Austria,1955,2
Spain,Belgium,1955,17.5343
Spain,Greece,1955,0.9
Spain,Ireland,1955,5.1
Spain,Luxembourg,1955,0.765752
Spain,RESTO_DEL_MUNDO,1955,505.88
Spain,Switzerland,1955,14.1
Spain,Austria,1956,3
Spain,Belgium,1956,14.9365
Spain,Greece,1956,3.8
Spain,Ireland,1956,4.6
Spain,Luxembourg,1956,0.6635
Spain,RESTO_DEL_MUNDO,1956,525
Spain,Switzerland,1956,13.8
Spain,Austria,1957,5.8
Spain,Belgium,1957,14.7258
Spain,Greece,1957,1.3
Spain,Ireland,1957,3.7
Spain,Luxembourg,1957,0.674236
Spain,RESTO_DEL_MUNDO,1957,523.23
Spain,Switzerland,1957,14.5
Spain,Austria,1958,6.1
Spain,Belgium,1958,14.0711
Spain,Greece,1958,0.6
Spain,Ireland,1958,3.9
Spain,Luxembourg,1958,0.628934
Spain,RESTO_DEL_MUNDO,1958,574.84
Spain,Switzerland,1958,15.8
Spain,Austria,1959,5.8
Spain,Belgium,1959,17.6152
Spain,Greece,1959,0.9
Spain,Ireland,1959,4.2
Spain,Luxembourg,1959,0.784756
Spain,RESTO_DEL_MUNDO,1959,578.4
Spain,Switzerland,1959,14.6
Spain,Austria,1960,8.6
Spain,Belgium,1960,22.5437
Spain,Cyprus,1960,0.7
Spain,Greece,1960,1.8
Spain,Ireland,1960,5.1
Spain,Luxembourg,1960,1.25626
Spain,RESTO_DEL_MUNDO,1960,672.628
Spain,Switzerland,1960,20.6
Spain,Austria,1961,8.3
Spain,Belgium,1961,22.4266
Spain,Cyprus,1961,1.3
Spain,Greece,1961,3.6
Spain,Ireland,1961,6.7
Spain,Luxembourg,1961,1.17339
Spain,RESTO_DEL_MUNDO,1961,684.926
Spain,Switzerland,1961,22.5
Spain,Austria,1962,8.4
Spain,Belgium,1962,21.3029
Spain,Cyprus,1962,1.2
Spain,Greece,1962,2.4
Spain,Ireland,1962,6.6
Spain,Luxembourg,1962,1.09709
Spain,RESTO_DEL_MUNDO,1962,693.051
Spain,Switzerland,1962,27.2
Spain,Austria,1963,6.4
Spain,Belgium,1963,21.1216
Spain,Cyprus,1963,0.9
Spain,Greece,1963,14.7
Spain,Ireland,1963,6
Spain,Luxembourg,1963,1.07841
Spain,RESTO_DEL_MUNDO,1963,723.758
Spain,Switzerland,1963,26.6
Spain,Austria,1964,6.9
Spain,Belgium,1964,28.0384
Spain,Cyprus,1964,0.9
Spain,Greece,1964,3.3
Spain,Ireland,1964,7.6
Spain,Luxembourg,1964,1.46163
Spain,Malta,1964,0.5
Spain,RESTO_DEL_MUNDO,1964,881.618
Spain,Switzerland,1964,33.4
Spain,Austria,1965,6.9
Spain,Belgium,1965,29.5215
Spain,Cyprus,1965,0.4
Spain,Greece,1965,3
Spain,Ireland,1965,8.1
Spain,Luxembourg,1965,1.47849
Spain,Malta,1965,0.6
Spain,RESTO_DEL_MUNDO,1965,906.639
Spain,Switzerland,1965,32.9
Spain,Austria,1966,8.5
Spain,Belgium,1966,29.839
Spain,Cyprus,1966,0.5
Spain,Greece,1966,3.3
Spain,Ireland,1966,8.1
Spain,Luxembourg,1966,1.46099
Spain,Malta,1966,1
Spain,RESTO_DEL_MUNDO,1966,1137.72
Spain,Switzerland,1966,35.6
Spain,Austria,1967,7.7
Spain,Belgium,1967,30.4062
Spain,Cyprus,1967,0.7
Spain,Greece,1967,4.4
Spain,Ireland,1967,8.1
Spain,Luxembourg,1967,1.39381
Spain,Malta,1967,0.84
Spain,RESTO_DEL_MUNDO,1967,1323.79
Spain,Switzerland,1967,35.8
Spain,Austria,1968,7.1
Spain,Belgium,1968,40.5939
Spain,Cyprus,1968,1
Spain,Greece,1968,5.27
Spain,Ireland,1968,7.5
Spain,Luxembourg,1968,1.9061
Spain,Malta,1968,1
Spain,RESTO_DEL_MUNDO,1968,1484.26
Spain,Switzerland,1968,39.5
Spain,Austria,1969,7.9
Spain,Belgium,1969,51.3764
Spain,Cyprus,1969,1.801
Spain,Greece,1969,13.32
Spain,Ireland,1969,10.38
Spain,Luxembourg,1969,2.5236
Spain,Malta,1969,1.5
Spain,RESTO_DEL_MUNDO,1969,1710.91
Spain,Switzerland,1969,49.3
Spain,Austria,1970,13.2
Spain,Belgium,1970,60.3701
Spain,Cyprus,1970,2.023
Spain,Greece,1970,17.77
Spain,Ireland,1970,11
Spain,Luxembourg,1970,3.12989
Spain,Malta,1970,2.03
Spain,RESTO_DEL_MUNDO,1970,2021.69
Spain,Switzerland,1970,56.7
Spain,Austria,1971,16.7
Spain,Belgium,1971,71.36
Spain,Cyprus,1971,3.798
Spain,Greece,1971,23.59
Spain,Ireland,1971,13.39
Spain,Luxembourg,1971,3.44
Spain,Malta,1971,2.02
Spain,RESTO_DEL_MUNDO,1971,2537.57
Spain,Switzerland,1971,66.3
Spain,Austria,1972,24.9
Spain,Belgium,1972,102.443
Spain,Cyprus,1972,3.537
Spain,Greece,1972,18.55
Spain,Ireland,1972,20.4
Spain,Luxembourg,1972,4.95669
Spain,Malta,1972,2
Spain,RESTO_DEL_MUNDO,1972,3187.1
Spain,Switzerland,1972,83.6
Spain,Austria,1973,41.6
Spain,Belgium,1973,148.965
Spain,Cyprus,1973,8.786
Spain,Greece,1973,41.69
Spain,Ireland,1973,21.66
Spain,Luxembourg,1973,7.73491
Spain,Malta,1973,2.63
Spain,RESTO_DEL_MUNDO,1973,4386.13
Spain,Switzerland,1973,135.5
Spain,Austria,1974,49.3
Spain,Belgium,1974,216.207
Spain,Cyprus,1974,5.44
Spain,Greece,1974,37.75
Spain,Ireland,1974,26.22
Spain,Luxembourg,1974,11.6927
Spain,Malta,1974,2.79
Spain,RESTO_DEL_MUNDO,1974,6022.8
Spain,Switzerland,1974,166.3
Spain,Austria,1975,48.3
Spain,Belgium,1975,262.617
Spain,Cyprus,1975,3.245
Spain,Greece,1975,113.13
Spain,Ireland,1975,26.8
Spain,Luxembourg,1975,11.7833
Spain,Malta,1975,3.72
Spain,RESTO_DEL_MUNDO,1975,6528.68
Spain,Switzerland,1975,151.2
Spain,Austria,1976,48.2
Spain,Belgium,1976,298.054
Spain,Cyprus,1976,5.732
Spain,Greece,1976,86
Spain,Ireland,1976,31.82
Spain,Luxembourg,1976,13.5462
Spain,Malta,1976,6.37
Spain,RESTO_DEL_MUNDO,1976,7533.92
Spain,Switzerland,1976,159.6
Spain,Austria,1977,65.9
Spain,Belgium,1977,336.598
Spain,Cyprus,1977,12.73
Spain,Greece,1977,150
Spain,Ireland,1977,39.18
Spain,Luxembourg,1977,14.5025
Spain,Malta,1977,4.61
Spain,RESTO_DEL_MUNDO,1977,9338.68
Spain,Switzerland,1977,182.3
Spain,Austria,1978,70.7
Spain,Belgium,1978,403.091
Spain,Cyprus,1978,15.16
Spain,Greece,1978,160.63
Spain,Ireland,1978,55.49
Spain,Luxembourg,1978,17.7087
Spain,Malta,1978,7.29
Spain,RESTO_DEL_MUNDO,1978,11532.7
Spain,Switzerland,1978,247.4
Spain,Austria,1979,90.9
Spain,Belgium,1979,497.537
Spain,Cyprus,1979,25.981
Spain,Greece,1979,134.94
Spain,Ireland,1979,73.62
Spain,Luxembourg,1979,22.2633
Spain,Malta,1979,13.19
Spain,RESTO_DEL_MUNDO,1979,14815.5
Spain,Switzerland,1979,505.7
Spain,Austria,1980,102.2
Spain,Belgium,1980,590.459
Spain,Cyprus,1980,20.52
Spain,Greece,1980,95.4
Spain,Ireland,1980,94.21
Spain,Luxembourg,1980,26.4405
Spain,Malta,1980,13.52
Spain,RESTO_DEL_MUNDO,1980,17901.8
Spain,Switzerland,1980,344.9
Spain,Austria,1981,93.7
Spain,Belgium,1981,535.79
Spain,Cyprus,1981,17.981
Spain,Greece,1981,72.15
Spain,Ireland,1981,109.74
Spain,Luxembourg,1981,24.41
Spain,Malta,1981,9.93
Spain,RESTO_DEL_MUNDO,1981,18509.2
Spain,Switzerland,1981,317.8
Spain,Austria,1982,86.7
Spain,Belgium,1982,484.694
Spain,Cyprus,1982,23.586
Spain,Greece,1982,115.56
Spain,Ireland,1982,101.82
Spain,Luxembourg,1982,22.9057
Spain,Malta,1982,10.44
Spain,RESTO_DEL_MUNDO,1982,17973.8
Spain,Switzerland,1982,322.5
Spain,Austria,1983,104.9
Spain,Belgium,1983,579.319
Spain,Cyprus,1983,24.834
Spain,Greece,1983,66.51
Spain,Ireland,1983,112.17
Spain,Luxembourg,1983,28.4813
Spain,Malta,1983,12.13
Spain,RESTO_DEL_MUNDO,1983,17605.8
Spain,Switzerland,1983,420.5
Spain,Austria,1984,128.3
Spain,Belgium,1984,603.799
Spain,Cyprus,1984,33.302
Spain,Greece,1984,127.15
Spain,Ireland,1984,114.67
Spain,Luxembourg,1984,30.5011
Spain,Malta,1984,13.2
Spain,RESTO_DEL_MUNDO,1984,19551.2
Spain,Switzerland,1984,419.5
Spain,Austria,1985,141.5
Spain,Belgium,1985,612.193
Spain,Cyprus,1985,36.398
Spain,Greece,1985,128.86
Spain,Ireland,1985,112.97
Spain,Luxembourg,1985,30.8072
Spain,Malta,1985,32.23
Spain,RESTO_DEL_MUNDO,1985,20529.9
Spain,Switzerland,1985,449.6
Spain,Austria,1986,217.1
Spain,Belgium,1986,739.245
Spain,Cyprus,1986,40.217
Spain,Greece,1986,143.3
Spain,Ireland,1986,165.85
Spain,Luxembourg,1986,39.1548
Spain,Malta,1986,19.3
Spain,RESTO_DEL_MUNDO,1986,22850.4
Spain,Switzerland,1986,526.5
Spain,Austria,1987,284.4
Spain,Belgium,1987,945.336
Spain,Cyprus,1987,36.217
Spain,Greece,1987,186.54
Spain,Ireland,1987,181.32
Spain,Luxembourg,1987,50.0643
Spain,Malta,1987,21.25
Spain,RESTO_DEL_MUNDO,1987,27497.3
Spain,Switzerland,1987,627
Spain,Austria,1988,326.011
Spain,Belgium,1988,1330.05
Spain,Cyprus,1988,38.0316
Spain,Greece,1988,261.233
Spain,Ireland,1988,176.454
Spain,Luxembourg,1988,73.5502
Spain,Malta,1988,28.57
Spain,RESTO_DEL_MUNDO,1988,31879
Spain,Switzerland,1988,713.2
Spain,Austria,1989,332.413
Spain,Belgium,1989,1315.23
Spain,Cyprus,1989,43.1565
Spain,Greece,1989,300.816
Spain,Ireland,1989,219.376
Spain,Luxembourg,1989,76.8344
Spain,Malta,1989,33.4578
Spain,RESTO_DEL_MUNDO,1989,34189.6
Spain,Switzerland,1989,672.506
Spain,Austria,1990,466.621
Spain,Belgium,1990,1518.43
Spain,Cyprus,1990,55.9311
Spain,Germany,1990,8189.01
Spain,Greece,1990,399.021
Spain,Ireland,1990,240.052
Spain,Luxembourg,1990,90.4142
Spain,Malta,1990,30.8038
Spain,RESTO_DEL_MUNDO,1990,41924.7
Spain,Switzerland,1990,850.888
Spain,Austria,1991,553.174
Spain,Belgium,1991,1726.14
Spain,Cyprus,1991,42.5544
Spain,Germany,1991,10540.5
Spain,Greece,1991,467.924
Spain,Ireland,1991,220.194
Spain,Luxembourg,1991,108.897
Spain,Malta,1991,30.9682
Spain,RESTO_DEL_MUNDO,1991,44105.6
Spain,Switzerland,1991,866.106
Spain,Austria,1992,679.94
Spain,Belgium,1992,1885.44
Spain,Cyprus,1992,63.784
Spain,Germany,1992,11008.2
Spain,Greece,1992,515.606
Spain,Ireland,1992,208.318
Spain,Luxembourg,1992,119.681
Spain,Malta,1992,36.4269
Spain,RESTO_DEL_MUNDO,1992,48396.6
Spain,Switzerland,1992,897.384
Spain,Austria,1993,660.057
Spain,Belgium,1993,1706.24
Spain,Cyprus,1993,53.0694
Spain,Germany,1993,8484.69
Spain,Greece,1993,506.07
Spain,Ireland,1993,197.945
Spain,Luxembourg,1993,116.654
Spain,Malta,1993,31.7544
Spain,RESTO_DEL_MUNDO,1993,44536.4
Spain,Switzerland,1993,837.149
Spain,Austria,1994,742.525
Spain,Belgium,1994,2016.87
Spain,Cyprus,1994,71.0032
Spain,Germany,1994,10256.6
Spain,Greece,1994,607.214
Spain,Ireland,1994,259.053
Spain,Luxembourg,1994,140.845
Spain,Malta,1994,42.5957
Spain,RESTO_DEL_MUNDO,1994,54419.8
Spain,Switzerland,1994,964.097
Spain,Austria,1995,871.12
Spain,Belgium,1995,2561.35
Spain,Cyprus,1995,79.0388
Spain,Germany,1995,13808.6
Spain,Greece,1995,880.674
Spain,Ireland,1995,310.811
Spain,Luxembourg,1995,179.114
Spain,Malta,1995,59.8282
Spain,RESTO_DEL_MUNDO,1995,67472
Spain,Switzerland,1995,1152.71
Spain,Austria,1996,969.011
Spain,Belgium,1996,2796.16
Spain,Cyprus,1996,93.3411
Spain,Germany,1996,14627
Spain,Greece,1996,979.2
Spain,Ireland,1996,427.128
Spain,Luxembourg,1996,201.714
Spain,Malta,1996,52.5462
Spain,RESTO_DEL_MUNDO,1996,73334.2
Spain,Switzerland,1996,1289.15
Spain,Austria,1997,938.558
Spain,Belgium,1997,2762.81
Spain,Cyprus,1997,96.4064
Spain,Germany,1997,14715
Spain,Greece,1997,949.16
Spain,Ireland,1997,418.291
Spain,Luxembourg,1997,47.4682
Spain,Malta,1997,56.1921
Spain,RESTO_DEL_MUNDO,1997,76773.5
Spain,Switzerland,1997,1230.45
Spain,Austria,1998,1034.84
Spain,Belgium,1998,3029.71
Spain,Cyprus,1998,133.868
Spain,Germany,1998,16065.8
Spain,Greece,1998,1053.32
Spain,Ireland,1998,488.579
Spain,Luxembourg,1998,61.7592
Spain,Malta,1998,129.113
Spain,RESTO_DEL_MUNDO,1998,82196.5
Spain,Switzerland,1998,1351.15
Spain,Austria,1999,827.83
Spain,Belgium,1999,3307.07
Spain,Cyprus,1999,111.355
Spain,Germany,1999,15160.4
Spain,Greece,1999,965.586
Spain,Ireland,1999,525.346
Spain,Luxembourg,1999,69.5201
Spain,Malta,1999,57.7667
Spain,RESTO_DEL_MUNDO,1999,85842.9
Spain,Switzerland,1999,1363.2
Spain,Austria,2000,770.695
Spain,Belgium,2000,3187.63
Spain,Cyprus,2000,133.34
Spain,Germany,2000,14516.5
Spain,Greece,2000,1006.6
Spain,Ireland,2000,654.521
Spain,Luxembourg,2000,83.8143
Spain,Malta,2000,61.4887
Spain,RESTO_DEL_MUNDO,2000,87657.8
Spain,Switzerland,2000,1433.31
Spain,Austria,2001,802.272
Spain,Belgium,2001,3441.34
Spain,Cyprus,2001,150.162
Spain,Germany,2001,13986.4
Spain,Greece,2001,938.04
Spain,Ireland,2001,546.611
Spain,Luxembourg,2001,104.538
Spain,Malta,2001,90.4765
Spain,RESTO_DEL_MUNDO,2001,87061.8
Spain,Switzerland,2001,1478.78
Spain,Austria,2002,1159.23
Spain,Belgium,2002,3634.06
Spain,Cyprus,2002,143.388
Spain,Germany,2002,14879.6
Spain,Greece,2002,1208.5
Spain,Ireland,2002,568.299
Spain,Luxembourg,2002,127.685
Spain,Malta,2002,75.5685
Spain,RESTO_DEL_MUNDO,2002,94754.6
Spain,Switzerland,2002,1708.85
Spain,Austria,2003,1226.55
Spain,Belgium,2003,4519.85
Spain,Cyprus,2003,178.462
Spain,Germany,2003,18429.5
Spain,Greece,2003,1633.69
Spain,Ireland,2003,667.743
Spain,Luxembourg,2003,119.168
Spain,Malta,2003,94.3836
Spain,RESTO_DEL_MUNDO,2003,119292
Spain,Switzerland,2003,2373.59
Spain,Austria,2004,1398.04
Spain,Belgium,2004,5645.48
Spain,Cyprus,2004,208.619
Spain,Germany,2004,21539.3
Spain,Greece,2004,2002.11
Spain,Ireland,2004,733.417
Spain,Luxembourg,2004,151.956
Spain,Malta,2004,119.112
Spain,RESTO_DEL_MUNDO,2004,140286
Spain,Switzerland,2004,2768.23
Spain,Austria,2005,1451.87
Spain,Belgium,2005,5792.21
Spain,Cyprus,2005,208.537
Spain,Germany,2005,22405.4
Spain,Greece,2005,2297.79
Spain,Ireland,2005,949.207
Spain,Luxembourg,2005,156.644
Spain,Malta,2005,126.555
Spain,RESTO_DEL_MUNDO,2005,152350
Spain,Switzerland,2005,3198.23
Spain,Austria,2006,1540.16
Spain,Belgium,2006,6459.39
Spain,Cyprus,2006,200.411
Spain,Germany,2006,24117.6
Spain,Greece,2006,2413.82
Spain,Ireland,2006,1105.64
Spain,Luxembourg,2006,160.449
Spain,Malta,2006,135.654
Spain,RESTO_DEL_MUNDO,2006,170760
Spain,Switzerland,2006,3241.69
Spain,Austria,2007,1780.83
Spain,Belgium,2007,7524.59
Spain,Cyprus,2007,308.026
Spain,Germany,2007,27849.8
Spain,Greece,2007,3005.65
Spain,Ireland,2007,1294.12
Spain,Luxembourg,2007,207.212
Spain,Malta,2007,134.83
Spain,RESTO_DEL_MUNDO,2007,207898
Spain,Switzerland,2007,3452.42
Spain,Austria,2008,1937.21
Spain,Belgium,2008,9011.83
Spain,Cyprus,2008,387.832
Spain,Germany,2008,30308.7
Spain,Greece,2008,3386.38
Spain,Ireland,2008,1291.3
Spain,Luxembourg,2008,232.05
Spain,Malta,2008,215.155
Spain,RESTO_DEL_MUNDO,2008,222412
Spain,Switzerland,2008,3633.37
Spain,Austria,2009,1753.13
Spain,Belgium,2009,7241.97
Spain,Cyprus,2009,283.133
Spain,Germany,2009,26225.5
Spain,Greece,2009,2655.95
Spain,Ireland,2009,719.079
Spain,Luxembourg,2009,187.404
Spain,Malta,2009,168.637
Spain,RESTO_DEL_MUNDO,2009,173681
Spain,Switzerland,2009,3537.79
Spain,Austria,2010,1886.21
Spain,Belgium,2010,8161.29
Spain,Cyprus,2010,237.174
Spain,Germany,2010,27243.4
Spain,Greece,2010,2134.63
Spain,Ireland,2010,792.347
Spain,Luxembourg,2010,160.39
Spain,Malta,2010,144.436
Spain,RESTO_DEL_MUNDO,2010,195966
Spain,Switzerland,2010,4726.45
Spain,Austria,2011,2310.08
Spain,Belgium,2011,9043.5
Spain,Cyprus,2011,275.832
Spain,Germany,2011,31216
Spain,Greece,2011,2003.03
Spain,Ireland,2011,835.942
Spain,Luxembourg,2011,165.367
Spain,Malta,2011,229.479
Spain,RESTO_DEL_MUNDO,2011,231218
Spain,Switzerland,2011,5857.54
Spain,Austria,2012,2084.33
Spain,Belgium,2012,8249.92
Spain,Cyprus,2012,274.896
Spain,Germany,2012,29888.4
Spain,Greece,2012,1733.93
Spain,Ireland,2012,784.465
Spain,Luxembourg,2012,168.192
Spain,Malta,2012,268.575
Spain,RESTO_DEL_MUNDO,2012,227136
Spain,Switzerland,2012,5840.6
Spain,Austria,2013,2251.95
Spain,Belgium,2013,8693.53
Spain,Cyprus,2013,276.505
Spain,Germany,2013,31341
Spain,Greece,2013,1835.65
Spain,Ireland,2013,922.33
Spain,Luxembourg,2013,178.862
Spain,Malta,2013,223.956
Spain,RESTO_DEL_MUNDO,2013,238407
Spain,Switzerland,2013,5441.02
Spain,Austria,2014,2300.92
Spain,Belgium,2014,8158.57
Spain,Cyprus,2014,323.257
Spain,Germany,2014,33133.8
Spain,Greece,2014,2159.94
Spain,Ireland,2014,1039.35
Spain,Luxembourg,2014,185.79
Spain,Malta,2014,292.618
Spain,RESTO_DEL_MUNDO,2014,248965
Spain,Switzerland,2014,5032.28
Sudan,Egypt,1956,13.4
Sudan,Libya,1956,0
Sudan,Morocco,1956,0
Sudan,RESTO_DEL_MUNDO,1956,167.2
Sudan,Tunisia,1956,0.1
Sudan,Egypt,1957,14.1
Sudan,Libya,1957,0
Sudan,Morocco,1957,0
Sudan,RESTO_DEL_MUNDO,1957,124.44
Sudan,Tunisia,1957,0
Sudan,Egypt,1958,7.8
Sudan,Libya,1958,0
Sudan,Morocco,1958,0
Sudan,RESTO_DEL_MUNDO,1958,118.36
Sudan,Tunisia,1958,0
Sudan,Egypt,1959,5.2
Sudan,Libya,1959,0
Sudan,Morocco,1959,0
Sudan,RESTO_DEL_MUNDO,1959,181.14
Sudan,Tunisia,1959,0.1
Sudan,Egypt,1960,7.2
Sudan,Libya,1960,0
Sudan,Morocco,1960,0.4
Sudan,RESTO_DEL_MUNDO,1960,157.94
Sudan,Tunisia,1960,0
Sudan,Egypt,1961,9.6
Sudan,Libya,1961,0
Sudan,Morocco,1961,0.9
Sudan,RESTO_DEL_MUNDO,1961,143.93
Sudan,Tunisia,1961,0
Sudan,Algeria,1962,0
Sudan,Egypt,1962,8.4
Sudan,Libya,1962,0.1
Sudan,Morocco,1962,0.1
Sudan,RESTO_DEL_MUNDO,1962,179.16
Sudan,Tunisia,1962,0
Sudan,Algeria,1963,0.2
Sudan,Egypt,1963,14.1
Sudan,Libya,1963,0.6
Sudan,Morocco,1963,0
Sudan,RESTO_DEL_MUNDO,1963,191.25
Sudan,Tunisia,1963,0.1
Sudan,Algeria,1964,0.2
Sudan,Egypt,1964,7.6
Sudan,Libya,1964,0.2
Sudan,Morocco,1964,1.2
Sudan,RESTO_DEL_MUNDO,1964,164.1
Sudan,Tunisia,1964,0
Sudan,Algeria,1965,0
Sudan,Egypt,1965,8.2
Sudan,Libya,1965,0.1
Sudan,Morocco,1965,0
Sudan,RESTO_DEL_MUNDO,1965,162.44
Sudan,Tunisia,1965,0.1
Sudan,Algeria,1966,0.9
Sudan,Egypt,1966,8.3
Sudan,Libya,1966,0.1
Sudan,Morocco,1966,0
Sudan,RESTO_DEL_MUNDO,1966,171.88
Sudan,Tunisia,1966,0.3
Sudan,Algeria,1967,0.5
Sudan,Egypt,1967,15.2
Sudan,Libya,1967,0.1
Sudan,Morocco,1967,0
Sudan,RESTO_DEL_MUNDO,1967,180.04
Sudan,Tunisia,1967,0.1
Sudan,Algeria,1968,0.3
Sudan,Egypt,1968,6.2
Sudan,Libya,1968,0.2
Sudan,Morocco,1968,0
Sudan,RESTO_DEL_MUNDO,1968,206.124
Sudan,Tunisia,1968,0.1
Sudan,Algeria,1969,0.434
Sudan,Egypt,1969,8.3
Sudan,Libya,1969,0.4
Sudan,Morocco,1969,0
Sudan,RESTO_DEL_MUNDO,1969,215.365
Sudan,Tunisia,1969,0.129
Sudan,Algeria,1970,1.12
Sudan,Egypt,1970,17.18
Sudan,Libya,1970,0.2
Sudan,Morocco,1970,0
Sudan,RESTO_DEL_MUNDO,1970,251.819
Sudan,Tunisia,1970,0
Sudan,Algeria,1971,0.1
Sudan,Egypt,1971,10.3
Sudan,Libya,1971,0.8
Sudan,Morocco,1971,0
Sudan,RESTO_DEL_MUNDO,1971,294.354
Sudan,Tunisia,1971,0.261
Sudan,Algeria,1972,0.14
Sudan,Egypt,1972,21.99
Sudan,Libya,1972,0.6
Sudan,Morocco,1972,0
Sudan,RESTO_DEL_MUNDO,1972,277.086
Sudan,Tunisia,1972,0
Sudan,Algeria,1973,0.64
Sudan,Egypt,1973,17
Sudan,Libya,1973,4.6
Sudan,Morocco,1973,0
Sudan,RESTO_DEL_MUNDO,1973,387.194
Sudan,Tunisia,1973,0.64
Sudan,Algeria,1974,1.19
Sudan,Egypt,1974,18.15
Sudan,Libya,1974,5.2
Sudan,Morocco,1974,0
Sudan,RESTO_DEL_MUNDO,1974,378.588
Sudan,Tunisia,1974,2.75
Sudan,Algeria,1975,1.91
Sudan,Egypt,1975,2.06
Sudan,Libya,1975,0.4
Sudan,Morocco,1975,0.06
Sudan,RESTO_DEL_MUNDO,1975,408.161
Sudan,Tunisia,1975,1.64
Sudan,Algeria,1976,0.26
Sudan,Egypt,1976,25.46
Sudan,Libya,1976,0.7
Sudan,Morocco,1976,0
Sudan,RESTO_DEL_MUNDO,1976,542.738
Sudan,Tunisia,1976,1.86
Sudan,Algeria,1977,1.622
Sudan,Egypt,1977,19.54
Sudan,Libya,1977,0
Sudan,Morocco,1977,0.037
Sudan,RESTO_DEL_MUNDO,1977,643.549
Sudan,Tunisia,1977,1.37
Sudan,Algeria,1978,0.588
Sudan,Egypt,1978,22.86
Sudan,Libya,1978,0.1
Sudan,Morocco,1978,0.06
Sudan,RESTO_DEL_MUNDO,1978,604.765
Sudan,Tunisia,1978,2.13
Sudan,Algeria,1979,0.52
Sudan,Egypt,1979,10.75
Sudan,Libya,1979,1.2
Sudan,Morocco,1979,0
Sudan,RESTO_DEL_MUNDO,1979,601.174
Sudan,Tunisia,1979,2.33
Sudan,Algeria,1980,1.8
Sudan,Egypt,1980,13.66
Sudan,Libya,1980,0.4
Sudan,Morocco,1980,0
Sudan,RESTO_DEL_MUNDO,1980,699.576
Sudan,Tunisia,1980,3.28
Sudan,Algeria,1981,3.52
Sudan,Egypt,1981,38
Sudan,Libya,1981,1.5
Sudan,Morocco,1981,0.21
Sudan,RESTO_DEL_MUNDO,1981,650.689
Sudan,Tunisia,1981,2.781
Sudan,Algeria,1982,0.01
Sudan,Egypt,1982,43.12
Sudan,Libya,1982,0
Sudan,Morocco,1982,0
Sudan,RESTO_DEL_MUNDO,1982,562.367
Sudan,Tunisia,1982,1.342
Sudan,Algeria,1983,1.78
Sudan,Egypt,1983,76.28
Sudan,Libya,1983,0
Sudan,Morocco,1983,0
Sudan,RESTO_DEL_MUNDO,1983,637.513
Sudan,Tunisia,1983,2
Sudan,Algeria,1984,0
Sudan,Egypt,1984,116.76
Sudan,Libya,1984,0
Sudan,Morocco,1984,0
Sudan,RESTO_DEL_MUNDO,1984,602.805
Sudan,Tunisia,1984,3.9
Sudan,Algeria,1985,0
Sudan,Egypt,1985,35.1575
Sudan,Libya,1985,0
Sudan,Morocco,1985,0
Sudan,RESTO_DEL_MUNDO,1985,416.86
Sudan,Tunisia,1985,1.82
Sudan,Algeria,1986,0
Sudan,Egypt,1986,96.88
Sudan,Libya,1986,0
Sudan,Morocco,1986,0
Sudan,RESTO_DEL_MUNDO,1986,431.684
Sudan,Tunisia,1986,1.37
Sudan,Algeria,1987,0
Sudan,Egypt,1987,33.0666
Sudan,Libya,1987,0
Sudan,Morocco,1987,0
Sudan,RESTO_DEL_MUNDO,1987,489.91
Sudan,Tunisia,1987,2.93
Sudan,Algeria,1988,0
Sudan,Egypt,1988,63.226
Sudan,Libya,1988,0.324
Sudan,Morocco,1988,0
Sudan,RESTO_DEL_MUNDO,1988,559.18
Sudan,Tunisia,1988,2.65
Sudan,Algeria,1989,0
Sudan,Egypt,1989,39.441
Sudan,Libya,1989,0.0433758
Sudan,Morocco,1989,0.000589055
Sudan,RESTO_DEL_MUNDO,1989,571.954
Sudan,Tunisia,1989,9.84589
Sudan,Algeria,1990,0
Sudan,Egypt,1990,34.287
Sudan,Libya,1990,1.515
Sudan,Morocco,1990,0
Sudan,RESTO_DEL_MUNDO,1990,533.271
Sudan,Tunisia,1990,3.52968
Sudan,Algeria,1991,0
Sudan,Egypt,1991,3.194
Sudan,Libya,1991,4.655
Sudan,Morocco,1991,0.015
Sudan,RESTO_DEL_MUNDO,1991,394.821
Sudan,Tunisia,1991,1.48697
Sudan,Algeria,1992,0.582
Sudan,Egypt,1992,21.884
Sudan,Libya,1992,5.1205
Sudan,Morocco,1992,0.008
Sudan,RESTO_DEL_MUNDO,1992,320.587
Sudan,Tunisia,1992,3.4508
Sudan,Algeria,1993,0.902
Sudan,Egypt,1993,11.8549
Sudan,Libya,1993,5.18809
Sudan,Morocco,1993,0.667
Sudan,RESTO_DEL_MUNDO,1993,368.162
Sudan,Tunisia,1993,2.44784
Sudan,Algeria,1994,0.42
Sudan,Egypt,1994,1.793
Sudan,Libya,1994,4.98057
Sudan,Morocco,1994,0.0110837
Sudan,RESTO_DEL_MUNDO,1994,518.521
Sudan,Tunisia,1994,3.58557
Sudan,Algeria,1995,0.134659
Sudan,Egypt,1995,2.74394
Sudan,Libya,1995,5.72765
Sudan,Morocco,1995,0.0505841
Sudan,RESTO_DEL_MUNDO,1995,580.817
Sudan,Tunisia,1995,7.05118
Sudan,Algeria,1996,0.043
Sudan,Egypt,1996,20.8173
Sudan,Libya,1996,6.35769
Sudan,Morocco,1996,0.0399271
Sudan,RESTO_DEL_MUNDO,1996,500.517
Sudan,Tunisia,1996,6.15364
Sudan,Algeria,1997,0.16653
Sudan,Egypt,1997,22.674
Sudan,Libya,1997,7.24777
Sudan,Morocco,1997,0.0223573
Sudan,RESTO_DEL_MUNDO,1997,518.698
Sudan,Tunisia,1997,4.49455
Sudan,Algeria,1998,0.522685
Sudan,Egypt,1998,14.7828
Sudan,Libya,1998,0
Sudan,Morocco,1998,0
Sudan,RESTO_DEL_MUNDO,1998,564.923
Sudan,Tunisia,1998,4.87555
Sudan,Algeria,1999,0.717804
Sudan,Egypt,1999,36.7867
Sudan,Libya,1999,0
Sudan,Morocco,1999,0
Sudan,RESTO_DEL_MUNDO,1999,731.72
Sudan,Tunisia,1999,5.54693
Sudan,Algeria,2000,0.324605
Sudan,Egypt,2000,42.3047
Sudan,Libya,2000,0
Sudan,Morocco,2000,0.151238
Sudan,RESTO_DEL_MUNDO,2000,1708.97
Sudan,Tunisia,2000,4.86934
Sudan,Algeria,2001,0.534962
Sudan,Egypt,2001,64.064
Sudan,Libya,2001,0
Sudan,Morocco,2001,0.223835
Sudan,RESTO_DEL_MUNDO,2001,1791.83
Sudan,Tunisia,2001,6.28896
Sudan,Algeria,2002,1.01972
Sudan,Egypt,2002,56.6042
Sudan,Libya,2002,0
Sudan,Morocco,2002,0.140827
Sudan,RESTO_DEL_MUNDO,2002,2048.35
Sudan,Tunisia,2002,5.62526
Sudan,Algeria,2003,0.165
Sudan,Egypt,2003,48.3949
Sudan,Libya,2003,4.9401
Sudan,Morocco,2003,0.0283047
Sudan,RESTO_DEL_MUNDO,2003,2647.59
Sudan,Tunisia,2003,8.09696
Sudan,Algeria,2004,1.84028
Sudan,Egypt,2004,70.3474
Sudan,Libya,2004,3.5079
Sudan,Morocco,2004,0.00180424
Sudan,RESTO_DEL_MUNDO,2004,4073.33
Sudan,Tunisia,2004,10.0255
Sudan,Algeria,2005,1.38922
Sudan,Egypt,2005,64.1418
Sudan,Libya,2005,1.7776
Sudan,Morocco,2005,0.063567
Sudan,RESTO_DEL_MUNDO,2005,5373.15
Sudan,Tunisia,2005,7.73897
Sudan,Algeria,2006,0.530098
Sudan,Egypt,2006,59.5341
Sudan,Libya,2006,5.9224
Sudan,Morocco,2006,0.501024
Sudan,RESTO_DEL_MUNDO,2006,6236.29
Sudan,Tunisia,2006,7.72918
Sudan,Algeria,2007,1.38905
Sudan,Egypt,2007,49.5701
Sudan,Libya,2007,3.2164
Sudan,Morocco,2007,0.491211
Sudan,RESTO_DEL_MUNDO,2007,8858.38
Sudan,Tunisia,2007,10.0181
Sudan,Algeria,2008,0.202328
Sudan,Egypt,2008,48.3992
Sudan,Libya,2008,0.5709
Sudan,Morocco,2008,0.459601
Sudan,RESTO_DEL_MUNDO,2008,21878.7
Sudan,Tunisia,2008,17.539
Sudan,Algeria,2009,1.17254
Sudan,Egypt,2009,43.3674
Sudan,Libya,2009,2.1857
Sudan,Morocco,2009,0.080115
Sudan,RESTO_DEL_MUNDO,2009,14183.2
Sudan,Tunisia,2009,12.761
Sudan,Algeria,2010,1.25756
Sudan,Egypt,2010,41.6201
Sudan,Libya,2010,3.1317
Sudan,Morocco,2010,0.004209
Sudan,RESTO_DEL_MUNDO,2010,19211.9
Sudan,Tunisia,2010,11.1979
Sudan,Algeria,2011,1.51559
Sudan,Egypt,2011,26.7001
Sudan,Libya,2011,1.0164
Sudan,Morocco,2011,0.088655
Sudan,RESTO_DEL_MUNDO,2011,21538.3
Sudan,Tunisia,2011,17.5943
Sudan,Algeria,2012,0.748717
Sudan,Egypt,2012,19.236
Sudan,Libya,2012,0.4158
Sudan,Morocco,2012,7.6e-05
Sudan,RESTO_DEL_MUNDO,2012,6161.49
Sudan,Tunisia,2012,15.7892
Sudan,Algeria,2013,1.71608
Sudan,Egypt,2013,73.6424
Sudan,Libya,2013,1.0681
Sudan,Morocco,2013,0.008085
Sudan,RESTO_DEL_MUNDO,2013,9470.41
Sudan,Tunisia,2013,18.0808
Sudan,Algeria,2014,1.63469
Sudan,Egypt,2014,89.6036
Sudan,Libya,2014,1.01744
Sudan,Morocco,2014,0.048891
Sudan,RESTO_DEL_MUNDO,2014,4625.09
Sudan,Tunisia,2014,18.9482
Sweden,Denmark,1900,15.65
Sweden,RESTO_DEL_MUNDO,1900,119.44
Sweden,Denmark,1901,14.6
Sweden,RESTO_DEL_MUNDO,1901,104.6
Sweden,Denmark,1902,16.95
Sweden,RESTO_DEL_MUNDO,1902,108.53
Sweden,Denmark,1903,17.29
Sweden,RESTO_DEL_MUNDO,1903,115.67
Sweden,Denmark,1904,16.67
Sweden,RESTO_DEL_MUNDO,1904,97.83
Sweden,Denmark,1905,18.4
Sweden,Norway,1905,8.66
Sweden,RESTO_DEL_MUNDO,1905,111.51
Sweden,Denmark,1906,20.01
Sweden,Norway,1906,9.8
Sweden,RESTO_DEL_MUNDO,1906,121.62
Sweden,Denmark,1907,21.48
Sweden,Norway,1907,12.69
Sweden,RESTO_DEL_MUNDO,1907,126.64
Sweden,Denmark,1908,15.38
Sweden,Norway,1908,11.21
Sweden,RESTO_DEL_MUNDO,1908,118.13
Sweden,Denmark,1909,15.53
Sweden,Norway,1909,11.27
Sweden,RESTO_DEL_MUNDO,1909,112.92
Sweden,Denmark,1910,15.02
Sweden,Norway,1910,14.07
Sweden,RESTO_DEL_MUNDO,1910,135.3
Sweden,Denmark,1911,18.26
Sweden,Norway,1911,8.38
Sweden,RESTO_DEL_MUNDO,1911,134.955
Sweden,Denmark,1912,18.88
Sweden,Norway,1912,9.55
Sweden,RESTO_DEL_MUNDO,1912,190.51
Sweden,Denmark,1913,19.46
Sweden,Norway,1913,12.52
Sweden,RESTO_DEL_MUNDO,1913,209.37
Sweden,Denmark,1919,45.49
Sweden,Norway,1919,46.68
Sweden,RESTO_DEL_MUNDO,1919,62.77
Sweden,Denmark,1920,29.95
Sweden,Finland,1920,14.9
Sweden,Norway,1920,31.19
Sweden,RESTO_DEL_MUNDO,1920,507.049
Sweden,Denmark,1921,26.2705
Sweden,Finland,1921,6.57
Sweden,Norway,1921,18.81
Sweden,RESTO_DEL_MUNDO,1921,222.783
Sweden,Denmark,1922,21.9
Sweden,Finland,1922,5.36
Sweden,Norway,1922,22.4
Sweden,RESTO_DEL_MUNDO,1922,251.17
Sweden,Denmark,1923,22.99
Sweden,Finland,1923,6.65
Sweden,Norway,1923,15.17
Sweden,RESTO_DEL_MUNDO,1923,227.57
Sweden,Denmark,1924,21.61
Sweden,Finland,1924,7.34
Sweden,Norway,1924,13.66
Sweden,RESTO_DEL_MUNDO,1924,278.3
Sweden,Denmark,1925,21.72
Sweden,Finland,1925,9.06
Sweden,Norway,1925,17.06
Sweden,RESTO_DEL_MUNDO,1925,319.1
Sweden,Denmark,1926,24.33
Sweden,Finland,1926,10.52
Sweden,Norway,1926,18.58
Sweden,RESTO_DEL_MUNDO,1926,315.81
Sweden,Denmark,1927,28.34
Sweden,Finland,1927,13.19
Sweden,Norway,1927,20.47
Sweden,RESTO_DEL_MUNDO,1927,373.08
Sweden,Denmark,1928,29.2
Sweden,Finland,1928,16.56
Sweden,Norway,1928,23.12
Sweden,RESTO_DEL_MUNDO,1928,337.28
Sweden,Denmark,1929,33.37
Sweden,Finland,1929,13.6
Sweden,Norway,1929,25.86
Sweden,RESTO_DEL_MUNDO,1929,418.63
Sweden,Denmark,1930,33.02
Sweden,Norway,1930,23.93
Sweden,RESTO_DEL_MUNDO,1930,301.894
Sweden,Denmark,1931,22.8
Sweden,Finland,1931,6.85
Sweden,Norway,1931,22.23
Sweden,RESTO_DEL_MUNDO,1931,247.31
Sweden,Denmark,1932,11.86
Sweden,Finland,1932,5.37
Sweden,Norway,1932,10.5
Sweden,RESTO_DEL_MUNDO,1932,157.64
Sweden,Denmark,1933,16.97
Sweden,Finland,1933,7.23
Sweden,Norway,1933,12.08
Sweden,RESTO_DEL_MUNDO,1933,178.92
Sweden,Denmark,1934,21.45
Sweden,Finland,1934,11.67
Sweden,Norway,1934,20.25
Sweden,RESTO_DEL_MUNDO,1934,282.07
Sweden,Denmark,1935,20
Sweden,Finland,1935,13
Sweden,Norway,1935,22
Sweden,RESTO_DEL_MUNDO,1935,300.39
Sweden,Denmark,1936,22.21
Sweden,Finland,1936,17.03
Sweden,Norway,1936,27.53
Sweden,RESTO_DEL_MUNDO,1936,348.011
Sweden,Denmark,1937,22.56
Sweden,Finland,1937,24.56
Sweden,Norway,1937,35.7
Sweden,RESTO_DEL_MUNDO,1937,466.239
Sweden,Denmark,1938,23.24
Sweden,Finland,1938,24
Sweden,Norway,1938,33.66
Sweden,RESTO_DEL_MUNDO,1938,380.224
Sweden,Denmark,1939,25.76
Sweden,Norway,1939,32.45
Sweden,RESTO_DEL_MUNDO,1939,158.832
Sweden,Denmark,1940,12.95
Sweden,Norway,1940,21.48
Sweden,RESTO_DEL_MUNDO,1940,149.94
Sweden,RESTO_DEL_MUNDO,1941,104.32
Sweden,RESTO_DEL_MUNDO,1942,214.02
Sweden,RESTO_DEL_MUNDO,1944,108.1
Sweden,RESTO_DEL_MUNDO,1945,10.7488
Sweden,Denmark,1946,41.86
Sweden,Norway,1946,45.44
Sweden,RESTO_DEL_MUNDO,1946,181.126
Sweden,Denmark,1947,44.48
Sweden,Norway,1947,65
Sweden,RESTO_DEL_MUNDO,1947,276.302
Sweden,Denmark,1948,47.16
Sweden,Finland,1948,23
Sweden,Norway,1948,99.25
Sweden,RESTO_DEL_MUNDO,1948,822.81
Sweden,Denmark,1949,55.16
Sweden,Finland,1949,25.4
Sweden,Norway,1949,109.56
Sweden,RESTO_DEL_MUNDO,1949,748.671
Sweden,Denmark,1950,68.2
Sweden,Finland,1950,24
Sweden,Iceland,1950,1.1
Sweden,Norway,1950,98.1
Sweden,RESTO_DEL_MUNDO,1950,802.58
Sweden,Denmark,1951,85.8
Sweden,Finland,1951,33.5
Sweden,Iceland,1951,2.7
Sweden,Norway,1951,105.6
Sweden,RESTO_DEL_MUNDO,1951,1399.55
Sweden,Denmark,1952,85.6
Sweden,Finland,1952,43.1
Sweden,Iceland,1952,2.2
Sweden,Norway,1952,120.8
Sweden,RESTO_DEL_MUNDO,1952,1247.77
Sweden,Denmark,1953,92.9
Sweden,Finland,1953,21
Sweden,Iceland,1953,1.7
Sweden,Norway,1953,119.7
Sweden,RESTO_DEL_MUNDO,1953,1128.67
Sweden,Denmark,1954,107.7
Sweden,Finland,1954,29
Sweden,Iceland,1954,3.6
Sweden,Norway,1954,160.1
Sweden,RESTO_DEL_MUNDO,1954,1120.28
Sweden,Denmark,1955,104.5
Sweden,Finland,1955,36
Sweden,Iceland,1955,3.4
Sweden,Norway,1955,176.4
Sweden,RESTO_DEL_MUNDO,1955,1521.81
Sweden,Denmark,1956,117
Sweden,Finland,1956,45.5
Sweden,Iceland,1956,3.1
Sweden,Norway,1956,169.9
Sweden,RESTO_DEL_MUNDO,1956,1733.73
Sweden,Denmark,1957,121.7
Sweden,Finland,1957,48.8
Sweden,Iceland,1957,2.6
Sweden,Norway,1957,206.3
Sweden,RESTO_DEL_MUNDO,1957,1922.48
Sweden,Denmark,1958,135.4
Sweden,Finland,1958,57.7
Sweden,Iceland,1958,2
Sweden,Norway,1958,208.3
Sweden,RESTO_DEL_MUNDO,1958,1746.64
Sweden,Denmark,1959,155.5
Sweden,Finland,1959,74.3
Sweden,Iceland,1959,4
Sweden,Norway,1959,212
Sweden,RESTO_DEL_MUNDO,1959,1832.77
Sweden,Denmark,1960,176.4
Sweden,Finland,1960,106.8
Sweden,Iceland,1960,3.5
Sweden,Norway,1960,231.8
Sweden,RESTO_DEL_MUNDO,1960,1731.61
Sweden,Denmark,1961,207.3
Sweden,Finland,1961,124.8
Sweden,Iceland,1961,3.5
Sweden,Norway,1961,263.6
Sweden,RESTO_DEL_MUNDO,1961,1807.08
Sweden,Denmark,1962,259.4
Sweden,Finland,1962,148.1
Sweden,Iceland,1962,5.4
Sweden,Norway,1962,283
Sweden,RESTO_DEL_MUNDO,1962,1942.23
Sweden,Denmark,1963,264.6
Sweden,Finland,1963,134.6
Sweden,Iceland,1963,7.3
Sweden,Norway,1963,348.4
Sweden,RESTO_DEL_MUNDO,1963,2057.81
Sweden,Denmark,1964,347.9
Sweden,Finland,1964,172.9
Sweden,Iceland,1964,7
Sweden,Norway,1964,378.6
Sweden,RESTO_DEL_MUNDO,1964,2386.44
Sweden,Denmark,1965,386.1
Sweden,Finland,1965,212.4
Sweden,Iceland,1965,7.2
Sweden,Norway,1965,463.8
Sweden,RESTO_DEL_MUNDO,1965,2523.16
Sweden,Denmark,1966,426.3
Sweden,Finland,1966,221.7
Sweden,Iceland,1966,10.9
Sweden,Norway,1966,451.4
Sweden,RESTO_DEL_MUNDO,1966,2807.52
Sweden,Denmark,1967,454.3
Sweden,Finland,1967,238.5
Sweden,Iceland,1967,10.7
Sweden,Norway,1967,533.9
Sweden,RESTO_DEL_MUNDO,1967,2992.34
Sweden,Denmark,1968,482.1
Sweden,Finland,1968,228.4
Sweden,Iceland,1968,7.8
Sweden,Norway,1968,519.6
Sweden,RESTO_DEL_MUNDO,1968,3301.12
Sweden,Denmark,1969,591.55
Sweden,Finland,1969,306.69
Sweden,Iceland,1969,6
Sweden,Norway,1969,557.99
Sweden,RESTO_DEL_MUNDO,1969,3700.6
Sweden,Denmark,1970,700.12
Sweden,Finland,1970,424.16
Sweden,Iceland,1970,7.984
Sweden,Norway,1970,744.02
Sweden,RESTO_DEL_MUNDO,1970,4275.41
Sweden,Denmark,1971,756.69
Sweden,Finland,1971,463.23
Sweden,Iceland,1971,12.467
Sweden,Norway,1971,783.43
Sweden,RESTO_DEL_MUNDO,1971,4705.67
Sweden,Denmark,1972,805.71
Sweden,Finland,1972,550.67
Sweden,Iceland,1972,16.92
Sweden,Norway,1972,819
Sweden,RESTO_DEL_MUNDO,1972,5689.09
Sweden,Denmark,1973,1225.84
Sweden,Finland,1973,768.13
Sweden,Iceland,1973,27.071
Sweden,Norway,1973,1080.64
Sweden,RESTO_DEL_MUNDO,1973,7947.77
Sweden,Denmark,1974,1357.06
Sweden,Finland,1974,1095.11
Sweden,Iceland,1974,37.011
Sweden,Norway,1974,1583.05
Sweden,RESTO_DEL_MUNDO,1974,10494.4
Sweden,Denmark,1975,1471.45
Sweden,Finland,1975,1215.66
Sweden,Iceland,1975,29.259
Sweden,Norway,1975,1870.13
Sweden,RESTO_DEL_MUNDO,1975,11148.3
Sweden,Denmark,1976,1760.69
Sweden,Finland,1976,1179.07
Sweden,Iceland,1976,29.911
Sweden,Norway,1976,2042.51
Sweden,RESTO_DEL_MUNDO,1976,11586.8
Sweden,Denmark,1977,1735.72
Sweden,Finland,1977,1020.46
Sweden,Iceland,1977,42.45
Sweden,Norway,1977,2315.31
Sweden,RESTO_DEL_MUNDO,1977,12026.5
Sweden,Denmark,1978,1944.97
Sweden,Finland,1978,1132.22
Sweden,Iceland,1978,62.851
Sweden,Norway,1978,2097.65
Sweden,RESTO_DEL_MUNDO,1978,14135.4
Sweden,Denmark,1979,2341.5
Sweden,Finland,1979,1571.98
Sweden,Iceland,1979,61.683
Sweden,Norway,1979,2426.03
Sweden,RESTO_DEL_MUNDO,1979,18069.8
Sweden,Denmark,1980,2478.63
Sweden,Finland,1980,1885.2
Sweden,Iceland,1980,71.459
Sweden,Norway,1980,2834.3
Sweden,RESTO_DEL_MUNDO,1980,20423
Sweden,Denmark,1981,2115.79
Sweden,Finland,1981,1608.91
Sweden,Iceland,1981,85.953
Sweden,Norway,1981,2572.74
Sweden,RESTO_DEL_MUNDO,1981,19286.6
Sweden,Denmark,1982,1965.35
Sweden,Finland,1982,1650.84
Sweden,Iceland,1982,79.295
Sweden,Norway,1982,2647.62
Sweden,RESTO_DEL_MUNDO,1982,18306.9
Sweden,Denmark,1983,2140.82
Sweden,Finland,1983,1435
Sweden,Iceland,1983,68.547
Sweden,Norway,1983,2539.34
Sweden,RESTO_DEL_MUNDO,1983,18092.3
Sweden,Denmark,1984,2315.39
Sweden,Finland,1984,1509.83
Sweden,Iceland,1984,71.23
Sweden,Norway,1984,2376.78
Sweden,RESTO_DEL_MUNDO,1984,19583.1
Sweden,Denmark,1985,2374.8
Sweden,Finland,1985,1565.55
Sweden,Iceland,1985,72.136
Sweden,Norway,1985,2780.04
Sweden,RESTO_DEL_MUNDO,1985,20479.4
Sweden,Denmark,1986,2818.9
Sweden,Finland,1986,2088.36
Sweden,Iceland,1986,99.874
Sweden,Norway,1986,3644.98
Sweden,RESTO_DEL_MUNDO,1986,24162.7
Sweden,Denmark,1987,3114.36
Sweden,Finland,1987,2567.82
Sweden,Iceland,1987,130.805
Sweden,Norway,1987,4284.97
Sweden,RESTO_DEL_MUNDO,1987,28781.3
Sweden,Denmark,1988,3213.91
Sweden,Finland,1988,2811.28
Sweden,Iceland,1988,139.405
Sweden,Norway,1988,4078.34
Sweden,RESTO_DEL_MUNDO,1988,32586.3
Sweden,Denmark,1989,3170.92
Sweden,Finland,1989,3329.95
Sweden,Iceland,1989,114.849
Sweden,Norway,1989,3596.17
Sweden,RESTO_DEL_MUNDO,1989,34253.6
Sweden,Denmark,1990,3618.32
Sweden,Finland,1990,3504.17
Sweden,Iceland,1990,127.686
Sweden,Norway,1990,4220.64
Sweden,RESTO_DEL_MUNDO,1990,46513.5
Sweden,Denmark,1991,3483.69
Sweden,Finland,1991,2680.51
Sweden,Iceland,1991,130.623
Sweden,Norway,1991,3970.76
Sweden,RESTO_DEL_MUNDO,1991,46244.1
Sweden,Denmark,1992,3880.65
Sweden,Finland,1992,2485.38
Sweden,Iceland,1992,115.757
Sweden,Norway,1992,4020.39
Sweden,RESTO_DEL_MUNDO,1992,46783.8
Sweden,Denmark,1993,3210.95
Sweden,Finland,1993,1840.07
Sweden,Iceland,1993,91.5134
Sweden,Norway,1993,3327.13
Sweden,RESTO_DEL_MUNDO,1993,42776
Sweden,Denmark,1994,3931.34
Sweden,Finland,1994,2409.24
Sweden,Iceland,1994,102.867
Sweden,Norway,1994,3958.2
Sweden,RESTO_DEL_MUNDO,1994,50111.8
Sweden,Denmark,1995,5167.4
Sweden,Finland,1995,3463.26
Sweden,Iceland,1995,122.679
Sweden,Norway,1995,5032.55
Sweden,RESTO_DEL_MUNDO,1995,60880
Sweden,Denmark,1996,5006.93
Sweden,Finland,1996,3432.13
Sweden,Iceland,1996,137.311
Sweden,Norway,1996,5854.91
Sweden,RESTO_DEL_MUNDO,1996,64193.8
Sweden,Denmark,1997,5645.22
Sweden,Finland,1997,3525.44
Sweden,Iceland,1997,135.329
Sweden,Norway,1997,5601.39
Sweden,RESTO_DEL_MUNDO,1997,64147.4
Sweden,Denmark,1998,5815.27
Sweden,Finland,1998,3627.43
Sweden,Iceland,1998,166.232
Sweden,Norway,1998,5513.72
Sweden,RESTO_DEL_MUNDO,1998,66219
Sweden,Denmark,1999,5472.02
Sweden,Finland,1999,4675.71
Sweden,Iceland,1999,156.349
Sweden,Norway,1999,5134.32
Sweden,RESTO_DEL_MUNDO,1999,70558.3
Sweden,Denmark,2000,5472.13
Sweden,Finland,2000,4677.31
Sweden,Iceland,2000,169.789
Sweden,Norway,2000,4986.1
Sweden,RESTO_DEL_MUNDO,2000,73767.8
Sweden,Denmark,2001,5285.13
Sweden,Finland,2001,3320.56
Sweden,Iceland,2001,130.693
Sweden,Norway,2001,5022.15
Sweden,RESTO_DEL_MUNDO,2001,65068.1
Sweden,Denmark,2002,5898.97
Sweden,Finland,2002,3642.71
Sweden,Iceland,2002,135.136
Sweden,Norway,2002,5350.77
Sweden,RESTO_DEL_MUNDO,2002,66631.5
Sweden,Denmark,2003,7301.83
Sweden,Finland,2003,6026.24
Sweden,Iceland,2003,182.901
Sweden,Norway,2003,6433.07
Sweden,RESTO_DEL_MUNDO,2003,81521.4
Sweden,Denmark,2004,8994.09
Sweden,Finland,2004,7381.5
Sweden,Iceland,2004,232.298
Sweden,Norway,2004,7597.27
Sweden,RESTO_DEL_MUNDO,2004,99339.3
Sweden,Denmark,2005,10399.5
Sweden,Finland,2005,8342.2
Sweden,Iceland,2005,418.809
Sweden,Norway,2005,8000.77
Sweden,RESTO_DEL_MUNDO,2005,107437
Sweden,Denmark,2006,12108.6
Sweden,Finland,2006,9668.03
Sweden,Iceland,2006,426.339
Sweden,Norway,2006,9645.06
Sweden,RESTO_DEL_MUNDO,2006,118904
Sweden,Denmark,2007,14128.4
Sweden,Finland,2007,11241
Sweden,Iceland,2007,674.37
Sweden,Norway,2007,11777.9
Sweden,RESTO_DEL_MUNDO,2007,135518
Sweden,Denmark,2008,15246.3
Sweden,Finland,2008,12527
Sweden,Iceland,2008,558.944
Sweden,Norway,2008,12793.8
Sweden,RESTO_DEL_MUNDO,2008,148241
Sweden,Denmark,2009,10839.3
Sweden,Finland,2009,8960.92
Sweden,Iceland,2009,289.421
Sweden,Norway,2009,9481.98
Sweden,RESTO_DEL_MUNDO,2009,104534
Sweden,Denmark,2010,11068.4
Sweden,Finland,2010,9903.46
Sweden,Iceland,2010,202.742
Sweden,Norway,2010,10799.9
Sweden,RESTO_DEL_MUNDO,2010,123585
Sweden,Denmark,2011,12751.6
Sweden,Finland,2011,11676.2
Sweden,Iceland,2011,189.34
Sweden,Norway,2011,12147.2
Sweden,RESTO_DEL_MUNDO,2011,147862
Sweden,Denmark,2012,12178.8
Sweden,Finland,2012,11253.2
Sweden,Iceland,2012,183.1
Sweden,Norway,2012,11824.2
Sweden,RESTO_DEL_MUNDO,2012,138640
Sweden,Denmark,2013,12071.4
Sweden,Finland,2013,12448.5
Sweden,Iceland,2013,201.489
Sweden,Norway,2013,11973.5
Sweden,RESTO_DEL_MUNDO,2013,134869
Sweden,Denmark,2014,12170.3
Sweden,Finland,2014,12066
Sweden,Iceland,2014,192.474
Sweden,Norway,2014,10985.8
Sweden,RESTO_DEL_MUNDO,2014,133916
Switzerland,RESTO_DEL_MUNDO,1900,144.21
Switzerland,RESTO_DEL_MUNDO,1901,143.79
Switzerland,RESTO_DEL_MUNDO,1902,149.78
Switzerland,RESTO_DEL_MUNDO,1903,154.22
Switzerland,RESTO_DEL_MUNDO,1904,139.19
Switzerland,RESTO_DEL_MUNDO,1905,264.22
Switzerland,RESTO_DEL_MUNDO,1906,179.91
Switzerland,RESTO_DEL_MUNDO,1907,172.09
Switzerland,RESTO_DEL_MUNDO,1908,163.04
Switzerland,RESTO_DEL_MUNDO,1909,162.24
Switzerland,RESTO_DEL_MUNDO,1910,186.11
Switzerland,RESTO_DEL_MUNDO,1911,186.246
Switzerland,RESTO_DEL_MUNDO,1912,214.61
Switzerland,RESTO_DEL_MUNDO,1913,213.97
Switzerland,RESTO_DEL_MUNDO,1919,149.81
Switzerland,RESTO_DEL_MUNDO,1920,441.601
Switzerland,RESTO_DEL_MUNDO,1921,296.349
Switzerland,RESTO_DEL_MUNDO,1922,323.748
Switzerland,RESTO_DEL_MUNDO,1923,296.254
Switzerland,RESTO_DEL_MUNDO,1924,362.105
Switzerland,Ireland,1925,81.46
Switzerland,RESTO_DEL_MUNDO,1925,345.1
Switzerland,RESTO_DEL_MUNDO,1926,331.06
Switzerland,Ireland,1927,0.34
Switzerland,RESTO_DEL_MUNDO,1927,385.67
Switzerland,Ireland,1928,0.36
Switzerland,RESTO_DEL_MUNDO,1928,404.94
Switzerland,Ireland,1929,0.31
Switzerland,RESTO_DEL_MUNDO,1929,408.394
Switzerland,Ireland,1930,0.38
Switzerland,RESTO_DEL_MUNDO,1930,279.593
Switzerland,Ireland,1931,0.19
Switzerland,RESTO_DEL_MUNDO,1931,263.854
Switzerland,Ireland,1932,0.19
Switzerland,RESTO_DEL_MUNDO,1932,153.034
Switzerland,Ireland,1933,0.24
Switzerland,RESTO_DEL_MUNDO,1933,158.78
Switzerland,Ireland,1934,0.45
Switzerland,RESTO_DEL_MUNDO,1934,245.04
Switzerland,Ireland,1935,1
Switzerland,RESTO_DEL_MUNDO,1935,230.87
Switzerland,Ireland,1936,0.33
Switzerland,RESTO_DEL_MUNDO,1936,242.58
Switzerland,Ireland,1937,0.36
Switzerland,RESTO_DEL_MUNDO,1937,273.791
Switzerland,Ireland,1938,1
Switzerland,RESTO_DEL_MUNDO,1938,238.903
Switzerland,RESTO_DEL_MUNDO,1939,108.972
Switzerland,RESTO_DEL_MUNDO,1940,99.15
Switzerland,RESTO_DEL_MUNDO,1941,357.03
Switzerland,RESTO_DEL_MUNDO,1942,598.55
Switzerland,RESTO_DEL_MUNDO,1944,258.69
Switzerland,RESTO_DEL_MUNDO,1945,43.6782
Switzerland,RESTO_DEL_MUNDO,1946,222.367
Switzerland,RESTO_DEL_MUNDO,1947,313.487
Switzerland,Ireland,1948,1.6
Switzerland,RESTO_DEL_MUNDO,1948,647.33
Switzerland,Ireland,1949,1.7
Switzerland,RESTO_DEL_MUNDO,1949,589.911
Switzerland,Ireland,1950,1.9
Switzerland,Luxembourg,1950,2.52566
Switzerland,RESTO_DEL_MUNDO,1950,668.104
Switzerland,Ireland,1951,2.2
Switzerland,Luxembourg,1951,2.87764
Switzerland,RESTO_DEL_MUNDO,1951,875.532
Switzerland,Ireland,1952,3.9
Switzerland,Luxembourg,1952,2.86519
Switzerland,RESTO_DEL_MUNDO,1952,871.905
Switzerland,Ireland,1953,3.4
Switzerland,Luxembourg,1953,2.50223
Switzerland,RESTO_DEL_MUNDO,1953,910.678
Switzerland,Ireland,1954,3.5
Switzerland,Luxembourg,1954,2.33201
Switzerland,RESTO_DEL_MUNDO,1954,952.298
Switzerland,Ireland,1955,3.6
Switzerland,Luxembourg,1955,2.38513
Switzerland,RESTO_DEL_MUNDO,1955,1261.76
Switzerland,Ireland,1956,2.2
Switzerland,Luxembourg,1956,2.81562
Switzerland,RESTO_DEL_MUNDO,1956,1436.46
Switzerland,Ireland,1957,1.6
Switzerland,Luxembourg,1957,3.00779
Switzerland,RESTO_DEL_MUNDO,1957,1532.55
Switzerland,Ireland,1958,2
Switzerland,Luxembourg,1958,2.76817
Switzerland,RESTO_DEL_MUNDO,1958,1478.63
Switzerland,Ireland,1959,1.9
Switzerland,Luxembourg,1959,2.77224
Switzerland,RESTO_DEL_MUNDO,1959,1643.76
Switzerland,Ireland,1960,2.8
Switzerland,Luxembourg,1960,3.77407
Switzerland,RESTO_DEL_MUNDO,1960,1514.31
Switzerland,Ireland,1961,3.1
Switzerland,Luxembourg,1961,3.36605
Switzerland,RESTO_DEL_MUNDO,1961,1629.85
Switzerland,Ireland,1962,4.3
Switzerland,Luxembourg,1962,3.75165
Switzerland,RESTO_DEL_MUNDO,1962,1803.86
Switzerland,Ireland,1963,7.8
Switzerland,Luxembourg,1963,4.01246
Switzerland,RESTO_DEL_MUNDO,1963,1986.72
Switzerland,Ireland,1964,5.7
Switzerland,Luxembourg,1964,4.42947
Switzerland,RESTO_DEL_MUNDO,1964,2204.35
Switzerland,Ireland,1965,5
Switzerland,Luxembourg,1965,4.79795
Switzerland,RESTO_DEL_MUNDO,1965,2440.49
Switzerland,Ireland,1966,4.6
Switzerland,Luxembourg,1966,4.8824
Switzerland,RESTO_DEL_MUNDO,1966,2835.84
Switzerland,Ireland,1967,4.7
Switzerland,Luxembourg,1967,4.13759
Switzerland,RESTO_DEL_MUNDO,1967,2987.77
Switzerland,Ireland,1968,9.1
Switzerland,Luxembourg,1968,4.83926
Switzerland,RESTO_DEL_MUNDO,1968,3360.48
Switzerland,Ireland,1969,13.32
Switzerland,Luxembourg,1969,6.31601
Switzerland,RESTO_DEL_MUNDO,1969,4059.2
Switzerland,Ireland,1970,11.11
Switzerland,Luxembourg,1970,6.30908
Switzerland,RESTO_DEL_MUNDO,1970,4526.84
Switzerland,Ireland,1971,11.92
Switzerland,Luxembourg,1971,7.13755
Switzerland,RESTO_DEL_MUNDO,1971,5038.83
Switzerland,Ireland,1972,15.44
Switzerland,Luxembourg,1972,8.77343
Switzerland,RESTO_DEL_MUNDO,1972,6308.07
Switzerland,Ireland,1973,22.36
Switzerland,Luxembourg,1973,14.0433
Switzerland,RESTO_DEL_MUNDO,1973,9134.98
Switzerland,Ireland,1974,26.36
Switzerland,Luxembourg,1974,25.0426
Switzerland,RESTO_DEL_MUNDO,1974,11992.7
Switzerland,Ireland,1975,27.11
Switzerland,Luxembourg,1975,29.8577
Switzerland,RESTO_DEL_MUNDO,1975,13496.2
Switzerland,Ireland,1976,31.52
Switzerland,Luxembourg,1976,24.0146
Switzerland,RESTO_DEL_MUNDO,1976,14688.6
Switzerland,Ireland,1977,37.17
Switzerland,Luxembourg,1977,23.7798
Switzerland,RESTO_DEL_MUNDO,1977,16490.9
Switzerland,Ireland,1978,67.17
Switzerland,Luxembourg,1978,38.1824
Switzerland,RESTO_DEL_MUNDO,1978,20823.7
Switzerland,Ireland,1979,82.27
Switzerland,Luxembourg,1979,51.4994
Switzerland,RESTO_DEL_MUNDO,1979,24832.3
Switzerland,Ireland,1980,68.94
Switzerland,Luxembourg,1980,84.6532
Switzerland,RESTO_DEL_MUNDO,1980,29756.3
Switzerland,Ireland,1981,71.7
Switzerland,Luxembourg,1981,93.9754
Switzerland,RESTO_DEL_MUNDO,1981,28456.5
Switzerland,Ireland,1982,101.63
Switzerland,Luxembourg,1982,60.6036
Switzerland,RESTO_DEL_MUNDO,1982,25875.8
Switzerland,Ireland,1983,88.74
Switzerland,Luxembourg,1983,72.8151
Switzerland,RESTO_DEL_MUNDO,1983,26085.8
Switzerland,Ireland,1984,93.89
Switzerland,Luxembourg,1984,64.5607
Switzerland,RESTO_DEL_MUNDO,1984,26834.5
Switzerland,Ireland,1985,101.27
Switzerland,Luxembourg,1985,63.2912
Switzerland,RESTO_DEL_MUNDO,1985,27687
Switzerland,Ireland,1986,114.97
Switzerland,Luxembourg,1986,76.0108
Switzerland,RESTO_DEL_MUNDO,1986,36302.3
Switzerland,Ireland,1987,101.9
Switzerland,Luxembourg,1987,81.5292
Switzerland,RESTO_DEL_MUNDO,1987,42071.8
Switzerland,Ireland,1988,108.66
Switzerland,Luxembourg,1988,91.398
Switzerland,RESTO_DEL_MUNDO,1988,47689.6
Switzerland,Ireland,1989,111.99
Switzerland,Luxembourg,1989,88.0511
Switzerland,RESTO_DEL_MUNDO,1989,49499
Switzerland,Ireland,1990,148.588
Switzerland,Luxembourg,1990,110.407
Switzerland,RESTO_DEL_MUNDO,1990,73022.5
Switzerland,Ireland,1991,157.357
Switzerland,Luxembourg,1991,110.425
Switzerland,RESTO_DEL_MUNDO,1991,70390.6
Switzerland,Ireland,1992,207.034
Switzerland,Luxembourg,1992,129.849
Switzerland,RESTO_DEL_MUNDO,1992,73471.7
Switzerland,Ireland,1993,203.831
Switzerland,Luxembourg,1993,99.6984
Switzerland,RESTO_DEL_MUNDO,1993,70347.8
Switzerland,Ireland,1994,256.853
Switzerland,Luxembourg,1994,132.246
Switzerland,RESTO_DEL_MUNDO,1994,76823.3
Switzerland,Ireland,1995,215.442
Switzerland,Luxembourg,1995,141.077
Switzerland,RESTO_DEL_MUNDO,1995,92092.9
Switzerland,Ireland,1996,235.414
Switzerland,Luxembourg,1996,134.36
Switzerland,RESTO_DEL_MUNDO,1996,91043.8
Switzerland,Ireland,1997,276.045
Switzerland,Luxembourg,1997,84.2708
Switzerland,RESTO_DEL_MUNDO,1997,89640.7
Switzerland,Ireland,1998,360.25
Switzerland,Luxembourg,1998,118.61
Switzerland,RESTO_DEL_MUNDO,1998,91482.7
Switzerland,Ireland,1999,286.021
Switzerland,Luxembourg,1999,166.726
Switzerland,RESTO_DEL_MUNDO,1999,98215.7
Switzerland,Ireland,2000,335.646
Switzerland,Luxembourg,2000,276.532
Switzerland,RESTO_DEL_MUNDO,2000,99124.9
Switzerland,Ireland,2001,412.294
Switzerland,Luxembourg,2001,162.021
Switzerland,RESTO_DEL_MUNDO,2001,99198.2
Switzerland,Ireland,2002,544.044
Switzerland,Luxembourg,2002,113.239
Switzerland,RESTO_DEL_MUNDO,2002,102862
Switzerland,Ireland,2003,502.992
Switzerland,Luxembourg,2003,148.673
Switzerland,RESTO_DEL_MUNDO,2003,116037
Switzerland,Ireland,2004,609.926
Switzerland,Luxembourg,2004,284.8
Switzerland,RESTO_DEL_MUNDO,2004,137933
Switzerland,Ireland,2005,625.48
Switzerland,Luxembourg,2005,635.287
Switzerland,RESTO_DEL_MUNDO,2005,148588
Switzerland,Ireland,2006,726.863
Switzerland,Luxembourg,2006,435.036
Switzerland,RESTO_DEL_MUNDO,2006,162300
Switzerland,Ireland,2007,681.289
Switzerland,Luxembourg,2007,268.268
Switzerland,RESTO_DEL_MUNDO,2007,191639
Switzerland,Ireland,2008,792.261
Switzerland,Luxembourg,2008,428.438
Switzerland,RESTO_DEL_MUNDO,2008,224713
Switzerland,Ireland,2009,614.078
Switzerland,Luxembourg,2009,344.099
Switzerland,RESTO_DEL_MUNDO,2009,201942
Switzerland,Ireland,2010,1149.17
Switzerland,Luxembourg,2010,601.083
Switzerland,RESTO_DEL_MUNDO,2010,228282
Switzerland,Ireland,2011,1126.98
Switzerland,Luxembourg,2011,470.572
Switzerland,RESTO_DEL_MUNDO,2011,294387
Switzerland,Ireland,2012,1132.8
Switzerland,Luxembourg,2012,377.842
Switzerland,RESTO_DEL_MUNDO,2012,294213
Switzerland,Ireland,2013,1086.57
Switzerland,Luxembourg,2013,226.074
Switzerland,RESTO_DEL_MUNDO,2013,322628
Switzerland,Ireland,2014,1678.61
Switzerland,Luxembourg,2014,118.919
Switzerland,RESTO_DEL_MUNDO,2014,298262
Syria,RESTO_DEL_MUNDO,1946,10.992
Syria,RESTO_DEL_MUNDO,1947,13.7561
Syria,Iran,1948,0.1
Syria,Lebanon,1948,0
Syria,RESTO_DEL_MUNDO,1948,35.0542
Syria,Iran,1949,0.3
Syria,Lebanon,1949,0
Syria,RESTO_DEL_MUNDO,1949,34.0108
Syria,Iran,1950,0.3
Syria,Israel,1950,0
Syria,Lebanon,1950,18.9
Syria,RESTO_DEL_MUNDO,1950,53.3
Syria,Saudi Arabia,1950,3.8
Syria,Iran,1951,0.5
Syria,Israel,1951,0
Syria,Lebanon,1951,26.9
Syria,RESTO_DEL_MUNDO,1951,120.2
Syria,Saudi Arabia,1951,2.3
Syria,Iran,1952,0.1
Syria,Israel,1952,0
Syria,Lebanon,1952,29.1
Syria,RESTO_DEL_MUNDO,1952,115.3
Syria,Saudi Arabia,1952,2.7
Syria,Iran,1953,0.1
Syria,Israel,1953,0
Syria,Lebanon,1953,41.8
Syria,RESTO_DEL_MUNDO,1953,85.01
Syria,Saudi Arabia,1953,3.3
Syria,Iran,1954,0.9
Syria,Israel,1954,1.2
Syria,Lebanon,1954,49.6
Syria,RESTO_DEL_MUNDO,1954,87.9
Syria,Saudi Arabia,1954,3.4
Syria,Iran,1955,3.8
Syria,Israel,1955,0
Syria,Lebanon,1955,39.6
Syria,RESTO_DEL_MUNDO,1955,115
Syria,Saudi Arabia,1955,3
Syria,Iran,1956,4.4
Syria,Israel,1956,0
Syria,Lebanon,1956,50.7
Syria,RESTO_DEL_MUNDO,1956,107.29
Syria,Saudi Arabia,1956,5.4
Syria,Iran,1957,0.3
Syria,Israel,1957,0
Syria,Lebanon,1957,42.1
Syria,RESTO_DEL_MUNDO,1957,123.83
Syria,Saudi Arabia,1957,6.2
Syria,Iran,1958,0.2
Syria,Israel,1958,0
Syria,Lebanon,1958,25.1
Syria,RESTO_DEL_MUNDO,1958,127.63
Syria,Saudi Arabia,1958,7
Syria,Iran,1961,0.9
Syria,Israel,1961,0
Syria,Lebanon,1961,19.2
Syria,RESTO_DEL_MUNDO,1961,198.43
Syria,Saudi Arabia,1961,4.3
Syria,Iran,1962,0.1
Syria,Israel,1962,0
Syria,Lebanon,1962,25.1
Syria,RESTO_DEL_MUNDO,1962,213.5
Syria,Saudi Arabia,1962,4.9
Syria,Iran,1963,0.3
Syria,Israel,1963,0
Syria,Lebanon,1963,50.9
Syria,RESTO_DEL_MUNDO,1963,245.98
Syria,Saudi Arabia,1963,5
Syria,Iran,1964,0.9
Syria,Israel,1964,0
Syria,Lebanon,1964,55.9
Syria,RESTO_DEL_MUNDO,1964,225.95
Syria,Saudi Arabia,1964,11.5
Syria,Iran,1965,2.4
Syria,Israel,1965,0
Syria,Lebanon,1965,63.4
Syria,RESTO_DEL_MUNDO,1965,204.622
Syria,Saudi Arabia,1965,18.4
Syria,Iran,1966,1.1
Syria,Israel,1966,0
Syria,Lebanon,1966,65.8
Syria,RESTO_DEL_MUNDO,1966,184.68
Syria,Saudi Arabia,1966,17.1
Syria,Iran,1967,0.2
Syria,Israel,1967,0
Syria,Lebanon,1967,51.25
Syria,RESTO_DEL_MUNDO,1967,149.68
Syria,Saudi Arabia,1967,15
Syria,Iran,1968,0.4
Syria,Israel,1968,0
Syria,Lebanon,1968,53.9
Syria,RESTO_DEL_MUNDO,1968,175.791
Syria,Saudi Arabia,1968,11
Syria,Iran,1969,0.03
Syria,Israel,1969,0
Syria,Lebanon,1969,29.77
Syria,RESTO_DEL_MUNDO,1969,209.336
Syria,Saudi Arabia,1969,11.8
Syria,Iran,1970,0.04
Syria,Israel,1970,0
Syria,Lebanon,1970,22.98
Syria,RESTO_DEL_MUNDO,1970,220.206
Syria,Saudi Arabia,1970,11.4
Syria,Iran,1971,0.08
Syria,Israel,1971,0
Syria,Lebanon,1971,12.36
Syria,RESTO_DEL_MUNDO,1971,226.819
Syria,Saudi Arabia,1971,12.1
Syria,Iran,1972,0.05
Syria,Israel,1972,0
Syria,Lebanon,1972,26.35
Syria,RESTO_DEL_MUNDO,1972,269.878
Syria,Saudi Arabia,1972,23.3
Syria,Iran,1973,0.2
Syria,Israel,1973,0
Syria,Lebanon,1973,21.18
Syria,RESTO_DEL_MUNDO,1973,346.163
Syria,Saudi Arabia,1973,55.8
Syria,Iran,1974,0.3
Syria,Israel,1974,0
Syria,Lebanon,1974,52.56
Syria,RESTO_DEL_MUNDO,1974,748.668
Syria,Saudi Arabia,1974,93
Syria,Iran,1975,1.7
Syria,Israel,1975,0
Syria,Lebanon,1975,8.02
Syria,RESTO_DEL_MUNDO,1975,953.872
Syria,Saudi Arabia,1975,193.5
Syria,Iran,1976,8.4
Syria,Israel,1976,0
Syria,Lebanon,1976,6.52
Syria,RESTO_DEL_MUNDO,1976,1009.7
Syria,Saudi Arabia,1976,571.9
Syria,Iran,1977,0.3
Syria,Israel,1977,0
Syria,Lebanon,1977,21.94
Syria,RESTO_DEL_MUNDO,1977,1035.57
Syria,Saudi Arabia,1977,515.1
Syria,Iran,1978,0.05
Syria,Israel,1978,0
Syria,Lebanon,1978,9.11
Syria,RESTO_DEL_MUNDO,1978,1014.72
Syria,Saudi Arabia,1978,95.8
Syria,Iran,1979,0.07
Syria,Israel,1979,0
Syria,Lebanon,1979,19.58
Syria,RESTO_DEL_MUNDO,1979,1538.87
Syria,Saudi Arabia,1979,87.7
Syria,Iran,1980,1
Syria,Israel,1980,0
Syria,Lebanon,1980,12.66
Syria,RESTO_DEL_MUNDO,1980,1957.6
Syria,Saudi Arabia,1980,59.1
Syria,Iran,1981,0.02
Syria,Israel,1981,0
Syria,Lebanon,1981,35.123
Syria,RESTO_DEL_MUNDO,1981,1989.15
Syria,Saudi Arabia,1981,157.5
Syria,Iran,1982,18
Syria,Israel,1982,0
Syria,Lebanon,1982,23.804
Syria,RESTO_DEL_MUNDO,1982,1880.03
Syria,Saudi Arabia,1982,88.7
Syria,Iran,1983,39
Syria,Israel,1983,0
Syria,Lebanon,1983,26.224
Syria,RESTO_DEL_MUNDO,1983,1810.05
Syria,Saudi Arabia,1983,45.2
Syria,Iran,1984,39
Syria,Israel,1984,0
Syria,Lebanon,1984,13.849
Syria,RESTO_DEL_MUNDO,1984,1726.73
Syria,Saudi Arabia,1984,42.1
Syria,Iran,1985,36
Syria,Israel,1985,0
Syria,Lebanon,1985,4.334
Syria,RESTO_DEL_MUNDO,1985,1499.17
Syria,Saudi Arabia,1985,25.2
Syria,Iran,1986,12
Syria,Israel,1986,0
Syria,Lebanon,1986,15.4
Syria,RESTO_DEL_MUNDO,1986,1177.03
Syria,Saudi Arabia,1986,30.5
Syria,Iran,1987,37
Syria,Israel,1987,0
Syria,Lebanon,1987,11.649
Syria,RESTO_DEL_MUNDO,1987,1224.34
Syria,Saudi Arabia,1987,37.4
Syria,Iran,1988,99
Syria,Israel,1988,0
Syria,Lebanon,1988,56.0754
Syria,RESTO_DEL_MUNDO,1988,1178.63
Syria,Saudi Arabia,1988,39.7017
Syria,Iran,1989,123
Syria,Israel,1989,0
Syria,Lebanon,1989,147.641
Syria,RESTO_DEL_MUNDO,1989,2297.29
Syria,Saudi Arabia,1989,126.46
Syria,Iran,1990,29.8
Syria,Israel,1990,0
Syria,Lebanon,1990,292.808
Syria,RESTO_DEL_MUNDO,1990,3618.55
Syria,Saudi Arabia,1990,151.822
Syria,Iran,1991,13.3
Syria,Israel,1991,0
Syria,Lebanon,1991,362.113
Syria,RESTO_DEL_MUNDO,1991,2954.5
Syria,Saudi Arabia,1991,249.728
Syria,Iran,1992,6.6
Syria,Israel,1992,0
Syria,Lebanon,1992,442.582
Syria,RESTO_DEL_MUNDO,1992,2572.16
Syria,Saudi Arabia,1992,136.705
Syria,Iran,1993,1.7
Syria,Israel,1993,0
Syria,Lebanon,1993,364.328
Syria,RESTO_DEL_MUNDO,1993,2764.44
Syria,Saudi Arabia,1993,119.844
Syria,Iran,1994,0.1
Syria,Israel,1994,0
Syria,Lebanon,1994,428.842
Syria,RESTO_DEL_MUNDO,1994,2576.26
Syria,Saudi Arabia,1994,130.574
Syria,Iran,1995,0.4
Syria,Israel,1995,0
Syria,Lebanon,1995,91.2617
Syria,RESTO_DEL_MUNDO,1995,3273.09
Syria,Saudi Arabia,1995,149.9
Syria,Iran,1996,0.2
Syria,Israel,1996,0
Syria,Lebanon,1996,307.575
Syria,RESTO_DEL_MUNDO,1996,3637.44
Syria,Saudi Arabia,1996,160.706
Syria,Iran,1997,0.4
Syria,Israel,1997,0
Syria,Lebanon,1997,325.853
Syria,RESTO_DEL_MUNDO,1997,3643.06
Syria,Saudi Arabia,1997,167.87
Syria,Iran,1998,0.07902
Syria,Israel,1998,0
Syria,Lebanon,1998,258.669
Syria,RESTO_DEL_MUNDO,1998,2621.5
Syria,Saudi Arabia,1998,208.925
Syria,Iran,1999,0.838842
Syria,Israel,1999,0
Syria,Lebanon,1999,223.46
Syria,RESTO_DEL_MUNDO,1999,3254.64
Syria,Saudi Arabia,1999,353.784
Syria,Iran,2000,1.39606
Syria,Israel,2000,0
Syria,Lebanon,2000,283.26
Syria,RESTO_DEL_MUNDO,2000,4596.22
Syria,Saudi Arabia,2000,201.921
Syria,Iran,2001,1.80393
Syria,Israel,2001,0
Syria,Lebanon,2001,327.895
Syria,RESTO_DEL_MUNDO,2001,6098.1
Syria,Saudi Arabia,2001,271.584
Syria,Iran,2002,34.5862
Syria,Israel,2002,0
Syria,Lebanon,2002,207.239
Syria,RESTO_DEL_MUNDO,2002,6391.9
Syria,Saudi Arabia,2002,538.638
Syria,Iran,2003,2
Syria,Israel,2003,0
Syria,Lebanon,2003,259.286
Syria,RESTO_DEL_MUNDO,2003,5579.8
Syria,Saudi Arabia,2003,402.735
Syria,Iran,2004,5
Syria,Israel,2004,0
Syria,Lebanon,2004,239.943
Syria,RESTO_DEL_MUNDO,2004,7741.29
Syria,Saudi Arabia,2004,406.723
Syria,Iran,2005,6.01972
Syria,Israel,2005,0
Syria,Lebanon,2005,196.107
Syria,RESTO_DEL_MUNDO,2005,9041.75
Syria,Saudi Arabia,2005,519.057
Syria,Iran,2006,8.14288
Syria,Israel,2006,0
Syria,Lebanon,2006,177.953
Syria,RESTO_DEL_MUNDO,2006,10560
Syria,Saudi Arabia,2006,640.778
Syria,Iran,2007,14.0361
Syria,Israel,2007,0
Syria,Lebanon,2007,206.48
Syria,RESTO_DEL_MUNDO,2007,12346.4
Syria,Saudi Arabia,2007,830.075
Syria,Iran,2008,17.1206
Syria,Israel,2008,0
Syria,Lebanon,2008,270.887
Syria,RESTO_DEL_MUNDO,2008,15561.7
Syria,Saudi Arabia,2008,1048.55
Syria,Iran,2009,17.2194
Syria,Israel,2009,0
Syria,Lebanon,2009,233.664
Syria,RESTO_DEL_MUNDO,2009,12572
Syria,Saudi Arabia,2009,982.676
Syria,Iran,2010,29.6
Syria,Israel,2010,0
Syria,Lebanon,2010,339.367
Syria,RESTO_DEL_MUNDO,2010,16099
Syria,Saudi Arabia,2010,1130.08
Syria,Iran,2011,34.04
Syria,Israel,2011,0
Syria,Lebanon,2011,310.125
Syria,RESTO_DEL_MUNDO,2011,16818.5
Syria,Saudi Arabia,2011,1299.59
Syria,Iran,2012,37.9642
Syria,Israel,2012,0
Syria,Lebanon,2012,266.16
Syria,RESTO_DEL_MUNDO,2012,12143.6
Syria,Saudi Arabia,2012,1449.41
Syria,Iran,2013,42.5061
Syria,Israel,2013,0
Syria,Lebanon,2013,280.293
Syria,RESTO_DEL_MUNDO,2013,13058
Syria,Saudi Arabia,2013,1622.81
Syria,Iran,2014,40.4901
Syria,Israel,2014,0
Syria,Lebanon,2014,178.188
Syria,RESTO_DEL_MUNDO,2014,12210.2
Syria,Saudi Arabia,2014,1545.84
Taiwan,Japan,1952,61.23
Taiwan,RESTO_DEL_MUNDO,1952,19.346
Taiwan,Japan,1955,73.322
Taiwan,RESTO_DEL_MUNDO,1955,20.204
Taiwan,Japan,1960,63.5
Taiwan,RESTO_DEL_MUNDO,1960,73.04
Taiwan,Japan,1961,67.6
Taiwan,RESTO_DEL_MUNDO,1961,113.59
Taiwan,Japan,1962,61.4
Taiwan,RESTO_DEL_MUNDO,1962,135.179
Taiwan,Japan,1963,122.6
Taiwan,RESTO_DEL_MUNDO,1963,126.55
Taiwan,Japan,1964,141.3
Taiwan,RESTO_DEL_MUNDO,1964,183.7
Taiwan,Japan,1965,157.4
Taiwan,RESTO_DEL_MUNDO,1965,221.18
Taiwan,Japan,1966,147.4
Taiwan,RESTO_DEL_MUNDO,1966,236.47
Taiwan,Japan,1967,137.1
Taiwan,RESTO_DEL_MUNDO,1967,351.626
Taiwan,Japan,1968,150.7
Taiwan,RESTO_DEL_MUNDO,1968,499.861
Taiwan,Japan,1969,180.5
Taiwan,RESTO_DEL_MUNDO,1969,665.094
Taiwan,Japan,1970,250.8
Taiwan,RESTO_DEL_MUNDO,1970,931.139
Taiwan,Japan,1971,287.5
Taiwan,RESTO_DEL_MUNDO,1971,1339.28
Taiwan,Japan,1972,428.7
Taiwan,RESTO_DEL_MUNDO,1972,2144.43
Taiwan,Japan,1973,888.9
Taiwan,RESTO_DEL_MUNDO,1973,3112.23
Taiwan,Japan,1974,954.2
Taiwan,RESTO_DEL_MUNDO,1974,4156.74
Taiwan,Japan,1975,811
Taiwan,RESTO_DEL_MUNDO,1975,4170.59
Taiwan,Japan,1976,1191.7
Taiwan,RESTO_DEL_MUNDO,1976,5711.86
Taiwan,Japan,1977,1296.7
Taiwan,RESTO_DEL_MUNDO,1977,7312.67
Taiwan,Japan,1978,1763.6
Taiwan,RESTO_DEL_MUNDO,1978,9985.9
Taiwan,Japan,1979,2456.2
Taiwan,RESTO_DEL_MUNDO,1979,12300.1
Taiwan,Japan,1980,2308.6
Taiwan,RESTO_DEL_MUNDO,1980,14420.9
Taiwan,Japan,1981,2510.4
Taiwan,RESTO_DEL_MUNDO,1981,16670.3
Taiwan,Japan,1982,2437.6
Taiwan,RESTO_DEL_MUNDO,1982,17380.6
Taiwan,Japan,1983,2619.2
Taiwan,RESTO_DEL_MUNDO,1983,20461.5
Taiwan,Japan,1984,3196.5
Taiwan,RESTO_DEL_MUNDO,1984,25293.8
Taiwan,Japan,1985,3415.6
Taiwan,RESTO_DEL_MUNDO,1985,26347.1
Taiwan,Japan,1986,4719.7
Taiwan,RESTO_DEL_MUNDO,1986,32417.2
Taiwan,Japan,1987,7197.6
Taiwan,RESTO_DEL_MUNDO,1987,42432.6
Taiwan,Japan,1988,8738.8
Taiwan,RESTO_DEL_MUNDO,1988,46499.9
Taiwan,Japan,1989,8913.24
Taiwan,RESTO_DEL_MUNDO,1989,49400.5
Taiwan,Japan,1990,8506.38
Taiwan,RESTO_DEL_MUNDO,1990,56340
Taiwan,Japan,1991,9488.15
Taiwan,RESTO_DEL_MUNDO,1991,62264.1
Taiwan,Japan,1992,9448.57
Taiwan,RESTO_DEL_MUNDO,1992,67842
Taiwan,Japan,1993,9697.21
Taiwan,RESTO_DEL_MUNDO,1993,75617.8
Taiwan,Japan,1994,10719.1
Taiwan,RESTO_DEL_MUNDO,1994,82189.8
Taiwan,Japan,1995,14328.7
Taiwan,RESTO_DEL_MUNDO,1995,91871
Taiwan,Japan,1996,14967.6
Taiwan,RESTO_DEL_MUNDO,1996,97995.1
Taiwan,Japan,1997,12476.3
Taiwan,RESTO_DEL_MUNDO,1997,104255
Taiwan,Japan,1998,10224.6
Taiwan,RESTO_DEL_MUNDO,1998,104128
Taiwan,Japan,1999,12805.3
Taiwan,RESTO_DEL_MUNDO,1999,124250
Taiwan,Japan,2000,17891.1
Taiwan,RESTO_DEL_MUNDO,2000,150788
Taiwan,Japan,2001,14179.7
Taiwan,RESTO_DEL_MUNDO,2001,136890
Taiwan,Japan,2002,13553.3
Taiwan,RESTO_DEL_MUNDO,2002,149101
Taiwan,Japan,2003,14264
Taiwan,RESTO_DEL_MUNDO,2003,168462
Taiwan,Japan,2004,16663.5
Taiwan,RESTO_DEL_MUNDO,2004,209664
Taiwan,Japan,2005,18064.1
Taiwan,RESTO_DEL_MUNDO,2005,229863
Taiwan,Japan,2006,20270
Taiwan,RESTO_DEL_MUNDO,2006,262980
Taiwan,Japan,2007,19822.4
Taiwan,RESTO_DEL_MUNDO,2007,290885
Taiwan,Japan,2008,21828.1
Taiwan,RESTO_DEL_MUNDO,2008,299292
Taiwan,Japan,2009,18342.7
Taiwan,RESTO_DEL_MUNDO,2009,238540
Taiwan,Japan,2010,23082.7
Taiwan,RESTO_DEL_MUNDO,2010,314414
Taiwan,Japan,2011,23222
Taiwan,RESTO_DEL_MUNDO,2011,349380
Taiwan,Japan,2012,24078.9
Taiwan,RESTO_DEL_MUNDO,2012,353826
Taiwan,Japan,2013,23705
Taiwan,RESTO_DEL_MUNDO,2013,386572
Taiwan,Japan,2014,24267.1
Taiwan,RESTO_DEL_MUNDO,2014,391855
Tanzania,Cameroon,1961,0
Tanzania,Ghana,1961,0
Tanzania,Nigeria,1961,0
Tanzania,RESTO_DEL_MUNDO,1961,107.2
Tanzania,Senegal,1961,0
Tanzania,South Africa,1961,2.2
Tanzania,Cameroon,1962,0
Tanzania,Ghana,1962,0
Tanzania,Nigeria,1962,0
Tanzania,RESTO_DEL_MUNDO,1962,113.4
Tanzania,Senegal,1962,0
Tanzania,South Africa,1962,2.6
Tanzania,Uganda,1962,0
Tanzania,Cameroon,1963,0
Tanzania,Ghana,1963,0
Tanzania,Kenya,1963,0
Tanzania,Nigeria,1963,0
Tanzania,RESTO_DEL_MUNDO,1963,137.8
Tanzania,Senegal,1963,0
Tanzania,South Africa,1963,1.7
Tanzania,Uganda,1963,0
Tanzania,Cameroon,1964,0
Tanzania,Ghana,1964,0
Tanzania,Kenya,1964,0
Tanzania,Nigeria,1964,0
Tanzania,RESTO_DEL_MUNDO,1964,156.4
Tanzania,Senegal,1964,0
Tanzania,South Africa,1964,0
Tanzania,Uganda,1964,0
Tanzania,Zambia,1964,0.6
Tanzania,Cameroon,1965,0
Tanzania,Ghana,1965,0
Tanzania,Kenya,1965,0
Tanzania,Nigeria,1965,0
Tanzania,RESTO_DEL_MUNDO,1965,138.802
Tanzania,Senegal,1965,0
Tanzania,South Africa,1965,0
Tanzania,Uganda,1965,0
Tanzania,Zambia,1965,0.9
Tanzania,Zimbabwe,1965,0.5
Tanzania,Botswana,1966,0
Tanzania,Cameroon,1966,0
Tanzania,Ghana,1966,0
Tanzania,Kenya,1966,0
Tanzania,Nigeria,1966,0
Tanzania,RESTO_DEL_MUNDO,1966,176.407
Tanzania,Senegal,1966,0
Tanzania,South Africa,1966,0
Tanzania,Uganda,1966,0
Tanzania,Zambia,1966,12.2
Tanzania,Zimbabwe,1966,0
Tanzania,Botswana,1967,0
Tanzania,Cameroon,1967,0
Tanzania,Ghana,1967,0
Tanzania,Kenya,1967,0
Tanzania,Nigeria,1967,0
Tanzania,RESTO_DEL_MUNDO,1967,162.822
Tanzania,Senegal,1967,0
Tanzania,South Africa,1967,0
Tanzania,Uganda,1967,0
Tanzania,Zambia,1967,19.6
Tanzania,Zimbabwe,1967,0
Tanzania,Botswana,1968,0
Tanzania,Cameroon,1968,0
Tanzania,Ghana,1968,0
Tanzania,Kenya,1968,10.338
Tanzania,Nigeria,1968,0
Tanzania,RESTO_DEL_MUNDO,1968,203.071
Tanzania,Senegal,1968,0
Tanzania,South Africa,1968,0
Tanzania,Uganda,1968,2.394
Tanzania,Zambia,1968,8.6
Tanzania,Zimbabwe,1968,0
Tanzania,Botswana,1969,0
Tanzania,Cameroon,1969,0
Tanzania,Ghana,1969,0.001
Tanzania,Kenya,1969,11.25
Tanzania,Nigeria,1969,0.004
Tanzania,RESTO_DEL_MUNDO,1969,205.645
Tanzania,Senegal,1969,0
Tanzania,South Africa,1969,0
Tanzania,Uganda,1969,3.295
Tanzania,Zambia,1969,6.68909
Tanzania,Zimbabwe,1969,0
Tanzania,Botswana,1970,0
Tanzania,Cameroon,1970,0.001
Tanzania,Ghana,1970,0.025
Tanzania,Kenya,1970,16.627
Tanzania,Nigeria,1970,0.011
Tanzania,RESTO_DEL_MUNDO,1970,214.134
Tanzania,Senegal,1970,0
Tanzania,South Africa,1970,0
Tanzania,Uganda,1970,4.025
Tanzania,Zambia,1970,7.04364
Tanzania,Zimbabwe,1970,0
Tanzania,Botswana,1971,0
Tanzania,Cameroon,1971,0
Tanzania,Ghana,1971,0.008
Tanzania,Kenya,1971,23.531
Tanzania,Nigeria,1971,0.1
Tanzania,RESTO_DEL_MUNDO,1971,215.982
Tanzania,Senegal,1971,0.281
Tanzania,South Africa,1971,0
Tanzania,Uganda,1971,5.419
Tanzania,Zambia,1971,7.76818
Tanzania,Zimbabwe,1971,0
Tanzania,Botswana,1972,0
Tanzania,Cameroon,1972,0
Tanzania,Ghana,1972,0.004
Tanzania,Kenya,1972,16.252
Tanzania,Nigeria,1972,0.015
Tanzania,RESTO_DEL_MUNDO,1972,267.241
Tanzania,Senegal,1972,0.442
Tanzania,South Africa,1972,0
Tanzania,Uganda,1972,1.952
Tanzania,Zambia,1972,3.22182
Tanzania,Zimbabwe,1972,0
Tanzania,Botswana,1973,0
Tanzania,Cameroon,1973,0
Tanzania,Ghana,1973,0.003
Tanzania,Kenya,1973,21.982
Tanzania,Nigeria,1973,0.015
Tanzania,RESTO_DEL_MUNDO,1973,323.054
Tanzania,Senegal,1973,0.543
Tanzania,South Africa,1973,0.006
Tanzania,Uganda,1973,2.489
Tanzania,Zambia,1973,3.56818
Tanzania,Zimbabwe,1973,0
Tanzania,Botswana,1974,0
Tanzania,Cameroon,1974,0.004
Tanzania,Ghana,1974,0.011
Tanzania,Kenya,1974,27.022
Tanzania,Nigeria,1974,0.032
Tanzania,RESTO_DEL_MUNDO,1974,404.981
Tanzania,Senegal,1974,0.274
Tanzania,South Africa,1974,0
Tanzania,Uganda,1974,3.669
Tanzania,Zambia,1974,5.40727
Tanzania,Zimbabwe,1974,0
Tanzania,Angola,1975,0
Tanzania,Botswana,1975,0
Tanzania,Cameroon,1975,0
Tanzania,Ghana,1975,0.016
Tanzania,Kenya,1975,26.116
Tanzania,Mozambique,1975,0.195
Tanzania,Nigeria,1975,0.2
Tanzania,RESTO_DEL_MUNDO,1975,362.865
Tanzania,Senegal,1975,0
Tanzania,South Africa,1975,0
Tanzania,Uganda,1975,0.757
Tanzania,Zambia,1975,1.48909
Tanzania,Zimbabwe,1975,0
Tanzania,Angola,1976,0
Tanzania,Botswana,1976,0
Tanzania,Cameroon,1976,0
Tanzania,Ghana,1976,0.058
Tanzania,Kenya,1976,30.217
Tanzania,Mozambique,1976,1.153
Tanzania,Nigeria,1976,0
Tanzania,RESTO_DEL_MUNDO,1976,423.932
Tanzania,Senegal,1976,0
Tanzania,South Africa,1976,0
Tanzania,Uganda,1976,0.864
Tanzania,Zambia,1976,1.32455
Tanzania,Zimbabwe,1976,0
Tanzania,Angola,1977,0
Tanzania,Botswana,1977,0
Tanzania,Cameroon,1977,0.206
Tanzania,Ghana,1977,0.001
Tanzania,Kenya,1977,3.934
Tanzania,Mozambique,1977,2.301
Tanzania,Nigeria,1977,0.1
Tanzania,RESTO_DEL_MUNDO,1977,479.694
Tanzania,Senegal,1977,0
Tanzania,South Africa,1977,0
Tanzania,Uganda,1977,0.263
Tanzania,Zambia,1977,2.22
Tanzania,Zimbabwe,1977,0
Tanzania,Angola,1978,0
Tanzania,Botswana,1978,0
Tanzania,Cameroon,1978,0.017
Tanzania,Ghana,1978,0.004
Tanzania,Kenya,1978,0.92
Tanzania,Mozambique,1978,11.199
Tanzania,Nigeria,1978,0.06
Tanzania,RESTO_DEL_MUNDO,1978,472.363
Tanzania,Senegal,1978,0
Tanzania,South Africa,1978,0
Tanzania,Uganda,1978,0.088
Tanzania,Zambia,1978,1.44636
Tanzania,Zimbabwe,1978,0
Tanzania,Angola,1979,0
Tanzania,Botswana,1979,0
Tanzania,Cameroon,1979,0.018
Tanzania,Ghana,1979,0.015
Tanzania,Kenya,1979,0.274
Tanzania,Mozambique,1979,15.716
Tanzania,Nigeria,1979,0.207
Tanzania,RESTO_DEL_MUNDO,1979,564.426
Tanzania,Senegal,1979,0.376
Tanzania,South Africa,1979,0
Tanzania,Uganda,1979,3.58
Tanzania,Zambia,1979,2.16273
Tanzania,Zimbabwe,1979,0
Tanzania,Angola,1980,0
Tanzania,Botswana,1980,0
Tanzania,Cameroon,1980,0.075
Tanzania,Ghana,1980,0.025
Tanzania,Kenya,1980,0.834
Tanzania,Mozambique,1980,17.132
Tanzania,Nigeria,1980,0.183
Tanzania,RESTO_DEL_MUNDO,1980,484.101
Tanzania,Senegal,1980,0.23
Tanzania,South Africa,1980,0
Tanzania,Uganda,1980,2.239
Tanzania,Zambia,1980,3.01545
Tanzania,Zimbabwe,1980,0
Tanzania,Angola,1981,0
Tanzania,Botswana,1981,0
Tanzania,Cameroon,1981,0.052
Tanzania,Ghana,1981,0.004
Tanzania,Kenya,1981,0.604
Tanzania,Mozambique,1981,2.8985
Tanzania,Nigeria,1981,0.1
Tanzania,RESTO_DEL_MUNDO,1981,459.429
Tanzania,Senegal,1981,0.428
Tanzania,South Africa,1981,0
Tanzania,Uganda,1981,11.1001
Tanzania,Zambia,1981,2.82273
Tanzania,Zimbabwe,1981,0.231
Tanzania,Angola,1982,0
Tanzania,Botswana,1982,0
Tanzania,Cameroon,1982,0.045
Tanzania,Ghana,1982,0.003
Tanzania,Kenya,1982,1.53
Tanzania,Mozambique,1982,2.2858
Tanzania,Nigeria,1982,0.018
Tanzania,RESTO_DEL_MUNDO,1982,400.446
Tanzania,Senegal,1982,0
Tanzania,South Africa,1982,0
Tanzania,Uganda,1982,0.9383
Tanzania,Zambia,1982,2.95455
Tanzania,Zimbabwe,1982,0.15
Tanzania,Angola,1983,0
Tanzania,Botswana,1983,0.006
Tanzania,Cameroon,1983,0.008
Tanzania,Ghana,1983,0.009
Tanzania,Kenya,1983,1.526
Tanzania,Mozambique,1983,1.6874
Tanzania,Nigeria,1983,0.4
Tanzania,RESTO_DEL_MUNDO,1983,383.46
Tanzania,Senegal,1983,0
Tanzania,South Africa,1983,0
Tanzania,Uganda,1983,2.838
Tanzania,Zambia,1983,2.09588
Tanzania,Zimbabwe,1983,0.35
Tanzania,Angola,1984,1.0054
Tanzania,Botswana,1984,0.004
Tanzania,Cameroon,1984,0.009
Tanzania,Ghana,1984,0
Tanzania,Kenya,1984,4.184
Tanzania,Mozambique,1984,4.2108
Tanzania,Nigeria,1984,0.1
Tanzania,RESTO_DEL_MUNDO,1984,338.911
Tanzania,Senegal,1984,0
Tanzania,South Africa,1984,0
Tanzania,Uganda,1984,3.4826
Tanzania,Zambia,1984,0.828375
Tanzania,Zimbabwe,1984,0.291
Tanzania,Angola,1985,0
Tanzania,Botswana,1985,0.04
Tanzania,Cameroon,1985,0
Tanzania,Ghana,1985,0
Tanzania,Kenya,1985,4.00381
Tanzania,Mozambique,1985,2.3309
Tanzania,Nigeria,1985,0.0558083
Tanzania,RESTO_DEL_MUNDO,1985,336.524
Tanzania,Senegal,1985,0
Tanzania,South Africa,1985,0
Tanzania,Uganda,1985,1.9855
Tanzania,Zambia,1985,0.69785
Tanzania,Zimbabwe,1985,0.131
Tanzania,Angola,1986,0
Tanzania,Botswana,1986,0
Tanzania,Cameroon,1986,0
Tanzania,Ghana,1986,0
Tanzania,Kenya,1986,4.49758
Tanzania,Mozambique,1986,0
Tanzania,Nigeria,1986,0.128879
Tanzania,RESTO_DEL_MUNDO,1986,342.357
Tanzania,Senegal,1986,0
Tanzania,South Africa,1986,0
Tanzania,Uganda,1986,0
Tanzania,Zambia,1986,0.731853
Tanzania,Zimbabwe,1986,0.284
Tanzania,Angola,1987,0
Tanzania,Botswana,1987,0
Tanzania,Cameroon,1987,0
Tanzania,Ghana,1987,0.0138031
Tanzania,Kenya,1987,4.17862
Tanzania,Mozambique,1987,0
Tanzania,Nigeria,1987,0.148165
Tanzania,RESTO_DEL_MUNDO,1987,315.396
Tanzania,Senegal,1987,0
Tanzania,South Africa,1987,0
Tanzania,Uganda,1987,0
Tanzania,Zambia,1987,1.5025
Tanzania,Zimbabwe,1987,0.538
Tanzania,Angola,1988,0
Tanzania,Botswana,1988,0
Tanzania,Cameroon,1988,0
Tanzania,Ghana,1988,0.00657291
Tanzania,Kenya,1988,6.8108
Tanzania,Mozambique,1988,0
Tanzania,Nigeria,1988,0.679834
Tanzania,RESTO_DEL_MUNDO,1988,324.801
Tanzania,Senegal,1988,0
Tanzania,South Africa,1988,0
Tanzania,Uganda,1988,0
Tanzania,Zambia,1988,3.20928
Tanzania,Zimbabwe,1988,0.11982
Tanzania,Angola,1989,0
Tanzania,Botswana,1989,0
Tanzania,Cameroon,1989,0
Tanzania,Ghana,1989,0.0086668
Tanzania,Kenya,1989,7.35509
Tanzania,Mozambique,1989,0
Tanzania,Nigeria,1989,0.322137
Tanzania,RESTO_DEL_MUNDO,1989,376.895
Tanzania,Senegal,1989,0
Tanzania,South Africa,1989,0
Tanzania,Uganda,1989,0
Tanzania,Zambia,1989,2.9103
Tanzania,Zimbabwe,1989,2.08005
Tanzania,Angola,1990,0
Tanzania,Botswana,1990,0.625462
Tanzania,Cameroon,1990,0
Tanzania,Ghana,1990,0
Tanzania,Kenya,1990,10.341
Tanzania,Mozambique,1990,0.958699
Tanzania,Nigeria,1990,0.0176898
Tanzania,RESTO_DEL_MUNDO,1990,438.464
Tanzania,Senegal,1990,0
Tanzania,South Africa,1990,0
Tanzania,Uganda,1990,4.39874
Tanzania,Zambia,1990,2.21212
Tanzania,Zimbabwe,1990,1.76956
Tanzania,Angola,1991,0
Tanzania,Botswana,1991,0.688008
Tanzania,Cameroon,1991,0
Tanzania,Ghana,1991,0
Tanzania,Kenya,1991,7.933
Tanzania,Mozambique,1991,1.3
Tanzania,Nigeria,1991,0.0181579
Tanzania,RESTO_DEL_MUNDO,1991,404.324
Tanzania,Senegal,1991,0
Tanzania,South Africa,1991,0
Tanzania,Uganda,1991,4.83861
Tanzania,Zambia,1991,1.20536
Tanzania,Zimbabwe,1991,2.81238
Tanzania,Angola,1992,0
Tanzania,Botswana,1992,0.756809
Tanzania,Cameroon,1992,0
Tanzania,Ghana,1992,0.236
Tanzania,Kenya,1992,8.96929
Tanzania,Mozambique,1992,0.9
Tanzania,Nigeria,1992,0.0199737
Tanzania,RESTO_DEL_MUNDO,1992,461.069
Tanzania,Senegal,1992,0
Tanzania,South Africa,1992,3.60793
Tanzania,Uganda,1992,5.32247
Tanzania,Zambia,1992,2.90315
Tanzania,Zimbabwe,1992,6.07244
Tanzania,Angola,1993,0
Tanzania,Botswana,1993,0.900602
Tanzania,Cameroon,1993,0
Tanzania,Ghana,1993,0.28084
Tanzania,Kenya,1993,8.42743
Tanzania,Mozambique,1993,1.4
Tanzania,Nigeria,1993,0.0202374
Tanzania,RESTO_DEL_MUNDO,1993,463.984
Tanzania,Senegal,1993,0
Tanzania,South Africa,1993,6.68105
Tanzania,Uganda,1993,6.33374
Tanzania,Zambia,1993,3.08984
Tanzania,Zimbabwe,1993,1.39149
Tanzania,Angola,1994,0
Tanzania,Botswana,1994,1.0444
Tanzania,Cameroon,1994,0
Tanzania,Ghana,1994,0.3342
Tanzania,Kenya,1994,21.1055
Tanzania,Mozambique,1994,0
Tanzania,Nigeria,1994,0.0194279
Tanzania,RESTO_DEL_MUNDO,1994,520.46
Tanzania,Senegal,1994,0
Tanzania,South Africa,1994,4.46558
Tanzania,Uganda,1994,7.53716
Tanzania,Zambia,1994,2.54926
Tanzania,Zimbabwe,1994,0.702515
Tanzania,Angola,1995,0
Tanzania,Botswana,1995,1.18819
Tanzania,Cameroon,1995,0.00200341
Tanzania,Ghana,1995,0.411066
Tanzania,Kenya,1995,25.9597
Tanzania,Mozambique,1995,0
Tanzania,Nigeria,1995,0.0223421
Tanzania,RESTO_DEL_MUNDO,1995,668.038
Tanzania,Senegal,1995,0.00537716
Tanzania,South Africa,1995,4.25156
Tanzania,Uganda,1995,9.2707
Tanzania,Zambia,1995,9.62848
Tanzania,Zimbabwe,1995,1.817
Tanzania,Angola,1996,0
Tanzania,Botswana,1996,1.40206
Tanzania,Cameroon,1996,0
Tanzania,Ghana,1996,0.480947
Tanzania,Kenya,1996,14.3429
Tanzania,Mozambique,1996,0
Tanzania,Nigeria,1996,0.0247997
Tanzania,RESTO_DEL_MUNDO,1996,737.266
Tanzania,Senegal,1996,0.0943755
Tanzania,South Africa,1996,5.0152
Tanzania,Uganda,1996,10.8467
Tanzania,Zambia,1996,14.035
Tanzania,Zimbabwe,1996,2.29604
Tanzania,Angola,1997,0.176303
Tanzania,Botswana,1997,0.0691953
Tanzania,Cameroon,1997,0.00102921
Tanzania,Ghana,1997,0.574313
Tanzania,Kenya,1997,14.7206
Tanzania,Mozambique,1997,0.3
Tanzania,Nigeria,1997,0.0504928
Tanzania,RESTO_DEL_MUNDO,1997,650.643
Tanzania,Senegal,1997,0.0090822
Tanzania,South Africa,1997,8.38013
Tanzania,Uganda,1997,8.1173
Tanzania,Zambia,1997,2.1978
Tanzania,Zimbabwe,1997,15.0754
Tanzania,Angola,1998,0.0378554
Tanzania,Botswana,1998,0.302689
Tanzania,Cameroon,1998,0
Tanzania,Ghana,1998,0.00401161
Tanzania,Kenya,1998,9.92203
Tanzania,Mozambique,1998,0.180509
Tanzania,Nigeria,1998,0.447708
Tanzania,RESTO_DEL_MUNDO,1998,631.261
Tanzania,Senegal,1998,0.105146
Tanzania,South Africa,1998,5.15334
Tanzania,Uganda,1998,7.27315
Tanzania,Zambia,1998,11.5498
Tanzania,Zimbabwe,1998,11.4121
Tanzania,Angola,1999,0.233062
Tanzania,Botswana,1999,0.22639
Tanzania,Cameroon,1999,0.0471009
Tanzania,Ghana,1999,0.0309169
Tanzania,Kenya,1999,31.2062
Tanzania,Mozambique,1999,0.6
Tanzania,Nigeria,1999,0.166739
Tanzania,RESTO_DEL_MUNDO,1999,604.773
Tanzania,Senegal,1999,0.13473
Tanzania,South Africa,1999,4.23275
Tanzania,Uganda,1999,12.1365
Tanzania,Zambia,1999,25.7787
Tanzania,Zimbabwe,1999,1.97364
Tanzania,Angola,2000,0.387249
Tanzania,Botswana,2000,0.11117
Tanzania,Cameroon,2000,0.0617998
Tanzania,Ghana,2000,0.243567
Tanzania,Kenya,2000,12.1788
Tanzania,Mozambique,2000,0.86
Tanzania,Nigeria,2000,3.4652
Tanzania,RESTO_DEL_MUNDO,2000,642.862
Tanzania,Senegal,2000,0.214686
Tanzania,South Africa,2000,3.58383
Tanzania,Uganda,2000,8.84525
Tanzania,Zambia,2000,31.1985
Tanzania,Zimbabwe,2000,3.6203
Tanzania,Angola,2001,0.557749
Tanzania,Botswana,2001,0.226059
Tanzania,Cameroon,2001,0.248282
Tanzania,Ghana,2001,0.113837
Tanzania,Kenya,2001,7.44357
Tanzania,Mozambique,2001,0.787175
Tanzania,Nigeria,2001,0.233183
Tanzania,RESTO_DEL_MUNDO,2001,658.87
Tanzania,Senegal,2001,0.377379
Tanzania,South Africa,2001,4.60114
Tanzania,Uganda,2001,6.65249
Tanzania,Zambia,2001,7.29454
Tanzania,Zimbabwe,2001,0.054559
Tanzania,Angola,2002,1.53879
Tanzania,Botswana,2002,0.0385841
Tanzania,Cameroon,2002,0.0555121
Tanzania,Ghana,2002,0.00485013
Tanzania,Kenya,2002,10.1927
Tanzania,Mozambique,2002,0.560849
Tanzania,Nigeria,2002,0.153151
Tanzania,RESTO_DEL_MUNDO,2002,712.906
Tanzania,Senegal,2002,0.677633
Tanzania,South Africa,2002,9.80885
Tanzania,Uganda,2002,7.51035
Tanzania,Zambia,2002,10.5578
Tanzania,Zimbabwe,2002,2.08032
Tanzania,Angola,2003,1.71039
Tanzania,Botswana,2003,0.048835
Tanzania,Cameroon,2003,0.0698336
Tanzania,Ghana,2003,0.0061387
Tanzania,Kenya,2003,18.0101
Tanzania,Mozambique,2003,1.605
Tanzania,Nigeria,2003,3.89181
Tanzania,RESTO_DEL_MUNDO,2003,847.037
Tanzania,Senegal,2003,1.40458
Tanzania,South Africa,2003,19.4225
Tanzania,Uganda,2003,10.7892
Tanzania,Zambia,2003,23.5308
Tanzania,Zimbabwe,2003,5.00851
Tanzania,Angola,2004,2.22442
Tanzania,Botswana,2004,0.0641365
Tanzania,Cameroon,2004,0.0917146
Tanzania,Ghana,2004,0.00806215
Tanzania,Kenya,2004,25.383
Tanzania,Mozambique,2004,3.453
Tanzania,Nigeria,2004,5.06144
Tanzania,RESTO_DEL_MUNDO,2004,1100.18
Tanzania,Senegal,2004,0.487232
Tanzania,South Africa,2004,35.0353
Tanzania,Uganda,2004,15.7792
Tanzania,Zambia,2004,30.1268
Tanzania,Zimbabwe,2004,0.8667
Tanzania,Angola,2005,2.83237
Tanzania,Botswana,2005,0.0732811
Tanzania,Cameroon,2005,0.104791
Tanzania,Ghana,2005,0.00921165
Tanzania,Kenya,2005,29.0022
Tanzania,Mozambique,2005,4.362
Tanzania,Nigeria,2005,6.44475
Tanzania,RESTO_DEL_MUNDO,2005,1303.85
Tanzania,Senegal,2005,0.293364
Tanzania,South Africa,2005,42.5497
Tanzania,Uganda,2005,30.0926
Tanzania,Zambia,2005,65.7143
Tanzania,Zimbabwe,2005,5.75757
Tanzania,Angola,2006,3.49656
Tanzania,Botswana,2006,0.09057
Tanzania,Cameroon,2006,0.129514
Tanzania,Ghana,2006,0.0113849
Tanzania,Kenya,2006,62.3277
Tanzania,Mozambique,2006,8.373
Tanzania,Nigeria,2006,7.95606
Tanzania,RESTO_DEL_MUNDO,2006,1327.13
Tanzania,Senegal,2006,1.01838
Tanzania,South Africa,2006,47.2677
Tanzania,Uganda,2006,28.7091
Tanzania,Zambia,2006,53.0802
Tanzania,Zimbabwe,2006,2.68586
Tanzania,Angola,2007,4.52951
Tanzania,Botswana,2007,0.112397
Tanzania,Cameroon,2007,0.160726
Tanzania,Ghana,2007,0.0141286
Tanzania,Kenya,2007,98.5648
Tanzania,Mozambique,2007,10.685
Tanzania,Nigeria,2007,10.3064
Tanzania,RESTO_DEL_MUNDO,2007,1487.99
Tanzania,Senegal,2007,0.145663
Tanzania,South Africa,2007,57.1461
Tanzania,Uganda,2007,30.7998
Tanzania,Zambia,2007,23.5066
Tanzania,Zimbabwe,2007,3.33313
Tanzania,Angola,2008,5.72166
Tanzania,Botswana,2008,0.12832
Tanzania,Cameroon,2008,0.183496
Tanzania,Ghana,2008,0.0161301
Tanzania,Kenya,2008,111.135
Tanzania,Mozambique,2008,8.1359
Tanzania,Nigeria,2008,13.019
Tanzania,RESTO_DEL_MUNDO,2008,1644.84
Tanzania,Senegal,2008,0.362902
Tanzania,South Africa,2008,75.4622
Tanzania,Uganda,2008,55.4835
Tanzania,Zambia,2008,47.2239
Tanzania,Zimbabwe,2008,3.80533
Tanzania,Angola,2009,5.36222
Tanzania,Botswana,2009,0.112262
Tanzania,Cameroon,2009,0.160534
Tanzania,Ghana,2009,0.0141117
Tanzania,Kenya,2009,97.9209
Tanzania,Mozambique,2009,13.5646
Tanzania,Nigeria,2009,12.2012
Tanzania,RESTO_DEL_MUNDO,2009,1664.24
Tanzania,Senegal,2009,0.341755
Tanzania,South Africa,2009,30.3579
Tanzania,Uganda,2009,48.5406
Tanzania,Zambia,2009,33.1041
Tanzania,Zimbabwe,2009,3.32915
Tanzania,Angola,2010,6.16655
Tanzania,Botswana,2010,0.142573
Tanzania,Cameroon,2010,0.203879
Tanzania,Ghana,2010,0.0179219
Tanzania,Kenya,2010,128.414
Tanzania,Mozambique,2010,61.7097
Tanzania,Nigeria,2010,14.0313
Tanzania,RESTO_DEL_MUNDO,2010,2097.46
Tanzania,Senegal,2010,0.199931
Tanzania,South Africa,2010,68.7611
Tanzania,Uganda,2010,61.6466
Tanzania,Zambia,2010,40.8576
Tanzania,Zimbabwe,2010,4.22802
Tanzania,Angola,2011,7.09154
Tanzania,Botswana,2011,0.159682
Tanzania,Cameroon,2011,0.228344
Tanzania,Ghana,2011,0.0200725
Tanzania,Kenya,2011,175.01
Tanzania,Mozambique,2011,69.1149
Tanzania,Nigeria,2011,16.136
Tanzania,RESTO_DEL_MUNDO,2011,2624.46
Tanzania,Senegal,2011,2.08608
Tanzania,South Africa,2011,83.9263
Tanzania,Uganda,2011,69.0442
Tanzania,Zambia,2011,54.6496
Tanzania,Zimbabwe,2011,4.73539
Tanzania,Angola,2012,7.90907
Tanzania,Botswana,2012,0.166478
Tanzania,Cameroon,2012,0.238063
Tanzania,Ghana,2012,0.0209268
Tanzania,Kenya,2012,167.824
Tanzania,Mozambique,2012,72.0565
Tanzania,Nigeria,2012,17.9962
Tanzania,RESTO_DEL_MUNDO,2012,2736.7
Tanzania,Senegal,2012,0.60967
Tanzania,South Africa,2012,65.0205
Tanzania,Uganda,2012,71.9828
Tanzania,Zambia,2012,70.9129
Tanzania,Zimbabwe,2012,4.93693
Tanzania,Angola,2013,8.85526
Tanzania,Botswana,2013,0.175318
Tanzania,Cameroon,2013,0.250703
Tanzania,Ghana,2013,0.022038
Tanzania,Kenya,2013,133.401
Tanzania,Mozambique,2013,75.8826
Tanzania,Nigeria,2013,20.1492
Tanzania,RESTO_DEL_MUNDO,2013,3365.52
Tanzania,Senegal,2013,1.07964
Tanzania,South Africa,2013,115.694
Tanzania,Uganda,2013,75.8049
Tanzania,Zambia,2013,72.0774
Tanzania,Zimbabwe,2013,5.19907
Tanzania,Angola,2014,8.43528
Tanzania,Botswana,2014,0.183728
Tanzania,Cameroon,2014,0.26273
Tanzania,Ghana,2014,0.0230952
Tanzania,Kenya,2014,139.801
Tanzania,Mozambique,2014,79.5228
Tanzania,Nigeria,2014,19.1936
Tanzania,RESTO_DEL_MUNDO,2014,3559.25
Tanzania,Senegal,2014,0.189527
Tanzania,South Africa,2014,55.0607
Tanzania,Uganda,2014,79.4414
Tanzania,Zambia,2014,98.6094
Tanzania,Zimbabwe,2014,5.44848
Thailand,RESTO_DEL_MUNDO,1900,0.4
Thailand,RESTO_DEL_MUNDO,1901,0.81
Thailand,RESTO_DEL_MUNDO,1902,1.26
Thailand,RESTO_DEL_MUNDO,1903,2.51
Thailand,RESTO_DEL_MUNDO,1904,3.38
Thailand,RESTO_DEL_MUNDO,1905,4.09
Thailand,RESTO_DEL_MUNDO,1906,4.43
Thailand,RESTO_DEL_MUNDO,1907,4.49
Thailand,RESTO_DEL_MUNDO,1908,4.78
Thailand,RESTO_DEL_MUNDO,1909,3.93
Thailand,RESTO_DEL_MUNDO,1910,5.56
Thailand,RESTO_DEL_MUNDO,1911,11.26
Thailand,RESTO_DEL_MUNDO,1912,7.35
Thailand,RESTO_DEL_MUNDO,1913,15.81
Thailand,RESTO_DEL_MUNDO,1919,17.5
Thailand,RESTO_DEL_MUNDO,1920,6.33
Thailand,RESTO_DEL_MUNDO,1921,12.1426
Thailand,RESTO_DEL_MUNDO,1922,15.98
Thailand,RESTO_DEL_MUNDO,1923,10.7
Thailand,RESTO_DEL_MUNDO,1924,15.6488
Thailand,RESTO_DEL_MUNDO,1925,22.0102
Thailand,RESTO_DEL_MUNDO,1926,14.5869
Thailand,RESTO_DEL_MUNDO,1927,22.3242
Thailand,RESTO_DEL_MUNDO,1928,21.3681
Thailand,RESTO_DEL_MUNDO,1929,16.996
Thailand,RESTO_DEL_MUNDO,1930,15.8403
Thailand,RESTO_DEL_MUNDO,1931,13.0949
Thailand,RESTO_DEL_MUNDO,1932,9.14686
Thailand,RESTO_DEL_MUNDO,1933,7.3573
Thailand,RESTO_DEL_MUNDO,1934,9.97932
Thailand,RESTO_DEL_MUNDO,1935,12.7297
Thailand,RESTO_DEL_MUNDO,1936,16.8004
Thailand,RESTO_DEL_MUNDO,1937,15.7339
Thailand,RESTO_DEL_MUNDO,1938,23.2566
Thailand,RESTO_DEL_MUNDO,1939,9.2035
Thailand,RESTO_DEL_MUNDO,1940,14.27
Thailand,RESTO_DEL_MUNDO,1941,42.87
Thailand,RESTO_DEL_MUNDO,1942,0.31
Thailand,RESTO_DEL_MUNDO,1944,0
Thailand,RESTO_DEL_MUNDO,1945,0
Thailand,RESTO_DEL_MUNDO,1946,0.25
Thailand,RESTO_DEL_MUNDO,1947,0.930622
Thailand,RESTO_DEL_MUNDO,1948,107.68
Thailand,RESTO_DEL_MUNDO,1949,145.77
Thailand,RESTO_DEL_MUNDO,1950,155.62
Thailand,RESTO_DEL_MUNDO,1951,264.65
Thailand,RESTO_DEL_MUNDO,1952,262.891
Thailand,RESTO_DEL_MUNDO,1953,194.13
Thailand,RESTO_DEL_MUNDO,1954,174.22
Thailand,RESTO_DEL_MUNDO,1955,241.309
Thailand,RESTO_DEL_MUNDO,1956,223.24
Thailand,RESTO_DEL_MUNDO,1957,242.09
Thailand,RESTO_DEL_MUNDO,1958,178.75
Thailand,RESTO_DEL_MUNDO,1959,208.45
Thailand,RESTO_DEL_MUNDO,1960,236.65
Thailand,RESTO_DEL_MUNDO,1961,285.08
Thailand,RESTO_DEL_MUNDO,1962,264.766
Thailand,RESTO_DEL_MUNDO,1963,274.26
Thailand,RESTO_DEL_MUNDO,1964,379.77
Thailand,RESTO_DEL_MUNDO,1965,446.92
Thailand,Singapore,1965,0
Thailand,RESTO_DEL_MUNDO,1966,573.74
Thailand,Singapore,1966,49.7
Thailand,RESTO_DEL_MUNDO,1967,558.378
Thailand,Singapore,1967,46.6
Thailand,RESTO_DEL_MUNDO,1968,526.766
Thailand,Singapore,1968,54.3
Thailand,RESTO_DEL_MUNDO,1969,559.783
Thailand,Singapore,1969,54.85
Thailand,RESTO_DEL_MUNDO,1970,582.719
Thailand,Singapore,1970,48.81
Thailand,RESTO_DEL_MUNDO,1971,654.781
Thailand,Singapore,1971,56.99
Thailand,RESTO_DEL_MUNDO,1972,858.241
Thailand,Singapore,1972,95.77
Thailand,RESTO_DEL_MUNDO,1973,1213.75
Thailand,Singapore,1973,128.03
Thailand,RESTO_DEL_MUNDO,1974,2071.95
Thailand,Singapore,1974,221.87
Thailand,RESTO_DEL_MUNDO,1975,1990.4
Thailand,Singapore,1975,170.74
Thailand,RESTO_DEL_MUNDO,1976,2604.26
Thailand,Singapore,1976,209.08
Thailand,RESTO_DEL_MUNDO,1977,3189.47
Thailand,Singapore,1977,233.9
Thailand,RESTO_DEL_MUNDO,1978,3373.13
Thailand,Singapore,1978,359.7
Thailand,RESTO_DEL_MUNDO,1979,4533.63
Thailand,Singapore,1979,501.21
Thailand,RESTO_DEL_MUNDO,1980,5485.63
Thailand,Singapore,1980,475.24
Thailand,RESTO_DEL_MUNDO,1981,6084.15
Thailand,Singapore,1981,472.61
Thailand,RESTO_DEL_MUNDO,1982,6046.69
Thailand,Singapore,1982,529.5
Thailand,RESTO_DEL_MUNDO,1983,5437.54
Thailand,Singapore,1983,505.54
Thailand,RESTO_DEL_MUNDO,1984,6306.88
Thailand,Singapore,1984,633.16
Thailand,RESTO_DEL_MUNDO,1985,6423.88
Thailand,Singapore,1985,544.38
Thailand,RESTO_DEL_MUNDO,1986,7822.2
Thailand,Singapore,1986,737.42
Thailand,RESTO_DEL_MUNDO,1987,9733.01
Thailand,Singapore,1987,1016.97
Thailand,RESTO_DEL_MUNDO,1988,13440.8
Thailand,Singapore,1988,1185.93
Thailand,RESTO_DEL_MUNDO,1989,17478.8
Thailand,Singapore,1989,1253.24
Thailand,RESTO_DEL_MUNDO,1990,20957.4
Thailand,Singapore,1990,1669.84
Thailand,RESTO_DEL_MUNDO,1991,24955.3
Thailand,Singapore,1991,2106.72
Thailand,RESTO_DEL_MUNDO,1992,29028.3
Thailand,Singapore,1992,2681.04
Thailand,RESTO_DEL_MUNDO,1993,31826.4
Thailand,Singapore,1993,3517.85
Thailand,RESTO_DEL_MUNDO,1994,37368.8
Thailand,Singapore,1994,4885.35
Thailand,RESTO_DEL_MUNDO,1995,45553.6
Thailand,Singapore,1995,6417.94
Thailand,RESTO_DEL_MUNDO,1996,48835.4
Thailand,Singapore,1996,7175.82
Thailand,RESTO_DEL_MUNDO,1997,50870.5
Thailand,Singapore,1997,6813.82
Thailand,RESTO_DEL_MUNDO,1998,51094.8
Thailand,Singapore,1998,4849.18
Thailand,RESTO_DEL_MUNDO,1999,58540.9
Thailand,Singapore,1999,5246.4
Thailand,RESTO_DEL_MUNDO,2000,69140.6
Thailand,Singapore,2000,5801.07
Thailand,RESTO_DEL_MUNDO,2001,65838.2
Thailand,Singapore,2001,5159.5
Thailand,RESTO_DEL_MUNDO,2002,68539.9
Thailand,Singapore,2002,5408.61
Thailand,RESTO_DEL_MUNDO,2003,81555.7
Thailand,Singapore,2003,5514.39
Thailand,RESTO_DEL_MUNDO,2004,101657
Thailand,Singapore,2004,6709.98
Thailand,RESTO_DEL_MUNDO,2005,116040
Thailand,Singapore,2005,7517.75
Thailand,RESTO_DEL_MUNDO,2006,135720
Thailand,Singapore,2006,8730.53
Thailand,RESTO_DEL_MUNDO,2007,159254
Thailand,Singapore,2007,8497.14
Thailand,RESTO_DEL_MUNDO,2008,184375
Thailand,Singapore,2008,11286.6
Thailand,RESTO_DEL_MUNDO,2009,157991
Thailand,Singapore,2009,8223.13
Thailand,RESTO_DEL_MUNDO,2010,200493
Thailand,Singapore,2010,10239.5
Thailand,RESTO_DEL_MUNDO,2011,226244
Thailand,Singapore,2011,11388.6
Thailand,RESTO_DEL_MUNDO,2012,229821
Thailand,Singapore,2012,10158.4
Thailand,RESTO_DEL_MUNDO,2013,231577
Thailand,Singapore,2013,9291.47
Thailand,RESTO_DEL_MUNDO,2014,239694
Thailand,Singapore,2014,8767.56
Tunisia,Libya,1956,0.6
Tunisia,RESTO_DEL_MUNDO,1956,126.68
Tunisia,Libya,1957,0.5
Tunisia,RESTO_DEL_MUNDO,1957,161.44
Tunisia,Libya,1958,0.7
Tunisia,RESTO_DEL_MUNDO,1958,165.4
Tunisia,Libya,1959,1.1
Tunisia,RESTO_DEL_MUNDO,1959,145.24
Tunisia,Libya,1960,1.9
Tunisia,RESTO_DEL_MUNDO,1960,130.75
Tunisia,Libya,1961,1.7
Tunisia,RESTO_DEL_MUNDO,1961,158.79
Tunisia,Algeria,1962,2.8
Tunisia,Libya,1962,1.3
Tunisia,RESTO_DEL_MUNDO,1962,184.678
Tunisia,Algeria,1963,5
Tunisia,Libya,1963,1.5
Tunisia,RESTO_DEL_MUNDO,1963,189.16
Tunisia,Algeria,1964,5.5
Tunisia,Libya,1964,3.8
Tunisia,RESTO_DEL_MUNDO,1964,164.6
Tunisia,Algeria,1965,4.3
Tunisia,Libya,1965,3.2
Tunisia,RESTO_DEL_MUNDO,1965,158.15
Tunisia,Algeria,1966,4
Tunisia,Libya,1966,6.5
Tunisia,RESTO_DEL_MUNDO,1966,165.799
Tunisia,Algeria,1967,1.4
Tunisia,Libya,1967,9.7
Tunisia,RESTO_DEL_MUNDO,1967,154.797
Tunisia,Algeria,1968,2.3
Tunisia,Libya,1968,12.3
Tunisia,RESTO_DEL_MUNDO,1968,159.508
Tunisia,Algeria,1969,6.9
Tunisia,Libya,1969,8.9
Tunisia,RESTO_DEL_MUNDO,1969,135.888
Tunisia,Algeria,1970,10.7
Tunisia,Libya,1970,16.7
Tunisia,RESTO_DEL_MUNDO,1970,152.062
Tunisia,Algeria,1971,6.76
Tunisia,Libya,1971,23.1
Tunisia,RESTO_DEL_MUNDO,1971,179.366
Tunisia,Algeria,1972,8.91
Tunisia,Libya,1972,16.4
Tunisia,RESTO_DEL_MUNDO,1972,271.747
Tunisia,Algeria,1973,13.85
Tunisia,Libya,1973,19.8
Tunisia,RESTO_DEL_MUNDO,1973,329.054
Tunisia,Algeria,1974,18.05
Tunisia,Libya,1974,26.3
Tunisia,RESTO_DEL_MUNDO,1974,713.521
Tunisia,Algeria,1975,17.3
Tunisia,Libya,1975,44.7
Tunisia,RESTO_DEL_MUNDO,1975,655.512
Tunisia,Algeria,1976,21.91
Tunisia,Libya,1976,8.7
Tunisia,RESTO_DEL_MUNDO,1976,676.69
Tunisia,Algeria,1977,22.1
Tunisia,Libya,1977,17.3
Tunisia,RESTO_DEL_MUNDO,1977,728.533
Tunisia,Algeria,1978,17.35
Tunisia,Libya,1978,54.3
Tunisia,RESTO_DEL_MUNDO,1978,786.547
Tunisia,Algeria,1979,26.26
Tunisia,Libya,1979,37.1
Tunisia,RESTO_DEL_MUNDO,1979,1295.24
Tunisia,Algeria,1980,56.19
Tunisia,Libya,1980,17
Tunisia,RESTO_DEL_MUNDO,1980,1862.98
Tunisia,Algeria,1981,57.2
Tunisia,Libya,1981,62.2
Tunisia,RESTO_DEL_MUNDO,1981,1553.15
Tunisia,Algeria,1982,35.59
Tunisia,Libya,1982,84.095
Tunisia,RESTO_DEL_MUNDO,1982,1370.4
Tunisia,Algeria,1983,34.67
Tunisia,Libya,1983,45.166
Tunisia,RESTO_DEL_MUNDO,1983,1359.65
Tunisia,Algeria,1984,36.1476
Tunisia,Libya,1984,61.666
Tunisia,RESTO_DEL_MUNDO,1984,1260.4
Tunisia,Algeria,1985,67.97
Tunisia,Libya,1985,17.083
Tunisia,RESTO_DEL_MUNDO,1985,1363.96
Tunisia,Algeria,1986,102.53
Tunisia,Libya,1986,4.839
Tunisia,RESTO_DEL_MUNDO,1986,1487.55
Tunisia,Algeria,1987,92.62
Tunisia,Libya,1987,7.952
Tunisia,RESTO_DEL_MUNDO,1987,1891.83
Tunisia,Algeria,1988,64.587
Tunisia,Libya,1988,51.042
Tunisia,RESTO_DEL_MUNDO,1988,1902.35
Tunisia,Algeria,1989,91.225
Tunisia,Libya,1989,119.765
Tunisia,RESTO_DEL_MUNDO,1989,2362.08
Tunisia,Algeria,1990,88.871
Tunisia,Libya,1990,122.543
Tunisia,RESTO_DEL_MUNDO,1990,3573.37
Tunisia,Algeria,1991,98.65
Tunisia,Libya,1991,114.628
Tunisia,RESTO_DEL_MUNDO,1991,3674.92
Tunisia,Algeria,1992,123.67
Tunisia,Libya,1992,305.822
Tunisia,RESTO_DEL_MUNDO,1992,3865.97
Tunisia,Algeria,1993,122.484
Tunisia,Libya,1993,207.17
Tunisia,RESTO_DEL_MUNDO,1993,3454.52
Tunisia,Algeria,1994,138.472
Tunisia,Libya,1994,174.313
Tunisia,RESTO_DEL_MUNDO,1994,4263.02
Tunisia,Algeria,1995,142.798
Tunisia,Libya,1995,211.816
Tunisia,RESTO_DEL_MUNDO,1995,5041.27
Tunisia,Algeria,1996,79.536
Tunisia,Libya,1996,215.536
Tunisia,RESTO_DEL_MUNDO,1996,5382.38
Tunisia,Algeria,1997,15.5337
Tunisia,Libya,1997,250.187
Tunisia,RESTO_DEL_MUNDO,1997,5512.18
Tunisia,Algeria,1998,12.6283
Tunisia,Libya,1998,177.605
Tunisia,RESTO_DEL_MUNDO,1998,5823.03
Tunisia,Algeria,1999,25.0811
Tunisia,Libya,1999,281.21
Tunisia,RESTO_DEL_MUNDO,1999,5975.89
Tunisia,Algeria,2000,42.6786
Tunisia,Libya,2000,290.611
Tunisia,RESTO_DEL_MUNDO,2000,6098.51
Tunisia,Algeria,2001,58.6565
Tunisia,Libya,2001,273.426
Tunisia,RESTO_DEL_MUNDO,2001,6529.3
Tunisia,Algeria,2002,102.006
Tunisia,Libya,2002,348.24
Tunisia,RESTO_DEL_MUNDO,2002,6735.22
Tunisia,Algeria,2003,113.968
Tunisia,Libya,2003,386.882
Tunisia,RESTO_DEL_MUNDO,2003,7923.24
Tunisia,Algeria,2004,86.6751
Tunisia,Libya,2004,382.098
Tunisia,RESTO_DEL_MUNDO,2004,9640.48
Tunisia,Algeria,2005,144.207
Tunisia,Libya,2005,519.687
Tunisia,RESTO_DEL_MUNDO,2005,9941.77
Tunisia,Algeria,2006,171.579
Tunisia,Libya,2006,682.448
Tunisia,RESTO_DEL_MUNDO,2006,11467.2
Tunisia,Algeria,2007,144.189
Tunisia,Libya,2007,766.352
Tunisia,RESTO_DEL_MUNDO,2007,14490.6
Tunisia,Algeria,2008,294.212
Tunisia,Libya,2008,950.965
Tunisia,RESTO_DEL_MUNDO,2008,17714.6
Tunisia,Algeria,2009,354.478
Tunisia,Libya,2009,913.351
Tunisia,RESTO_DEL_MUNDO,2009,13759.4
Tunisia,Algeria,2010,382.744
Tunisia,Libya,2010,805.775
Tunisia,RESTO_DEL_MUNDO,2010,15405.6
Tunisia,Algeria,2011,440.215
Tunisia,Libya,2011,862.08
Tunisia,RESTO_DEL_MUNDO,2011,16601.9
Tunisia,Algeria,2012,434.525
Tunisia,Libya,2012,910.773
Tunisia,RESTO_DEL_MUNDO,2012,15636.2
Tunisia,Algeria,2013,488.853
Tunisia,Libya,2013,955.314
Tunisia,RESTO_DEL_MUNDO,2013,16057.5
Tunisia,Algeria,2014,465.668
Tunisia,Libya,2014,910.006
Tunisia,RESTO_DEL_MUNDO,2014,15441.8
Turkey,RESTO_DEL_MUNDO,1900,66.68
Turkey,RESTO_DEL_MUNDO,1901,64.7
Turkey,RESTO_DEL_MUNDO,1902,64.27
Turkey,RESTO_DEL_MUNDO,1903,73.55
Turkey,RESTO_DEL_MUNDO,1904,53.13
Turkey,RESTO_DEL_MUNDO,1905,96.7153
Turkey,RESTO_DEL_MUNDO,1906,94.55
Turkey,RESTO_DEL_MUNDO,1907,85.68
Turkey,RESTO_DEL_MUNDO,1908,88.92
Turkey,RESTO_DEL_MUNDO,1909,94.87
Turkey,RESTO_DEL_MUNDO,1910,148.42
Turkey,RESTO_DEL_MUNDO,1911,124.33
Turkey,RESTO_DEL_MUNDO,1912,120.6
Turkey,Greece,1913,0.7
Turkey,RESTO_DEL_MUNDO,1913,107.13
Turkey,Spain,1913,2.23
Turkey,RESTO_DEL_MUNDO,1914,4.92
Turkey,RESTO_DEL_MUNDO,1915,0.3
Turkey,Greece,1919,11.96
Turkey,RESTO_DEL_MUNDO,1919,25.32
Turkey,Greece,1920,6.28
Turkey,RESTO_DEL_MUNDO,1920,90.8668
Turkey,Spain,1920,0.08
Turkey,Greece,1921,1.89
Turkey,RESTO_DEL_MUNDO,1921,25.4096
Turkey,Greece,1922,2.97
Turkey,RESTO_DEL_MUNDO,1922,32.2727
Turkey,Greece,1923,3.4
Turkey,RESTO_DEL_MUNDO,1923,39.6645
Turkey,Greece,1924,3.73
Turkey,Iran,1924,1.79
Turkey,RESTO_DEL_MUNDO,1924,79.0502
Turkey,Spain,1924,0.74
Turkey,Greece,1925,3.82
Turkey,Iran,1925,1.41
Turkey,RESTO_DEL_MUNDO,1925,113.799
Turkey,Greece,1926,3.19
Turkey,Iran,1926,0.77
Turkey,RESTO_DEL_MUNDO,1926,47.8526
Turkey,Greece,1927,3.54
Turkey,Iran,1927,0.31
Turkey,RESTO_DEL_MUNDO,1927,60.8519
Turkey,Spain,1927,1.38
Turkey,Greece,1928,3.36
Turkey,RESTO_DEL_MUNDO,1928,51.7697
Turkey,Spain,1928,1.55
Turkey,Greece,1929,4.37
Turkey,Iran,1929,0.05
Turkey,RESTO_DEL_MUNDO,1929,57.9261
Turkey,Spain,1929,1.64
Turkey,Greece,1930,5.1
Turkey,Iran,1930,0.11
Turkey,RESTO_DEL_MUNDO,1930,63.7483
Turkey,Greece,1931,6.22
Turkey,Iran,1931,0.02
Turkey,RESTO_DEL_MUNDO,1931,52.9607
Turkey,Greece,1932,2.2
Turkey,Iran,1932,0.00539
Turkey,RESTO_DEL_MUNDO,1932,41.3052
Turkey,Spain,1932,0.9
Turkey,Greece,1933,1.97
Turkey,Iran,1933,0.00329
Turkey,RESTO_DEL_MUNDO,1933,33.45
Turkey,Spain,1933,1.24
Turkey,Greece,1934,2.37
Turkey,Iran,1934,0.06
Turkey,RESTO_DEL_MUNDO,1934,56.1851
Turkey,Spain,1934,0.69
Turkey,Greece,1935,2
Turkey,RESTO_DEL_MUNDO,1935,75.2543
Turkey,Spain,1935,1
Turkey,Greece,1936,1.66
Turkey,Iran,1936,0.00552
Turkey,RESTO_DEL_MUNDO,1936,88.4129
Turkey,Spain,1936,0.83
Turkey,Greece,1937,2.44
Turkey,Iran,1937,0.02
Turkey,RESTO_DEL_MUNDO,1937,99.9507
Turkey,Spain,1937,0.002
Turkey,Greece,1938,2.44
Turkey,RESTO_DEL_MUNDO,1938,92.6586
Turkey,Spain,1938,1
Turkey,Greece,1939,2.96068
Turkey,RESTO_DEL_MUNDO,1939,55.7196
Turkey,RESTO_DEL_MUNDO,1940,26.84
Turkey,RESTO_DEL_MUNDO,1941,10.86
Turkey,RESTO_DEL_MUNDO,1942,81.27
Turkey,RESTO_DEL_MUNDO,1944,2.66
Turkey,RESTO_DEL_MUNDO,1945,2.22
Turkey,RESTO_DEL_MUNDO,1946,19.5963
Turkey,RESTO_DEL_MUNDO,1947,45.7791
Turkey,Greece,1948,11.1
Turkey,Iran,1948,0
Turkey,Jordan,1948,0.1
Turkey,Lebanon,1948,0
Turkey,RESTO_DEL_MUNDO,1948,159.71
Turkey,Saudi Arabia,1948,0
Turkey,Spain,1948,0.9
Turkey,Syria,1948,4.5
Turkey,Greece,1949,19.3
Turkey,Iran,1949,0
Turkey,Jordan,1949,0
Turkey,Lebanon,1949,0
Turkey,RESTO_DEL_MUNDO,1949,158.65
Turkey,Saudi Arabia,1949,0.1
Turkey,Spain,1949,0.3
Turkey,Syria,1949,4.9
Turkey,Greece,1950,10.8
Turkey,Iran,1950,0
Turkey,Israel,1950,2.3
Turkey,Jordan,1950,0
Turkey,Lebanon,1950,4.9
Turkey,RESTO_DEL_MUNDO,1950,178.17
Turkey,Saudi Arabia,1950,0
Turkey,Spain,1950,0.4
Turkey,Syria,1950,8.2
Turkey,Greece,1951,8.1
Turkey,Iran,1951,0
Turkey,Israel,1951,2.2
Turkey,Jordan,1951,0
Turkey,Lebanon,1951,3
Turkey,RESTO_DEL_MUNDO,1951,208.98
Turkey,Saudi Arabia,1951,0
Turkey,Spain,1951,0.9
Turkey,Syria,1951,7.3
Turkey,Greece,1952,4.8
Turkey,Iran,1952,0
Turkey,Israel,1952,2.6
Turkey,Jordan,1952,0
Turkey,Lebanon,1952,1.8
Turkey,RESTO_DEL_MUNDO,1952,259.35
Turkey,Saudi Arabia,1952,0.1
Turkey,Spain,1952,0.7
Turkey,Syria,1952,8.3
Turkey,Greece,1953,8.5
Turkey,Iran,1953,0
Turkey,Israel,1953,12.5
Turkey,Jordan,1953,0.2
Turkey,Lebanon,1953,1
Turkey,RESTO_DEL_MUNDO,1953,275.03
Turkey,Saudi Arabia,1953,0.1
Turkey,Spain,1953,12
Turkey,Syria,1953,2.9
Turkey,Greece,1954,2.2
Turkey,Iran,1954,0
Turkey,Israel,1954,11.9
Turkey,Jordan,1954,0.1
Turkey,Lebanon,1954,1.1
Turkey,RESTO_DEL_MUNDO,1954,254.92
Turkey,Saudi Arabia,1954,0
Turkey,Spain,1954,17.7
Turkey,Syria,1954,3
Turkey,Greece,1955,2.3
Turkey,Iran,1955,0.1
Turkey,Israel,1955,11.8
Turkey,Jordan,1955,0
Turkey,Lebanon,1955,1
Turkey,RESTO_DEL_MUNDO,1955,340.82
Turkey,Saudi Arabia,1955,0
Turkey,Spain,1955,3.1
Turkey,Syria,1955,2.4
Turkey,Greece,1956,3.5
Turkey,Iran,1956,0
Turkey,Israel,1956,4.6
Turkey,Jordan,1956,0.8
Turkey,Lebanon,1956,1.2
Turkey,RESTO_DEL_MUNDO,1956,329.09
Turkey,Saudi Arabia,1956,0
Turkey,Spain,1956,1.7
Turkey,Syria,1956,3.3
Turkey,Greece,1957,2.4
Turkey,Iran,1957,1
Turkey,Israel,1957,4.1
Turkey,Jordan,1957,1.1
Turkey,Lebanon,1957,1.1
Turkey,RESTO_DEL_MUNDO,1957,348.96
Turkey,Saudi Arabia,1957,0.1
Turkey,Spain,1957,2.8
Turkey,Syria,1957,1
Turkey,Greece,1958,1.3
Turkey,Iran,1958,0.1
Turkey,Israel,1958,6
Turkey,Jordan,1958,1.6
Turkey,Lebanon,1958,1.7
Turkey,RESTO_DEL_MUNDO,1958,256.6
Turkey,Saudi Arabia,1958,0
Turkey,Spain,1958,1.9
Turkey,Syria,1958,1
Turkey,Greece,1959,2.7
Turkey,Iran,1959,0
Turkey,Israel,1959,8.3
Turkey,Jordan,1959,2.1
Turkey,Lebanon,1959,9
Turkey,RESTO_DEL_MUNDO,1959,356.82
Turkey,Saudi Arabia,1959,0
Turkey,Spain,1959,2.9
Turkey,Cyprus,1960,0.6
Turkey,Greece,1960,1.8
Turkey,Iran,1960,1
Turkey,Israel,1960,7.6
Turkey,Jordan,1960,1.7
Turkey,Lebanon,1960,11.5
Turkey,RESTO_DEL_MUNDO,1960,243.86
Turkey,Saudi Arabia,1960,0.2
Turkey,Spain,1960,4.6
Turkey,Cyprus,1961,0.9
Turkey,Greece,1961,1.4
Turkey,Iran,1961,10.7
Turkey,Israel,1961,5.9
Turkey,Jordan,1961,3.4
Turkey,Lebanon,1961,22.3
Turkey,RESTO_DEL_MUNDO,1961,262.36
Turkey,Saudi Arabia,1961,0.2
Turkey,Spain,1961,6.4
Turkey,Syria,1961,2.5
Turkey,Cyprus,1962,1.1
Turkey,Greece,1962,3.5
Turkey,Iran,1962,1.4
Turkey,Israel,1962,4.1
Turkey,Jordan,1962,3.6
Turkey,Lebanon,1962,19.9
Turkey,RESTO_DEL_MUNDO,1962,303.833
Turkey,Saudi Arabia,1962,0
Turkey,Spain,1962,7.1
Turkey,Syria,1962,4.5
Turkey,Cyprus,1963,1.3
Turkey,Greece,1963,3.4
Turkey,Iran,1963,0
Turkey,Israel,1963,3.6
Turkey,Jordan,1963,1.9
Turkey,Lebanon,1963,13.1
Turkey,RESTO_DEL_MUNDO,1963,303.765
Turkey,Saudi Arabia,1963,0.1
Turkey,Spain,1963,7.7
Turkey,Syria,1963,3.6
Turkey,Cyprus,1964,0.6
Turkey,Greece,1964,3.2
Turkey,Iran,1964,5.7
Turkey,Israel,1964,6.6
Turkey,Jordan,1964,2.1
Turkey,Lebanon,1964,13.6
Turkey,Malta,1964,0.3
Turkey,RESTO_DEL_MUNDO,1964,321.79
Turkey,Saudi Arabia,1964,0.1
Turkey,Spain,1964,10.5
Turkey,Syria,1964,3.1
Turkey,Cyprus,1965,0.3
Turkey,Greece,1965,7.8
Turkey,Iran,1965,5.2
Turkey,Israel,1965,8.2
Turkey,Jordan,1965,2.1
Turkey,Lebanon,1965,14.4
Turkey,Malta,1965,0.6
Turkey,RESTO_DEL_MUNDO,1965,397.35
Turkey,Saudi Arabia,1965,0.2
Turkey,Spain,1965,9.6
Turkey,Syria,1965,3.7
Turkey,Cyprus,1966,0.4
Turkey,Greece,1966,6.1
Turkey,Iran,1966,0
Turkey,Israel,1966,7
Turkey,Jordan,1966,1.1
Turkey,Lebanon,1966,14
Turkey,Malta,1966,0.8
Turkey,RESTO_DEL_MUNDO,1966,422.522
Turkey,Saudi Arabia,1966,0.1
Turkey,Spain,1966,16.8
Turkey,Syria,1966,4.2
Turkey,Cyprus,1967,0.8
Turkey,Greece,1967,4.1
Turkey,Iran,1967,0.2
Turkey,Israel,1967,3.1
Turkey,Jordan,1967,0.7
Turkey,Lebanon,1967,11.75
Turkey,Malta,1967,0.89
Turkey,RESTO_DEL_MUNDO,1967,465.66
Turkey,Saudi Arabia,1967,0.1
Turkey,Spain,1967,8.7
Turkey,Syria,1967,3
Turkey,Cyprus,1968,0.5
Turkey,Greece,1968,3.34
Turkey,Iran,1968,0.1
Turkey,Israel,1968,2.3
Turkey,Jordan,1968,0.5
Turkey,Lebanon,1968,8.6
Turkey,Malta,1968,1.4
Turkey,RESTO_DEL_MUNDO,1968,454.553
Turkey,Saudi Arabia,1968,0.1
Turkey,Spain,1968,18.13
Turkey,Syria,1968,5
Turkey,Cyprus,1969,0.719
Turkey,Greece,1969,9.03
Turkey,Iran,1969,0.5
Turkey,Israel,1969,3.34
Turkey,Jordan,1969,0.89
Turkey,Lebanon,1969,6.5
Turkey,Malta,1969,0.02
Turkey,RESTO_DEL_MUNDO,1969,444.385
Turkey,Saudi Arabia,1969,0.1
Turkey,Spain,1969,8.42
Turkey,Syria,1969,5.61
Turkey,Cyprus,1970,0.919
Turkey,Greece,1970,6.03
Turkey,Iran,1970,5.25
Turkey,Israel,1970,3.74
Turkey,Jordan,1970,1.04
Turkey,Lebanon,1970,9.74
Turkey,Malta,1970,0.24
Turkey,RESTO_DEL_MUNDO,1970,499.458
Turkey,Saudi Arabia,1970,0.1
Turkey,Spain,1970,7.53
Turkey,Syria,1970,4.28
Turkey,Cyprus,1971,1.989
Turkey,Greece,1971,5.57
Turkey,Iran,1971,4.13
Turkey,Israel,1971,5.72
Turkey,Jordan,1971,1.01
Turkey,Lebanon,1971,16.67
Turkey,Malta,1971,0.43
Turkey,RESTO_DEL_MUNDO,1971,527.245
Turkey,Saudi Arabia,1971,0.58
Turkey,Spain,1971,14.76
Turkey,Syria,1971,6.41
Turkey,Cyprus,1972,2.133
Turkey,Greece,1972,12
Turkey,Iran,1972,12.02
Turkey,Israel,1972,13.68
Turkey,Jordan,1972,1.11
Turkey,Lebanon,1972,12.78
Turkey,Malta,1972,0.09
Turkey,RESTO_DEL_MUNDO,1972,664.452
Turkey,Saudi Arabia,1972,0.1
Turkey,Spain,1972,24.07
Turkey,Syria,1972,11.38
Turkey,Cyprus,1973,5.007
Turkey,Greece,1973,20.43
Turkey,Iran,1973,15.5
Turkey,Israel,1973,15.26
Turkey,Jordan,1973,2.28
Turkey,Lebanon,1973,21.47
Turkey,Malta,1973,0.47
Turkey,RESTO_DEL_MUNDO,1973,997.796
Turkey,Saudi Arabia,1973,0.4
Turkey,Spain,1973,20.66
Turkey,Syria,1973,15.88
Turkey,Cyprus,1974,4.764
Turkey,Greece,1974,24.84
Turkey,Iran,1974,16.9
Turkey,Israel,1974,6.02
Turkey,Jordan,1974,5.47
Turkey,Lebanon,1974,109.74
Turkey,Malta,1974,0.35
Turkey,RESTO_DEL_MUNDO,1974,1096.45
Turkey,Saudi Arabia,1974,1.1
Turkey,Spain,1974,31.05
Turkey,Syria,1974,32.22
Turkey,Cyprus,1975,0.062
Turkey,Greece,1975,0.71
Turkey,Iran,1975,86.4
Turkey,Israel,1975,5.31
Turkey,Jordan,1975,9.96
Turkey,Lebanon,1975,66.46
Turkey,Malta,1975,0.26
Turkey,RESTO_DEL_MUNDO,1975,1052.99
Turkey,Saudi Arabia,1975,3.9
Turkey,Spain,1975,31.7
Turkey,Syria,1975,23.56
Turkey,Cyprus,1976,0.052
Turkey,Greece,1976,1.45
Turkey,Iran,1976,38.1
Turkey,Israel,1976,5.43
Turkey,Jordan,1976,17.81
Turkey,Lebanon,1976,55.43
Turkey,Malta,1976,0.88
Turkey,RESTO_DEL_MUNDO,1976,1455.34
Turkey,Saudi Arabia,1976,17.4
Turkey,Spain,1976,52.71
Turkey,Syria,1976,36.27
Turkey,Cyprus,1977,0.071
Turkey,Greece,1977,1.78
Turkey,Iran,1977,40.7
Turkey,Israel,1977,5.82
Turkey,Jordan,1977,15.37
Turkey,Lebanon,1977,17.61
Turkey,Malta,1977,4.31
Turkey,RESTO_DEL_MUNDO,1977,1400.69
Turkey,Saudi Arabia,1977,26.6
Turkey,Spain,1977,22.27
Turkey,Syria,1977,39.56
Turkey,Cyprus,1978,0.1
Turkey,Greece,1978,6.36
Turkey,Iran,1978,23
Turkey,Israel,1978,7.49
Turkey,Jordan,1978,19.94
Turkey,Lebanon,1978,20.54
Turkey,Malta,1978,2.96
Turkey,RESTO_DEL_MUNDO,1978,1821.11
Turkey,Saudi Arabia,1978,44.4
Turkey,Spain,1978,22.38
Turkey,Syria,1978,25.21
Turkey,Cyprus,1979,0.11
Turkey,Greece,1979,20.06
Turkey,Iran,1979,23
Turkey,Israel,1979,8.7
Turkey,Jordan,1979,29.78
Turkey,Lebanon,1979,27.01
Turkey,Malta,1979,2.69
Turkey,RESTO_DEL_MUNDO,1979,2070.57
Turkey,Saudi Arabia,1979,61.2
Turkey,Spain,1979,33.27
Turkey,Syria,1979,51.49
Turkey,Cyprus,1980,0
Turkey,Greece,1980,11.85
Turkey,Iran,1980,111
Turkey,Israel,1980,8
Turkey,Jordan,1980,30.27
Turkey,Lebanon,1980,72.92
Turkey,Malta,1980,0.77
Turkey,RESTO_DEL_MUNDO,1980,2201.33
Turkey,Saudi Arabia,1980,92.5
Turkey,Spain,1980,42.06
Turkey,Syria,1980,72.95
Turkey,Cyprus,1981,1.8
Turkey,Greece,1981,20.82
Turkey,Iran,1981,292
Turkey,Israel,1981,14.4
Turkey,Jordan,1981,51.39
Turkey,Lebanon,1981,87.45
Turkey,Malta,1981,0.6
Turkey,RESTO_DEL_MUNDO,1981,3101.21
Turkey,Saudi Arabia,1981,188.6
Turkey,Spain,1981,46.48
Turkey,Syria,1981,96.75
Turkey,Cyprus,1982,2.64
Turkey,Greece,1982,18.22
Turkey,Iran,1982,774
Turkey,Israel,1982,14.4
Turkey,Jordan,1982,69.73
Turkey,Lebanon,1982,122.76
Turkey,Malta,1982,1.38
Turkey,RESTO_DEL_MUNDO,1982,3581.34
Turkey,Saudi Arabia,1982,310.4
Turkey,Spain,1982,89.04
Turkey,Syria,1982,42.56
Turkey,Cyprus,1983,2.38
Turkey,Greece,1983,117.27
Turkey,Iran,1983,853
Turkey,Israel,1983,13.6
Turkey,Jordan,1983,84.05
Turkey,Lebanon,1983,133.155
Turkey,Malta,1983,2.42
Turkey,RESTO_DEL_MUNDO,1983,3268.47
Turkey,Saudi Arabia,1983,336.2
Turkey,Spain,1983,75.22
Turkey,Syria,1983,54.08
Turkey,Cyprus,1984,5.12
Turkey,Greece,1984,29.84
Turkey,Iran,1984,523
Turkey,Israel,1984,9.4
Turkey,Jordan,1984,90.25
Turkey,Lebanon,1984,112.882
Turkey,Malta,1984,4.6
Turkey,RESTO_DEL_MUNDO,1984,4290.04
Turkey,Saudi Arabia,1984,484.9
Turkey,Spain,1984,44.3
Turkey,Syria,1984,51.14
Turkey,Cyprus,1985,0.002
Turkey,Greece,1985,24.96
Turkey,Iran,1985,898
Turkey,Israel,1985,12.7
Turkey,Jordan,1985,73.19
Turkey,Lebanon,1985,95.095
Turkey,Malta,1985,4.53
Turkey,RESTO_DEL_MUNDO,1985,4974.38
Turkey,Saudi Arabia,1985,329.9
Turkey,Spain,1985,69.04
Turkey,Syria,1985,57.86
Turkey,Cyprus,1986,0.004
Turkey,Greece,1986,28.43
Turkey,Iran,1986,587
Turkey,Israel,1986,18.5
Turkey,Jordan,1986,78.7298
Turkey,Lebanon,1986,149.589
Turkey,Malta,1986,4.05
Turkey,RESTO_DEL_MUNDO,1986,4993.69
Turkey,Saudi Arabia,1986,332.2
Turkey,Spain,1986,74.98
Turkey,Syria,1986,70.74
Turkey,Cyprus,1987,0.026
Turkey,Greece,1987,44.15
Turkey,Iran,1987,474
Turkey,Israel,1987,19.9
Turkey,Jordan,1987,103.341
Turkey,Lebanon,1987,164.813
Turkey,Malta,1987,3.72
Turkey,RESTO_DEL_MUNDO,1987,6704.79
Turkey,Saudi Arabia,1987,330.4
Turkey,Spain,1987,104.38
Turkey,Syria,1987,72.58
Turkey,Cyprus,1988,0.585689
Turkey,Greece,1988,50.8647
Turkey,Iran,1988,425
Turkey,Israel,1988,34.4
Turkey,Jordan,1988,79.6
Turkey,Lebanon,1988,40.216
Turkey,Malta,1988,5.13
Turkey,RESTO_DEL_MUNDO,1988,8418.92
Turkey,Saudi Arabia,1988,358.536
Turkey,Spain,1988,148.91
Turkey,Syria,1988,133.069
Turkey,Cyprus,1989,0.946235
Turkey,Greece,1989,125.801
Turkey,Iran,1989,699
Turkey,Israel,1989,27.9
Turkey,Jordan,1989,48.2818
Turkey,Lebanon,1989,84.6692
Turkey,Malta,1989,10.4059
Turkey,RESTO_DEL_MUNDO,1989,9154.18
Turkey,Saudi Arabia,1989,381.098
Turkey,Spain,1989,166.923
Turkey,Syria,1989,165.214
Turkey,Cyprus,1990,0.0022469
Turkey,Greece,1990,144.568
Turkey,Iran,1990,726
Turkey,Israel,1990,36.2
Turkey,Jordan,1990,69.4728
Turkey,Lebanon,1990,55.7084
Turkey,Malta,1990,12.7466
Turkey,RESTO_DEL_MUNDO,1990,12370.5
Turkey,Saudi Arabia,1990,298.065
Turkey,Spain,1990,247.638
Turkey,Syria,1990,186.472
Turkey,Cyprus,1991,0.315629
Turkey,Greece,1991,168.264
Turkey,Iran,1991,1020
Turkey,Israel,1991,81.8
Turkey,Jordan,1991,83.923
Turkey,Lebanon,1991,99.4543
Turkey,Malta,1991,15.6772
Turkey,RESTO_DEL_MUNDO,1991,12830.5
Turkey,Saudi Arabia,1991,351.456
Turkey,Spain,1991,321.071
Turkey,Syria,1991,254.046
Turkey,Cyprus,1992,0.151263
Turkey,Greece,1992,142.902
Turkey,Iran,1992,661
Turkey,Israel,1992,79.6
Turkey,Jordan,1992,143.275
Turkey,Lebanon,1992,9.9
Turkey,Malta,1992,18.1004
Turkey,RESTO_DEL_MUNDO,1992,13557.3
Turkey,Saudi Arabia,1992,359.071
Turkey,Spain,1992,416.814
Turkey,Syria,1992,216.637
Turkey,Cyprus,1993,0.0185223
Turkey,Greece,1993,137.244
Turkey,Iran,1993,407.5
Turkey,Israel,1993,91.9
Turkey,Jordan,1993,84.3584
Turkey,Lebanon,1993,110
Turkey,Malta,1993,14.7503
Turkey,RESTO_DEL_MUNDO,1993,13770.3
Turkey,Saudi Arabia,1993,610.214
Turkey,Spain,1993,247.76
Turkey,Syria,1993,224.445
Turkey,Cyprus,1994,0.275935
Turkey,Greece,1994,173.26
Turkey,Iran,1994,273.8
Turkey,Israel,1994,161.1
Turkey,Jordan,1994,89.9404
Turkey,Lebanon,1994,176.614
Turkey,Malta,1994,16.9329
Turkey,RESTO_DEL_MUNDO,1994,16036.4
Turkey,Saudi Arabia,1994,460.934
Turkey,Spain,1994,271.212
Turkey,Syria,1994,259.929
Turkey,Cyprus,1995,0.00214316
Turkey,Greece,1995,210.665
Turkey,Iran,1995,240.1
Turkey,Israel,1995,261.7
Turkey,Jordan,1995,127.059
Turkey,Lebanon,1995,219.614
Turkey,Malta,1995,22.7536
Turkey,RESTO_DEL_MUNDO,1995,18929.6
Turkey,Saudi Arabia,1995,420.174
Turkey,Spain,1995,406.468
Turkey,Syria,1995,263.84
Turkey,Cyprus,1996,0.21083
Turkey,Greece,1996,233.1
Turkey,Iran,1996,284.1
Turkey,Israel,1996,252.1
Turkey,Jordan,1996,152.268
Turkey,Lebanon,1996,173.171
Turkey,Malta,1996,25.1613
Turkey,RESTO_DEL_MUNDO,1996,20039.8
Turkey,Saudi Arabia,1996,299.937
Turkey,Spain,1996,448.107
Turkey,Syria,1996,311.02
Turkey,Cyprus,1997,0.177078
Turkey,Greece,1997,296.571
Turkey,Iran,1997,289
Turkey,Israel,1997,355.4
Turkey,Jordan,1997,105.381
Turkey,Lebanon,1997,153.626
Turkey,Malta,1997,21.4494
Turkey,RESTO_DEL_MUNDO,1997,21301.1
Turkey,Saudi Arabia,1997,322.922
Turkey,Spain,1997,555.508
Turkey,Syria,1997,215.127
Turkey,Cyprus,1998,0.0267298
Turkey,Greece,1998,362.155
Turkey,Iran,1998,272
Turkey,Israel,1998,443.1
Turkey,Jordan,1998,171.963
Turkey,Lebanon,1998,179.459
Turkey,Malta,1998,48.5078
Turkey,RESTO_DEL_MUNDO,1998,23288.8
Turkey,Saudi Arabia,1998,351.502
Turkey,Spain,1998,589.018
Turkey,Syria,1998,186.943
Turkey,Cyprus,1999,0.144366
Turkey,Greece,1999,364.643
Turkey,Iran,1999,228
Turkey,Israel,1999,557.1
Turkey,Jordan,1999,77.459
Turkey,Lebanon,1999,163.87
Turkey,Malta,1999,30.1187
Turkey,RESTO_DEL_MUNDO,1999,24357.8
Turkey,Saudi Arabia,1999,263.096
Turkey,Spain,1999,693.945
Turkey,Syria,1999,190.365
Turkey,Cyprus,2000,0.441832
Turkey,Greece,2000,391.246
Turkey,Iran,2000,233.065
Turkey,Israel,2000,586.5
Turkey,Jordan,2000,90.6608
Turkey,Lebanon,2000,138.46
Turkey,Malta,2000,26.9253
Turkey,RESTO_DEL_MUNDO,2000,24783.8
Turkey,Saudi Arabia,2000,222.003
Turkey,Spain,2000,818.775
Turkey,Syria,2000,202.693
Turkey,Cyprus,2001,0.663964
Turkey,Greece,2001,492.298
Turkey,Iran,2001,266.439
Turkey,Israel,2001,683.5
Turkey,Jordan,2001,121.892
Turkey,Lebanon,2001,237.199
Turkey,Malta,2001,69.2277
Turkey,RESTO_DEL_MUNDO,2001,27387.2
Turkey,Saudi Arabia,2001,351.645
Turkey,Spain,2001,985.43
Turkey,Syria,2001,309.255
Turkey,Cyprus,2002,0.83144
Turkey,Greece,2002,600.895
Turkey,Iran,2002,337.191
Turkey,Israel,2002,813.7
Turkey,Jordan,2002,123.328
Turkey,Lebanon,2002,258.651
Turkey,Malta,2002,41.0029
Turkey,RESTO_DEL_MUNDO,2002,32494.4
Turkey,Saudi Arabia,2002,392.398
Turkey,Spain,2002,1252.87
Turkey,Syria,2002,293.449
Turkey,Cyprus,2003,1.27683
Turkey,Greece,2003,885.556
Turkey,Iran,2003,465
Turkey,Israel,2003,951.6
Turkey,Jordan,2003,139.187
Turkey,Lebanon,2003,234.137
Turkey,Malta,2003,46.1908
Turkey,RESTO_DEL_MUNDO,2003,42444.5
Turkey,Saudi Arabia,2003,559.264
Turkey,Spain,2003,1918.16
Turkey,Syria,2003,451.83
Turkey,Cyprus,2004,9.32837
Turkey,Greece,2004,1235.81
Turkey,Iran,2004,693
Turkey,Israel,2004,1167.3
Turkey,Jordan,2004,187.812
Turkey,Lebanon,2004,258.186
Turkey,Malta,2004,47.4632
Turkey,RESTO_DEL_MUNDO,2004,57033.5
Turkey,Saudi Arabia,2004,599.118
Turkey,Spain,2004,2909.48
Turkey,Syria,2004,2480.49
Turkey,Cyprus,2005,15.6848
Turkey,Greece,2005,1192.16
Turkey,Iran,2005,856.21
Turkey,Israel,2005,1221
Turkey,Jordan,2005,256.195
Turkey,Lebanon,2005,199.641
Turkey,Malta,2005,45.2703
Turkey,RESTO_DEL_MUNDO,2005,65360.7
Turkey,Saudi Arabia,2005,837.785
Turkey,Spain,2005,3405.53
Turkey,Syria,2005,606.79
Turkey,Cyprus,2006,11.3907
Turkey,Greece,2006,1671.25
Turkey,Iran,2006,804.228
Turkey,Israel,2006,1272.7
Turkey,Jordan,2006,304.878
Turkey,Lebanon,2006,257.826
Turkey,Malta,2006,45.2063
Turkey,RESTO_DEL_MUNDO,2006,74365.4
Turkey,Saudi Arabia,2006,1081.55
Turkey,Spain,2006,4281.56
Turkey,Syria,2006,670.359
Turkey,Cyprus,2007,15.0793
Turkey,Greece,2007,2384.16
Turkey,Iran,2007,1147.37
Turkey,Israel,2007,1606.2
Turkey,Jordan,2007,385.399
Turkey,Lebanon,2007,405.096
Turkey,Malta,2007,49.5968
Turkey,RESTO_DEL_MUNDO,2007,94474.9
Turkey,Saudi Arabia,2007,1634.9
Turkey,Spain,2007,5574.34
Turkey,Syria,2007,877.044
Turkey,Cyprus,2008,28.643
Turkey,Greece,2008,2545.2
Turkey,Iran,2008,1509.6
Turkey,Israel,2008,1824.9
Turkey,Jordan,2008,450.574
Turkey,Lebanon,2008,698.529
Turkey,Malta,2008,46.2155
Turkey,RESTO_DEL_MUNDO,2008,116489
Turkey,Saudi Arabia,2008,2422.06
Turkey,Spain,2008,5058.36
Turkey,Syria,2008,1226.51
Turkey,Cyprus,2009,9.968
Turkey,Greece,2009,1831.95
Turkey,Iran,2009,1794.39
Turkey,Israel,2009,1387.4
Turkey,Jordan,2009,435.382
Turkey,Lebanon,2009,653.111
Turkey,Malta,2009,33.3013
Turkey,RESTO_DEL_MUNDO,2009,88824.1
Turkey,Saudi Arabia,2009,1948.31
Turkey,Spain,2009,3465.71
Turkey,Syria,2009,1567.62
Turkey,Cyprus,2010,19.614
Turkey,Greece,2010,1534.26
Turkey,Iran,2010,3805.8
Turkey,Israel,2010,1799.5
Turkey,Jordan,2010,559.487
Turkey,Lebanon,2010,683.773
Turkey,Malta,2010,65.8339
Turkey,RESTO_DEL_MUNDO,2010,100666
Turkey,Saudi Arabia,2010,2439.41
Turkey,Spain,2010,3787.46
Turkey,Syria,2010,2029.07
Turkey,Cyprus,2011,12.4661
Turkey,Greece,2011,1595.97
Turkey,Iran,2011,3948.6
Turkey,Israel,2011,2170.4
Turkey,Jordan,2011,554.205
Turkey,Lebanon,2011,840.304
Turkey,Malta,2011,98.4546
Turkey,RESTO_DEL_MUNDO,2011,121706
Turkey,Saudi Arabia,2011,3039.82
Turkey,Spain,2011,4473.94
Turkey,Syria,2011,1770.85
Turkey,Cyprus,2012,8.493
Turkey,Greece,2012,1419.31
Turkey,Iran,2012,10913.8
Turkey,Israel,2012,2082.3
Turkey,Jordan,2012,801.285
Turkey,Lebanon,2012,965.534
Turkey,Malta,2012,106.993
Turkey,RESTO_DEL_MUNDO,2012,133911
Turkey,Saudi Arabia,2012,4044.27
Turkey,Spain,2012,3956.04
Turkey,Syria,2012,547.756
Turkey,Cyprus,2013,6.0915
Turkey,Greece,2013,1463.9
Turkey,Iran,2013,4611.76
Turkey,Israel,2013,2353.6
Turkey,Jordan,2013,758.477
Turkey,Lebanon,2013,900.507
Turkey,Malta,2013,119.213
Turkey,RESTO_DEL_MUNDO,2013,140223
Turkey,Saudi Arabia,2013,3510.63
Turkey,Spain,2013,4592.29
Turkey,Syria,2013,1126.92
Turkey,Cyprus,2014,14.1189
Turkey,Greece,2014,1533.86
Turkey,Iran,2014,4275.01
Turkey,Israel,2014,2683.2
Turkey,Jordan,2014,849.224
Turkey,Lebanon,2014,766.003
Turkey,Malta,2014,104.456
Turkey,RESTO_DEL_MUNDO,2014,143449
Turkey,Saudi Arabia,2014,3351.98
Turkey,Spain,2014,4987.76
Turkey,Syria,2014,1981.25
Uganda,Cameroon,1962,0
Uganda,Ghana,1962,0
Uganda,Nigeria,1962,0
Uganda,RESTO_DEL_MUNDO,1962,84.88
Uganda,South Africa,1962,2.2
Uganda,Cameroon,1963,0
Uganda,Ghana,1963,0
Uganda,Kenya,1963,0
Uganda,Nigeria,1963,0
Uganda,RESTO_DEL_MUNDO,1963,109.8
Uganda,South Africa,1963,3.3
Uganda,Cameroon,1964,0
Uganda,Ghana,1964,0
Uganda,Kenya,1964,0
Uganda,Nigeria,1964,0
Uganda,RESTO_DEL_MUNDO,1964,134.5
Uganda,South Africa,1964,0
Uganda,Zambia,1964,0
Uganda,Cameroon,1965,0
Uganda,Ghana,1965,0
Uganda,Kenya,1965,0
Uganda,Nigeria,1965,0
Uganda,RESTO_DEL_MUNDO,1965,151.99
Uganda,South Africa,1965,0
Uganda,Zambia,1965,0
Uganda,Zimbabwe,1965,0.11
Uganda,Cameroon,1966,0
Uganda,Ghana,1966,0
Uganda,Kenya,1966,0
Uganda,Nigeria,1966,0
Uganda,RESTO_DEL_MUNDO,1966,171.4
Uganda,South Africa,1966,0
Uganda,Zambia,1966,0
Uganda,Zimbabwe,1966,0
Uganda,Cameroon,1967,0
Uganda,Ghana,1967,0
Uganda,Kenya,1967,0
Uganda,Nigeria,1967,0
Uganda,RESTO_DEL_MUNDO,1967,171.03
Uganda,South Africa,1967,0
Uganda,Zambia,1967,0.2
Uganda,Zimbabwe,1967,0
Uganda,Cameroon,1968,0
Uganda,Ghana,1968,0
Uganda,Kenya,1968,24.22
Uganda,Nigeria,1968,0
Uganda,RESTO_DEL_MUNDO,1968,185.152
Uganda,South Africa,1968,0
Uganda,Zambia,1968,0.2
Uganda,Zimbabwe,1968,0
Uganda,Cameroon,1969,0
Uganda,Ghana,1969,0.002
Uganda,Kenya,1969,21.848
Uganda,Nigeria,1969,0.001
Uganda,RESTO_DEL_MUNDO,1969,180.957
Uganda,South Africa,1969,0
Uganda,Zambia,1969,0.153636
Uganda,Zimbabwe,1969,0
Uganda,Cameroon,1970,0
Uganda,Ghana,1970,0.011
Uganda,Kenya,1970,28.135
Uganda,Nigeria,1970,0.035
Uganda,RESTO_DEL_MUNDO,1970,221.981
Uganda,South Africa,1970,0
Uganda,Zambia,1970,0.292727
Uganda,Zimbabwe,1970,0
Uganda,Cameroon,1971,0
Uganda,Ghana,1971,0.005
Uganda,Kenya,1971,24.28
Uganda,Nigeria,1971,0.01
Uganda,RESTO_DEL_MUNDO,1971,180.761
Uganda,South Africa,1971,0
Uganda,Zambia,1971,0.0645455
Uganda,Zimbabwe,1971,0
Uganda,Cameroon,1972,0
Uganda,Ghana,1972,0.025
Uganda,Kenya,1972,21.871
Uganda,Nigeria,1972,0
Uganda,RESTO_DEL_MUNDO,1972,215.537
Uganda,South Africa,1972,0
Uganda,Zambia,1972,0.0163636
Uganda,Zimbabwe,1972,0
Uganda,Cameroon,1973,0
Uganda,Ghana,1973,0.076
Uganda,Kenya,1973,13.654
Uganda,Nigeria,1973,0.017
Uganda,RESTO_DEL_MUNDO,1973,242.8
Uganda,South Africa,1973,0.006
Uganda,Zambia,1973,0.00272727
Uganda,Zimbabwe,1973,0
Uganda,Cameroon,1974,0
Uganda,Ghana,1974,0.03
Uganda,Kenya,1974,10.635
Uganda,Nigeria,1974,0.005
Uganda,RESTO_DEL_MUNDO,1974,289.589
Uganda,South Africa,1974,0
Uganda,Zambia,1974,0.052
Uganda,Zimbabwe,1974,0
Uganda,Cameroon,1975,0
Uganda,Ghana,1975,0.094
Uganda,Kenya,1975,7.345
Uganda,Mozambique,1975,0
Uganda,Nigeria,1975,0
Uganda,RESTO_DEL_MUNDO,1975,252.789
Uganda,South Africa,1975,0
Uganda,Zambia,1975,0.0245455
Uganda,Zimbabwe,1975,0
Uganda,Cameroon,1976,0
Uganda,Ghana,1976,0.007
Uganda,Kenya,1976,1.801
Uganda,Mozambique,1976,0
Uganda,Nigeria,1976,0
Uganda,RESTO_DEL_MUNDO,1976,337.684
Uganda,South Africa,1976,0
Uganda,Zambia,1976,0
Uganda,Zimbabwe,1976,0
Uganda,Cameroon,1977,0
Uganda,Ghana,1977,0.07
Uganda,Kenya,1977,1.01
Uganda,Mozambique,1977,0
Uganda,Nigeria,1977,0
Uganda,RESTO_DEL_MUNDO,1977,544.216
Uganda,South Africa,1977,0
Uganda,Zambia,1977,0.001
Uganda,Zimbabwe,1977,0
Uganda,Cameroon,1978,0
Uganda,Ghana,1978,0.001
Uganda,Kenya,1978,5.465
Uganda,Mozambique,1978,0
Uganda,Nigeria,1978,0
Uganda,RESTO_DEL_MUNDO,1978,348.941
Uganda,South Africa,1978,0
Uganda,Zambia,1978,0
Uganda,Zimbabwe,1978,0
Uganda,Cameroon,1979,0
Uganda,Ghana,1979,0.002
Uganda,Kenya,1979,2.15
Uganda,Mozambique,1979,0
Uganda,Nigeria,1979,0.039
Uganda,RESTO_DEL_MUNDO,1979,406.822
Uganda,South Africa,1979,0
Uganda,Zambia,1979,0.000909091
Uganda,Zimbabwe,1979,0
Uganda,Cameroon,1980,0
Uganda,Ghana,1980,0.014
Uganda,Kenya,1980,3.25
Uganda,Mozambique,1980,0
Uganda,Nigeria,1980,0
Uganda,RESTO_DEL_MUNDO,1980,453.279
Uganda,South Africa,1980,0
Uganda,Zambia,1980,0
Uganda,Zimbabwe,1980,0
Uganda,Cameroon,1981,0
Uganda,Ghana,1981,0.011
Uganda,Kenya,1981,1.769
Uganda,Mozambique,1981,0
Uganda,Nigeria,1981,0
Uganda,RESTO_DEL_MUNDO,1981,262.584
Uganda,South Africa,1981,0
Uganda,Zambia,1981,0
Uganda,Zimbabwe,1981,0.001
Uganda,Cameroon,1982,0
Uganda,Ghana,1982,0.01
Uganda,Kenya,1982,2.474
Uganda,Mozambique,1982,0
Uganda,Nigeria,1982,0
Uganda,RESTO_DEL_MUNDO,1982,361.231
Uganda,South Africa,1982,0
Uganda,Zambia,1982,0.0190909
Uganda,Zimbabwe,1982,0.001
Uganda,Cameroon,1983,0
Uganda,Ghana,1983,0.017
Uganda,Kenya,1983,1.285
Uganda,Mozambique,1983,0
Uganda,Nigeria,1983,0
Uganda,RESTO_DEL_MUNDO,1983,322.881
Uganda,South Africa,1983,0
Uganda,Zambia,1983,0.0135426
Uganda,Zimbabwe,1983,0.01
Uganda,Cameroon,1984,0
Uganda,Ghana,1984,0
Uganda,Kenya,1984,1.303
Uganda,Mozambique,1984,0
Uganda,Nigeria,1984,0
Uganda,RESTO_DEL_MUNDO,1984,381.576
Uganda,South Africa,1984,0
Uganda,Zambia,1984,0
Uganda,Zimbabwe,1984,0
Uganda,Cameroon,1985,0
Uganda,Ghana,1985,0
Uganda,Kenya,1985,1.24689
Uganda,Mozambique,1985,0
Uganda,Nigeria,1985,0
Uganda,RESTO_DEL_MUNDO,1985,377.562
Uganda,South Africa,1985,0
Uganda,Zambia,1985,0.00254806
Uganda,Zimbabwe,1985,0.001
Uganda,Cameroon,1986,0.006
Uganda,Ghana,1986,0.0017488
Uganda,Kenya,1986,1.40066
Uganda,Mozambique,1986,0
Uganda,Nigeria,1986,0
Uganda,RESTO_DEL_MUNDO,1986,428.734
Uganda,Senegal,1986,0
Uganda,South Africa,1986,0
Uganda,Zambia,1986,0
Uganda,Zimbabwe,1986,0.002
Uganda,Cameroon,1987,0
Uganda,Ghana,1987,0.00110581
Uganda,Kenya,1987,1.1059
Uganda,Mozambique,1987,0
Uganda,Nigeria,1987,0
Uganda,RESTO_DEL_MUNDO,1987,312.152
Uganda,Senegal,1987,0
Uganda,South Africa,1987,0
Uganda,Zambia,1987,0
Uganda,Zimbabwe,1987,0
Uganda,Cameroon,1988,0
Uganda,Ghana,1988,0.00429463
Uganda,Kenya,1988,1.42654
Uganda,Mozambique,1988,0
Uganda,Nigeria,1988,0
Uganda,RESTO_DEL_MUNDO,1988,328.13
Uganda,Senegal,1988,0
Uganda,South Africa,1988,0
Uganda,Zambia,1988,0
Uganda,Zimbabwe,1988,0
Uganda,Cameroon,1989,0
Uganda,Ghana,1989,0.00566274
Uganda,Kenya,1989,1.54055
Uganda,Mozambique,1989,0
Uganda,Nigeria,1989,0.650924
Uganda,RESTO_DEL_MUNDO,1989,274.776
Uganda,Senegal,1989,0
Uganda,South Africa,1989,0
Uganda,Zambia,1989,0.176202
Uganda,Zimbabwe,1989,0.0852161
Uganda,Cameroon,1990,0
Uganda,Ghana,1990,0.00651215
Uganda,Kenya,1990,0
Uganda,Mozambique,1990,0
Uganda,Nigeria,1990,0
Uganda,RESTO_DEL_MUNDO,1990,199.835
Uganda,Senegal,1990,0
Uganda,South Africa,1990,0
Uganda,Zambia,1990,0.13391
Uganda,Zimbabwe,1990,0.000431423
Uganda,Cameroon,1991,0
Uganda,Ghana,1991,0
Uganda,Kenya,1991,1.496
Uganda,Mozambique,1991,0
Uganda,Nigeria,1991,0.00653777
Uganda,RESTO_DEL_MUNDO,1991,189.818
Uganda,Senegal,1991,0
Uganda,South Africa,1991,0
Uganda,Zambia,1991,0.00256808
Uganda,Zimbabwe,1991,0.286515
Uganda,Cameroon,1992,0
Uganda,Ghana,1992,0.022
Uganda,Kenya,1992,4.82046
Uganda,Mozambique,1992,0
Uganda,Nigeria,1992,0.00719155
Uganda,RESTO_DEL_MUNDO,1992,190.838
Uganda,Senegal,1992,0.0190954
Uganda,South Africa,1992,0
Uganda,Zambia,1992,0.00147491
Uganda,Zimbabwe,1992,0.00434836
Uganda,Cameroon,1993,0
Uganda,Ghana,1993,0.02618
Uganda,Kenya,1993,5.51179
Uganda,Mozambique,1993,0
Uganda,Nigeria,1993,0.00728648
Uganda,RESTO_DEL_MUNDO,1993,144.719
Uganda,Senegal,1993,0.0151927
Uganda,South Africa,1993,0.336892
Uganda,Zambia,1993,0.00353828
Uganda,Zimbabwe,1993,0.0044767
Uganda,Cameroon,1994,0
Uganda,Ghana,1994,0.0311542
Uganda,Kenya,1994,2.64114
Uganda,Mozambique,1994,0
Uganda,Nigeria,1994,0.00699502
Uganda,RESTO_DEL_MUNDO,1994,410.886
Uganda,Senegal,1994,0.00988104
Uganda,South Africa,1994,0.459577
Uganda,Zambia,1994,0.00154772
Uganda,Zimbabwe,1994,0.00845779
Uganda,Cameroon,1995,0
Uganda,Ghana,1995,0.0383197
Uganda,Kenya,1995,3.24861
Uganda,Mozambique,1995,0
Uganda,Nigeria,1995,0.00804427
Uganda,RESTO_DEL_MUNDO,1995,589.929
Uganda,Senegal,1995,0.0799542
Uganda,South Africa,1995,0.553786
Uganda,Zambia,1995,0.0386444
Uganda,Zimbabwe,1995,0.019
Uganda,Cameroon,1996,0
Uganda,Ghana,1996,0.044834
Uganda,Kenya,1996,0.457971
Uganda,Mozambique,1996,0
Uganda,Nigeria,1996,0.00892914
Uganda,RESTO_DEL_MUNDO,1996,616.715
Uganda,Senegal,1996,0.0445624
Uganda,South Africa,1996,0.3702
Uganda,Zambia,1996,0.0315692
Uganda,Zimbabwe,1996,1.15545
Uganda,Cameroon,1997,0
Uganda,Ghana,1997,0.0493174
Uganda,Kenya,1997,7.95501
Uganda,Mozambique,1997,0
Uganda,Nigeria,1997,0.0101792
Uganda,RESTO_DEL_MUNDO,1997,663.588
Uganda,Senegal,1997,0
Uganda,South Africa,1997,0.399444
Uganda,Zambia,1997,0.0867252
Uganda,Zimbabwe,1997,0.0787036
Uganda,Cameroon,1998,0
Uganda,Ghana,1998,0.0562218
Uganda,Kenya,1998,0.989839
Uganda,Mozambique,1998,0
Uganda,Nigeria,1998,0.0109936
Uganda,RESTO_DEL_MUNDO,1998,443.354
Uganda,Senegal,1998,0.000249173
Uganda,South Africa,1998,2.24457
Uganda,Zambia,1998,0.0924943
Uganda,Zimbabwe,1998,0.057318
Uganda,Cameroon,1999,0
Uganda,Ghana,1999,0.0594248
Uganda,Kenya,1999,1.04623
Uganda,Mozambique,1999,0
Uganda,Nigeria,1999,0.0106967
Uganda,RESTO_DEL_MUNDO,1999,417.921
Uganda,Senegal,1999,0
Uganda,South Africa,1999,3.19523
Uganda,Zambia,1999,0.323087
Uganda,Zimbabwe,1999,0.0147145
Uganda,Angola,2000,0
Uganda,Botswana,2000,0.0178657
Uganda,Cameroon,2000,0
Uganda,Ghana,2000,0
Uganda,Kenya,2000,6.76597
Uganda,Mozambique,2000,0.230591
Uganda,Nigeria,2000,0.0415915
Uganda,RESTO_DEL_MUNDO,2000,372.868
Uganda,Senegal,2000,0.0177423
Uganda,South Africa,2000,0.68754
Uganda,Zambia,2000,0.14177
Uganda,Zimbabwe,2000,0.0128631
Uganda,Angola,2001,0
Uganda,Botswana,2001,0.0153636
Uganda,Cameroon,2001,0.016595
Uganda,Ghana,2001,0.0025168
Uganda,Kenya,2001,8.6991
Uganda,Mozambique,2001,0.0743902
Uganda,Nigeria,2001,0.202946
Uganda,RESTO_DEL_MUNDO,2001,367.691
Uganda,Senegal,2001,0.03175
Uganda,South Africa,2001,2.20045
Uganda,Zambia,2001,0.0134643
Uganda,Zimbabwe,2001,0.0197407
Uganda,Angola,2002,0.188702
Uganda,Botswana,2002,0.00564472
Uganda,Cameroon,2002,0.191545
Uganda,Ghana,2002,0.0219771
Uganda,Kenya,2002,8.43718
Uganda,Mozambique,2002,0.122268
Uganda,Nigeria,2002,0.139419
Uganda,RESTO_DEL_MUNDO,2002,392.166
Uganda,Senegal,2002,0.000236733
Uganda,South Africa,2002,2.0817
Uganda,Zambia,2002,2.92258
Uganda,Zimbabwe,2002,0.00638858
Uganda,Angola,2003,0.0258935
Uganda,Botswana,2003,0.110538
Uganda,Cameroon,2003,0.141896
Uganda,Ghana,2003,0.186348
Uganda,Kenya,2003,13.6642
Uganda,Mozambique,2003,0.0632945
Uganda,Nigeria,2003,0.0225668
Uganda,RESTO_DEL_MUNDO,2003,496.677
Uganda,Senegal,2003,0.0339502
Uganda,South Africa,2003,5.12051
Uganda,Zambia,2003,5.30711
Uganda,Zimbabwe,2003,0.115388
Uganda,Angola,2004,0.339853
Uganda,Botswana,2004,0.000467
Uganda,Cameroon,2004,0.287857
Uganda,Ghana,2004,0.0369103
Uganda,Kenya,2004,12.7652
Uganda,Mozambique,2004,0.012501
Uganda,Nigeria,2004,0.276752
Uganda,RESTO_DEL_MUNDO,2004,629.991
Uganda,Senegal,2004,0.00818811
Uganda,South Africa,2004,6.55366
Uganda,Zambia,2004,0.24973
Uganda,Zimbabwe,2004,0.00794436
Uganda,Angola,2005,0.795433
Uganda,Botswana,2005,0.00014481
Uganda,Cameroon,2005,0.0515073
Uganda,Ghana,2005,0.11274
Uganda,Kenya,2005,79.6807
Uganda,Mozambique,2005,0.406514
Uganda,Nigeria,2005,0.171238
Uganda,RESTO_DEL_MUNDO,2005,821.764
Uganda,Senegal,2005,0.333446
Uganda,South Africa,2005,6.18146
Uganda,Zambia,2005,0.468242
Uganda,Zimbabwe,2005,0.428656
Uganda,Angola,2006,0.48116
Uganda,Botswana,2006,0.0636187
Uganda,Cameroon,2006,0.0222558
Uganda,Ghana,2006,0.0146243
Uganda,Kenya,2006,13.8639
Uganda,Mozambique,2006,0.0599428
Uganda,Nigeria,2006,0.0769422
Uganda,RESTO_DEL_MUNDO,2006,885.365
Uganda,Senegal,2006,0.19459
Uganda,South Africa,2006,6.29108
Uganda,Zambia,2006,0.138955
Uganda,Zimbabwe,2006,0.0430758
Uganda,Angola,2007,0.0484125
Uganda,Botswana,2007,0.0262488
Uganda,Cameroon,2007,0.00286675
Uganda,Ghana,2007,0.0217299
Uganda,Kenya,2007,89.0377
Uganda,Mozambique,2007,0.379915
Uganda,Nigeria,2007,0.0823918
Uganda,RESTO_DEL_MUNDO,2007,1220.63
Uganda,Senegal,2007,0.0314986
Uganda,South Africa,2007,12.9901
Uganda,Zambia,2007,0.0541845
Uganda,Zimbabwe,2007,0.0774229
Uganda,Angola,2008,2.6348
Uganda,Botswana,2008,0.0765416
Uganda,Cameroon,2008,0.0644301
Uganda,Ghana,2008,0.0132811
Uganda,Kenya,2008,75.0021
Uganda,Mozambique,2008,0.0222159
Uganda,Nigeria,2008,0.403412
Uganda,RESTO_DEL_MUNDO,2008,1396.46
Uganda,Senegal,2008,0.00725095
Uganda,South Africa,2008,12.8379
Uganda,Zambia,2008,1.01093
Uganda,Zimbabwe,2008,0.0820782
Uganda,Angola,2009,2.46928
Uganda,Botswana,2009,0.0669637
Uganda,Cameroon,2009,0.0563677
Uganda,Ghana,2009,0.0116192
Uganda,Kenya,2009,55.5178
Uganda,Mozambique,2009,0.019436
Uganda,Nigeria,2009,0.378069
Uganda,RESTO_DEL_MUNDO,2009,1223.66
Uganda,Senegal,2009,0.110572
Uganda,South Africa,2009,27.4402
Uganda,Zambia,2009,0.076166
Uganda,Zimbabwe,2009,0.0718074
Uganda,Angola,2010,2.83967
Uganda,Botswana,2010,0.0850439
Uganda,Cameroon,2010,0.071587
Uganda,Ghana,2010,0.0147564
Uganda,Kenya,2010,112.058
Uganda,Mozambique,2010,0.0246837
Uganda,Nigeria,2010,0.434779
Uganda,RESTO_DEL_MUNDO,2010,1364.7
Uganda,Senegal,2010,0.234558
Uganda,South Africa,2010,9.98664
Uganda,Zambia,2010,0.579356
Uganda,Zimbabwe,2010,0.0911954
Uganda,Angola,2011,3.26562
Uganda,Botswana,2011,0.0952492
Uganda,Cameroon,2011,0.0801774
Uganda,Ghana,2011,0.0165272
Uganda,Kenya,2011,113.326
Uganda,Mozambique,2011,0.0304103
Uganda,Nigeria,2011,0.499996
Uganda,RESTO_DEL_MUNDO,2011,1639.4
Uganda,Senegal,2011,0.251841
Uganda,South Africa,2011,7.59001
Uganda,Zambia,2011,0.520706
Uganda,Zimbabwe,2011,0.102139
Uganda,Angola,2012,3.64209
Uganda,Botswana,2012,0.0993031
Uganda,Cameroon,2012,0.0835899
Uganda,Ghana,2012,0.0172306
Uganda,Kenya,2012,178.332
Uganda,Mozambique,2012,0.0317046
Uganda,Nigeria,2012,0.557637
Uganda,RESTO_DEL_MUNDO,2012,1609.88
Uganda,Senegal,2012,0.002665
Uganda,South Africa,2012,10.6425
Uganda,Zambia,2012,2.86465
Uganda,Zimbabwe,2012,0.106486
Uganda,Angola,2013,4.0778
Uganda,Botswana,2013,0.104576
Uganda,Cameroon,2013,0.0880283
Uganda,Ghana,2013,0.0181455
Uganda,Kenya,2013,183.921
Uganda,Mozambique,2013,0.0333881
Uganda,Nigeria,2013,0.62435
Uganda,RESTO_DEL_MUNDO,2013,1755.61
Uganda,Senegal,2013,0.002445
Uganda,South Africa,2013,5.79036
Uganda,Zambia,2013,1.5322
Uganda,Zimbabwe,2013,0.11214
Uganda,Angola,2014,3.88441
Uganda,Botswana,2014,0.109593
Uganda,Cameroon,2014,0.0922512
Uganda,Ghana,2014,0.0190159
Uganda,Kenya,2014,192.744
Uganda,Mozambique,2014,0.0349898
Uganda,Nigeria,2014,0.594738
Uganda,RESTO_DEL_MUNDO,2014,1863.36
Uganda,Senegal,2014,0.183857
Uganda,South Africa,2014,9.98269
Uganda,Zambia,2014,0.774152
Uganda,Zimbabwe,2014,0.11752
Ukraine,RESTO_DEL_MUNDO,1992,2837.29
Ukraine,Russia,1992,0
Ukraine,Croatia,1993,0
Ukraine,Czechia,1993,126.309
Ukraine,Hungary,1993,0
Ukraine,RESTO_DEL_MUNDO,1993,4236.23
Ukraine,Russia,1993,0
Ukraine,Slovakia,1993,167.425
Ukraine,Slovenia,1993,4.769
Ukraine,Croatia,1994,50.495
Ukraine,Czechia,1994,125.094
Ukraine,Hungary,1994,219.3
Ukraine,RESTO_DEL_MUNDO,1994,5705.11
Ukraine,Russia,1994,4400.4
Ukraine,Slovakia,1994,130.456
Ukraine,Slovenia,1994,6.88
Ukraine,Croatia,1995,40.604
Ukraine,Czechia,1995,218.935
Ukraine,Hungary,1995,346.8
Ukraine,RESTO_DEL_MUNDO,1995,8049.6
Ukraine,Russia,1995,6616.4
Ukraine,Slovakia,1995,134.922
Ukraine,Slovenia,1995,10.062
Ukraine,Croatia,1996,11.27
Ukraine,Czechia,1996,196.862
Ukraine,Hungary,1996,292.104
Ukraine,RESTO_DEL_MUNDO,1996,8395.98
Ukraine,Russia,1996,6255.81
Ukraine,Slovakia,1996,190.6
Ukraine,Slovenia,1996,9.107
Ukraine,Croatia,1997,15.28
Ukraine,Czechia,1997,173.9
Ukraine,Hungary,1997,285.058
Ukraine,RESTO_DEL_MUNDO,1997,9639.22
Ukraine,Russia,1997,3980.98
Ukraine,Slovakia,1997,313.95
Ukraine,Slovenia,1997,10.07
Ukraine,Croatia,1998,23.9
Ukraine,Czechia,1998,234.366
Ukraine,Hungary,1998,226.364
Ukraine,RESTO_DEL_MUNDO,1998,9436.34
Ukraine,Russia,1998,3219.44
Ukraine,Slovakia,1998,263.692
Ukraine,Slovenia,1998,15.376
Ukraine,Croatia,1999,25.02
Ukraine,Czechia,1999,190.113
Ukraine,Hungary,1999,212.98
Ukraine,RESTO_DEL_MUNDO,1999,8636.46
Ukraine,Russia,1999,2522.96
Ukraine,Slovakia,1999,160.663
Ukraine,Slovenia,1999,11.6415
Ukraine,Croatia,2000,16.8107
Ukraine,Czechia,2000,260.192
Ukraine,Hungary,2000,234.5
Ukraine,RESTO_DEL_MUNDO,2000,10804.6
Ukraine,Russia,2000,3646.69
Ukraine,Slovakia,2000,208.013
Ukraine,Slovenia,2000,11.6105
Ukraine,Croatia,2001,27.1486
Ukraine,Czechia,2001,282.553
Ukraine,Hungary,2001,293.732
Ukraine,RESTO_DEL_MUNDO,2001,11744.7
Ukraine,Russia,2001,3777.22
Ukraine,Slovakia,2001,213.57
Ukraine,Slovenia,2001,14.694
Ukraine,Croatia,2002,18.6783
Ukraine,Czechia,2002,317.314
Ukraine,Hungary,2002,434.588
Ukraine,RESTO_DEL_MUNDO,2002,13574.1
Ukraine,Russia,2002,3219
Ukraine,Slovakia,2002,205.591
Ukraine,Slovenia,2002,19.0401
Ukraine,Croatia,2003,34.0964
Ukraine,Czechia,2003,381.797
Ukraine,Hungary,2003,589.355
Ukraine,RESTO_DEL_MUNDO,2003,16526.8
Ukraine,Russia,2003,4368.54
Ukraine,Slovakia,2003,317.988
Ukraine,Slovenia,2003,30.6208
Ukraine,Croatia,2004,67.4448
Ukraine,Czechia,2004,581.048
Ukraine,Hungary,2004,644.771
Ukraine,RESTO_DEL_MUNDO,2004,26232
Ukraine,Russia,2004,6097.24
Ukraine,Slovakia,2004,437.877
Ukraine,Slovenia,2004,16.2576
Ukraine,Croatia,2005,79.8849
Ukraine,Czechia,2005,689.664
Ukraine,Hungary,2005,549.216
Ukraine,RESTO_DEL_MUNDO,2005,26992.9
Ukraine,Russia,2005,7776.1
Ukraine,Slovakia,2005,514.688
Ukraine,Slovenia,2005,38.6725
Ukraine,Croatia,2006,86.3998
Ukraine,Czechia,2006,596.323
Ukraine,Hungary,2006,886.117
Ukraine,RESTO_DEL_MUNDO,2006,29189.1
Ukraine,Russia,2006,9238.6
Ukraine,Slovakia,2006,576.743
Ukraine,Slovenia,2006,34.8863
Ukraine,Croatia,2007,98.037
Ukraine,Czechia,2007,623.467
Ukraine,Hungary,2007,1330.33
Ukraine,RESTO_DEL_MUNDO,2007,37544.2
Ukraine,Russia,2007,13326.2
Ukraine,Slovakia,2007,653.143
Ukraine,Slovenia,2007,50.3618
Ukraine,Croatia,2008,138.948
Ukraine,Czechia,2008,1066.54
Ukraine,Hungary,2008,1398.27
Ukraine,RESTO_DEL_MUNDO,2008,53873.3
Ukraine,Russia,2008,16230.7
Ukraine,Slovakia,2008,795.748
Ukraine,Slovenia,2008,41.8683
Ukraine,Croatia,2009,34.258
Ukraine,Czechia,2009,532.864
Ukraine,Hungary,2009,700.836
Ukraine,RESTO_DEL_MUNDO,2009,34175.9
Ukraine,Russia,2009,8964.35
Ukraine,Slovakia,2009,361.892
Ukraine,Slovenia,2009,15.0252
Ukraine,Croatia,2010,45.818
Ukraine,Czechia,2010,1021.84
Ukraine,Hungary,2010,857.736
Ukraine,RESTO_DEL_MUNDO,2010,38919.3
Ukraine,Russia,2010,14002.5
Ukraine,Slovakia,2010,607.974
Ukraine,Slovenia,2010,8.7603
Ukraine,Croatia,2011,69.918
Ukraine,Czechia,2011,1367.62
Ukraine,Hungary,2011,1129.3
Ukraine,RESTO_DEL_MUNDO,2011,50990.1
Ukraine,Russia,2011,19426
Ukraine,Slovakia,2011,888.296
Ukraine,Slovenia,2011,36.8567
Ukraine,Croatia,2012,40.833
Ukraine,Czechia,2012,1099.97
Ukraine,Hungary,2012,1286.98
Ukraine,RESTO_DEL_MUNDO,2012,53334.4
Ukraine,Russia,2012,17945.5
Ukraine,Slovakia,2012,740.372
Ukraine,Slovenia,2012,16.4048
Ukraine,Croatia,2013,45.21
Ukraine,Czechia,2013,1112.89
Ukraine,Hungary,2013,1380.91
Ukraine,RESTO_DEL_MUNDO,2013,48541.6
Ukraine,Russia,2013,15790.9
Ukraine,Slovakia,2013,784.162
Ukraine,Slovenia,2013,20.8888
Ukraine,Croatia,2014,69.344
Ukraine,Czechia,2014,1048.08
Ukraine,Hungary,2014,1452.28
Ukraine,RESTO_DEL_MUNDO,2014,45557.7
Ukraine,Russia,2014,10725.7
Ukraine,Slovakia,2014,717.941
Ukraine,Slovenia,2014,23.6447
United Kingdom,Belgium,1900,51.93
United Kingdom,Germany,1900,134.93
United Kingdom,Italy,1900,42.27
United Kingdom,Netherlands,1900,52.71
United Kingdom,RESTO_DEL_MUNDO,1900,607.6
United Kingdom,Spain,1900,27.11
United Kingdom,Switzerland,1900,11.9
United Kingdom,Belgium,1901,51.14
United Kingdom,Germany,1901,153.51
United Kingdom,Italy,1901,50.16
United Kingdom,Netherlands,1901,98.89
United Kingdom,RESTO_DEL_MUNDO,1901,500.35
United Kingdom,Spain,1901,23.26
United Kingdom,Switzerland,1901,8.98
United Kingdom,Belgium,1902,54.21
United Kingdom,Germany,1902,143.7
United Kingdom,Italy,1902,53.63
United Kingdom,Netherlands,1902,94
United Kingdom,RESTO_DEL_MUNDO,1902,651.48
United Kingdom,Spain,1902,36.01
United Kingdom,Switzerland,1902,10.36
United Kingdom,Belgium,1903,62
United Kingdom,Germany,1903,195.57
United Kingdom,Italy,1903,53.52
United Kingdom,Netherlands,1903,101.45
United Kingdom,RESTO_DEL_MUNDO,1903,649.29
United Kingdom,Spain,1903,35.29
United Kingdom,Switzerland,1903,10.93
United Kingdom,Belgium,1904,64.3
United Kingdom,Germany,1904,227.34
United Kingdom,Italy,1904,0.06
United Kingdom,Netherlands,1904,101.02
United Kingdom,RESTO_DEL_MUNDO,1904,710.69
United Kingdom,Spain,1904,33.13
United Kingdom,Switzerland,1904,11.1
United Kingdom,Belgium,1905,72.92
United Kingdom,Germany,1905,171.64
United Kingdom,Italy,1905,67.23
United Kingdom,Netherlands,1905,106.35
United Kingdom,RESTO_DEL_MUNDO,1905,874.6
United Kingdom,Spain,1905,32.16
United Kingdom,Switzerland,1905,13.39
United Kingdom,Belgium,1906,86.23
United Kingdom,Germany,1906,196.36
United Kingdom,Italy,1906,87.1
United Kingdom,Netherlands,1906,57.15
United Kingdom,RESTO_DEL_MUNDO,1906,958.5
United Kingdom,Spain,1906,33.44
United Kingdom,Switzerland,1906,16.33
United Kingdom,Belgium,1907,94.01
United Kingdom,Germany,1907,231.51
United Kingdom,Italy,1907,100.8
United Kingdom,Netherlands,1907,130.21
United Kingdom,RESTO_DEL_MUNDO,1907,993.77
United Kingdom,Spain,1907,34.75
United Kingdom,Switzerland,1907,23.07
United Kingdom,Belgium,1908,73.12
United Kingdom,Germany,1908,165.8
United Kingdom,Italy,1908,97.1
United Kingdom,Netherlands,1908,119.57
United Kingdom,RESTO_DEL_MUNDO,1908,989.99
United Kingdom,Spain,1908,37.86
United Kingdom,Switzerland,1908,17.11
United Kingdom,Belgium,1909,88.5
United Kingdom,Germany,1909,171.59
United Kingdom,Italy,1909,94.64
United Kingdom,Netherlands,1909,118.14
United Kingdom,RESTO_DEL_MUNDO,1909,850.149
United Kingdom,Spain,1909,39.66
United Kingdom,Switzerland,1909,17.64
United Kingdom,Belgium,1910,113.19
United Kingdom,Germany,1910,182.69
United Kingdom,Italy,1910,91.64
United Kingdom,Netherlands,1910,130.89
United Kingdom,RESTO_DEL_MUNDO,1910,1150.61
United Kingdom,Spain,1910,39.2
United Kingdom,Switzerland,1910,22
United Kingdom,Belgium,1911,83.77
United Kingdom,Germany,1911,192.13
United Kingdom,Italy,1911,97.46
United Kingdom,Netherlands,1911,136.19
United Kingdom,RESTO_DEL_MUNDO,1911,1224.36
United Kingdom,Spain,1911,32.3
United Kingdom,Switzerland,1911,19.46
United Kingdom,Belgium,1912,97.15
United Kingdom,Germany,1912,200.22
United Kingdom,Italy,1912,110.4
United Kingdom,Netherlands,1912,142.82
United Kingdom,RESTO_DEL_MUNDO,1912,1275.69
United Kingdom,Spain,1912,38.46
United Kingdom,Switzerland,1912,22.79
United Kingdom,Belgium,1913,113.56
United Kingdom,Germany,1913,207.84
United Kingdom,Italy,1913,112.5
United Kingdom,Netherlands,1913,76.04
United Kingdom,RESTO_DEL_MUNDO,1913,1336.92
United Kingdom,Spain,1913,42.84
United Kingdom,Switzerland,1913,21.73
United Kingdom,RESTO_DEL_MUNDO,1914,208.56
United Kingdom,RESTO_DEL_MUNDO,1915,133.11
United Kingdom,RESTO_DEL_MUNDO,1916,154.32
United Kingdom,RESTO_DEL_MUNDO,1917,155.62
United Kingdom,RESTO_DEL_MUNDO,1918,190.46
United Kingdom,Austria,1919,0
United Kingdom,Germany,1919,0
United Kingdom,Netherlands,1919,231.86
United Kingdom,RESTO_DEL_MUNDO,1919,1805.29
United Kingdom,Austria,1920,17.57
United Kingdom,Belgium,1920,161.25
United Kingdom,Germany,1920,114.86
United Kingdom,Italy,1920,161.14
United Kingdom,Netherlands,1920,207.699
United Kingdom,RESTO_DEL_MUNDO,1920,3776.34
United Kingdom,Spain,1920,34.13
United Kingdom,Switzerland,1920,78.71
United Kingdom,Austria,1921,6.67
United Kingdom,Belgium,1921,89.85
United Kingdom,Germany,1921,68.74
United Kingdom,Italy,1921,65.19
United Kingdom,Netherlands,1921,106.133
United Kingdom,RESTO_DEL_MUNDO,1921,2105.04
United Kingdom,Spain,1921,52
United Kingdom,Switzerland,1921,27.08
United Kingdom,Austria,1922,0.04
United Kingdom,Belgium,1922,110.81
United Kingdom,Germany,1922,142.14
United Kingdom,Italy,1922,96.03
United Kingdom,Netherlands,1922,118.98
United Kingdom,RESTO_DEL_MUNDO,1922,2231.46
United Kingdom,Spain,1922,52.94
United Kingdom,Switzerland,1922,33.16
United Kingdom,Austria,1923,13.3985
United Kingdom,Belgium,1923,115.46
United Kingdom,Germany,1923,26.56
United Kingdom,Italy,1923,100.72
United Kingdom,Netherlands,1923,126.25
United Kingdom,RESTO_DEL_MUNDO,1923,2379.64
United Kingdom,Spain,1923,48.4
United Kingdom,Switzerland,1923,32.86
United Kingdom,Austria,1924,21.821
United Kingdom,Belgium,1924,110.71
United Kingdom,Germany,1924,197.19
United Kingdom,Ireland,1924,237.98
United Kingdom,Italy,1924,94.88
United Kingdom,Netherlands,1924,118.66
United Kingdom,RESTO_DEL_MUNDO,1924,2337.93
United Kingdom,Spain,1924,58.05
United Kingdom,Switzerland,1924,33.52
United Kingdom,Austria,1925,14.78
United Kingdom,Belgium,1925,106.23
United Kingdom,Germany,1925,225.55
United Kingdom,Ireland,1925,242.29
United Kingdom,Italy,1925,108.35
United Kingdom,Netherlands,1925,185.84
United Kingdom,RESTO_DEL_MUNDO,1925,2714.89
United Kingdom,Spain,1925,41.43
United Kingdom,Switzerland,1925,53.65
United Kingdom,Austria,1926,14.43
United Kingdom,Belgium,1926,69.27
United Kingdom,Germany,1926,127.94
United Kingdom,Ireland,1926,225.09
United Kingdom,Italy,1926,51
United Kingdom,Netherlands,1926,87.14
United Kingdom,RESTO_DEL_MUNDO,1926,2097.2
United Kingdom,Spain,1926,35.01
United Kingdom,Switzerland,1926,30.08
United Kingdom,Austria,1927,13.41
United Kingdom,Belgium,1927,92.67
United Kingdom,Germany,1927,228.45
United Kingdom,Ireland,1927,228.32
United Kingdom,Italy,1927,93.79
United Kingdom,Netherlands,1927,104.75
United Kingdom,RESTO_DEL_MUNDO,1927,2308.08
United Kingdom,Spain,1927,50.41
United Kingdom,Switzerland,1927,36.46
United Kingdom,Austria,1928,13.72
United Kingdom,Belgium,1928,104.62
United Kingdom,Germany,1928,212.57
United Kingdom,Ireland,1928,227.43
United Kingdom,Italy,1928,93.48
United Kingdom,Netherlands,1928,109.88
United Kingdom,RESTO_DEL_MUNDO,1928,2224.88
United Kingdom,Spain,1928,51.63
United Kingdom,Switzerland,1928,43.6
United Kingdom,Austria,1929,12.62
United Kingdom,Belgium,1929,109.55
United Kingdom,Germany,1929,206.02
United Kingdom,Ireland,1929,232.2
United Kingdom,Italy,1929,106.85
United Kingdom,Netherlands,1929,103.45
United Kingdom,RESTO_DEL_MUNDO,1929,2311.53
United Kingdom,Spain,1929,52.35
United Kingdom,Switzerland,1929,32.35
United Kingdom,Austria,1930,10.28
United Kingdom,Belgium,1930,78.66
United Kingdom,Germany,1930,152.42
United Kingdom,Netherlands,1930,91.32
United Kingdom,RESTO_DEL_MUNDO,1930,1590.7
United Kingdom,Switzerland,1930,44.96
United Kingdom,Austria,1931,7.85
United Kingdom,Belgium,1931,54.35
United Kingdom,Germany,1931,107.12
United Kingdom,Ireland,1931,197.92
United Kingdom,Italy,1931,57.35
United Kingdom,Netherlands,1931,64.06
United Kingdom,RESTO_DEL_MUNDO,1931,1242.04
United Kingdom,Switzerland,1931,18.62
United Kingdom,Austria,1932,4.88
United Kingdom,Belgium,1932,39.28
United Kingdom,Germany,1932,61.38
United Kingdom,Ireland,1932,111.93
United Kingdom,Italy,1932,37.95
United Kingdom,Netherlands,1932,47.4
United Kingdom,RESTO_DEL_MUNDO,1932,873.11
United Kingdom,Spain,1932,7.97
United Kingdom,Switzerland,1932,15.13
United Kingdom,Austria,1933,5.17
United Kingdom,Belgium,1933,49.15
United Kingdom,Germany,1933,56.64
United Kingdom,Ireland,1933,84.14
United Kingdom,Italy,1933,46.5
United Kingdom,Netherlands,1933,43.81
United Kingdom,RESTO_DEL_MUNDO,1933,992.97
United Kingdom,Spain,1933,8.97
United Kingdom,Switzerland,1933,22.6
United Kingdom,Austria,1934,8.36
United Kingdom,Belgium,1934,46.92
United Kingdom,Germany,1934,76.88
United Kingdom,Ireland,1934,133.45
United Kingdom,Italy,1934,60.05
United Kingdom,Netherlands,1934,61.08
United Kingdom,RESTO_DEL_MUNDO,1934,1316.65
United Kingdom,Spain,1934,11.72
United Kingdom,Switzerland,1934,29.42
United Kingdom,Austria,1935,9
United Kingdom,Belgium,1935,50
United Kingdom,Germany,1935,103
United Kingdom,Ireland,1935,133
United Kingdom,Italy,1935,46
United Kingdom,Netherlands,1935,60
United Kingdom,RESTO_DEL_MUNDO,1935,1461.32
United Kingdom,Spain,1935,30
United Kingdom,Switzerland,1935,25
United Kingdom,Austria,1936,10.41
United Kingdom,Belgium,1936,66.27
United Kingdom,Germany,1936,106.18
United Kingdom,Ireland,1936,105.63
United Kingdom,Italy,1936,3.67
United Kingdom,Netherlands,1936,63.7
United Kingdom,RESTO_DEL_MUNDO,1936,1691.72
United Kingdom,Spain,1936,14.78
United Kingdom,Switzerland,1936,23.33
United Kingdom,Austria,1937,12.63
United Kingdom,Belgium,1937,77.75
United Kingdom,Germany,1937,124.31
United Kingdom,Ireland,1937,0.77
United Kingdom,Italy,1937,28.47
United Kingdom,Netherlands,1937,70.39
United Kingdom,RESTO_DEL_MUNDO,1937,1936.4
United Kingdom,Spain,1937,11.77
United Kingdom,Switzerland,1937,25.85
United Kingdom,Austria,1938,0
United Kingdom,Belgium,1938,61
United Kingdom,Germany,1938,67.6421
United Kingdom,Ireland,1938,102
United Kingdom,Italy,1938,37
United Kingdom,Netherlands,1938,63.34
United Kingdom,RESTO_DEL_MUNDO,1938,2076.26
United Kingdom,Spain,1938,19
United Kingdom,Switzerland,1938,20
United Kingdom,Germany,1939,0
United Kingdom,Netherlands,1939,65.23
United Kingdom,RESTO_DEL_MUNDO,1939,396.961
United Kingdom,Germany,1940,0
United Kingdom,Netherlands,1940,0
United Kingdom,RESTO_DEL_MUNDO,1940,204.33
United Kingdom,Germany,1941,0
United Kingdom,RESTO_DEL_MUNDO,1941,122.91
United Kingdom,Germany,1942,0
United Kingdom,RESTO_DEL_MUNDO,1942,62.22
United Kingdom,Germany,1943,0
United Kingdom,RESTO_DEL_MUNDO,1943,48.02
United Kingdom,Germany,1944,0
United Kingdom,RESTO_DEL_MUNDO,1944,47.35
United Kingdom,Germany,1945,0
United Kingdom,Netherlands,1945,0
United Kingdom,RESTO_DEL_MUNDO,1945,142.074
United Kingdom,Netherlands,1946,131.42
United Kingdom,RESTO_DEL_MUNDO,1946,1619.32
United Kingdom,Netherlands,1947,154.17
United Kingdom,RESTO_DEL_MUNDO,1947,1555.94
United Kingdom,Ireland,1948,296.2
United Kingdom,Italy,1948,56.3
United Kingdom,Netherlands,1948,173.85
United Kingdom,RESTO_DEL_MUNDO,1948,5613.68
United Kingdom,Spain,1948,42.3
United Kingdom,Switzerland,1948,82.7
United Kingdom,Ireland,1949,275.3
United Kingdom,Italy,1949,58.7
United Kingdom,Netherlands,1949,200.81
United Kingdom,RESTO_DEL_MUNDO,1949,5751.31
United Kingdom,Spain,1949,38.1
United Kingdom,Switzerland,1949,64.1
United Kingdom,Belgium,1950,181.447
United Kingdom,Ireland,1950,236.2
United Kingdom,Italy,1950,81.8
United Kingdom,Luxembourg,1950,7.05314
United Kingdom,Netherlands,1950,203.2
United Kingdom,RESTO_DEL_MUNDO,1950,4501.1
United Kingdom,Spain,1950,27.7
United Kingdom,Switzerland,1950,85.4
United Kingdom,Belgium,1951,202.922
United Kingdom,Ireland,1951,267.8
United Kingdom,Italy,1951,80.1
United Kingdom,Luxembourg,1951,9.17817
United Kingdom,Netherlands,1951,209.9
United Kingdom,RESTO_DEL_MUNDO,1951,5526.12
United Kingdom,Spain,1951,27.7
United Kingdom,Switzerland,1951,89.5
United Kingdom,Belgium,1952,191.973
United Kingdom,Ireland,1952,244.5
United Kingdom,Italy,1952,133.4
United Kingdom,Luxembourg,1952,9.02671
United Kingdom,Netherlands,1952,199.3
United Kingdom,RESTO_DEL_MUNDO,1952,5349.82
United Kingdom,Spain,1952,43.2
United Kingdom,Switzerland,1952,78
United Kingdom,Belgium,1953,209.972
United Kingdom,Ireland,1953,259
United Kingdom,Italy,1953,187
United Kingdom,Luxembourg,1953,9.02783
United Kingdom,Netherlands,1953,221
United Kingdom,RESTO_DEL_MUNDO,1953,4928.58
United Kingdom,Spain,1953,62
United Kingdom,Switzerland,1953,79.2
United Kingdom,Belgium,1954,204.937
United Kingdom,Ireland,1954,280.9
United Kingdom,Italy,1954,164.2
United Kingdom,Luxembourg,1954,8.6629
United Kingdom,Netherlands,1954,229.3
United Kingdom,RESTO_DEL_MUNDO,1954,5292.82
United Kingdom,Spain,1954,63.7
United Kingdom,Switzerland,1954,73.6
United Kingdom,Austria,1955,39.8
United Kingdom,Belgium,1955,231.107
United Kingdom,Ireland,1955,301
United Kingdom,Italy,1955,144.9
United Kingdom,Luxembourg,1955,10.0929
United Kingdom,Netherlands,1955,273.4
United Kingdom,RESTO_DEL_MUNDO,1955,5997.5
United Kingdom,Spain,1955,62.8
United Kingdom,Switzerland,1955,77.6
United Kingdom,Austria,1956,41.1
United Kingdom,Belgium,1956,253.25
United Kingdom,Ireland,1956,288.1
United Kingdom,Italy,1956,171.5
United Kingdom,Luxembourg,1956,11.2497
United Kingdom,Netherlands,1956,303.4
United Kingdom,RESTO_DEL_MUNDO,1956,6505.73
United Kingdom,Spain,1956,70.2
United Kingdom,Switzerland,1956,95.8
United Kingdom,Austria,1957,43.5
United Kingdom,Belgium,1957,269.271
United Kingdom,Ireland,1957,295.6
United Kingdom,Italy,1957,194.9
United Kingdom,Luxembourg,1957,12.3289
United Kingdom,Netherlands,1957,330.2
United Kingdom,RESTO_DEL_MUNDO,1957,7119.43
United Kingdom,Spain,1957,74.8
United Kingdom,Switzerland,1957,104.8
United Kingdom,Austria,1958,47.1
United Kingdom,Belgium,1958,221.5
United Kingdom,Ireland,1958,313.1
United Kingdom,Italy,1958,175.8
United Kingdom,Luxembourg,1958,9.90036
United Kingdom,Netherlands,1958,267.8
United Kingdom,RESTO_DEL_MUNDO,1958,6954.72
United Kingdom,Spain,1958,67.6
United Kingdom,Switzerland,1958,96.2
United Kingdom,Austria,1959,48.4
United Kingdom,Belgium,1959,274.568
United Kingdom,Ireland,1959,307.4
United Kingdom,Italy,1959,185.4
United Kingdom,Luxembourg,1959,12.232
United Kingdom,Netherlands,1959,298
United Kingdom,RESTO_DEL_MUNDO,1959,7258.89
United Kingdom,Spain,1959,54.5
United Kingdom,Switzerland,1959,143.6
United Kingdom,Austria,1960,69.9
United Kingdom,Belgium,1960,276.303
United Kingdom,Ireland,1960,314.5
United Kingdom,Italy,1960,249.5
United Kingdom,Luxembourg,1960,15.3972
United Kingdom,Netherlands,1960,311.5
United Kingdom,RESTO_DEL_MUNDO,1960,7679.31
United Kingdom,Spain,1960,60.7
United Kingdom,Switzerland,1960,133.4
United Kingdom,Austria,1961,74.7
United Kingdom,Belgium,1961,302.379
United Kingdom,Ireland,1961,371.3
United Kingdom,Italy,1961,287.5
United Kingdom,Luxembourg,1961,15.8209
United Kingdom,Netherlands,1961,364.4
United Kingdom,RESTO_DEL_MUNDO,1961,7959.67
United Kingdom,Spain,1961,82
United Kingdom,Switzerland,1961,158.4
United Kingdom,Austria,1962,78.4
United Kingdom,Belgium,1962,349.121
United Kingdom,Ireland,1962,382
United Kingdom,Italy,1962,384.9
United Kingdom,Luxembourg,1962,17.9795
United Kingdom,Netherlands,1962,388
United Kingdom,RESTO_DEL_MUNDO,1962,8199.08
United Kingdom,Spain,1962,149.2
United Kingdom,Switzerland,1962,188.8
United Kingdom,Austria,1963,90.1
United Kingdom,Belgium,1963,400.073
United Kingdom,Ireland,1963,437.1
United Kingdom,Italy,1963,462.6
United Kingdom,Luxembourg,1963,20.4266
United Kingdom,Netherlands,1963,431.4
United Kingdom,RESTO_DEL_MUNDO,1963,8813.34
United Kingdom,Spain,1963,193.6
United Kingdom,Switzerland,1963,215.7
United Kingdom,Austria,1964,99.3
United Kingdom,Belgium,1964,430.27
United Kingdom,Ireland,1964,494.3
United Kingdom,Italy,1964,395.9
United Kingdom,Luxembourg,1964,22.4298
United Kingdom,Netherlands,1964,505.3
United Kingdom,RESTO_DEL_MUNDO,1964,9401.06
United Kingdom,Spain,1964,219.7
United Kingdom,Switzerland,1964,258.9
United Kingdom,Austria,1965,114.9
United Kingdom,Belgium,1965,462.535
United Kingdom,Ireland,1965,526.3
United Kingdom,Italy,1965,340.1
United Kingdom,Luxembourg,1965,23.1647
United Kingdom,Netherlands,1965,485.7
United Kingdom,RESTO_DEL_MUNDO,1965,10234
United Kingdom,Spain,1965,276.5
United Kingdom,Switzerland,1965,270.2
United Kingdom,Austria,1966,133.5
United Kingdom,Belgium,1966,506.405
United Kingdom,Ireland,1966,540.9
United Kingdom,Italy,1966,402.2
United Kingdom,Luxembourg,1966,24.7948
United Kingdom,Netherlands,1966,489
United Kingdom,RESTO_DEL_MUNDO,1966,11221.8
United Kingdom,Spain,1966,335.1
United Kingdom,Switzerland,1966,299.6
United Kingdom,Austria,1967,139
United Kingdom,Belgium,1967,480.188
United Kingdom,Ireland,1967,542.2
United Kingdom,Italy,1967,432.8
United Kingdom,Luxembourg,1967,22.0116
United Kingdom,Netherlands,1967,462.3
United Kingdom,RESTO_DEL_MUNDO,1967,11141.3
United Kingdom,Spain,1967,300.5
United Kingdom,Switzerland,1967,320
United Kingdom,Austria,1968,153.6
United Kingdom,Belgium,1968,575.956
United Kingdom,Ireland,1968,594
United Kingdom,Italy,1968,434.7
United Kingdom,Luxembourg,1968,27.0442
United Kingdom,Netherlands,1968,509.3
United Kingdom,RESTO_DEL_MUNDO,1968,11789.8
United Kingdom,Spain,1968,281.4
United Kingdom,Switzerland,1968,330.9
United Kingdom,Austria,1969,186.9
United Kingdom,Belgium,1969,662.937
United Kingdom,Ireland,1969,744.25
United Kingdom,Italy,1969,499.4
United Kingdom,Luxembourg,1969,32.5633
United Kingdom,Netherlands,1969,625
United Kingdom,RESTO_DEL_MUNDO,1969,13052.7
United Kingdom,Spain,1969,321.22
United Kingdom,Switzerland,1969,426.6
United Kingdom,Austria,1970,240.6
United Kingdom,Belgium,1970,630.416
United Kingdom,Ireland,1970,839.09
United Kingdom,Italy,1970,565.6
United Kingdom,Luxembourg,1970,32.684
United Kingdom,Netherlands,1970,764.1
United Kingdom,RESTO_DEL_MUNDO,1970,14508.8
United Kingdom,Spain,1970,335.99
United Kingdom,Switzerland,1970,504.2
United Kingdom,Austria,1971,277.2
United Kingdom,Belgium,1971,760.06
United Kingdom,Ireland,1971,907.74
United Kingdom,Italy,1971,579.2
United Kingdom,Luxembourg,1971,36.6397
United Kingdom,Netherlands,1971,849.6
United Kingdom,RESTO_DEL_MUNDO,1971,16479.3
United Kingdom,Spain,1971,390.04
United Kingdom,Switzerland,1971,569.6
United Kingdom,Austria,1972,316.1
United Kingdom,Belgium,1972,944.692
United Kingdom,Ireland,1972,1072.07
United Kingdom,Italy,1972,676.5
United Kingdom,Luxembourg,1972,45.7086
United Kingdom,Netherlands,1972,895.4
United Kingdom,RESTO_DEL_MUNDO,1972,17695.6
United Kingdom,Spain,1972,525.88
United Kingdom,Switzerland,1972,619.1
United Kingdom,Austria,1973,364.7
United Kingdom,Belgium,1973,1370.35
United Kingdom,Ireland,1973,1401.96
United Kingdom,Italy,1973,954
United Kingdom,Luxembourg,1973,71.1543
United Kingdom,Netherlands,1973,1235.4
United Kingdom,RESTO_DEL_MUNDO,1973,21699.7
United Kingdom,Spain,1973,608.37
United Kingdom,Switzerland,1973,733.7
United Kingdom,Austria,1974,383.1
United Kingdom,Belgium,1974,1634.03
United Kingdom,Ireland,1974,1779.86
United Kingdom,Italy,1974,1243.8
United Kingdom,Luxembourg,1974,88.3699
United Kingdom,Netherlands,1974,1789.3
United Kingdom,RESTO_DEL_MUNDO,1974,27271.8
United Kingdom,Spain,1974,784.3
United Kingdom,Switzerland,1974,842.1
United Kingdom,Austria,1975,375.1
United Kingdom,Belgium,1975,1818.03
United Kingdom,Ireland,1975,1835.66
United Kingdom,Italy,1975,1273.1
United Kingdom,Luxembourg,1975,81.5729
United Kingdom,Netherlands,1975,2016
United Kingdom,RESTO_DEL_MUNDO,1975,31248.4
United Kingdom,Spain,1975,866.69
United Kingdom,Switzerland,1975,816.6
United Kingdom,Austria,1976,420.6
United Kingdom,Belgium,1976,2284.09
United Kingdom,Ireland,1976,2069.36
United Kingdom,Italy,1976,1517.6
United Kingdom,Luxembourg,1976,103.809
United Kingdom,Netherlands,1976,2456.4
United Kingdom,RESTO_DEL_MUNDO,1976,33074.9
United Kingdom,Spain,1976,874.24
United Kingdom,Switzerland,1976,994.3
United Kingdom,Austria,1977,487.8
United Kingdom,Belgium,1977,3016.72
United Kingdom,Ireland,1977,2599
United Kingdom,Italy,1977,1792.9
United Kingdom,Luxembourg,1977,129.977
United Kingdom,Netherlands,1977,3060.5
United Kingdom,RESTO_DEL_MUNDO,1977,38699.5
United Kingdom,Spain,1977,940.79
United Kingdom,Switzerland,1977,1309.1
United Kingdom,Austria,1978,493.9
United Kingdom,Belgium,1978,3925.83
United Kingdom,Ireland,1978,3515.13
United Kingdom,Italy,1978,2255.3
United Kingdom,Luxembourg,1978,172.471
United Kingdom,Netherlands,1978,3550
United Kingdom,RESTO_DEL_MUNDO,1978,45686.2
United Kingdom,Spain,1978,1014.37
United Kingdom,Switzerland,1978,1894.5
United Kingdom,Austria,1979,589.1
United Kingdom,Belgium,1979,4605.33
United Kingdom,Ireland,1979,4941.8
United Kingdom,Italy,1979,3145
United Kingdom,Luxembourg,1979,206.075
United Kingdom,Netherlands,1979,5163.1
United Kingdom,RESTO_DEL_MUNDO,1979,53550.4
United Kingdom,Spain,1979,1309.89
United Kingdom,Switzerland,1979,1859
United Kingdom,Austria,1980,672.8
United Kingdom,Belgium,1980,5546.53
United Kingdom,Ireland,1980,5663.74
United Kingdom,Italy,1980,4408.4
United Kingdom,Luxembourg,1980,248.371
United Kingdom,Netherlands,1980,6280
United Kingdom,RESTO_DEL_MUNDO,1980,64140.1
United Kingdom,Spain,1980,1604.47
United Kingdom,Switzerland,1980,3015.3
United Kingdom,Austria,1981,494.6
United Kingdom,Belgium,1981,4440.5
United Kingdom,Ireland,1981,5263.32
United Kingdom,Italy,1981,3539.5
United Kingdom,Luxembourg,1981,202.304
United Kingdom,Netherlands,1981,5638.1
United Kingdom,RESTO_DEL_MUNDO,1981,66968.3
United Kingdom,Spain,1981,1437.49
United Kingdom,Switzerland,1981,1755.4
United Kingdom,Austria,1982,427.2
United Kingdom,Belgium,1982,3881.47
United Kingdom,Ireland,1982,4662.63
United Kingdom,Italy,1982,3406.9
United Kingdom,Luxembourg,1982,183.431
United Kingdom,Netherlands,1982,5888.4
United Kingdom,RESTO_DEL_MUNDO,1982,62910.7
United Kingdom,Spain,1982,1553.07
United Kingdom,Switzerland,1982,1570.2
United Kingdom,Austria,1983,417.2
United Kingdom,Belgium,1983,4523.41
United Kingdom,Ireland,1983,4150.67
United Kingdom,Italy,1983,3124.5
United Kingdom,Luxembourg,1983,222.386
United Kingdom,Netherlands,1983,5370.9
United Kingdom,RESTO_DEL_MUNDO,1983,57712.7
United Kingdom,Spain,1983,1806.08
United Kingdom,Switzerland,1983,1578.8
United Kingdom,Austria,1984,420.6
United Kingdom,Belgium,1984,4609.74
United Kingdom,Ireland,1984,4151.48
United Kingdom,Italy,1984,3642.1
United Kingdom,Luxembourg,1984,232.863
United Kingdom,Netherlands,1984,5406.1
United Kingdom,RESTO_DEL_MUNDO,1984,60872.6
United Kingdom,Spain,1984,1744.56
United Kingdom,Switzerland,1984,2149.2
United Kingdom,Austria,1985,479
United Kingdom,Belgium,1985,4778.53
United Kingdom,Ireland,1985,4289.91
United Kingdom,Italy,1985,4501.7
United Kingdom,Luxembourg,1985,240.468
United Kingdom,Netherlands,1985,6472.7
United Kingdom,RESTO_DEL_MUNDO,1985,61822.9
United Kingdom,Spain,1985,1939.21
United Kingdom,Switzerland,1985,2230.5
United Kingdom,Austria,1986,615
United Kingdom,Belgium,1986,5436.55
United Kingdom,Ireland,1986,4827.76
United Kingdom,Italy,1986,5110.2
United Kingdom,Luxembourg,1986,287.952
United Kingdom,Netherlands,1986,6156.6
United Kingdom,RESTO_DEL_MUNDO,1986,64730.4
United Kingdom,Spain,1986,2710.56
United Kingdom,Switzerland,1986,3001
United Kingdom,Austria,1987,786.1
United Kingdom,Belgium,1987,6213.25
United Kingdom,Ireland,1987,5692.82
United Kingdom,Italy,1987,6587.5
United Kingdom,Luxembourg,1987,329.049
United Kingdom,Netherlands,1987,7020.5
United Kingdom,RESTO_DEL_MUNDO,1987,73769.3
United Kingdom,Spain,1987,3445.93
United Kingdom,Switzerland,1987,3077.5
United Kingdom,Austria,1988,905.706
United Kingdom,Belgium,1988,6687.21
United Kingdom,Ireland,1988,6493.41
United Kingdom,Italy,1988,7053.1
United Kingdom,Luxembourg,1988,369.795
United Kingdom,Netherlands,1988,7616
United Kingdom,RESTO_DEL_MUNDO,1988,81811.1
United Kingdom,Spain,1988,4301.49
United Kingdom,Switzerland,1988,3209.9
United Kingdom,Austria,1989,975.531
United Kingdom,Belgium,1989,7314.74
United Kingdom,Ireland,1989,7213.52
United Kingdom,Italy,1989,7420.25
United Kingdom,Luxembourg,1989,427.321
United Kingdom,Netherlands,1989,8265.43
United Kingdom,RESTO_DEL_MUNDO,1989,84671.9
United Kingdom,Spain,1989,4639.99
United Kingdom,Switzerland,1989,3266.12
United Kingdom,Austria,1990,1265.54
United Kingdom,Belgium,1990,9346.95
United Kingdom,Germany,1990,23123.9
United Kingdom,Ireland,1990,8879.7
United Kingdom,Italy,1990,9499.42
United Kingdom,Luxembourg,1990,556.561
United Kingdom,Netherlands,1990,10311
United Kingdom,RESTO_DEL_MUNDO,1990,98586.1
United Kingdom,Spain,1990,6320.74
United Kingdom,Switzerland,1990,3676.65
United Kingdom,Austria,1991,1371.43
United Kingdom,Belgium,1991,9481.54
United Kingdom,Germany,1991,25790.3
United Kingdom,Ireland,1991,8587.37
United Kingdom,Italy,1991,10381.4
United Kingdom,Luxembourg,1991,598.161
United Kingdom,Netherlands,1991,10902.8
United Kingdom,RESTO_DEL_MUNDO,1991,94320
United Kingdom,Spain,1991,7004.7
United Kingdom,Switzerland,1991,3668.24
United Kingdom,Austria,1992,1470.43
United Kingdom,Belgium,1992,9057.25
United Kingdom,Germany,1992,27982.4
United Kingdom,Ireland,1992,9558.09
United Kingdom,Italy,1992,10756.8
United Kingdom,Luxembourg,1992,574.921
United Kingdom,Netherlands,1992,11441.9
United Kingdom,RESTO_DEL_MUNDO,1992,100786
United Kingdom,Spain,1992,7281.93
United Kingdom,Switzerland,1992,3738.25
United Kingdom,Austria,1993,1329.01
United Kingdom,Belgium,1993,9599.58
United Kingdom,Germany,1993,18548.6
United Kingdom,Ireland,1993,7850.64
United Kingdom,Italy,1993,8572.95
United Kingdom,Luxembourg,1993,656.317
United Kingdom,Netherlands,1993,9959.91
United Kingdom,RESTO_DEL_MUNDO,1993,100269
United Kingdom,Spain,1993,6308.69
United Kingdom,Switzerland,1993,4403.58
United Kingdom,Austria,1994,1605.86
United Kingdom,Belgium,1994,11316.6
United Kingdom,Germany,1994,22780.9
United Kingdom,Ireland,1994,9164.53
United Kingdom,Italy,1994,10245.8
United Kingdom,Luxembourg,1994,790.282
United Kingdom,Netherlands,1994,11782.3
United Kingdom,RESTO_DEL_MUNDO,1994,111455
United Kingdom,Spain,1994,7234.73
United Kingdom,Switzerland,1994,4498.03
United Kingdom,Austria,1995,1964.43
United Kingdom,Belgium,1995,12895.3
United Kingdom,Germany,1995,28251.4
United Kingdom,Ireland,1995,11418.9
United Kingdom,Italy,1995,12622.4
United Kingdom,Luxembourg,1995,901.765
United Kingdom,Netherlands,1995,15028.7
United Kingdom,RESTO_DEL_MUNDO,1995,130445
United Kingdom,Spain,1995,8982.73
United Kingdom,Switzerland,1995,4449.65
United Kingdom,Austria,1996,2028.75
United Kingdom,Belgium,1996,13412.8
United Kingdom,Germany,1996,30297.1
United Kingdom,Ireland,1996,11767.9
United Kingdom,Italy,1996,13636.8
United Kingdom,Luxembourg,1996,967.595
United Kingdom,Netherlands,1996,15026.7
United Kingdom,RESTO_DEL_MUNDO,1996,140068
United Kingdom,Spain,1996,10089.8
United Kingdom,Switzerland,1996,5019
United Kingdom,Austria,1997,1912.14
United Kingdom,Belgium,1997,14298.1
United Kingdom,Germany,1997,30338.6
United Kingdom,Ireland,1997,12999.6
United Kingdom,Italy,1997,13932.9
United Kingdom,Luxembourg,1997,158.021
United Kingdom,Netherlands,1997,16408.6
United Kingdom,RESTO_DEL_MUNDO,1997,147788
United Kingdom,Spain,1997,9960.5
United Kingdom,Switzerland,1997,4839.53
United Kingdom,Austria,1998,2088.15
United Kingdom,Belgium,1998,14169.8
United Kingdom,Germany,1998,31993
United Kingdom,Ireland,1998,14722.9
United Kingdom,Italy,1998,13894.8
United Kingdom,Luxembourg,1998,220.448
United Kingdom,Netherlands,1998,15138.5
United Kingdom,RESTO_DEL_MUNDO,1998,145566
United Kingdom,Spain,1998,9760.53
United Kingdom,Switzerland,1998,5041.59
United Kingdom,Austria,1999,1867.16
United Kingdom,Belgium,1999,13696.4
United Kingdom,Germany,1999,32280.5
United Kingdom,Ireland,1999,17615.7
United Kingdom,Italy,1999,13446.7
United Kingdom,Luxembourg,1999,287.682
United Kingdom,Netherlands,1999,19356.6
United Kingdom,RESTO_DEL_MUNDO,1999,152742
United Kingdom,Spain,1999,10260.8
United Kingdom,Switzerland,1999,4512
United Kingdom,Austria,2000,1834.01
United Kingdom,Belgium,2000,15113.3
United Kingdom,Germany,2000,34910.9
United Kingdom,Ireland,2000,16924.8
United Kingdom,Italy,2000,12799.5
United Kingdom,Luxembourg,2000,327.252
United Kingdom,Netherlands,2000,19408.1
United Kingdom,RESTO_DEL_MUNDO,2000,166694
United Kingdom,Spain,2000,10320.2
United Kingdom,Switzerland,2000,4813.46
United Kingdom,Austria,2001,1800.75
United Kingdom,Belgium,2001,13743.4
United Kingdom,Germany,2001,34222.7
United Kingdom,Ireland,2001,19087.9
United Kingdom,Italy,2001,11823.2
United Kingdom,Luxembourg,2001,460.729
United Kingdom,Netherlands,2001,15034.1
United Kingdom,RESTO_DEL_MUNDO,2001,156794
United Kingdom,Spain,2001,9997.74
United Kingdom,Switzerland,2001,4847.35
United Kingdom,Austria,2002,1865.25
United Kingdom,Belgium,2002,14429.5
United Kingdom,Germany,2002,31776
United Kingdom,Ireland,2002,21132.3
United Kingdom,Italy,2002,12169.6
United Kingdom,Luxembourg,2002,441.553
United Kingdom,Netherlands,2002,15035.1
United Kingdom,RESTO_DEL_MUNDO,2002,153957
United Kingdom,Spain,2002,9936.43
United Kingdom,Switzerland,2002,4236.32
United Kingdom,Austria,2003,2087.79
United Kingdom,Belgium,2003,16982.2
United Kingdom,Germany,2003,35780.9
United Kingdom,Ireland,2003,18721.3
United Kingdom,Italy,2003,14416.8
United Kingdom,Luxembourg,2003,385.139
United Kingdom,Netherlands,2003,19618.7
United Kingdom,RESTO_DEL_MUNDO,2003,169337
United Kingdom,Spain,2003,13777
United Kingdom,Switzerland,2003,4165.34
United Kingdom,Austria,2004,2203.72
United Kingdom,Belgium,2004,19530.9
United Kingdom,Germany,2004,42684.6
United Kingdom,Ireland,2004,22018.3
United Kingdom,Italy,2004,15299.8
United Kingdom,Luxembourg,2004,273.781
United Kingdom,Netherlands,2004,20314.7
United Kingdom,RESTO_DEL_MUNDO,2004,196706
United Kingdom,Spain,2004,16445.3
United Kingdom,Switzerland,2004,4698.16
United Kingdom,Austria,2005,2818.05
United Kingdom,Belgium,2005,21658.8
United Kingdom,Germany,2005,48927.3
United Kingdom,Ireland,2005,25447.5
United Kingdom,Italy,2005,15529.4
United Kingdom,Luxembourg,2005,502.806
United Kingdom,Netherlands,2005,21215.3
United Kingdom,RESTO_DEL_MUNDO,2005,218772
United Kingdom,Spain,2005,16825.4
United Kingdom,Switzerland,2005,5582.32
United Kingdom,Austria,2006,2738.78
United Kingdom,Belgium,2006,23137.4
United Kingdom,Germany,2006,51643.2
United Kingdom,Ireland,2006,27398.1
United Kingdom,Italy,2006,15838.7
United Kingdom,Luxembourg,2006,1506.63
United Kingdom,Netherlands,2006,24644.7
United Kingdom,RESTO_DEL_MUNDO,2006,232052
United Kingdom,Spain,2006,17045.1
United Kingdom,Switzerland,2006,5537.22
United Kingdom,Austria,2007,3074.89
United Kingdom,Belgium,2007,25629.5
United Kingdom,Germany,2007,57671.5
United Kingdom,Ireland,2007,32285.8
United Kingdom,Italy,2007,17181.1
United Kingdom,Luxembourg,2007,483.659
United Kingdom,Netherlands,2007,28466.9
United Kingdom,RESTO_DEL_MUNDO,2007,257988
United Kingdom,Spain,2007,19742.9
United Kingdom,Switzerland,2007,6703.85
United Kingdom,Austria,2008,2994.71
United Kingdom,Belgium,2008,26483.8
United Kingdom,Germany,2008,61194.1
United Kingdom,Ireland,2008,31658.8
United Kingdom,Italy,2008,16754.2
United Kingdom,Luxembourg,2008,460.544
United Kingdom,Netherlands,2008,33902.8
United Kingdom,RESTO_DEL_MUNDO,2008,277316
United Kingdom,Spain,2008,20040.1
United Kingdom,Switzerland,2008,6903.31
United Kingdom,Austria,2009,2077.95
United Kingdom,Belgium,2009,17865.1
United Kingdom,Germany,2009,43351.4
United Kingdom,Ireland,2009,22126.9
United Kingdom,Italy,2009,13672.9
United Kingdom,Luxembourg,2009,350.848
United Kingdom,Netherlands,2009,26617.7
United Kingdom,RESTO_DEL_MUNDO,2009,213122
United Kingdom,Spain,2009,14462.1
United Kingdom,Switzerland,2009,5956.2
United Kingdom,Austria,2010,2229.15
United Kingdom,Belgium,2010,21872.1
United Kingdom,Germany,2010,48555.8
United Kingdom,Ireland,2010,22737.3
United Kingdom,Italy,2010,13277.4
United Kingdom,Luxembourg,2010,325.165
United Kingdom,Netherlands,2010,31544.9
United Kingdom,RESTO_DEL_MUNDO,2010,236063
United Kingdom,Spain,2010,16268.7
United Kingdom,Switzerland,2010,6991.85
United Kingdom,Austria,2011,2883.71
United Kingdom,Belgium,2011,27676.1
United Kingdom,Germany,2011,59583.9
United Kingdom,Ireland,2011,26391.7
United Kingdom,Italy,2011,15242.8
United Kingdom,Luxembourg,2011,398.628
United Kingdom,Netherlands,2011,36171.5
United Kingdom,RESTO_DEL_MUNDO,2011,269234
United Kingdom,Spain,2011,17091.3
United Kingdom,Switzerland,2011,7435.53
United Kingdom,Austria,2012,2749.41
United Kingdom,Belgium,2012,23867.1
United Kingdom,Germany,2012,55037.2
United Kingdom,Ireland,2012,24398.8
United Kingdom,Italy,2012,12498.9
United Kingdom,Luxembourg,2012,313.971
United Kingdom,Netherlands,2012,39042.1
United Kingdom,RESTO_DEL_MUNDO,2012,277848
United Kingdom,Spain,2012,14091.2
United Kingdom,Switzerland,2012,7338.1
United Kingdom,Austria,2013,2704.39
United Kingdom,Belgium,2013,23823.9
United Kingdom,Germany,2013,57785.5
United Kingdom,Ireland,2013,25908.5
United Kingdom,Italy,2013,12845
United Kingdom,Luxembourg,2013,303.914
United Kingdom,Netherlands,2013,38538.1
United Kingdom,RESTO_DEL_MUNDO,2013,286161
United Kingdom,Spain,2013,13885.8
United Kingdom,Switzerland,2013,7765.53
United Kingdom,Austria,2014,3126.7
United Kingdom,Belgium,2014,22194.4
United Kingdom,Germany,2014,57747.6
United Kingdom,Ireland,2014,27125.7
United Kingdom,Italy,2014,13366.8
United Kingdom,Luxembourg,2014,383.084
United Kingdom,Netherlands,2014,35511.9
United Kingdom,RESTO_DEL_MUNDO,2014,276010
United Kingdom,Spain,2014,15549.8
United Kingdom,Switzerland,2014,7657.16
United States,RESTO_DEL_MUNDO,1900,1248.69
United States,RESTO_DEL_MUNDO,1901,1267.7
United States,RESTO_DEL_MUNDO,1902,1285.36
United States,RESTO_DEL_MUNDO,1903,1342.07
United States,RESTO_DEL_MUNDO,1904,1296.36
United States,RESTO_DEL_MUNDO,1905,1505.36
United States,RESTO_DEL_MUNDO,1906,1684.39
United States,RESTO_DEL_MUNDO,1907,1724.84
United States,RESTO_DEL_MUNDO,1908,1694.7
United States,RESTO_DEL_MUNDO,1909,1512.86
United States,RESTO_DEL_MUNDO,1910,1632.12
United States,RESTO_DEL_MUNDO,1911,1857.63
United States,RESTO_DEL_MUNDO,1912,2036.65
United States,RESTO_DEL_MUNDO,1913,2230.79
United States,RESTO_DEL_MUNDO,1914,53.88
United States,RESTO_DEL_MUNDO,1915,80.12
United States,RESTO_DEL_MUNDO,1916,127.94
United States,RESTO_DEL_MUNDO,1917,242.12
United States,RESTO_DEL_MUNDO,1918,34.29
United States,RESTO_DEL_MUNDO,1919,2680.75
United States,Canada,1920,735.48
United States,RESTO_DEL_MUNDO,1920,7299.96
United States,Canada,1921,442.99
United States,RESTO_DEL_MUNDO,1921,4070.24
United States,Canada,1922,502.84
United States,RESTO_DEL_MUNDO,1922,3483.83
United States,Canada,1923,598.14
United States,RESTO_DEL_MUNDO,1923,3093.13
United States,Canada,1924,496.32
United States,RESTO_DEL_MUNDO,1924,3902.75
United States,Canada,1925,608.35
United States,RESTO_DEL_MUNDO,1925,4636.97
United States,Canada,1926,609.72
United States,RESTO_DEL_MUNDO,1926,3563.85
United States,Canada,1927,718.35
United States,RESTO_DEL_MUNDO,1927,4238.8
United States,Canada,1928,866.32
United States,RESTO_DEL_MUNDO,1928,4088.5
United States,Canada,1929,845.75
United States,RESTO_DEL_MUNDO,1929,4235.68
United States,Canada,1930,577.98
United States,RESTO_DEL_MUNDO,1930,2692.82
United States,Canada,1931,350.99
United States,RESTO_DEL_MUNDO,1931,2044.43
United States,Canada,1932,197.85
United States,RESTO_DEL_MUNDO,1932,1319.73
United States,Canada,1933,208.41
United States,RESTO_DEL_MUNDO,1933,1290.31
United States,Canada,1934,176.87
United States,RESTO_DEL_MUNDO,1934,1813.94
United States,Canada,1935,313
United States,RESTO_DEL_MUNDO,1935,1886.31
United States,Canada,1936,365.59
United States,RESTO_DEL_MUNDO,1936,2025.44
United States,Canada,1937,490.79
United States,RESTO_DEL_MUNDO,1937,2635.65
United States,Canada,1938,423
United States,RESTO_DEL_MUNDO,1938,2514.77
United States,RESTO_DEL_MUNDO,1939,777.369
United States,RESTO_DEL_MUNDO,1940,688.6
United States,RESTO_DEL_MUNDO,1941,753.73
United States,RESTO_DEL_MUNDO,1942,864.08
United States,RESTO_DEL_MUNDO,1943,1078.98
United States,RESTO_DEL_MUNDO,1944,2006.63
United States,RESTO_DEL_MUNDO,1945,1486.95
United States,RESTO_DEL_MUNDO,1946,3069.19
United States,RESTO_DEL_MUNDO,1947,4502.86
United States,Canada,1948,2038.5
United States,RESTO_DEL_MUNDO,1948,9102.25
United States,Canada,1949,2101.2
United States,RESTO_DEL_MUNDO,1949,8116.94
United States,Canada,1950,2162.1
United States,RESTO_DEL_MUNDO,1950,6751.68
United States,Canada,1951,2941.3
United States,RESTO_DEL_MUNDO,1951,9875.34
United States,Canada,1952,3354.1
United States,RESTO_DEL_MUNDO,1952,10673.8
United States,Canada,1953,3610.9
United States,RESTO_DEL_MUNDO,1953,8633.69
United States,Canada,1954,3362.3
United States,RESTO_DEL_MUNDO,1954,9067.05
United States,Canada,1955,3858.5
United States,RESTO_DEL_MUNDO,1955,11320.5
United States,Canada,1956,4662.5
United States,RESTO_DEL_MUNDO,1956,12994.4
United States,Canada,1957,4605.5
United States,RESTO_DEL_MUNDO,1957,16118.3
United States,Canada,1958,4061.1
United States,RESTO_DEL_MUNDO,1958,12916.7
United States,Canada,1959,4399.8
United States,RESTO_DEL_MUNDO,1959,12451.7
United States,Canada,1960,4147.1
United States,RESTO_DEL_MUNDO,1960,14524.1
United States,Canada,1961,4263.3
United States,RESTO_DEL_MUNDO,1961,15080.2
United States,Canada,1962,4427
United States,RESTO_DEL_MUNDO,1962,15583.1
United States,Canada,1963,4535.9
United States,RESTO_DEL_MUNDO,1963,16816.5
United States,Canada,1964,5271.4
United States,RESTO_DEL_MUNDO,1964,19341.8
United States,Canada,1965,6153.7
United States,RESTO_DEL_MUNDO,1965,19617.5
United States,Canada,1966,7265.3
United States,RESTO_DEL_MUNDO,1966,21657.1
United States,Canada,1967,8168.5
United States,RESTO_DEL_MUNDO,1967,22474
United States,Canada,1968,9218.1
United States,RESTO_DEL_MUNDO,1968,24648.7
United States,Canada,1969,10498.3
United States,RESTO_DEL_MUNDO,1969,26348.1
United States,Canada,1970,10411
United States,RESTO_DEL_MUNDO,1970,31602.1
United States,Canada,1971,11935.5
United States,RESTO_DEL_MUNDO,1971,31142
United States,Canada,1972,14361.1
United States,RESTO_DEL_MUNDO,1972,34827.3
United States,Canada,1973,18163.1
United States,RESTO_DEL_MUNDO,1973,51435.8
United States,Canada,1974,23814
United States,RESTO_DEL_MUNDO,1974,74119
United States,Canada,1975,25381.2
United States,RESTO_DEL_MUNDO,1975,81828.3
United States,Canada,1976,28739.7
United States,RESTO_DEL_MUNDO,1976,84775.6
United States,Canada,1977,30819.8
United States,RESTO_DEL_MUNDO,1977,89868.6
United States,Canada,1978,33984.7
United States,RESTO_DEL_MUNDO,1978,107681
United States,Canada,1979,42467.7
United States,RESTO_DEL_MUNDO,1979,139877
United States,Canada,1980,45321.4
United States,RESTO_DEL_MUNDO,1980,178604
United States,Canada,1981,49746.9
United States,RESTO_DEL_MUNDO,1981,188324
United States,Canada,1982,42371.7
United States,RESTO_DEL_MUNDO,1982,172046
United States,Canada,1983,48627.1
United States,RESTO_DEL_MUNDO,1983,154752
United States,Canada,1984,57898.3
United States,RESTO_DEL_MUNDO,1984,161199
United States,Canada,1985,59464.9
United States,RESTO_DEL_MUNDO,1985,157740
United States,Canada,1986,61223.9
United States,RESTO_DEL_MUNDO,1986,161465
United States,Canada,1987,65590.8
United States,RESTO_DEL_MUNDO,1987,182988
United States,Canada,1988,77495.4
United States,RESTO_DEL_MUNDO,1988,233212
United States,Canada,1989,82004.4
United States,RESTO_DEL_MUNDO,1989,265648
United States,Canada,1990,82777.6
United States,RESTO_DEL_MUNDO,1990,316858
United States,Canada,1991,82527.6
United States,RESTO_DEL_MUNDO,1991,358469
United States,Canada,1992,87223.5
United States,RESTO_DEL_MUNDO,1992,381209
United States,Canada,1993,96534.8
United States,RESTO_DEL_MUNDO,1993,388111
United States,Canada,1994,109591
United States,RESTO_DEL_MUNDO,1994,435300
United States,Canada,1995,119886
United States,RESTO_DEL_MUNDO,1995,506848
United States,Canada,1996,126088
United States,RESTO_DEL_MUNDO,1996,551156
United States,Canada,1997,145143
United States,RESTO_DEL_MUNDO,1997,594850
United States,Canada,1998,149054
United States,RESTO_DEL_MUNDO,1998,587501
United States,Canada,1999,157847
United States,RESTO_DEL_MUNDO,1999,611254
United States,Canada,2000,169068
United States,RESTO_DEL_MUNDO,2000,676586
United States,Canada,2001,155205
United States,RESTO_DEL_MUNDO,2001,625750
United States,Canada,2002,152969
United States,RESTO_DEL_MUNDO,2002,595625
United States,Canada,2003,159630
United States,RESTO_DEL_MUNDO,2003,619776
United States,Canada,2004,176258
United States,RESTO_DEL_MUNDO,2004,703331
United States,Canada,2005,195360
United States,RESTO_DEL_MUNDO,2005,758107
United States,Canada,2006,211109
United States,RESTO_DEL_MUNDO,2006,833466
United States,Canada,2007,226411
United States,RESTO_DEL_MUNDO,2007,943769
United States,Canada,2008,235479
United States,RESTO_DEL_MUNDO,2008,1.07591e+06
United States,Canada,2009,180398
United States,RESTO_DEL_MUNDO,2009,859130
United States,Canada,2010,217218
United States,RESTO_DEL_MUNDO,2010,995434
United States,Canada,2011,246216
United States,RESTO_DEL_MUNDO,2011,1.17057e+06
United States,Canada,2012,257486
United States,RESTO_DEL_MUNDO,2012,1.21725e+06
United States,Canada,2013,264756
United States,RESTO_DEL_MUNDO,2013,1.22407e+06
United States,Canada,2014,276158
United States,RESTO_DEL_MUNDO,2014,1.26676e+06
Uruguay,Argentina,1900,2.82
Uruguay,RESTO_DEL_MUNDO,1900,26.43
Uruguay,Argentina,1901,4.35
Uruguay,RESTO_DEL_MUNDO,1901,25.13
Uruguay,RESTO_DEL_MUNDO,1902,6.85
Uruguay,RESTO_DEL_MUNDO,1903,7.91
Uruguay,RESTO_DEL_MUNDO,1904,10.13
Uruguay,Argentina,1905,6.15
Uruguay,RESTO_DEL_MUNDO,1905,31.81
Uruguay,Argentina,1906,6.45
Uruguay,RESTO_DEL_MUNDO,1906,25.72
Uruguay,Argentina,1907,6.63
Uruguay,RESTO_DEL_MUNDO,1907,22.76
Uruguay,RESTO_DEL_MUNDO,1908,16.81
Uruguay,RESTO_DEL_MUNDO,1909,14.46
Uruguay,Argentina,1910,6.13
Uruguay,RESTO_DEL_MUNDO,1910,40.71
Uruguay,Argentina,1911,5.11
Uruguay,RESTO_DEL_MUNDO,1911,37.97
Uruguay,Argentina,1912,2.85
Uruguay,RESTO_DEL_MUNDO,1912,47.62
Uruguay,Argentina,1913,3.7
Uruguay,RESTO_DEL_MUNDO,1913,62.46
Uruguay,RESTO_DEL_MUNDO,1919,64.6
Uruguay,Argentina,1920,6.91
Uruguay,RESTO_DEL_MUNDO,1920,84.8603
Uruguay,Argentina,1921,5.6
Uruguay,RESTO_DEL_MUNDO,1921,31.846
Uruguay,Argentina,1922,4.35
Uruguay,RESTO_DEL_MUNDO,1922,54.5636
Uruguay,Argentina,1923,3.58
Uruguay,RESTO_DEL_MUNDO,1923,65.5099
Uruguay,Argentina,1924,2.57
Uruguay,RESTO_DEL_MUNDO,1924,64.8705
Uruguay,Argentina,1925,8
Uruguay,RESTO_DEL_MUNDO,1925,88.5781
Uruguay,Argentina,1926,4.91
Uruguay,RESTO_DEL_MUNDO,1926,84.9823
Uruguay,Argentina,1927,7.96
Uruguay,RESTO_DEL_MUNDO,1927,91.5043
Uruguay,Argentina,1928,8.14
Uruguay,RESTO_DEL_MUNDO,1928,86.2731
Uruguay,Argentina,1929,7.37
Uruguay,RESTO_DEL_MUNDO,1929,83.8256
Uruguay,Argentina,1930,5.25
Uruguay,RESTO_DEL_MUNDO,1930,81.4491
Uruguay,Argentina,1931,7.02
Uruguay,RESTO_DEL_MUNDO,1931,46.2858
Uruguay,Argentina,1932,1.28
Uruguay,RESTO_DEL_MUNDO,1932,22.4658
Uruguay,Argentina,1933,2.01
Uruguay,RESTO_DEL_MUNDO,1933,27.19
Uruguay,Argentina,1934,1.2
Uruguay,RESTO_DEL_MUNDO,1934,43.4839
Uruguay,Argentina,1935,2
Uruguay,RESTO_DEL_MUNDO,1935,54.7396
Uruguay,Argentina,1936,2.4
Uruguay,RESTO_DEL_MUNDO,1936,35.3585
Uruguay,Argentina,1937,2.13
Uruguay,RESTO_DEL_MUNDO,1937,50.7459
Uruguay,Argentina,1938,2
Uruguay,RESTO_DEL_MUNDO,1938,53.6357
Uruguay,RESTO_DEL_MUNDO,1939,20.7195
Uruguay,RESTO_DEL_MUNDO,1940,6.23
Uruguay,RESTO_DEL_MUNDO,1941,5.08
Uruguay,RESTO_DEL_MUNDO,1942,12.63
Uruguay,RESTO_DEL_MUNDO,1944,0
Uruguay,RESTO_DEL_MUNDO,1945,0.06
Uruguay,RESTO_DEL_MUNDO,1946,19.1337
Uruguay,RESTO_DEL_MUNDO,1947,24.7245
Uruguay,Argentina,1948,8.1
Uruguay,RESTO_DEL_MUNDO,1948,155.51
Uruguay,Argentina,1949,7.6
Uruguay,RESTO_DEL_MUNDO,1949,174.58
Uruguay,Argentina,1950,1.3
Uruguay,RESTO_DEL_MUNDO,1950,224.82
Uruguay,Argentina,1951,2.3
Uruguay,RESTO_DEL_MUNDO,1951,276.89
Uruguay,Argentina,1952,0.9
Uruguay,RESTO_DEL_MUNDO,1952,216.75
Uruguay,Argentina,1953,0
Uruguay,RESTO_DEL_MUNDO,1953,270.63
Uruguay,Argentina,1954,0
Uruguay,RESTO_DEL_MUNDO,1954,218.41
Uruguay,Argentina,1955,0
Uruguay,RESTO_DEL_MUNDO,1955,182.87
Uruguay,Argentina,1956,0
Uruguay,RESTO_DEL_MUNDO,1956,230.36
Uruguay,Argentina,1957,0.4
Uruguay,RESTO_DEL_MUNDO,1957,174.69
Uruguay,Argentina,1958,1.7
Uruguay,RESTO_DEL_MUNDO,1958,138.55
Uruguay,Argentina,1959,0.5
Uruguay,RESTO_DEL_MUNDO,1959,126.39
Uruguay,Argentina,1960,1.9
Uruguay,RESTO_DEL_MUNDO,1960,118.656
Uruguay,Argentina,1961,2.2
Uruguay,RESTO_DEL_MUNDO,1961,152.51
Uruguay,Argentina,1962,2.5
Uruguay,RESTO_DEL_MUNDO,1962,144.257
Uruguay,Argentina,1963,2.3
Uruguay,RESTO_DEL_MUNDO,1963,169.822
Uruguay,Argentina,1964,4.1
Uruguay,RESTO_DEL_MUNDO,1964,169.326
Uruguay,Argentina,1965,5.2
Uruguay,RESTO_DEL_MUNDO,1965,192.686
Uruguay,Argentina,1966,5.1
Uruguay,RESTO_DEL_MUNDO,1966,207.407
Uruguay,Argentina,1967,3.2
Uruguay,RESTO_DEL_MUNDO,1967,159.501
Uruguay,Argentina,1968,3.5
Uruguay,RESTO_DEL_MUNDO,1968,169.695
Uruguay,Argentina,1969,3.68
Uruguay,RESTO_DEL_MUNDO,1969,177.176
Uruguay,Argentina,1970,6.67
Uruguay,RESTO_DEL_MUNDO,1970,185.352
Uruguay,Argentina,1971,5.82
Uruguay,RESTO_DEL_MUNDO,1971,196.141
Uruguay,Argentina,1972,5.61
Uruguay,RESTO_DEL_MUNDO,1972,193.113
Uruguay,Argentina,1973,6.68
Uruguay,RESTO_DEL_MUNDO,1973,302.137
Uruguay,Argentina,1974,14.39
Uruguay,RESTO_DEL_MUNDO,1974,362.894
Uruguay,Argentina,1975,22.14
Uruguay,RESTO_DEL_MUNDO,1975,346.195
Uruguay,Argentina,1976,26.3
Uruguay,RESTO_DEL_MUNDO,1976,508.608
Uruguay,Argentina,1977,32.44
Uruguay,RESTO_DEL_MUNDO,1977,549.396
Uruguay,Argentina,1978,29.6
Uruguay,RESTO_DEL_MUNDO,1978,620.474
Uruguay,Argentina,1979,78.52
Uruguay,RESTO_DEL_MUNDO,1979,658.579
Uruguay,Argentina,1980,148.14
Uruguay,RESTO_DEL_MUNDO,1980,834.192
Uruguay,Argentina,1981,120.51
Uruguay,RESTO_DEL_MUNDO,1981,1121.82
Uruguay,Argentina,1982,89.85
Uruguay,RESTO_DEL_MUNDO,1982,1117.64
Uruguay,Argentina,1983,88.96
Uruguay,RESTO_DEL_MUNDO,1983,1182.55
Uruguay,Argentina,1984,98.05
Uruguay,RESTO_DEL_MUNDO,1984,1348.35
Uruguay,Argentina,1985,65.94
Uruguay,RESTO_DEL_MUNDO,1985,1230.3
Uruguay,Argentina,1986,93.01
Uruguay,RESTO_DEL_MUNDO,1986,1357.63
Uruguay,Argentina,1987,113.95
Uruguay,RESTO_DEL_MUNDO,1987,1371.35
Uruguay,Argentina,1988,130.89
Uruguay,RESTO_DEL_MUNDO,1988,1508.51
Uruguay,Argentina,1989,98.9039
Uruguay,RESTO_DEL_MUNDO,1989,1871.9
Uruguay,Argentina,1990,116.067
Uruguay,RESTO_DEL_MUNDO,1990,2103.3
Uruguay,Argentina,1991,165.98
Uruguay,RESTO_DEL_MUNDO,1991,1820.1
Uruguay,Argentina,1992,351.2
Uruguay,RESTO_DEL_MUNDO,1992,1657.89
Uruguay,Argentina,1993,570.815
Uruguay,RESTO_DEL_MUNDO,1993,1715.11
Uruguay,Argentina,1994,789.099
Uruguay,RESTO_DEL_MUNDO,1994,1964.21
Uruguay,Argentina,1995,248.559
Uruguay,RESTO_DEL_MUNDO,1995,2073.41
Uruguay,Argentina,1996,119.13
Uruguay,RESTO_DEL_MUNDO,1996,2485.29
Uruguay,Argentina,1997,363.793
Uruguay,RESTO_DEL_MUNDO,1997,2671.86
Uruguay,Argentina,1998,522.467
Uruguay,RESTO_DEL_MUNDO,1998,2695.76
Uruguay,Argentina,1999,395.783
Uruguay,RESTO_DEL_MUNDO,1999,2332.18
Uruguay,Argentina,2000,426.08
Uruguay,RESTO_DEL_MUNDO,2000,2322.41
Uruguay,Argentina,2001,328.673
Uruguay,RESTO_DEL_MUNDO,2001,2156.69
Uruguay,Argentina,2002,122.433
Uruguay,RESTO_DEL_MUNDO,2002,2249.15
Uruguay,Argentina,2003,163.496
Uruguay,RESTO_DEL_MUNDO,2003,2642.47
Uruguay,Argentina,2004,365.3
Uruguay,RESTO_DEL_MUNDO,2004,3384.58
Uruguay,Argentina,2005,504.719
Uruguay,RESTO_DEL_MUNDO,2005,3838.69
Uruguay,Argentina,2006,301.276
Uruguay,RESTO_DEL_MUNDO,2006,4192.93
Uruguay,Argentina,2007,458.629
Uruguay,RESTO_DEL_MUNDO,2007,5019.48
Uruguay,Argentina,2008,829.68
Uruguay,RESTO_DEL_MUNDO,2008,6737.33
Uruguay,Argentina,2009,605.855
Uruguay,RESTO_DEL_MUNDO,2009,6188.41
Uruguay,Argentina,2010,953.281
Uruguay,RESTO_DEL_MUNDO,2010,7964.55
Uruguay,Argentina,2011,843.065
Uruguay,RESTO_DEL_MUNDO,2011,8976.72
Uruguay,Argentina,2012,671.791
Uruguay,RESTO_DEL_MUNDO,2012,9867.25
Uruguay,Argentina,2013,705.195
Uruguay,RESTO_DEL_MUNDO,2013,10551.7
Uruguay,Argentina,2014,739.024
Uruguay,RESTO_DEL_MUNDO,2014,10516.9
Venezuela,RESTO_DEL_MUNDO,1900,7.23
Venezuela,RESTO_DEL_MUNDO,1901,6.77
Venezuela,RESTO_DEL_MUNDO,1902,5.52
Venezuela,RESTO_DEL_MUNDO,1903,7.16
Venezuela,RESTO_DEL_MUNDO,1904,7.93
Venezuela,RESTO_DEL_MUNDO,1905,18.46
Venezuela,RESTO_DEL_MUNDO,1906,18.31
Venezuela,RESTO_DEL_MUNDO,1907,15.27
Venezuela,RESTO_DEL_MUNDO,1908,15.81
Venezuela,RESTO_DEL_MUNDO,1909,16.69
Venezuela,RESTO_DEL_MUNDO,1910,19.78
Venezuela,RESTO_DEL_MUNDO,1911,19.39
Venezuela,RESTO_DEL_MUNDO,1912,25.6244
Venezuela,RESTO_DEL_MUNDO,1913,29.73
Venezuela,RESTO_DEL_MUNDO,1919,13.57
Venezuela,RESTO_DEL_MUNDO,1920,30.3937
Venezuela,RESTO_DEL_MUNDO,1921,18.87
Venezuela,RESTO_DEL_MUNDO,1922,18.1346
Venezuela,RESTO_DEL_MUNDO,1923,18.76
Venezuela,RESTO_DEL_MUNDO,1924,21.4582
Venezuela,RESTO_DEL_MUNDO,1925,32.6032
Venezuela,RESTO_DEL_MUNDO,1926,19.4996
Venezuela,Argentina,1927,0.01
Venezuela,RESTO_DEL_MUNDO,1927,46.0369
Venezuela,Argentina,1928,0.0005624
Venezuela,RESTO_DEL_MUNDO,1928,30.0206
Venezuela,Argentina,1929,0.0094571
Venezuela,RESTO_DEL_MUNDO,1929,77.183
Venezuela,RESTO_DEL_MUNDO,1930,49.7642
Venezuela,Argentina,1931,0.07
Venezuela,RESTO_DEL_MUNDO,1931,38.6201
Venezuela,Argentina,1932,0.01
Venezuela,RESTO_DEL_MUNDO,1932,27.73
Venezuela,RESTO_DEL_MUNDO,1933,20.8808
Venezuela,Argentina,1934,0.07
Venezuela,RESTO_DEL_MUNDO,1934,49.332
Venezuela,RESTO_DEL_MUNDO,1935,45.52
Venezuela,Uruguay,1935,1
Venezuela,Argentina,1936,0.69
Venezuela,RESTO_DEL_MUNDO,1936,62.03
Venezuela,Argentina,1937,0.88
Venezuela,RESTO_DEL_MUNDO,1937,75.6366
Venezuela,RESTO_DEL_MUNDO,1938,51.391
Venezuela,RESTO_DEL_MUNDO,1939,22.4502
Venezuela,RESTO_DEL_MUNDO,1940,11.22
Venezuela,RESTO_DEL_MUNDO,1941,6.27
Venezuela,RESTO_DEL_MUNDO,1942,9.86
Venezuela,RESTO_DEL_MUNDO,1943,0
Venezuela,RESTO_DEL_MUNDO,1944,0.01
Venezuela,RESTO_DEL_MUNDO,1945,2.45
Venezuela,RESTO_DEL_MUNDO,1946,63.5105
Venezuela,RESTO_DEL_MUNDO,1947,136.375
Venezuela,Argentina,1948,40.7
Venezuela,RESTO_DEL_MUNDO,1948,530.16
Venezuela,Uruguay,1948,4.2
Venezuela,RESTO_DEL_MUNDO,1949,515.44
Venezuela,Uruguay,1949,8.7
Venezuela,RESTO_DEL_MUNDO,1950,577.07
Venezuela,Uruguay,1950,5.3
Venezuela,Argentina,1951,19.5
Venezuela,RESTO_DEL_MUNDO,1951,719.43
Venezuela,Uruguay,1951,16
Venezuela,Argentina,1952,59.5
Venezuela,RESTO_DEL_MUNDO,1952,846.15
Venezuela,Uruguay,1952,14.3
Venezuela,Argentina,1953,49.7
Venezuela,RESTO_DEL_MUNDO,1953,915.55
Venezuela,Uruguay,1953,8.5
Venezuela,Argentina,1954,46
Venezuela,RESTO_DEL_MUNDO,1954,1012.29
Venezuela,Uruguay,1954,17
Venezuela,Argentina,1955,55.4
Venezuela,RESTO_DEL_MUNDO,1955,1236.07
Venezuela,Uruguay,1955,12.3
Venezuela,Argentina,1956,74.4
Venezuela,RESTO_DEL_MUNDO,1956,1580.87
Venezuela,Uruguay,1956,13.3
Venezuela,Argentina,1957,110.7
Venezuela,RESTO_DEL_MUNDO,1957,2151.04
Venezuela,Uruguay,1957,8.5
Venezuela,Argentina,1958,101.6
Venezuela,RESTO_DEL_MUNDO,1958,1866.76
Venezuela,Uruguay,1958,30.3
Venezuela,Argentina,1959,107.5
Venezuela,RESTO_DEL_MUNDO,1959,1924.22
Venezuela,Uruguay,1959,15.1
Venezuela,Argentina,1960,90.5
Venezuela,RESTO_DEL_MUNDO,1960,1830.12
Venezuela,Uruguay,1960,37.5
Venezuela,Argentina,1961,66
Venezuela,RESTO_DEL_MUNDO,1961,1809.07
Venezuela,Uruguay,1961,12
Venezuela,Argentina,1962,48
Venezuela,RESTO_DEL_MUNDO,1962,2037.2
Venezuela,Uruguay,1962,10.6
Venezuela,Argentina,1963,21.3
Venezuela,RESTO_DEL_MUNDO,1963,2056.63
Venezuela,Uruguay,1963,8.7
Venezuela,Argentina,1964,29.3
Venezuela,RESTO_DEL_MUNDO,1964,2146.3
Venezuela,Uruguay,1964,9.6
Venezuela,Argentina,1965,32.4
Venezuela,RESTO_DEL_MUNDO,1965,2211.64
Venezuela,Uruguay,1965,13
Venezuela,Argentina,1966,23.8
Venezuela,RESTO_DEL_MUNDO,1966,2130.15
Venezuela,Uruguay,1966,11.3
Venezuela,Argentina,1967,35.5
Venezuela,RESTO_DEL_MUNDO,1967,2303.51
Venezuela,Uruguay,1967,2.7
Venezuela,Argentina,1968,35
Venezuela,RESTO_DEL_MUNDO,1968,2305.78
Venezuela,Uruguay,1968,2.7
Venezuela,Argentina,1969,38.38
Venezuela,RESTO_DEL_MUNDO,1969,2288.81
Venezuela,Uruguay,1969,1.896
Venezuela,Argentina,1970,30.53
Venezuela,RESTO_DEL_MUNDO,1970,2387.66
Venezuela,Uruguay,1970,0.946
Venezuela,Argentina,1971,28.02
Venezuela,RESTO_DEL_MUNDO,1971,2619.45
Venezuela,Uruguay,1971,0.301
Venezuela,Argentina,1972,32.23
Venezuela,RESTO_DEL_MUNDO,1972,2598.36
Venezuela,Uruguay,1972,0.547
Venezuela,Argentina,1973,22.99
Venezuela,RESTO_DEL_MUNDO,1973,3468.17
Venezuela,Uruguay,1973,1.819
Venezuela,Argentina,1974,40.95
Venezuela,RESTO_DEL_MUNDO,1974,8736.57
Venezuela,Uruguay,1974,1.289
Venezuela,Argentina,1975,48.39
Venezuela,RESTO_DEL_MUNDO,1975,7325.37
Venezuela,Uruguay,1975,15.116
Venezuela,Argentina,1976,55.39
Venezuela,RESTO_DEL_MUNDO,1976,7319.63
Venezuela,Uruguay,1976,23.583
Venezuela,Argentina,1977,72.09
Venezuela,RESTO_DEL_MUNDO,1977,7933.73
Venezuela,Uruguay,1977,25.427
Venezuela,Argentina,1978,48.54
Venezuela,RESTO_DEL_MUNDO,1978,7413.94
Venezuela,Uruguay,1978,17.308
Venezuela,Argentina,1979,93.01
Venezuela,RESTO_DEL_MUNDO,1979,11096.3
Venezuela,Uruguay,1979,74.513
Venezuela,Argentina,1980,71.53
Venezuela,RESTO_DEL_MUNDO,1980,14768.4
Venezuela,Uruguay,1980,72.756
Venezuela,Argentina,1981,63.64
Venezuela,RESTO_DEL_MUNDO,1981,16366.7
Venezuela,Uruguay,1981,120.455
Venezuela,Argentina,1982,20.52
Venezuela,RESTO_DEL_MUNDO,1982,13053.3
Venezuela,Uruguay,1982,91.14
Venezuela,Argentina,1983,5.99
Venezuela,RESTO_DEL_MUNDO,1983,11716.2
Venezuela,Uruguay,1983,53.083
Venezuela,Argentina,1984,4.86
Venezuela,RESTO_DEL_MUNDO,1984,12903.6
Venezuela,Uruguay,1984,1.656
Venezuela,Argentina,1985,1.56
Venezuela,RESTO_DEL_MUNDO,1985,12707.8
Venezuela,Uruguay,1985,1.707
Venezuela,Argentina,1986,5.98
Venezuela,RESTO_DEL_MUNDO,1986,8644.75
Venezuela,Uruguay,1986,5.444
Venezuela,Argentina,1987,12.61
Venezuela,RESTO_DEL_MUNDO,1987,9122.98
Venezuela,Uruguay,1987,0.865
Venezuela,Argentina,1988,33.15
Venezuela,RESTO_DEL_MUNDO,1988,9158.4
Venezuela,Uruguay,1988,2.878
Venezuela,Argentina,1989,31.1637
Venezuela,RESTO_DEL_MUNDO,1989,11754.5
Venezuela,Uruguay,1989,4.19
Venezuela,Argentina,1990,8.077
Venezuela,RESTO_DEL_MUNDO,1990,16563.8
Venezuela,Uruguay,1990,6.293
Venezuela,Argentina,1991,23.642
Venezuela,RESTO_DEL_MUNDO,1991,15022.3
Venezuela,Uruguay,1991,35.233
Venezuela,Argentina,1992,26.34
Venezuela,RESTO_DEL_MUNDO,1992,13935.9
Venezuela,Uruguay,1992,23.935
Venezuela,Argentina,1993,40.107
Venezuela,RESTO_DEL_MUNDO,1993,14409.2
Venezuela,Uruguay,1993,4.289
Venezuela,Argentina,1994,46.25
Venezuela,RESTO_DEL_MUNDO,1994,15337.9
Venezuela,Uruguay,1994,11.322
Venezuela,Argentina,1995,67.182
Venezuela,RESTO_DEL_MUNDO,1995,18892.8
Venezuela,Uruguay,1995,25.191
Venezuela,Argentina,1996,292.561
Venezuela,RESTO_DEL_MUNDO,1996,22501.1
Venezuela,Uruguay,1996,63.684
Venezuela,Argentina,1997,62.839
Venezuela,RESTO_DEL_MUNDO,1997,24257.1
Venezuela,Uruguay,1997,88.486
Venezuela,Argentina,1998,59.656
Venezuela,RESTO_DEL_MUNDO,1998,18289.9
Venezuela,Uruguay,1998,38.111
Venezuela,Argentina,1999,79.3076
Venezuela,RESTO_DEL_MUNDO,1999,19934.3
Venezuela,Uruguay,1999,124.318
Venezuela,Argentina,2000,28.837
Venezuela,RESTO_DEL_MUNDO,2000,30945.5
Venezuela,Uruguay,2000,149.859
Venezuela,Argentina,2001,25.4415
Venezuela,RESTO_DEL_MUNDO,2001,26547.1
Venezuela,Uruguay,2001,174.5
Venezuela,Argentina,2002,7.31631
Venezuela,RESTO_DEL_MUNDO,2002,25563.4
Venezuela,Uruguay,2002,72.369
Venezuela,Argentina,2003,8.92063
Venezuela,RESTO_DEL_MUNDO,2003,25885.3
Venezuela,Uruguay,2003,1.10321
Venezuela,Argentina,2004,38.4599
Venezuela,RESTO_DEL_MUNDO,2004,38052
Venezuela,Uruguay,2004,1.82131
Venezuela,Argentina,2005,35.6738
Venezuela,RESTO_DEL_MUNDO,2005,52217
Venezuela,Uruguay,2005,244.748
Venezuela,Argentina,2006,24.8072
Venezuela,RESTO_DEL_MUNDO,2006,62460.6
Venezuela,Uruguay,2006,3.8973
Venezuela,Argentina,2007,23.5959
Venezuela,RESTO_DEL_MUNDO,2007,68032.4
Venezuela,Uruguay,2007,476.506
Venezuela,Argentina,2008,25.1941
Venezuela,RESTO_DEL_MUNDO,2008,95073.4
Venezuela,Uruguay,2008,682.101
Venezuela,Argentina,2009,15.4982
Venezuela,RESTO_DEL_MUNDO,2009,56171.3
Venezuela,Uruguay,2009,565.082
Venezuela,Argentina,2010,21.7347
Venezuela,RESTO_DEL_MUNDO,2010,66138.3
Venezuela,Uruguay,2010,777.19
Venezuela,Argentina,2011,23.3504
Venezuela,RESTO_DEL_MUNDO,2011,86460.4
Venezuela,Uruguay,2011,440.507
Venezuela,Argentina,2012,24.9615
Venezuela,RESTO_DEL_MUNDO,2012,89777.4
Venezuela,Uruguay,2012,481.84
Venezuela,Argentina,2013,54.0956
Venezuela,RESTO_DEL_MUNDO,2013,83730
Venezuela,Uruguay,2013,484.418
Venezuela,Argentina,2014,55.6939
Venezuela,RESTO_DEL_MUNDO,2014,76341.9
Venezuela,Uruguay,2014,498.731
Vietnam,Malaysia,1976,1.06
Vietnam,Philippines,1976,0.22
Vietnam,RESTO_DEL_MUNDO,1976,76.488
Vietnam,Singapore,1976,25.34
Vietnam,Thailand,1976,0.37
Vietnam,Malaysia,1977,1.09
Vietnam,Philippines,1977,1.37
Vietnam,RESTO_DEL_MUNDO,1977,100.282
Vietnam,Singapore,1977,19.63
Vietnam,Thailand,1977,0.08
Vietnam,Malaysia,1978,0.5
Vietnam,Philippines,1978,1.63
Vietnam,RESTO_DEL_MUNDO,1978,132.222
Vietnam,Singapore,1978,14.33
Vietnam,Thailand,1978,0.48
Vietnam,Malaysia,1979,0.19
Vietnam,Philippines,1979,0
Vietnam,RESTO_DEL_MUNDO,1979,123.319
Vietnam,Singapore,1979,16.34
Vietnam,Thailand,1979,0.6
Vietnam,Malaysia,1980,0.23
Vietnam,Philippines,1980,0
Vietnam,RESTO_DEL_MUNDO,1980,125.39
Vietnam,Singapore,1980,17.92
Vietnam,Thailand,1980,1.06
Vietnam,Malaysia,1981,0.2
Vietnam,Philippines,1981,0.00909091
Vietnam,RESTO_DEL_MUNDO,1981,124.843
Vietnam,Singapore,1981,13.13
Vietnam,Thailand,1981,0.37
Vietnam,Malaysia,1982,2.15
Vietnam,Philippines,1982,0
Vietnam,RESTO_DEL_MUNDO,1982,103.055
Vietnam,Singapore,1982,21.18
Vietnam,Thailand,1982,0.83
Vietnam,Malaysia,1983,8.39
Vietnam,Philippines,1983,0
Vietnam,RESTO_DEL_MUNDO,1983,128.016
Vietnam,Singapore,1983,33.4
Vietnam,Thailand,1983,0.4
Vietnam,Malaysia,1984,8.62
Vietnam,Philippines,1984,0
Vietnam,RESTO_DEL_MUNDO,1984,122.957
Vietnam,Singapore,1984,48.81
Vietnam,Thailand,1984,0.66
Vietnam,Malaysia,1985,13.51
Vietnam,Philippines,1985,0
Vietnam,RESTO_DEL_MUNDO,1985,521.483
Vietnam,Singapore,1985,62.29
Vietnam,Thailand,1985,0.6
Vietnam,Malaysia,1986,16.52
Vietnam,Philippines,1986,0
Vietnam,RESTO_DEL_MUNDO,1986,572.763
Vietnam,Singapore,1986,63.729
Vietnam,Thailand,1986,1.72
Vietnam,Malaysia,1987,13.81
Vietnam,Philippines,1987,0.33
Vietnam,RESTO_DEL_MUNDO,1987,693.459
Vietnam,Singapore,1987,57.407
Vietnam,Thailand,1987,2.92
Vietnam,Malaysia,1988,27.02
Vietnam,Philippines,1988,0.02
Vietnam,RESTO_DEL_MUNDO,1988,838.345
Vietnam,Singapore,1988,61.333
Vietnam,Thailand,1988,9.1613
Vietnam,Malaysia,1989,40.0634
Vietnam,Philippines,1989,21.242
Vietnam,RESTO_DEL_MUNDO,1989,1409.17
Vietnam,Singapore,1989,70.698
Vietnam,Thailand,1989,45.5529
Vietnam,Malaysia,1990,45.4357
Vietnam,Philippines,1990,113.831
Vietnam,RESTO_DEL_MUNDO,1990,2043.03
Vietnam,Singapore,1990,194.503
Vietnam,Thailand,1990,93.8281
Vietnam,Malaysia,1991,62.4476
Vietnam,Philippines,1991,46.555
Vietnam,RESTO_DEL_MUNDO,1991,1551.49
Vietnam,Singapore,1991,425.041
Vietnam,Thailand,1991,116.263
Vietnam,Malaysia,1992,126.34
Vietnam,Philippines,1992,12.673
Vietnam,RESTO_DEL_MUNDO,1992,2206.61
Vietnam,Singapore,1992,130.344
Vietnam,Thailand,1992,80.2074
Vietnam,Malaysia,1993,92.947
Vietnam,Philippines,1993,10.597
Vietnam,RESTO_DEL_MUNDO,1993,2994.64
Vietnam,Singapore,1993,352.46
Vietnam,Thailand,1993,84.784
Vietnam,Malaysia,1994,111.537
Vietnam,Philippines,1994,16.609
Vietnam,RESTO_DEL_MUNDO,1994,3969.38
Vietnam,Singapore,1994,449.738
Vietnam,Thailand,1994,39.109
Vietnam,Malaysia,1995,125.253
Vietnam,Philippines,1995,42.932
Vietnam,RESTO_DEL_MUNDO,1995,5511.27
Vietnam,Singapore,1995,448.786
Vietnam,Thailand,1995,43.0808
Vietnam,Malaysia,1996,150.567
Vietnam,Philippines,1996,132.044
Vietnam,RESTO_DEL_MUNDO,1996,6850.78
Vietnam,Singapore,1996,436.114
Vietnam,Thailand,1996,65.616
Vietnam,Malaysia,1997,161.035
Vietnam,Philippines,1997,285.71
Vietnam,RESTO_DEL_MUNDO,1997,8413.16
Vietnam,Singapore,1997,540.441
Vietnam,Thailand,1997,176.235
Vietnam,Malaysia,1998,137.026
Vietnam,Philippines,1998,375.752
Vietnam,RESTO_DEL_MUNDO,1998,8762.41
Vietnam,Singapore,1998,424.022
Vietnam,Thailand,1998,234.511
Vietnam,Malaysia,1999,248.095
Vietnam,Philippines,1999,209.349
Vietnam,RESTO_DEL_MUNDO,1999,10569.8
Vietnam,Singapore,1999,524.608
Vietnam,Thailand,1999,229.613
Vietnam,Malaysia,2000,454.876
Vietnam,Philippines,2000,156.786
Vietnam,RESTO_DEL_MUNDO,2000,12921.6
Vietnam,Singapore,2000,819.573
Vietnam,Thailand,2000,331.337
Vietnam,Malaysia,2001,317.945
Vietnam,Philippines,2001,280.054
Vietnam,RESTO_DEL_MUNDO,2001,13487.7
Vietnam,Singapore,2001,849.721
Vietnam,Thailand,2001,326.993
Vietnam,Malaysia,2002,327.202
Vietnam,Philippines,2002,281.574
Vietnam,RESTO_DEL_MUNDO,2002,15426.3
Vietnam,Singapore,2002,937.944
Vietnam,Thailand,2002,240.437
Vietnam,Malaysia,2003,365.536
Vietnam,Philippines,2003,303.695
Vietnam,RESTO_DEL_MUNDO,2003,20168
Vietnam,Singapore,2003,1023.94
Vietnam,Thailand,2003,336.704
Vietnam,Malaysia,2004,580.146
Vietnam,Philippines,2004,441.085
Vietnam,RESTO_DEL_MUNDO,2004,25612.7
Vietnam,Singapore,2004,1351.51
Vietnam,Thailand,2004,438.621
Vietnam,Malaysia,2005,1021.79
Vietnam,Philippines,2005,778.471
Vietnam,RESTO_DEL_MUNDO,2005,30042.6
Vietnam,Singapore,2005,1813.62
Vietnam,Thailand,2005,890.449
Vietnam,Malaysia,2006,1415.49
Vietnam,Philippines,2006,673.055
Vietnam,RESTO_DEL_MUNDO,2006,37332.8
Vietnam,Singapore,2006,1649.91
Vietnam,Thailand,2006,908.898
Vietnam,Malaysia,2007,1838.44
Vietnam,Philippines,2007,842.664
Vietnam,RESTO_DEL_MUNDO,2007,45271.1
Vietnam,Singapore,2007,2140.38
Vietnam,Thailand,2007,1122.24
Vietnam,Malaysia,2008,2330.83
Vietnam,Philippines,2008,1800.73
Vietnam,RESTO_DEL_MUNDO,2008,58122.5
Vietnam,Singapore,2008,2382.77
Vietnam,Thailand,2008,1448.08
Vietnam,Malaysia,2009,2051.11
Vietnam,Philippines,2009,1401.72
Vietnam,RESTO_DEL_MUNDO,2009,52895
Vietnam,Singapore,2009,2268.48
Vietnam,Thailand,2009,1398.63
Vietnam,Malaysia,2010,2613.94
Vietnam,Philippines,2010,1764.83
Vietnam,RESTO_DEL_MUNDO,2010,67540.9
Vietnam,Singapore,2010,1604.14
Vietnam,Thailand,2010,1414.29
Vietnam,Malaysia,2011,3382.74
Vietnam,Philippines,2011,934.267
Vietnam,RESTO_DEL_MUNDO,2011,89918.8
Vietnam,Singapore,2011,1659.32
Vietnam,Thailand,2011,2035.14
Vietnam,Malaysia,2012,5213.95
Vietnam,Philippines,2012,1045.58
Vietnam,RESTO_DEL_MUNDO,2012,114756
Vietnam,Singapore,2012,2249.43
Vietnam,Thailand,2012,3003.02
Vietnam,Malaysia,2013,6030.74
Vietnam,Philippines,2013,890.529
Vietnam,RESTO_DEL_MUNDO,2013,131583
Vietnam,Singapore,2013,3057.76
Vietnam,Thailand,2013,3259.71
Vietnam,Malaysia,2014,4662.17
Vietnam,Philippines,2014,1387.61
Vietnam,RESTO_DEL_MUNDO,2014,148414
Vietnam,Singapore,2014,3196.96
Vietnam,Thailand,2014,3940.63
Yemen,Egypt,1990,0.226
Yemen,Iran,1990,0.909091
Yemen,Iraq,1990,0
Yemen,Jordan,1990,0.0201729
Yemen,Lebanon,1990,0
Yemen,RESTO_DEL_MUNDO,1990,1673.7
Yemen,Saudi Arabia,1990,25.4526
Yemen,Syria,1990,1.75679
Yemen,Turkey,1990,0.193
Yemen,Egypt,1991,5.901
Yemen,Iran,1991,0
Yemen,Iraq,1991,0
Yemen,Jordan,1991,24.5996
Yemen,Lebanon,1991,0.100475
Yemen,RESTO_DEL_MUNDO,1991,1182.05
Yemen,Saudi Arabia,1991,12.4737
Yemen,Syria,1991,1.70468
Yemen,Turkey,1991,7.837
Yemen,Egypt,1992,0.212
Yemen,Iran,1992,0
Yemen,Iraq,1992,0
Yemen,Jordan,1992,1.654
Yemen,Lebanon,1992,0
Yemen,RESTO_DEL_MUNDO,1992,1115.15
Yemen,Saudi Arabia,1992,12.1319
Yemen,Syria,1992,0.687751
Yemen,Turkey,1992,0
Yemen,Egypt,1993,0.208609
Yemen,Iran,1993,0
Yemen,Iraq,1993,0
Yemen,Jordan,1993,3.64638
Yemen,Lebanon,1993,0.581049
Yemen,RESTO_DEL_MUNDO,1993,1209.9
Yemen,Saudi Arabia,1993,24.9907
Yemen,Syria,1993,2.34628
Yemen,Turkey,1993,1.39942
Yemen,Egypt,1994,1.578
Yemen,Iran,1994,0
Yemen,Iraq,1994,0
Yemen,Jordan,1994,4.7833
Yemen,Lebanon,1994,0.224671
Yemen,RESTO_DEL_MUNDO,1994,1653.83
Yemen,Saudi Arabia,1994,32.1594
Yemen,Syria,1994,1.34539
Yemen,Turkey,1994,0.336
Yemen,Egypt,1995,1.37083
Yemen,Iran,1995,0
Yemen,Iraq,1995,0
Yemen,Jordan,1995,3.6349
Yemen,Lebanon,1995,0.201701
Yemen,RESTO_DEL_MUNDO,1995,1912.48
Yemen,Saudi Arabia,1995,38.4985
Yemen,Syria,1995,1.4482
Yemen,Turkey,1995,0.678
Yemen,Egypt,1996,0.593157
Yemen,Iran,1996,0
Yemen,Iraq,1996,0
Yemen,Jordan,1996,8.03159
Yemen,Lebanon,1996,0.606241
Yemen,RESTO_DEL_MUNDO,1996,2437.27
Yemen,Saudi Arabia,1996,44.8846
Yemen,Syria,1996,0.173137
Yemen,Turkey,1996,1.89398
Yemen,Egypt,1997,3.62667
Yemen,Iran,1997,0.83283
Yemen,Iraq,1997,0.0388361
Yemen,Jordan,1997,7.01594
Yemen,Lebanon,1997,0.272
Yemen,RESTO_DEL_MUNDO,1997,2428.54
Yemen,Saudi Arabia,1997,45.7546
Yemen,Syria,1997,0.0106458
Yemen,Turkey,1997,0.343
Yemen,Egypt,1998,0.849699
Yemen,Iran,1998,0.000147187
Yemen,Iraq,1998,5.95626
Yemen,Jordan,1998,3.93216
Yemen,Lebanon,1998,1.576
Yemen,RESTO_DEL_MUNDO,1998,1643.37
Yemen,Saudi Arabia,1998,32.2467
Yemen,Syria,1998,1.40454
Yemen,Turkey,1998,0.1
Yemen,Egypt,1999,0.170202
Yemen,Iran,1999,0.0463915
Yemen,Iraq,1999,2.69299
Yemen,Jordan,1999,2.17884
Yemen,Lebanon,1999,0.78
Yemen,RESTO_DEL_MUNDO,1999,2257.41
Yemen,Saudi Arabia,1999,58.2216
Yemen,Syria,1999,0.528374
Yemen,Turkey,1999,0.15933
Yemen,Egypt,2000,4.61005
Yemen,Iran,2000,2.58415
Yemen,Iraq,2000,4.35783
Yemen,Jordan,2000,2.07673
Yemen,Lebanon,2000,0.98
Yemen,RESTO_DEL_MUNDO,2000,3403.79
Yemen,Saudi Arabia,2000,59.5892
Yemen,Syria,2000,0.436195
Yemen,Turkey,2000,0.75846
Yemen,Egypt,2001,8.62524
Yemen,Iran,2001,1.1302
Yemen,Iraq,2001,5.37833
Yemen,Jordan,2001,1.86859
Yemen,Lebanon,2001,1.07701
Yemen,RESTO_DEL_MUNDO,2001,3046.34
Yemen,Saudi Arabia,2001,74.6271
Yemen,Syria,2001,0.262368
Yemen,Turkey,2001,0.02083
Yemen,Egypt,2002,12.0826
Yemen,Iran,2002,0.272097
Yemen,Iraq,2002,3.82223
Yemen,Jordan,2002,1.89343
Yemen,Lebanon,2002,2.36743
Yemen,RESTO_DEL_MUNDO,2002,2861.93
Yemen,Saudi Arabia,2002,87.7116
Yemen,Syria,2002,0.978147
Yemen,Turkey,2002,0.340803
Yemen,Egypt,2003,11.6155
Yemen,Iran,2003,1
Yemen,Iraq,2003,4.2528
Yemen,Jordan,2003,2.1618
Yemen,Lebanon,2003,4.25456
Yemen,RESTO_DEL_MUNDO,2003,3973.69
Yemen,Saudi Arabia,2003,86.0447
Yemen,Syria,2003,1.18582
Yemen,Turkey,2003,0.129955
Yemen,Egypt,2004,6.71615
Yemen,Iran,2004,2.99805
Yemen,Iraq,2004,11.8039
Yemen,Jordan,2004,3.63992
Yemen,Lebanon,2004,4.37186
Yemen,RESTO_DEL_MUNDO,2004,4260.81
Yemen,Saudi Arabia,2004,139.603
Yemen,Syria,2004,11.7969
Yemen,Turkey,2004,1.2262
Yemen,Egypt,2005,24.1802
Yemen,Iran,2005,0.130405
Yemen,Iraq,2005,23.2788
Yemen,Jordan,2005,3.92621
Yemen,Lebanon,2005,0.839785
Yemen,RESTO_DEL_MUNDO,2005,5684.26
Yemen,Saudi Arabia,2005,161.319
Yemen,Syria,2005,5.62538
Yemen,Turkey,2005,3.08522
Yemen,Egypt,2006,42.813
Yemen,Iran,2006,0.013807
Yemen,Iraq,2006,27.8691
Yemen,Jordan,2006,4.20635
Yemen,Lebanon,2006,3.0448
Yemen,RESTO_DEL_MUNDO,2006,7052.83
Yemen,Saudi Arabia,2006,193.129
Yemen,Syria,2006,7.07215
Yemen,Turkey,2006,0.439259
Yemen,Egypt,2007,22.5239
Yemen,Iran,2007,0.003193
Yemen,Iraq,2007,32.8751
Yemen,Jordan,2007,53.6622
Yemen,Lebanon,2007,3.24951
Yemen,RESTO_DEL_MUNDO,2007,7100.2
Yemen,Saudi Arabia,2007,227.82
Yemen,Syria,2007,8.53171
Yemen,Turkey,2007,0.458156
Yemen,Egypt,2008,21.9724
Yemen,Iran,2008,0.005437
Yemen,Iraq,2008,43.0426
Yemen,Jordan,2008,23.6743
Yemen,Lebanon,2008,6.73219
Yemen,RESTO_DEL_MUNDO,2008,10057.1
Yemen,Saudi Arabia,2008,298.279
Yemen,Syria,2008,11.2145
Yemen,Turkey,2008,0.702533
Yemen,Egypt,2009,71.7253
Yemen,Iran,2009,0
Yemen,Iraq,2009,29.2628
Yemen,Jordan,2009,14.6952
Yemen,Lebanon,2009,2.594
Yemen,RESTO_DEL_MUNDO,2009,5016.54
Yemen,Saudi Arabia,2009,202.787
Yemen,Syria,2009,7.81064
Yemen,Turkey,2009,0.310158
Yemen,Egypt,2010,107.066
Yemen,Iran,2010,0
Yemen,Iraq,2010,38.3342
Yemen,Jordan,2010,12.6306
Yemen,Lebanon,2010,1.73023
Yemen,RESTO_DEL_MUNDO,2010,8108.77
Yemen,Saudi Arabia,2010,265.651
Yemen,Syria,2010,10.2319
Yemen,Turkey,2010,1.04439
Yemen,Egypt,2011,91.4486
Yemen,Iran,2011,0
Yemen,Iraq,2011,49.4511
Yemen,Jordan,2011,24.8527
Yemen,Lebanon,2011,2.04369
Yemen,RESTO_DEL_MUNDO,2011,10070
Yemen,Saudi Arabia,2011,342.69
Yemen,Syria,2011,12.9946
Yemen,Turkey,2011,0.46442
Yemen,Egypt,2012,50.3002
Yemen,Iran,2012,0
Yemen,Iraq,2012,52.5449
Yemen,Jordan,2012,32.729
Yemen,Lebanon,2012,1.69324
Yemen,RESTO_DEL_MUNDO,2012,9109.7
Yemen,Saudi Arabia,2012,364.129
Yemen,Syria,2012,14.2139
Yemen,Turkey,2012,0.368408
Yemen,Egypt,2013,44.3879
Yemen,Iran,2013,0
Yemen,Iraq,2013,52.0576
Yemen,Jordan,2013,56.5203
Yemen,Lebanon,2013,1.7023
Yemen,RESTO_DEL_MUNDO,2013,10070.4
Yemen,Saudi Arabia,2013,360.752
Yemen,Syria,2013,14.2899
Yemen,Turkey,2013,0.205679
Yemen,Egypt,2014,59.8021
Yemen,Iran,2014,0
Yemen,Iraq,2014,54.9721
Yemen,Jordan,2014,47.2276
Yemen,Lebanon,2014,1.49738
Yemen,RESTO_DEL_MUNDO,2014,9963.1
Yemen,Saudi Arabia,2014,380.949
Yemen,Syria,2014,14.7121
Yemen,Turkey,2014,5.32541
Zambia,Cameroon,1964,0
Zambia,Ghana,1964,0.2
Zambia,Kenya,1964,0.4
Zambia,Nigeria,1964,0
Zambia,RESTO_DEL_MUNDO,1964,330.732
Zambia,Senegal,1964,0
Zambia,South Africa,1964,37
Zambia,Cameroon,1965,0
Zambia,Ghana,1965,0.2
Zambia,Kenya,1965,0.4
Zambia,Nigeria,1965,0
Zambia,RESTO_DEL_MUNDO,1965,423.3
Zambia,Senegal,1965,0
Zambia,South Africa,1965,35.1
Zambia,Zimbabwe,1965,13.31
Zambia,Botswana,1966,0
Zambia,Cameroon,1966,0
Zambia,Ghana,1966,0.1
Zambia,Kenya,1966,0.4
Zambia,Nigeria,1966,0
Zambia,RESTO_DEL_MUNDO,1966,529.59
Zambia,Senegal,1966,0
Zambia,South Africa,1966,45.5
Zambia,Zimbabwe,1966,7.7
Zambia,Botswana,1967,0
Zambia,Cameroon,1967,0
Zambia,Ghana,1967,0
Zambia,Kenya,1967,0.4
Zambia,Nigeria,1967,0
Zambia,RESTO_DEL_MUNDO,1967,555.786
Zambia,Senegal,1967,0
Zambia,South Africa,1967,35.832
Zambia,Zimbabwe,1967,2.85
Zambia,Botswana,1968,0
Zambia,Cameroon,1968,0
Zambia,Ghana,1968,0
Zambia,Kenya,1968,0.4
Zambia,Nigeria,1968,0
Zambia,RESTO_DEL_MUNDO,1968,659.632
Zambia,Senegal,1968,0
Zambia,South Africa,1968,16.5
Zambia,Zimbabwe,1968,1.3
Zambia,Botswana,1969,0.64
Zambia,Cameroon,1969,0
Zambia,Ghana,1969,0.123
Zambia,Kenya,1969,0.292
Zambia,Nigeria,1969,0.18
Zambia,RESTO_DEL_MUNDO,1969,904.066
Zambia,Senegal,1969,0
Zambia,South Africa,1969,10.779
Zambia,Zimbabwe,1969,0.613
Zambia,Botswana,1970,0.182
Zambia,Cameroon,1970,0
Zambia,Ghana,1970,0.093
Zambia,Kenya,1970,0.373
Zambia,Nigeria,1970,0.237
Zambia,RESTO_DEL_MUNDO,1970,977.114
Zambia,Senegal,1970,0
Zambia,South Africa,1970,12.155
Zambia,Zimbabwe,1970,1.032
Zambia,Botswana,1971,1.028
Zambia,Cameroon,1971,0
Zambia,Ghana,1971,0.342
Zambia,Kenya,1971,0.584
Zambia,Nigeria,1971,0.039
Zambia,RESTO_DEL_MUNDO,1971,632.971
Zambia,Senegal,1971,0.022
Zambia,South Africa,1971,14.704
Zambia,Zimbabwe,1971,0.496
Zambia,Botswana,1972,0.426
Zambia,Cameroon,1972,0
Zambia,Ghana,1972,0.011
Zambia,Kenya,1972,1.068
Zambia,Nigeria,1972,0.008
Zambia,RESTO_DEL_MUNDO,1972,694.74
Zambia,Senegal,1972,0
Zambia,South Africa,1972,15.217
Zambia,Zimbabwe,1972,1.977
Zambia,Botswana,1973,0.229
Zambia,Cameroon,1973,0
Zambia,Ghana,1973,0.041
Zambia,Kenya,1973,1.628
Zambia,Nigeria,1973,0.014
Zambia,RESTO_DEL_MUNDO,1973,985.665
Zambia,Senegal,1973,0
Zambia,South Africa,1973,3.243
Zambia,Zimbabwe,1973,0.483
Zambia,Botswana,1974,0.358
Zambia,Cameroon,1974,0.831
Zambia,Ghana,1974,0.001
Zambia,Kenya,1974,5.823
Zambia,Nigeria,1974,0.012
Zambia,RESTO_DEL_MUNDO,1974,1143.19
Zambia,Senegal,1974,0
Zambia,South Africa,1974,5.304
Zambia,Zimbabwe,1974,0.76
Zambia,Angola,1975,0.39
Zambia,Botswana,1975,0.174
Zambia,Cameroon,1975,0
Zambia,Ghana,1975,0.015
Zambia,Kenya,1975,1.292
Zambia,Nigeria,1975,0.001
Zambia,RESTO_DEL_MUNDO,1975,740.894
Zambia,Senegal,1975,0
Zambia,South Africa,1975,2.677
Zambia,Zimbabwe,1975,0.757
Zambia,Angola,1976,0.044
Zambia,Botswana,1976,0.061
Zambia,Cameroon,1976,0
Zambia,Ghana,1976,0.013
Zambia,Kenya,1976,1.97
Zambia,Nigeria,1976,0.021
Zambia,RESTO_DEL_MUNDO,1976,865.332
Zambia,Senegal,1976,0
Zambia,South Africa,1976,2.516
Zambia,Zimbabwe,1976,0.404
Zambia,Angola,1977,4.099
Zambia,Botswana,1977,0.095
Zambia,Cameroon,1977,0.006
Zambia,Ghana,1977,0.023
Zambia,Kenya,1977,2.499
Zambia,Nigeria,1977,0.2
Zambia,RESTO_DEL_MUNDO,1977,857.14
Zambia,Senegal,1977,0
Zambia,South Africa,1977,2.203
Zambia,Zimbabwe,1977,0
Zambia,Angola,1978,4.054
Zambia,Botswana,1978,0.048
Zambia,Cameroon,1978,0
Zambia,Ghana,1978,0.023
Zambia,Kenya,1978,4.064
Zambia,Nigeria,1978,0.005
Zambia,RESTO_DEL_MUNDO,1978,787.118
Zambia,Senegal,1978,0
Zambia,South Africa,1978,0.985
Zambia,Zimbabwe,1978,0
Zambia,Angola,1979,0.01
Zambia,Botswana,1979,0.177
Zambia,Cameroon,1979,0
Zambia,Ghana,1979,0.016
Zambia,Kenya,1979,3.325
Zambia,Nigeria,1979,0
Zambia,RESTO_DEL_MUNDO,1979,1406.7
Zambia,Senegal,1979,0
Zambia,South Africa,1979,5.252
Zambia,Zimbabwe,1979,12.77
Zambia,Angola,1980,0.001
Zambia,Botswana,1980,0.416
Zambia,Cameroon,1980,30.817
Zambia,Ghana,1980,0.019
Zambia,Kenya,1980,4.093
Zambia,Nigeria,1980,0
Zambia,RESTO_DEL_MUNDO,1980,1567.36
Zambia,Senegal,1980,0
Zambia,South Africa,1980,7.21
Zambia,Zimbabwe,1980,19.839
Zambia,Angola,1981,0.4257
Zambia,Botswana,1981,2.382
Zambia,Cameroon,1981,0.001
Zambia,Ghana,1981,0.042
Zambia,Kenya,1981,3.519
Zambia,Nigeria,1981,0.1
Zambia,RESTO_DEL_MUNDO,1981,1092.4
Zambia,Senegal,1981,0.001
Zambia,South Africa,1981,6.3
Zambia,Zimbabwe,1981,38.992
Zambia,Angola,1982,0.0693
Zambia,Botswana,1982,0.189
Zambia,Cameroon,1982,0
Zambia,Ghana,1982,0.027
Zambia,Kenya,1982,2.443
Zambia,Nigeria,1982,0.02
Zambia,RESTO_DEL_MUNDO,1982,908.419
Zambia,Senegal,1982,0
Zambia,South Africa,1982,2.962
Zambia,Zimbabwe,1982,34.216
Zambia,Angola,1983,0.0604125
Zambia,Botswana,1983,0.164761
Zambia,Cameroon,1983,0
Zambia,Ghana,1983,0.043
Zambia,Kenya,1983,1.576
Zambia,Nigeria,1983,0.0174351
Zambia,RESTO_DEL_MUNDO,1983,915.716
Zambia,Senegal,1983,0.004
Zambia,South Africa,1983,2.58213
Zambia,Zimbabwe,1983,25.066
Zambia,Angola,1984,0.2275
Zambia,Botswana,1984,0.247079
Zambia,Cameroon,1984,0
Zambia,Ghana,1984,0
Zambia,Kenya,1984,2.545
Zambia,Nigeria,1984,0
Zambia,RESTO_DEL_MUNDO,1984,874.515
Zambia,Senegal,1984,0
Zambia,South Africa,1984,5.10041
Zambia,Zimbabwe,1984,23.175
Zambia,Angola,1985,1.14462
Zambia,Botswana,1985,0.446229
Zambia,Cameroon,1985,0.823979
Zambia,Ghana,1985,0
Zambia,Kenya,1985,2.4354
Zambia,Nigeria,1985,0.0421426
Zambia,RESTO_DEL_MUNDO,1985,857.3
Zambia,Senegal,1985,0
Zambia,South Africa,1985,5.00821
Zambia,Zimbabwe,1985,23.948
Zambia,Angola,1986,0.695299
Zambia,Botswana,1986,0.755478
Zambia,Cameroon,1986,0.003
Zambia,Ghana,1986,0.000212995
Zambia,Kenya,1986,2.73574
Zambia,Nigeria,1986,0.330413
Zambia,RESTO_DEL_MUNDO,1986,741.832
Zambia,Senegal,1986,0
Zambia,South Africa,1986,3.24673
Zambia,Zimbabwe,1986,27.684
Zambia,Angola,1987,0.74231
Zambia,Botswana,1987,0.786493
Zambia,Cameroon,1987,0.006
Zambia,Ghana,1987,0.00184085
Zambia,Kenya,1987,3.82029
Zambia,Nigeria,1987,0.379856
Zambia,RESTO_DEL_MUNDO,1987,905.564
Zambia,Senegal,1987,0.000196316
Zambia,South Africa,1987,3.48423
Zambia,Zimbabwe,1987,17.682
Zambia,Angola,1988,1.24625
Zambia,Botswana,1988,1.8524
Zambia,Cameroon,1988,0
Zambia,Ghana,1988,0.00298993
Zambia,Kenya,1988,4.28538
Zambia,Nigeria,1988,0.00194249
Zambia,RESTO_DEL_MUNDO,1988,1120.27
Zambia,Senegal,1988,0
Zambia,South Africa,1988,7.95969
Zambia,Zimbabwe,1988,3.62023
Zambia,Angola,1989,1.2096
Zambia,Botswana,1989,0.238966
Zambia,Cameroon,1989,0
Zambia,Ghana,1989,0.00394242
Zambia,Kenya,1989,4.62784
Zambia,Nigeria,1989,0.0317191
Zambia,RESTO_DEL_MUNDO,1989,1406.78
Zambia,Senegal,1989,0
Zambia,South Africa,1989,2.4252
Zambia,Zimbabwe,1989,11.938
Zambia,Angola,1990,0.919357
Zambia,Botswana,1990,0.181682
Zambia,Cameroon,1990,0
Zambia,Ghana,1990,0
Zambia,Kenya,1990,9.473
Zambia,Nigeria,1990,0.000231106
Zambia,RESTO_DEL_MUNDO,1990,1417.09
Zambia,Senegal,1990,0.000330152
Zambia,South Africa,1990,1.8434
Zambia,Zimbabwe,1990,10.743
Zambia,Angola,1991,1.24532
Zambia,Botswana,1991,7.42944
Zambia,Cameroon,1991,0
Zambia,Ghana,1991,0.001
Zambia,Kenya,1991,10.695
Zambia,Nigeria,1991,0.0800254
Zambia,RESTO_DEL_MUNDO,1991,1207.99
Zambia,Senegal,1991,0
Zambia,South Africa,1991,4.72873
Zambia,Zimbabwe,1991,11.423
Zambia,Angola,1992,0.15439
Zambia,Botswana,1992,2.07047
Zambia,Cameroon,1992,0
Zambia,Ghana,1992,0.023
Zambia,Kenya,1992,9.71374
Zambia,Nigeria,1992,0.0603674
Zambia,RESTO_DEL_MUNDO,1992,1208.37
Zambia,Senegal,1992,0.0467291
Zambia,South Africa,1992,5.11053
Zambia,Zimbabwe,1992,14.1414
Zambia,Angola,1993,0.0503811
Zambia,Botswana,1993,1.00402
Zambia,Cameroon,1993,0
Zambia,Ghana,1993,0
Zambia,Kenya,1993,6.07308
Zambia,Nigeria,1993,0.172069
Zambia,RESTO_DEL_MUNDO,1993,958.087
Zambia,Senegal,1993,0.072997
Zambia,South Africa,1993,0
Zambia,Zimbabwe,1993,14.0426
Zambia,Angola,1994,0.10811
Zambia,Botswana,1994,3.59638
Zambia,Cameroon,1994,0.162255
Zambia,Ghana,1994,0
Zambia,Kenya,1994,2.96287
Zambia,Nigeria,1994,0
Zambia,RESTO_DEL_MUNDO,1994,993.143
Zambia,Senegal,1994,0.0340361
Zambia,South Africa,1994,15.7845
Zambia,Zimbabwe,1994,6.55747
Zambia,Angola,1995,0.358695
Zambia,Botswana,1995,1.6236
Zambia,Cameroon,1995,0
Zambia,Ghana,1995,0
Zambia,Kenya,1995,2.54674
Zambia,Nigeria,1995,0
Zambia,RESTO_DEL_MUNDO,1995,1138
Zambia,Senegal,1995,0.00775521
Zambia,South Africa,1995,19.1462
Zambia,Zimbabwe,1995,15.775
Zambia,Angola,1996,0.675332
Zambia,Botswana,1996,4.90236
Zambia,Cameroon,1996,0.0141231
Zambia,Ghana,1996,0.0959537
Zambia,Kenya,1996,4.27065
Zambia,Nigeria,1996,0.206529
Zambia,RESTO_DEL_MUNDO,1996,974.711
Zambia,Senegal,1996,0.015883
Zambia,South Africa,1996,43.4791
Zambia,Zimbabwe,1996,14.8688
Zambia,Angola,1997,1.10628
Zambia,Botswana,1997,2.97909
Zambia,Cameroon,1997,0
Zambia,Ghana,1997,0.00251046
Zambia,Kenya,1997,2.53865
Zambia,Nigeria,1997,0.0443515
Zambia,RESTO_DEL_MUNDO,1997,977.176
Zambia,Senegal,1997,6.85319e-05
Zambia,South Africa,1997,44.49
Zambia,Zimbabwe,1997,26.3821
Zambia,Angola,1998,0.760695
Zambia,Botswana,1998,5.59742
Zambia,Cameroon,1998,0.000276292
Zambia,Ghana,1998,0.0768328
Zambia,Kenya,1998,2.10043
Zambia,Nigeria,1998,0.0621427
Zambia,RESTO_DEL_MUNDO,1998,880.135
Zambia,Senegal,1998,0.00922279
Zambia,South Africa,1998,43.0854
Zambia,Zimbabwe,1998,18.8306
Zambia,Angola,1999,0.291694
Zambia,Botswana,1999,1.40106
Zambia,Cameroon,1999,0.000477121
Zambia,Ghana,1999,0.0591423
Zambia,Kenya,1999,2.04559
Zambia,Nigeria,1999,0.348849
Zambia,RESTO_DEL_MUNDO,1999,697.724
Zambia,Senegal,1999,0.00744357
Zambia,South Africa,1999,37.8139
Zambia,Zimbabwe,1999,18.6749
Zambia,Angola,2000,0.391978
Zambia,Botswana,2000,2.85285
Zambia,Cameroon,2000,0.0127547
Zambia,Ghana,2000,6.21675
Zambia,Kenya,2000,4.08192
Zambia,Nigeria,2000,0.00620607
Zambia,RESTO_DEL_MUNDO,2000,622.788
Zambia,Senegal,2000,0.0211833
Zambia,South Africa,2000,43.1573
Zambia,Zimbabwe,2000,17.8605
Zambia,Angola,2001,0.0361188
Zambia,Botswana,2001,3.83882
Zambia,Cameroon,2001,0.00143678
Zambia,Ghana,2001,0.00319659
Zambia,Kenya,2001,12.1928
Zambia,Nigeria,2001,0.00202976
Zambia,RESTO_DEL_MUNDO,2001,585.847
Zambia,Senegal,2001,0.0271909
Zambia,South Africa,2001,52.5229
Zambia,Zimbabwe,2001,14.0618
Zambia,Angola,2002,0.350583
Zambia,Botswana,2002,2.61874
Zambia,Cameroon,2002,0
Zambia,Ghana,2002,0.0522198
Zambia,Kenya,2002,4.37578
Zambia,Nigeria,2002,0.107006
Zambia,RESTO_DEL_MUNDO,2002,612.463
Zambia,Senegal,2002,0.100279
Zambia,South Africa,2002,78.6372
Zambia,Zimbabwe,2002,12.7253
Zambia,Angola,2003,1.23237
Zambia,Botswana,2003,3.59447
Zambia,Cameroon,2003,0
Zambia,Ghana,2003,0.00284621
Zambia,Kenya,2003,5.13014
Zambia,Nigeria,2003,0.662792
Zambia,RESTO_DEL_MUNDO,2003,880.535
Zambia,Senegal,2003,0.00328451
Zambia,South Africa,2003,80.6321
Zambia,Zimbabwe,2003,15.1275
Zambia,Angola,2004,0.439401
Zambia,Botswana,2004,2.94401
Zambia,Cameroon,2004,0
Zambia,Ghana,2004,0.0100418
Zambia,Kenya,2004,8.14142
Zambia,Nigeria,2004,0.0211251
Zambia,RESTO_DEL_MUNDO,2004,1490.42
Zambia,Senegal,2004,2.69173e-05
Zambia,South Africa,2004,169.062
Zambia,Zimbabwe,2004,72.5872
Zambia,Angola,2005,0.659777
Zambia,Botswana,2005,42.1173
Zambia,Cameroon,2005,0.00377385
Zambia,Ghana,2005,0.0133829
Zambia,Kenya,2005,15.2086
Zambia,Nigeria,2005,0.0294066
Zambia,RESTO_DEL_MUNDO,2005,1511.91
Zambia,Senegal,2005,0.0470554
Zambia,South Africa,2005,221.748
Zambia,Zimbabwe,2005,845.943
Zambia,Angola,2006,0.43702
Zambia,Botswana,2006,5.77495
Zambia,Cameroon,2006,0
Zambia,Ghana,2006,0.461017
Zambia,Kenya,2006,19.7015
Zambia,Nigeria,2006,0.0154383
Zambia,RESTO_DEL_MUNDO,2006,2283.76
Zambia,Senegal,2006,0.00165409
Zambia,South Africa,2006,294.619
Zambia,Zimbabwe,2006,832.087
Zambia,Angola,2007,0.626454
Zambia,Botswana,2007,19.1955
Zambia,Cameroon,2007,0.0056628
Zambia,Ghana,2007,0.102691
Zambia,Kenya,2007,29.905
Zambia,Nigeria,2007,0.123481
Zambia,RESTO_DEL_MUNDO,2007,3121.1
Zambia,Senegal,2007,0.0896446
Zambia,South Africa,2007,354.673
Zambia,Zimbabwe,2007,89.6683
Zambia,Angola,2008,1.43324
Zambia,Botswana,2008,8.52708
Zambia,Cameroon,2008,0.00934712
Zambia,Ghana,2008,0.0777655
Zambia,Kenya,2008,28.1802
Zambia,Nigeria,2008,0.434849
Zambia,RESTO_DEL_MUNDO,2008,3343.19
Zambia,Senegal,2008,0.000184984
Zambia,South Africa,2008,324.485
Zambia,Zimbabwe,2008,70.2673
Zambia,Angola,2009,2.16819
Zambia,Botswana,2009,9.84232
Zambia,Cameroon,2009,0.000663883
Zambia,Ghana,2009,0.192769
Zambia,Kenya,2009,19.7446
Zambia,Nigeria,2009,0.493943
Zambia,RESTO_DEL_MUNDO,2009,3259.78
Zambia,Senegal,2009,0.000273201
Zambia,South Africa,2009,219.734
Zambia,Zimbabwe,2009,92.4052
Zambia,Angola,2010,3.3412
Zambia,Botswana,2010,16.7952
Zambia,Cameroon,2010,0.00572925
Zambia,Ghana,2010,0.229601
Zambia,Kenya,2010,29.6659
Zambia,Nigeria,2010,1.08188
Zambia,RESTO_DEL_MUNDO,2010,4617.91
Zambia,Senegal,2010,0.186064
Zambia,South Africa,2010,318.127
Zambia,Zimbabwe,2010,132.733
Zambia,Angola,2011,2.76189
Zambia,Botswana,2011,29.3747
Zambia,Cameroon,2011,0.000242825
Zambia,Ghana,2011,0.567289
Zambia,Kenya,2011,60.2859
Zambia,Nigeria,2011,0.858232
Zambia,RESTO_DEL_MUNDO,2011,5783.97
Zambia,Senegal,2011,0.055838
Zambia,South Africa,2011,404.708
Zambia,Zimbabwe,2011,269.343
Zambia,Angola,2012,27.0071
Zambia,Botswana,2012,63.6298
Zambia,Cameroon,2012,0.00622159
Zambia,Ghana,2012,0.410615
Zambia,Kenya,2012,33.4901
Zambia,Nigeria,2012,0.224323
Zambia,RESTO_DEL_MUNDO,2012,6086.9
Zambia,Senegal,2012,0.030695
Zambia,South Africa,2012,444.975
Zambia,Zimbabwe,2012,471.158
Zambia,Angola,2013,9.47328
Zambia,Botswana,2013,45.1683
Zambia,Cameroon,2013,0.641418
Zambia,Ghana,2013,0.287267
Zambia,Kenya,2013,33.0409
Zambia,Nigeria,2013,0.0531415
Zambia,RESTO_DEL_MUNDO,2013,6964.06
Zambia,Senegal,2013,0.017606
Zambia,South Africa,2013,404.635
Zambia,Zimbabwe,2013,502.58
Zambia,Angola,2014,7.69584
Zambia,Botswana,2014,37.4576
Zambia,Cameroon,2014,0.693427
Zambia,Ghana,2014,0.220672
Zambia,Kenya,2014,39.0697
Zambia,Nigeria,2014,0.107579
Zambia,RESTO_DEL_MUNDO,2014,6901.55
Zambia,Senegal,2014,0.009649
Zambia,South Africa,2014,367.55
Zambia,Zimbabwe,2014,279.382
Zimbabwe,Cameroon,1965,0.2
Zimbabwe,Ghana,1965,0.3
Zimbabwe,Nigeria,1965,1
Zimbabwe,RESTO_DEL_MUNDO,1965,326.87
Zimbabwe,Senegal,1965,0
Zimbabwe,South Africa,1965,47.5
Zimbabwe,Botswana,1966,0
Zimbabwe,Cameroon,1966,0
Zimbabwe,Ghana,1966,0
Zimbabwe,Nigeria,1966,0.5
Zimbabwe,RESTO_DEL_MUNDO,1966,169.93
Zimbabwe,Senegal,1966,0
Zimbabwe,South Africa,1966,0
Zimbabwe,Cameroon,1967,0
Zimbabwe,Ghana,1967,0
Zimbabwe,Nigeria,1967,0
Zimbabwe,RESTO_DEL_MUNDO,1967,90.2991
Zimbabwe,Senegal,1967,0
Zimbabwe,Cameroon,1968,0
Zimbabwe,Ghana,1968,0
Zimbabwe,Nigeria,1968,0
Zimbabwe,RESTO_DEL_MUNDO,1968,61.26
Zimbabwe,Senegal,1968,0
Zimbabwe,Cameroon,1969,0
Zimbabwe,Ghana,1969,0
Zimbabwe,Nigeria,1969,0
Zimbabwe,RESTO_DEL_MUNDO,1969,58.9749
Zimbabwe,Senegal,1969,0
Zimbabwe,Cameroon,1970,0.012
Zimbabwe,Ghana,1970,0
Zimbabwe,Nigeria,1970,0
Zimbabwe,RESTO_DEL_MUNDO,1970,64.6175
Zimbabwe,Senegal,1970,0
Zimbabwe,Cameroon,1971,0
Zimbabwe,Ghana,1971,0
Zimbabwe,Nigeria,1971,0
Zimbabwe,RESTO_DEL_MUNDO,1971,68.7341
Zimbabwe,Senegal,1971,0
Zimbabwe,Cameroon,1972,0.025
Zimbabwe,Ghana,1972,0
Zimbabwe,Nigeria,1972,0
Zimbabwe,RESTO_DEL_MUNDO,1972,92.9369
Zimbabwe,Senegal,1972,0
Zimbabwe,Cameroon,1973,0
Zimbabwe,Ghana,1973,0
Zimbabwe,Nigeria,1973,0
Zimbabwe,RESTO_DEL_MUNDO,1973,87.6046
Zimbabwe,Senegal,1973,0
Zimbabwe,Cameroon,1974,0
Zimbabwe,Ghana,1974,0
Zimbabwe,Nigeria,1974,0
Zimbabwe,RESTO_DEL_MUNDO,1974,83.0689
Zimbabwe,Senegal,1974,0
Zimbabwe,Cameroon,1975,0
Zimbabwe,Ghana,1975,0
Zimbabwe,Nigeria,1975,0
Zimbabwe,RESTO_DEL_MUNDO,1975,148.754
Zimbabwe,Senegal,1975,0
Zimbabwe,Cameroon,1976,0
Zimbabwe,Ghana,1976,0
Zimbabwe,Nigeria,1976,0
Zimbabwe,RESTO_DEL_MUNDO,1976,101.583
Zimbabwe,Senegal,1976,0
Zimbabwe,Cameroon,1977,0
Zimbabwe,Ghana,1977,0
Zimbabwe,Nigeria,1977,0
Zimbabwe,RESTO_DEL_MUNDO,1977,103.948
Zimbabwe,Senegal,1977,0
Zimbabwe,Cameroon,1978,0
Zimbabwe,Ghana,1978,0
Zimbabwe,Nigeria,1978,0
Zimbabwe,RESTO_DEL_MUNDO,1978,24.6982
Zimbabwe,Senegal,1978,0
Zimbabwe,Cameroon,1979,0
Zimbabwe,Ghana,1979,0
Zimbabwe,Nigeria,1979,0
Zimbabwe,RESTO_DEL_MUNDO,1979,11.6783
Zimbabwe,Senegal,1979,0
Zimbabwe,Cameroon,1980,0
Zimbabwe,Ghana,1980,0.363
Zimbabwe,RESTO_DEL_MUNDO,1980,349.222
Zimbabwe,Senegal,1980,0
Zimbabwe,Angola,1981,3.5827
Zimbabwe,Botswana,1981,41.884
Zimbabwe,Cameroon,1981,0.9
Zimbabwe,Ghana,1981,2.731
Zimbabwe,Nigeria,1981,1.828
Zimbabwe,RESTO_DEL_MUNDO,1981,824.877
Zimbabwe,Senegal,1981,0.002
Zimbabwe,South Africa,1981,282.655
Zimbabwe,Angola,1982,3.7543
Zimbabwe,Botswana,1982,34.469
Zimbabwe,Cameroon,1982,4.179
Zimbabwe,Ghana,1982,0.066
Zimbabwe,Nigeria,1982,1.9
Zimbabwe,RESTO_DEL_MUNDO,1982,755.863
Zimbabwe,Senegal,1982,0.001
Zimbabwe,South Africa,1982,189.889
Zimbabwe,Angola,1983,0.5522
Zimbabwe,Botswana,1983,40.263
Zimbabwe,Cameroon,1983,0.48
Zimbabwe,Ghana,1983,0.292
Zimbabwe,Nigeria,1983,0.021
Zimbabwe,RESTO_DEL_MUNDO,1983,728.406
Zimbabwe,Senegal,1983,0.014
Zimbabwe,South Africa,1983,189.491
Zimbabwe,Angola,1984,9.9
Zimbabwe,Botswana,1984,48.993
Zimbabwe,Cameroon,1984,0.346
Zimbabwe,Ghana,1984,0.812
Zimbabwe,Nigeria,1984,0.53
Zimbabwe,RESTO_DEL_MUNDO,1984,722.457
Zimbabwe,Senegal,1984,0.322
Zimbabwe,South Africa,1984,184.633
Zimbabwe,Angola,1985,7.4118
Zimbabwe,Botswana,1985,36.775
Zimbabwe,Cameroon,1985,3.75283
Zimbabwe,Ghana,1985,0.774
Zimbabwe,Nigeria,1985,1.25064
Zimbabwe,RESTO_DEL_MUNDO,1985,717.814
Zimbabwe,Senegal,1985,0.055
Zimbabwe,South Africa,1985,103.378
Zimbabwe,Angola,1986,2.4574
Zimbabwe,Botswana,1986,43.855
Zimbabwe,Cameroon,1986,8.787
Zimbabwe,Ghana,1986,0.413837
Zimbabwe,Nigeria,1986,0.710561
Zimbabwe,RESTO_DEL_MUNDO,1986,805.79
Zimbabwe,Senegal,1986,1.55555
Zimbabwe,South Africa,1986,130.342
Zimbabwe,Angola,1987,4.2174
Zimbabwe,Botswana,1987,63.036
Zimbabwe,Cameroon,1987,0.969
Zimbabwe,Ghana,1987,2.75168
Zimbabwe,Nigeria,1987,0.816887
Zimbabwe,RESTO_DEL_MUNDO,1987,1228.98
Zimbabwe,Senegal,1987,1.18136
Zimbabwe,South Africa,1987,111.52
Zimbabwe,Angola,1988,3.28311
Zimbabwe,Botswana,1988,70.7433
Zimbabwe,Cameroon,1988,2.9814
Zimbabwe,Ghana,1988,3.71239
Zimbabwe,Nigeria,1988,0.00188959
Zimbabwe,RESTO_DEL_MUNDO,1988,1193.61
Zimbabwe,Senegal,1988,0.51793
Zimbabwe,South Africa,1988,136.906
Zimbabwe,Angola,1989,2.94082
Zimbabwe,Botswana,1989,88.1366
Zimbabwe,Cameroon,1989,4.708
Zimbabwe,Ghana,1989,4.89503
Zimbabwe,Nigeria,1989,0.0310423
Zimbabwe,RESTO_DEL_MUNDO,1989,1327.27
Zimbabwe,Senegal,1989,0.49944
Zimbabwe,South Africa,1989,137.824
Zimbabwe,Angola,1990,12.5989
Zimbabwe,Botswana,1990,86.9543
Zimbabwe,Cameroon,1990,1.37734
Zimbabwe,Ghana,1990,1.177
Zimbabwe,Nigeria,1990,0.0876478
Zimbabwe,RESTO_DEL_MUNDO,1990,1455.53
Zimbabwe,Senegal,1990,0.509014
Zimbabwe,South Africa,1990,131.012
Zimbabwe,Angola,1991,8.02054
Zimbabwe,Botswana,1991,82.728
Zimbabwe,Cameroon,1991,1.0847
Zimbabwe,Ghana,1991,0.212
Zimbabwe,Nigeria,1991,0.101268
Zimbabwe,RESTO_DEL_MUNDO,1991,1515.84
Zimbabwe,Senegal,1991,0.0949963
Zimbabwe,South Africa,1991,131.912
Zimbabwe,Angola,1992,4.92606
Zimbabwe,Botswana,1992,65.2346
Zimbabwe,Cameroon,1992,0.185121
Zimbabwe,Ghana,1992,8.143
Zimbabwe,Nigeria,1992,0.774443
Zimbabwe,RESTO_DEL_MUNDO,1992,1411.9
Zimbabwe,Senegal,1992,0.215762
Zimbabwe,South Africa,1992,171.19
Zimbabwe,Angola,1993,3.55405
Zimbabwe,Botswana,1993,73.8721
Zimbabwe,Cameroon,1993,1.68101
Zimbabwe,Ghana,1993,2.21992
Zimbabwe,Nigeria,1993,0.524128
Zimbabwe,RESTO_DEL_MUNDO,1993,1224.9
Zimbabwe,Senegal,1993,0.263004
Zimbabwe,South Africa,1993,188.368
Zimbabwe,Angola,1994,11.7443
Zimbabwe,Botswana,1994,98.2449
Zimbabwe,Cameroon,1994,0.106267
Zimbabwe,Ghana,1994,2.64589
Zimbabwe,Nigeria,1994,0.729934
Zimbabwe,RESTO_DEL_MUNDO,1994,1530.72
Zimbabwe,Senegal,1994,0.177171
Zimbabwe,South Africa,1994,233.162
Zimbabwe,Angola,1995,13.1725
Zimbabwe,Botswana,1995,0
Zimbabwe,Cameroon,1995,0.260444
Zimbabwe,Ghana,1995,3.0877
Zimbabwe,Nigeria,1995,1.87
Zimbabwe,RESTO_DEL_MUNDO,1995,1570.33
Zimbabwe,Senegal,1995,0.263817
Zimbabwe,South Africa,1995,349.967
Zimbabwe,Angola,1996,7.74598
Zimbabwe,Botswana,1996,83.4948
Zimbabwe,Cameroon,1996,0.0860127
Zimbabwe,Ghana,1996,2.98927
Zimbabwe,Nigeria,1996,2.4607
Zimbabwe,RESTO_DEL_MUNDO,1996,1805.72
Zimbabwe,Senegal,1996,0.462023
Zimbabwe,South Africa,1996,312.342
Zimbabwe,Angola,1997,8.04789
Zimbabwe,Botswana,1997,93.8553
Zimbabwe,Cameroon,1997,0.647627
Zimbabwe,Ghana,1997,3.25975
Zimbabwe,Nigeria,1997,2.79663
Zimbabwe,RESTO_DEL_MUNDO,1997,1969.82
Zimbabwe,Senegal,1997,0.434208
Zimbabwe,South Africa,1997,293.282
Zimbabwe,Angola,1998,5.1524
Zimbabwe,Botswana,1998,76.2269
Zimbabwe,Cameroon,1998,0.674631
Zimbabwe,Ghana,1998,1.87004
Zimbabwe,Nigeria,1998,3.84082
Zimbabwe,RESTO_DEL_MUNDO,1998,1744.73
Zimbabwe,Senegal,1998,0.526862
Zimbabwe,South Africa,1998,220.903
Zimbabwe,Angola,1999,6.75279
Zimbabwe,Botswana,1999,68.5826
Zimbabwe,Cameroon,1999,0.328082
Zimbabwe,Ghana,1999,3.70668
Zimbabwe,Nigeria,1999,5.23536
Zimbabwe,RESTO_DEL_MUNDO,1999,1764.8
Zimbabwe,Senegal,1999,0.681685
Zimbabwe,South Africa,1999,228.447
Zimbabwe,Angola,2000,4.8682
Zimbabwe,Botswana,2000,59.038
Zimbabwe,Cameroon,2000,1.33151
Zimbabwe,Ghana,2000,1.18048
Zimbabwe,Nigeria,2000,1.76327
Zimbabwe,RESTO_DEL_MUNDO,2000,1632.56
Zimbabwe,Senegal,2000,0.684111
Zimbabwe,South Africa,2000,199.156
Zimbabwe,Angola,2001,1.04726
Zimbabwe,Botswana,2001,13.0999
Zimbabwe,Cameroon,2001,1.50742
Zimbabwe,Ghana,2001,0.963092
Zimbabwe,Nigeria,2001,0.0422254
Zimbabwe,RESTO_DEL_MUNDO,2001,1502.2
Zimbabwe,Senegal,2001,0.70327
Zimbabwe,South Africa,2001,181.852
Zimbabwe,Angola,2002,3.93223
Zimbabwe,Botswana,2002,39.9859
Zimbabwe,Cameroon,2002,1.30633
Zimbabwe,Ghana,2002,0.617197
Zimbabwe,Nigeria,2002,1.24023
Zimbabwe,RESTO_DEL_MUNDO,2002,1506.92
Zimbabwe,Senegal,2002,0.859927
Zimbabwe,South Africa,2002,220.201
Zimbabwe,Angola,2003,2.6859
Zimbabwe,Botswana,2003,66.8818
Zimbabwe,Cameroon,2003,0.332218
Zimbabwe,Ghana,2003,0.358918
Zimbabwe,Nigeria,2003,3.88613
Zimbabwe,RESTO_DEL_MUNDO,2003,1487.23
Zimbabwe,Senegal,2003,1.63866
Zimbabwe,South Africa,2003,375.966
Zimbabwe,Angola,2004,4.05312
Zimbabwe,Botswana,2004,47.1278
Zimbabwe,Cameroon,2004,0.410886
Zimbabwe,Ghana,2004,0.309742
Zimbabwe,Nigeria,2004,0.307975
Zimbabwe,RESTO_DEL_MUNDO,2004,1464.84
Zimbabwe,Senegal,2004,0.527451
Zimbabwe,South Africa,2004,469.149
Zimbabwe,Angola,2005,0.844758
Zimbabwe,Botswana,2005,29.5481
Zimbabwe,Cameroon,2005,0.135347
Zimbabwe,Ghana,2005,0.0461309
Zimbabwe,Nigeria,2005,0.403171
Zimbabwe,RESTO_DEL_MUNDO,2005,1396.56
Zimbabwe,Senegal,2005,0.128845
Zimbabwe,South Africa,2005,536.457
Zimbabwe,Angola,2006,0.0638731
Zimbabwe,Botswana,2006,147.963
Zimbabwe,Cameroon,2006,0.00240284
Zimbabwe,Ghana,2006,0.00662766
Zimbabwe,Nigeria,2006,0.014461
Zimbabwe,RESTO_DEL_MUNDO,2006,1523.53
Zimbabwe,Senegal,2006,0.105622
Zimbabwe,South Africa,2006,710.135
Zimbabwe,Angola,2007,0.0827424
Zimbabwe,Botswana,2007,183.622
Zimbabwe,Cameroon,2007,0.00298191
Zimbabwe,Ghana,2007,0.00822488
Zimbabwe,Nigeria,2007,0.0187331
Zimbabwe,RESTO_DEL_MUNDO,2007,1625.88
Zimbabwe,Senegal,2007,0.415373
Zimbabwe,South Africa,2007,929.363
Zimbabwe,Angola,2008,0.10452
Zimbabwe,Botswana,2008,209.635
Zimbabwe,Cameroon,2008,0.00340434
Zimbabwe,Ghana,2008,0.00939007
Zimbabwe,Nigeria,2008,0.0236635
Zimbabwe,RESTO_DEL_MUNDO,2008,1521.43
Zimbabwe,Senegal,2008,0.59289
Zimbabwe,South Africa,2008,853.823
Zimbabwe,Angola,2009,0.0979538
Zimbabwe,Botswana,2009,183.402
Zimbabwe,Cameroon,2009,0.00297835
Zimbabwe,Ghana,2009,0.00821505
Zimbabwe,Nigeria,2009,0.022177
Zimbabwe,RESTO_DEL_MUNDO,2009,1075.33
Zimbabwe,Senegal,2009,0
Zimbabwe,South Africa,2009,204.521
Zimbabwe,Angola,2010,0.112647
Zimbabwe,Botswana,2010,232.921
Zimbabwe,Cameroon,2010,0.0037825
Zimbabwe,Ghana,2010,0.0104331
Zimbabwe,Nigeria,2010,0.0255035
Zimbabwe,RESTO_DEL_MUNDO,2010,1423.47
Zimbabwe,Senegal,2010,0.081098
Zimbabwe,South Africa,2010,210.581
Zimbabwe,Angola,2011,0.129544
Zimbabwe,Botswana,2011,260.871
Zimbabwe,Cameroon,2011,0.0042364
Zimbabwe,Ghana,2011,0.0116851
Zimbabwe,Nigeria,2011,0.029329
Zimbabwe,RESTO_DEL_MUNDO,2011,2002.33
Zimbabwe,Senegal,2011,0
Zimbabwe,South Africa,2011,474.814
Zimbabwe,Angola,2012,0.144478
Zimbabwe,Botswana,2012,271.974
Zimbabwe,Cameroon,2012,0.00441671
Zimbabwe,Ghana,2012,0.0121824
Zimbabwe,Nigeria,2012,0.0327102
Zimbabwe,RESTO_DEL_MUNDO,2012,2062.43
Zimbabwe,Senegal,2012,0.026368
Zimbabwe,South Africa,2012,417.642
Zimbabwe,Angola,2013,0.161763
Zimbabwe,Botswana,2013,286.416
Zimbabwe,Cameroon,2013,0.00465122
Zimbabwe,Ghana,2013,0.0128293
Zimbabwe,Nigeria,2013,0.0366234
Zimbabwe,RESTO_DEL_MUNDO,2013,2228.61
Zimbabwe,Senegal,2013,0.002918
Zimbabwe,South Africa,2013,375.537
Zimbabwe,Angola,2014,0.154091
Zimbabwe,Botswana,2014,300.155
Zimbabwe,Cameroon,2014,0.00487435
Zimbabwe,Ghana,2014,0.0134447
Zimbabwe,Nigeria,2014,0.0348865
Zimbabwe,RESTO_DEL_MUNDO,2014,2493.49
Zimbabwe,Senegal,2014,0
Zimbabwe,South Africa,2014,203.194
