,delta_H,alpha,F,ASI_raw,ASI,soberania,CSI_V3,cohort
user_0000,0.8592829319211993,0.649968292033189,0.3845306264558419,1.4524373904408099,0.550055,False,55.885689884869734,Elite
user_0001,0.8358063516339028,0.7129486337304394,0.07492794765559636,7.952800191453094,3.011819,True,71.6827474095556,Elite
user_0002,0.8184479981049275,0.7420290014552285,0.2779324310444198,2.185107180528235,0.827526,False,66.31998748942414,Elite
user_0003,0.7227622077813562,0.6016599090869998,0.20200229774941297,2.152733157346047,0.815265,False,68.0343441903093,Elite
user_0004,0.9748123357124425,0.6982423724951081,0.16353656883963658,4.162098317550015,1.576236,True,59.01878259896654,Elite
user_0005,0.7113447536670496,0.7053883712627543,0.1292272890209861,3.882882021258055,1.470493,True,66.16268953687788,Elite
user_0006,0.899685405502124,0.641132833634201,0.33080680890883607,1.7436698334944845,0.660348,False,65.61273780689072,Elite
user_0007,0.7752151634295227,0.6491741414314064,0.07498476776201822,6.711358228662503,2.541671,True,67.39261894512995,Elite
user_0008,0.8228526016271813,0.7427585129256962,0.13436537719421657,4.548647780433964,1.722627,True,71.94840102535716,Elite
user_0009,0.9225904973370632,0.5196553294470041,0.24979700681429937,1.9192746740747677,0.726852,False,70.29076921150131,Elite
user_0010,0.9500406714173909,0.42984663802591516,0.16946733690915,2.409737451740174,0.912596,False,65.937488181327,Elite
user_0011,0.7015380446222386,0.6596309228126184,0.303759821276298,1.5234279037233398,0.57694,False,72.86806174677416,Elite
user_0012,0.8391172299354369,0.7111089745757381,0.09641618852893848,6.188834074779122,2.343785,True,62.16836696419571,Elite
user_0013,0.8490020020142511,0.9188544647099669,0.2716898226496414,2.8713231599568885,1.087404,True,64.85101640147396,Elite
user_0014,0.6526927096535022,0.7056468357977017,0.2514719615396876,1.8314985992684283,0.69361,False,67.98868007302957,Elite
user_0015,0.8759963570939517,0.5509360175625836,0.21890416771256266,2.204699661133842,0.834946,False,63.81533379336169,Elite
user_0016,0.6965938832700946,0.4286342396821368,0.101568963407261,2.939716814136147,1.113305,True,62.2283642743292,Elite
user_0017,0.7739263537654669,0.6900781922608235,0.2612509467129223,2.04427852174006,0.774192,False,57.247885033920994,Elite
user_0018,0.8109442397405241,0.8893324506516873,0.11841826567697716,6.0902684560303015,2.306457,True,67.7179895551652,Elite
user_0019,0.816854308300827,0.526854357785195,0.6655224187508343,0.6466547780789726,0.244896,False,58.852127306184656,Elite
user_0020,0.712040146080309,0.6390157022725876,0.10233649609775668,4.44616389405342,1.683815,True,57.765099525702574,Elite
user_0021,0.9002957099525326,0.7181599629625427,0.09513511012070619,6.7961905220323455,2.573798,True,58.643057847591955,Elite
user_0022,0.6213157162604516,0.6228530209153391,0.2334125632032494,1.657958618440006,0.627889,False,68.7696099381088,Elite
user_0023,0.8579503554487701,0.8176534896695485,0.03161167558227493,22.191360918851764,8.40413,True,57.767184668333144,Elite
user_0024,0.41636247353753114,0.24180941111512694,0.1816701204880629,0.5541933052395563,0.20988,False,54.14449642520104,Intermediate
user_0025,0.46230597192213824,0.4884302120711144,0.5708638535426791,0.39554825989834896,0.149799,False,46.30748955033228,Intermediate
user_0026,0.5225985942739853,0.4467993349278375,0.4176978152634123,0.5590086800156943,0.211703,False,33.13844948369677,Intermediate
user_0027,0.2599047688309294,0.3442859620807277,0.3129815556546918,0.28590043652620034,0.108274,False,40.358179074771456,Intermediate
user_0028,0.6002028011751426,0.4124391915125965,0.46803942076555605,0.5289023682137011,0.200302,False,19.27455915178963,Intermediate
user_0029,0.7073517695052194,0.6732483869917906,0.3159972760452308,1.5070491866740419,0.570737,False,49.40314970424315,Intermediate
user_0030,0.4650560531117153,0.23965318611062777,0.37116879643180906,0.3002735303174437,0.113717,False,28.763616485075342,Intermediate
user_0031,0.17305774165587504,0.3850509098063494,0.47163280279418873,0.14128796911249938,0.053507,False,21.587813374897912,Intermediate
user_0032,0.8056421487822866,0.6455442808656109,0.30868448226822026,1.6848196506320778,0.638061,False,46.292280418676675,Intermediate
user_0033,0.7947527411292489,0.2900156200079415,0.4168263927727868,0.5529657261824379,0.209415,False,30.86493985520906,Intermediate
user_0034,0.33196540999004864,0.3368622938037193,0.6032653917670715,0.18536887910174962,0.070201,False,39.43148169531497,Intermediate
user_0035,0.5537977536357759,0.5497503765924059,0.3034025159038982,1.0034541826730596,0.38002,False,49.385135774868594,Intermediate
user_0036,0.7845896552137295,0.4305962492165603,0.32445062519773193,1.0412720348535418,0.394342,False,46.93352898374002,Intermediate
user_0037,0.4178085669265586,0.3809232200123465,0.3713590996355246,0.4285689641605969,0.162304,False,31.12612452520588,Intermediate
user_0038,0.6059671818041131,0.22888159234128433,0.19108389555808442,0.7258316200473652,0.274881,False,50.273077115063444,Intermediate
user_0039,0.3417291266239581,0.5278808616430669,0.6996934244280734,0.257816151349771,0.097638,False,32.99859692175545,Intermediate
user_0040,0.5624158616486882,0.6872111241191261,0.2638934689429986,1.4646002345344369,0.554661,False,37.00085758800995,Intermediate
user_0041,0.4652064403408349,0.3975188823369587,0.6364808710162748,0.2905481572839212,0.110034,False,41.04851212536043,Intermediate
user_0042,0.48412597639417,0.5237043602998949,0.23150719252011254,1.0951663402425142,0.414752,False,21.55530955367421,Intermediate
user_0043,0.5837583518547255,0.3298126415714803,0.3958545745102575,0.4863677129481593,0.184193,False,40.49789810633043,Intermediate
user_0044,0.5012232561284012,0.3103931240952746,0.4631018230622681,0.3359439427600393,0.127226,False,39.78702066974982,Intermediate
user_0045,0.6320112269338097,0.22161808060577692,0.42468302556086024,0.3298109568881289,0.124903,False,50.44580109710469,Intermediate
user_0046,0.5516365313474286,0.46004747051402456,0.5907153140593082,0.42961302144950886,0.1627,False,31.731899427525242,Intermediate
user_0047,0.22368997658693215,0.5939763926666084,0.40766958265184094,0.32591728944922316,0.123429,False,27.71879240828065,Intermediate
user_0048,0.536803650315756,0.3771919752254956,0.3560994725390073,0.568599632364456,0.215335,False,36.15452294582123,Intermediate
user_0049,0.6085901416063131,0.2688250276420696,0.4658779089289414,0.35117411344130106,0.132994,False,43.74393938328695,Intermediate
user_0050,0.6199545283770362,0.23899567818362907,0.48137932482781187,0.3077956308270623,0.116566,False,39.22819254314441,Intermediate
user_0051,0.6126143374235652,0.5165814327573084,0.39502918531224923,0.8011185095192038,0.303393,False,23.975440191388103,Intermediate
user_0052,0.5879901143019303,0.4360524699583237,0.5645761706998536,0.45413631491850753,0.171987,False,31.524098672038868,Intermediate
user_0053,0.4177738755182359,0.4821649509205876,0.37934962177583204,0.5310033505297332,0.201097,False,21.29628748356373,Intermediate
user_0054,0.4939710441362287,0.3930404862902028,0.4288236674666199,0.4527516415956577,0.171462,False,45.615747286239824,Intermediate
user_0055,0.43732500196751556,0.5594520842251065,0.44800265717938575,0.5461181533495003,0.206821,False,50.7861396219302,Intermediate
user_0056,0.6101218080709593,0.3451768814255218,0.6195015877510271,0.3399506105612645,0.128743,False,20.64422817571373,Intermediate
user_0057,0.5319832905007316,0.38151478344784767,0.2768373388185291,0.733136255172222,0.277647,False,37.91538967789186,Intermediate
user_0058,0.6354023372668494,0.5643767386926378,0.3387222084880276,1.0587032378687955,0.400943,False,39.375281201506525,Intermediate
user_0059,0.44245755011103394,0.5133440116119293,0.572453739246971,0.39677080988371977,0.150262,False,34.79780371605217,Intermediate
user_0060,0.5240209912314654,0.535283160947652,0.5164512048535507,0.5431289731792601,0.205689,False,37.09841448764073,Intermediate
user_0061,0.44750029864329915,0.22372395734676456,0.5127438143429637,0.19525645151785684,0.073946,False,44.57284240583928,Intermediate
user_0062,0.7753302839001148,0.44481768330053095,0.2795450803856426,1.2337209447628867,0.467225,False,36.41412305156776,Intermediate
user_0063,0.7812447775536714,0.513914849315733,0.40369419040852833,0.9945481051607339,0.376647,False,52.10747682225623,Intermediate
user_0064,0.2814173572064532,0.4585726493111199,0.20789969831774424,0.6207334791754365,0.235079,False,38.47145671651634,Intermediate
user_0065,0.352380832406681,0.5421109967671294,0.24212322517545554,0.7889764567574479,0.298795,False,21.584679744424875,Intermediate
user_0066,0.3391299883935047,0.5987125971176657,0.6058736752437333,0.3351216671196,0.126915,False,53.3196877827226,Intermediate
user_0067,0.1930880931843868,0.2429199128610819,0.6906315054342801,0.06791601947172846,0.025721,False,24.28518526088996,Intermediate
user_0068,0.6741578898916973,0.32100996818676053,0.46343661367994604,0.4669708788620729,0.176847,False,47.24055640055722,Intermediate
user_0069,0.1839034935242093,0.628544934751381,0.3992100573190098,0.28955084477081594,0.109656,False,37.96860471298487,Intermediate
user_0070,0.3594220123366988,0.39253114006628836,0.33257794573879473,0.424214335541813,0.160655,False,45.672128353690155,Intermediate
user_0071,0.49518940834974795,0.13590331030845457,0.1701060454518714,0.3956230929103375,0.149827,False,37.4834758305291,Intermediate
user_0072,0.37960522236086874,0.16018671291997022,0.6528157448866209,0.09314682320936185,0.035276,False,21.122927211973877,Intermediate
user_0073,0.4566134259376191,0.3858835840616902,0.5465543900201076,0.32238260006476804,0.12209,False,32.4973334688237,Intermediate
user_0074,0.20583479051770961,0.4545487499111171,0.3014706829191622,0.31035172578664877,0.117534,False,41.34469535345894,Intermediate
user_0075,0.6435214961915761,0.2901083054339106,0.4860308308274409,0.38411335028397636,0.145468,False,41.639759867176394,Intermediate
user_0076,0.5272808411718869,0.3849251747655956,0.217677543835446,0.9324051822822378,0.353113,False,54.029599918616476,Intermediate
user_0077,0.42800353059245827,0.265502880216004,0.43767590210414176,0.2596354278784975,0.098327,False,40.827689141447905,Intermediate
user_0078,0.8027602784432772,0.39478911292624347,0.5616438902145535,0.5642739531947524,0.213697,False,29.31180873025484,Intermediate
user_0079,0.39116911283793665,0.1522765658763387,0.43192750889648546,0.1379071440298803,0.052227,False,20.56331764294573,Intermediate
user_0080,0.8007451130638917,0.4692458423191434,0.45684797603177946,0.8224756040868741,0.311481,False,47.382947240099135,Intermediate
user_0081,0.2913127623721318,0.45733129551966495,0.3108449424682821,0.4285945332073513,0.162314,False,51.014456432722824,Intermediate
user_0082,0.2476665408451268,0.6203313690836377,0.6432724585488239,0.23883398444456394,0.090449,False,41.090969453395125,Intermediate
user_0083,0.6536519073825402,0.5172373183202167,0.5461013272160281,0.6191033473824465,0.234462,False,36.36556969674213,Intermediate
user_0084,0.3913589318884194,0.5135330887852889,0.35593386014086204,0.56464355775771,0.213837,False,49.995514637890295,Intermediate
user_0085,0.5338010756469829,0.2469873568387919,0.3053980878908344,0.4317057702040352,0.163492,False,27.652818845309675,Intermediate
user_0086,0.6158990042726378,0.2772227961090991,0.6461199098265017,0.26425628043425975,0.100077,False,33.3543550104812,Intermediate
user_0087,0.6852715757512183,0.369258142344713,0.48736117644931487,0.5192085896276666,0.19663,False,37.27563595192328,Intermediate
user_0088,0.39168859089395736,0.40100502128528037,0.4112120114102604,0.38196620568052236,0.144655,False,20.777414207711892,Intermediate
user_0089,0.5129021062296616,0.3303785184333322,0.22193798593125352,0.7635098482419309,0.28915,False,43.788843825516366,Intermediate
user_0090,0.5057336197454099,0.5923667333729481,0.3090454804404576,0.9693711484099305,0.367112,False,25.788155182506742,Intermediate
user_0091,0.20212639134674712,0.08091216956983906,0.5871177388974402,0.02785554543437924,0.010549,False,30.99351465953984,Intermediate
user_0092,0.5287069759539015,0.35210434199485247,0.14790857139691238,1.2586155090145295,0.476653,False,33.92174130050576,Intermediate
user_0093,0.6031815638972188,0.23925120494792726,0.1695134969133804,0.8513299447685078,0.322409,False,41.98637186612011,Intermediate
user_0094,0.5917019644148873,0.6300944751580487,0.3341193181563221,1.1158532849140808,0.422587,False,21.357425364669137,Intermediate
user_0095,0.5578513973784074,0.45360699602355015,0.3696768467617701,0.6845040440291044,0.25923,False,31.271022523130554,Intermediate
user_0096,0.5772462489222949,0.381188065537361,0.5915968481829827,0.3719414355252425,0.140859,False,28.877022513007393,Intermediate
user_0097,0.6138209257241583,0.2602052563477456,0.3412267682849841,0.4680741552968419,0.177265,False,19.054699195995376,Intermediate
user_0098,0.3932166092937043,0.45356532993002796,0.5053893125047402,0.3528951181107398,0.133646,False,43.89952388386302,Intermediate
user_0099,0.7558437956414331,0.2256479639691565,0.5176846230904342,0.32945659569149394,0.124769,False,27.49365769179255,Intermediate
user_0100,0.6381407477152442,0.43872441531573675,0.5058461986667508,0.5534645257163614,0.209604,False,24.991781065802495,Intermediate
user_0101,0.43615110492642617,0.6366644870054438,0.5641613110351956,0.492203052643426,0.186403,False,47.72674945844135,Intermediate
user_0102,0.4258149577853306,0.6207736996425011,0.5309521702009283,0.4978503555367008,0.188542,False,20.411139053429075,Intermediate
user_0103,0.4568627898952932,0.28174587579045784,0.20412528077523828,0.6305892458115153,0.238812,False,51.408638117434,Intermediate
user_0104,0.5708017153906192,0.6075499058773783,0.39324089763092734,0.881878081729164,0.333978,False,43.72845984293912,Intermediate
user_0105,0.6576118691790073,0.1495753946939162,0.6700320583403488,0.14680275915677135,0.055596,False,25.182868507164358,Intermediate
user_0106,0.7541257623297952,0.3545284946067841,0.6194054728504916,0.43163821274066994,0.163466,False,31.60370895738038,Intermediate
user_0107,0.43542247816317764,0.28836963151948813,0.35538403605504537,0.35331530638525793,0.133805,False,53.19939275135747,Intermediate
user_0108,0.3610867138007691,0.1193402274120401,0.5695993983136649,0.07565346920665142,0.028651,False,41.278404960062886,Intermediate
user_0109,0.3986359073417118,0.5132858828740476,0.32948899600618403,0.6210046044795599,0.235182,False,40.91383492798133,Intermediate
user_0110,0.37392080873821615,0.5654300606457472,0.49604274833383794,0.426225494217418,0.161417,False,42.51055931605546,Intermediate
user_0111,0.5858031859146313,0.5506913758088303,0.35560082222231687,0.9071878979032314,0.343563,False,35.658559199014974,Intermediate
user_0112,0.43473369579256205,0.44443919566696066,0.5636402018692874,0.342794380966067,0.12982,False,25.02292287479623,Intermediate
user_0113,0.4174359989418678,0.4422504082272398,0.45211973252975685,0.4083237860639853,0.154637,False,24.43208001886525,Intermediate
user_0114,0.44391466979287564,0.669804948996484,0.4408985090303602,0.6743870452483965,0.255398,False,43.743183197639055,Intermediate
user_0115,0.4075157042533458,0.3360352896340143,0.21691264070329694,0.6313124825975205,0.239085,False,50.82188746582833,Intermediate
user_0116,0.3589662998393188,0.6457547855338441,0.5685093071094719,0.40774038888686265,0.154416,False,29.80759191945691,Intermediate
user_0117,0.726696522143129,0.33278578712975326,0.35702233974045217,0.6773645433550849,0.256526,False,37.12252851553753,Intermediate
user_0118,0.37385192151741464,0.41979402112481,0.3565525378593906,0.440161784799645,0.166694,False,54.720562368498086,Intermediate
user_0119,0.5814929173082449,0.26928215211241535,0.4568172483734197,0.3427752887362343,0.129813,False,28.25780306846808,Intermediate
user_0120,0.38342358854636943,0.31407614999929795,0.5608751382826007,0.2147076885566678,0.081312,False,33.04770142799093,Intermediate
user_0121,0.5518394201787414,0.5016698542592962,0.3948590608002876,0.7011139643965899,0.26552,False,32.08677745810671,Intermediate
user_0122,0.7543045168571175,0.19270199679509592,0.3501375823271682,0.41513963060985026,0.157218,False,20.173090101745323,Intermediate
user_0123,0.3882567861262089,0.5261033578890545,0.3491188114205191,0.5850821904242013,0.221578,False,37.34261106342751,Intermediate
user_0124,0.33733506649993067,0.5233191735932523,0.4438289230137088,0.39775214969330835,0.150633,False,26.512403914059725,Intermediate
user_0125,0.47046039703648485,0.5029413337044577,0.5360195962083114,0.4414278530382384,0.167174,False,23.62951349393139,Intermediate
user_0126,0.30521200063477727,0.2851570119347738,0.49191866261355444,0.17692628623854376,0.067004,False,44.574975977754,Intermediate
user_0127,0.34389030325694403,0.3135652115888542,0.3301328746176321,0.32663222597571534,0.123699,False,46.56737597710902,Intermediate
user_0128,0.8488377408382459,0.2649473491184166,0.558982593874397,0.40233329576142945,0.152368,False,51.00009526037586,Intermediate
user_0129,0.6215712902088891,0.35470613335321544,0.48362384647440454,0.4558814677163213,0.172648,False,52.62876614309395,Intermediate
user_0130,0.3492156616691006,0.45624207741229866,0.45588733841255363,0.3494873963808984,0.132355,False,50.28637456477968,Intermediate
user_0131,0.6701098917014969,0.49737482072133415,0.5278518271300292,0.6314192167540262,0.239126,False,23.409808144915957,Intermediate
user_0132,0.3896599827464701,0.43411161062243075,0.480807418216409,0.3518163744907998,0.133237,False,27.050638025656497,Intermediate
user_0133,0.5623233610532327,0.3171040434502336,0.5096372215562739,0.34988616210563855,0.132506,False,23.4091106095932,Intermediate
user_0134,0.47889108339199415,0.27544652756499344,0.5022035411607402,0.2626602068501593,0.099473,False,31.726883114005375,Intermediate
user_0135,0.6322958320922248,0.5722816821401339,0.23673889539393767,1.5284827691613883,0.578854,False,23.466586442261423,Intermediate
user_0136,0.5756644043946283,0.48342582300129994,0.22568080584914624,1.2331178870969064,0.466996,False,42.51798267811809,Intermediate
user_0137,0.4455492976361288,0.6000601890624507,0.5575311614107787,0.4795362381174499,0.181606,False,44.80175772535482,Intermediate
user_0138,0.36675309845190895,0.4702663817076744,0.2008250518028544,0.8588154268640218,0.325244,False,24.745372944326355,Intermediate
user_0139,0.3172534490421861,0.19355806669813372,0.3190935888678028,0.19244186154852738,0.07288,False,41.37673781371562,Intermediate
user_0140,0.5676216252935712,0.5964867602906581,0.45355808185644286,0.7464948765910091,0.282706,False,19.82761863782171,Intermediate
user_0141,0.2441101690577991,0.3649164402417649,0.5088861688365498,0.1750486049228805,0.066293,False,34.637329700583535,Intermediate
user_0142,0.48424679606932247,0.6305487309309817,0.4291417734307108,0.7115159176369614,0.269459,False,29.27220594697712,Intermediate
user_0143,0.4869077062944523,0.3323994566896326,0.4210514372946588,0.38438975073966397,0.145573,False,54.9458155708402,Intermediate
user_0144,0.4644807441071712,0.776011724459244,0.3163613037679313,1.1393381520425252,0.431481,False,52.22024628339136,Intermediate
user_0145,0.5246050645663831,0.4235795191290238,0.7755318495368081,0.28652847863617303,0.108512,False,24.312356420185598,Intermediate
user_0146,0.3960116271777245,0.40064001806000193,0.42688067204047403,0.3716685150116409,0.140755,False,52.02534849035337,Intermediate
user_0147,0.31256562304018004,0.5378055220790573,0.5898189050230825,0.28500191609916486,0.107934,False,34.07643414616051,Intermediate
user_0148,0.5549567873031864,0.09864215232380655,0.4208657950999009,0.13007028032130072,0.049259,False,39.759332592943274,Intermediate
user_0149,0.4204145697026502,0.36659136316143265,0.39255623192437106,0.3926070653488291,0.148685,False,38.21551933815287,Intermediate
user_0150,0.582186353323408,0.6614383068810663,0.5487505831866893,0.7017402215689122,0.265757,False,45.141635863207355,Intermediate
user_0151,0.49830014633885406,0.2625824353502917,0.12589443756174348,1.039322058187771,0.393604,False,31.058444573109583,Intermediate
user_0152,0.5574968441184456,0.45940815073201113,0.9068296875314423,0.28243296146665575,0.106961,False,21.508573104185036,Intermediate
user_0153,0.42699510888321485,0.37438071232419895,0.6018185425210458,0.2656261343377544,0.100596,False,34.03456983264508,Intermediate
user_0154,0.40343001679696255,0.2349586599140141,0.4074726344455424,0.23262758797209698,0.088099,False,38.60219981912502,Intermediate
user_0155,0.7814530012217807,0.5143595643214234,0.48805067071144576,0.8235780613930369,0.311899,False,38.976902483709736,Intermediate
user_0156,0.8070068990835246,0.3860158138445408,0.307608489610955,1.0127075014147846,0.383524,False,47.533514699498824,Intermediate
user_0157,0.7233283700572213,0.21801885318664127,0.380818970627951,0.4141054776163065,0.156827,False,20.59213057954335,Intermediate
user_0158,0.5316778333464912,0.47232739421886794,0.5992225417747357,0.4190863795689565,0.158713,False,54.5713970316058,Intermediate
user_0159,0.48240159680859757,0.1880028481966527,0.57410894054432,0.1579715412350878,0.059826,False,54.66034010410397,Intermediate
user_0160,0.26949697319455507,0.507339009327147,0.4065645421752049,0.336296733270629,0.12736,False,22.5646055958101,Intermediate
user_0161,0.543510063218079,0.2748218043888791,0.348545053140652,0.42854837539992297,0.162296,False,31.384629473113925,Intermediate
user_0162,0.3838733235058664,0.7456515465935478,0.43941593192513184,0.6514004535841995,0.246693,False,40.25118432494982,Intermediate
user_0163,0.28229025969241056,0.31412450029248234,0.4304441642498789,0.20600647918608292,0.078017,False,32.4397298670382,Intermediate
user_0164,0.5237131062858109,0.3856877952560322,0.6358452255592536,0.31767125896463827,0.120306,False,36.55448876100106,Intermediate
user_0165,0.8062756168448014,0.4572879784654082,0.2889750574379528,1.275889172518201,0.483194,False,30.733420842003234,Intermediate
user_0166,0.29102783541993743,0.30974100272169314,0.2894753042097832,0.3114022241343543,0.117932,False,44.63679965040466,Intermediate
user_0167,0.485263965059535,0.5583849100475393,0.34858081090134124,0.7773350310891657,0.294386,False,32.10462080274608,Intermediate
user_0168,0.4391869016884008,0.4195392141523691,0.25240575577169183,0.7299997063736945,0.27646,False,34.47591106291009,Intermediate
user_0169,0.5577014259298754,0.15546282170256187,0.05271050455467113,1.6448682871679576,0.622931,False,39.73267849463136,Intermediate
user_0170,0.5898677939959726,0.19646843424868232,0.602223786119754,0.1924374369979931,0.072878,False,53.89124545838045,Intermediate
user_0171,0.39321687559753693,0.5814064682226074,0.48968053147147556,0.46687344134286796,0.17681,False,42.104960862169676,Intermediate
user_0172,0.41865006710967373,0.37181321553052316,0.3102347605487749,0.5017478613897761,0.190018,False,22.48916137769961,Intermediate
user_0173,0.6019880410474767,0.37475535668098736,0.24333029634604494,0.9271276385559822,0.351114,False,30.480422347172734,Intermediate
user_0174,0.36650791581736447,0.3676100319853267,0.5563565162178208,0.2421684346800163,0.091712,False,34.10972359352667,Intermediate
user_0175,0.3105151617921931,0.27629159586109564,0.31328685433092573,0.2738472055390114,0.103709,False,45.64625752678548,Intermediate
user_0176,0.5258141543524597,0.37153372863295114,0.36419983584711524,0.5364024749768399,0.203142,False,35.08751986385668,Intermediate
user_0177,0.47676035629074376,0.36380403161433233,0.35849207973486974,0.4838247468695394,0.18323,False,42.72775191676246,Intermediate
user_0178,0.503201541949907,0.7356847184072256,0.45122109489186857,0.8204352342618508,0.310709,False,49.22181122805273,Intermediate
user_0179,0.6552314911882116,0.42079913592652307,0.28595828894050374,0.9641995213547139,0.365154,False,22.756153013808813,Intermediate
user_0180,0.6154069747357566,0.4010975231906581,0.5827028349954156,0.42360908253125257,0.160426,False,46.56662487797363,Intermediate
user_0181,0.4736061040220821,0.39107789018680633,0.3799754157851964,0.48744436678307057,0.184601,False,45.84087272206003,Intermediate
user_0182,0.4898169741904608,0.40260692584728125,0.6122653457891648,0.322088629648731,0.121979,False,48.5096456583038,Intermediate
user_0183,0.3367105436749861,0.37184284339776896,0.3323281645669485,0.37674629872332976,0.142678,False,53.418392908104124,Intermediate
user_0184,0.25918019652585694,0.5054721729228832,0.5646657831487828,0.23201047597740773,0.087865,False,30.14552711483715,Intermediate
user_0185,0.49212403882908234,0.3613517265260089,0.21797264718922574,0.815835717870896,0.308967,False,34.444737737683724,Intermediate
user_0186,0.5861445327507148,0.5838635938339415,0.6190722349186237,0.5528085966299784,0.209355,False,28.456551966739344,Intermediate
user_0187,0.6695592088323965,0.3501654640246807,0.6958493274510346,0.3369357442819292,0.127602,False,30.7758025729028,Intermediate
user_0188,0.6908243340568366,0.5414328204489334,0.06024949538194903,6.208101250507925,2.351081,True,30.87373452429922,Intermediate
user_0189,0.6917078284168358,0.5486583387501333,0.5655651197206651,0.6710301869872835,0.254127,False,50.31190067809146,Intermediate
user_0190,0.5918671197991786,0.30299534403086814,0.3364358493885441,0.5330376709558158,0.201868,False,21.264339436533994,Intermediate
user_0191,0.41042654446825927,0.19962042418236986,0.7556783811093024,0.10841850574339482,0.041059,False,26.29714981149371,Intermediate
user_0192,0.4212387979716819,0.6562988193348154,0.3146830714998919,0.8785300221239472,0.33271,False,40.980095714993034,Intermediate
user_0193,0.6153818046183048,0.3552807988638789,0.565727040353085,0.38646436100107934,0.146359,False,46.54701215454088,Intermediate
user_0194,0.5239605872593218,0.4189218219632837,0.43846802416673647,0.5006032635304744,0.189584,False,44.10557394340918,Intermediate
user_0195,0.6295964039942913,0.28955950797146424,0.326119702747811,0.5590144459998098,0.211705,False,20.676724324547468,Intermediate
user_0196,0.5135291542305529,0.31233975972192596,0.5158945113337994,0.3109076935668229,0.117744,False,35.3365977265252,Intermediate
user_0197,0.47771324815883665,0.6000112145597727,0.19494391827290283,1.4703372579072638,0.556834,False,25.64104917367319,Intermediate
user_0198,0.4976530249177871,0.6038926790846346,0.41929440394862527,0.7167494143542104,0.271441,False,54.57311943814578,Intermediate
user_0199,0.4102717080549305,0.4487998081630556,0.36207569989505495,0.5085396891400077,0.19259,False,54.96011067514059,Intermediate
user_0200,0.7372620766985877,0.3699946083362342,0.5074255035200606,0.5375823473927309,0.203589,False,20.83234754503359,Intermediate
user_0201,0.4220025864708488,0.49202190340797014,0.41973229712608257,0.4946831998875288,0.187342,False,43.03806862370346,Intermediate
user_0202,0.5582370725420565,0.319754770735151,0.46572329245584737,0.38327257845595003,0.14515,False,48.2703378570833,Intermediate
user_0203,0.406371408892627,0.4311191630608809,0.511411186105533,0.34257072675275396,0.129736,False,30.69207528259049,Intermediate
user_0204,0.7277107586232752,0.26209588771662945,0.358479723863689,0.5320523995796029,0.201495,False,43.97091170483465,Intermediate
user_0205,0.2919606367443312,0.24528898716348585,0.43952386281747763,0.16293706653275178,0.061706,False,25.756067253358058,Intermediate
user_0206,0.3643522288071613,0.4543920058596573,0.6736728785876291,0.24575538863048868,0.09307,False,23.60652951782155,Intermediate
user_0207,0.6202236484076409,0.4284765491980279,0.4303569657124859,0.6175136218853741,0.23386,False,52.310865404255956,Intermediate
user_0208,0.529004788865565,0.4145439898833602,0.3569865245577767,0.6142970133547544,0.232642,False,42.131286081358866,Intermediate
user_0209,0.4124426077969264,0.3371383891823189,0.5518079780039122,0.25199026104299066,0.095432,False,48.41010064800918,Intermediate
user_0210,0.590147137132827,0.4523362703091879,0.3547420066376264,0.7525044960829677,0.284982,False,38.17767424576484,Intermediate
user_0211,0.4753133448014305,0.32117519447209447,0.672994432584424,0.22683524344405448,0.085905,False,24.570112847320154,Intermediate
user_0212,0.43167441465334894,0.1514323720562511,0.6044244685268817,0.10815161193965304,0.040958,False,32.55958665891038,Intermediate
user_0213,0.43452290115103004,0.382378193675635,0.33168046653478606,0.5009402084744163,0.189712,False,50.73965030618601,Intermediate
user_0214,0.679356007434675,0.25325612138137843,0.33786959340418055,0.5092232945455571,0.192849,False,19.561836793509578,Intermediate
user_0215,0.5949794477376509,0.5129605339912502,0.5411563174576085,0.5639793260830452,0.213586,False,26.45839475362417,Intermediate
user_0216,0.5742675397659432,0.6109230769771115,0.5856503568068879,0.5990490543106923,0.226867,False,28.11831753066884,Intermediate
user_0217,0.5068988240297209,0.6920575060009976,0.5653213118391535,0.620537610392899,0.235005,False,28.467847914331976,Intermediate
user_0218,0.48190836392378095,0.060150307701133054,0.3940688523255651,0.07355805007856113,0.027857,False,22.549121015787264,Intermediate
user_0219,0.3823944993272273,0.4715816286237727,0.41010278256944027,0.4397195738094553,0.166527,False,49.53590896493853,Intermediate
user_0220,0.6743720939239151,0.40095493171031715,0.3789950640850317,0.7134468031117718,0.270191,False,24.74250112015511,Intermediate
user_0221,0.32544469820016875,0.49618186188497865,0.39820531457382774,0.40551883760360047,0.153575,False,48.868277889118744,Intermediate
user_0222,0.7254122439267836,0.34412900387724715,0.3231266118439476,0.7725621590816013,0.292578,False,31.78222399595098,Intermediate
user_0223,0.5230027494437641,0.20812315452656538,0.6610266735743686,0.1646665503703869,0.062361,False,35.463451299313476,Intermediate
user_0224,0.681118779462322,0.33712520847578653,0.49328289928984925,0.46549821786561524,0.17629,False,35.66263022577863,Intermediate
user_0225,0.4440082220169767,0.5879896253464686,0.48191388873082597,0.5417404109312489,0.205163,False,44.67335759993069,Intermediate
user_0226,0.6904932472717025,0.2951279590977606,0.5899890610943535,0.3454027816381717,0.130808,False,45.32679402720839,Intermediate
user_0227,0.6103484165784456,0.40576940577204945,0.19455540680254788,1.2729572432818343,0.482084,False,42.06476900933296,Intermediate
user_0228,0.4801703220918906,0.4515630048969815,0.4977043745146765,0.43565450618672774,0.164988,False,46.85566540784204,Intermediate
user_0229,0.6153955592469398,0.11545957125361249,0.6083188003126994,0.11680274781168133,0.044235,False,19.298914445130475,Intermediate
user_0230,0.6552381363437205,0.3897812678003543,0.23434189716078455,1.0898586833576942,0.412742,False,37.1731755231677,Intermediate
user_0231,0.6630489581508555,0.38434727519320033,0.5908326526918424,0.43132528174248996,0.163348,False,37.86491238470619,Intermediate
user_0232,0.47026150026317687,0.35498488745977563,0.49426226170292625,0.3377472622984211,0.127909,False,27.616234272070564,Intermediate
user_0233,0.30639282424269937,0.3368127606794539,0.42217493669410444,0.24444135360960997,0.092573,False,39.029352691553434,Intermediate
user_0234,0.14822231777118863,0.45631519500614287,0.4023152225325526,0.16811716795665063,0.063668,False,35.817665309699514,Intermediate
user_0235,0.6627369767082866,0.22490673766940855,0.266937432481017,0.5583855736491636,0.211467,False,35.996043113183894,Intermediate
user_0236,0.4948752666384451,0.5973318346796155,0.16397245810482314,1.8027707480590076,0.682731,False,23.264219116886803,Intermediate
user_0237,0.38067740282605694,0.5947729922914283,0.5619083766965767,0.4029422720260414,0.152599,False,34.66945137882071,Intermediate
user_0238,0.5322252729001709,0.5399598185627352,0.2472660680211179,1.1622308879240748,0.440151,False,46.591506227866645,Intermediate
user_0239,0.54242191182565,0.14774532726493053,0.31196981037772237,0.25688480170987965,0.097285,False,33.75963968392159,Intermediate
user_0240,0.5358779493083695,0.2983237299897995,0.75308701638327,0.2122797302026477,0.080393,False,36.54994324768581,Intermediate
user_0241,0.41762673226935737,0.5099013624955911,0.4489655300761071,0.4743091073442286,0.179626,False,53.83073482138416,Intermediate
user_0242,0.5920958491349052,0.47319237906526657,0.46496850352406666,0.6025682199188211,0.2282,False,50.384234232976006,Intermediate
user_0243,0.331001303498539,0.5753946540993772,0.35915606435452174,0.5302886389382694,0.200827,False,52.433205664661536,Intermediate
user_0244,0.43176507617201626,0.34410232062298324,0.5932330953205466,0.25044348645867626,0.094846,False,21.796355826045676,Intermediate
user_0245,0.3493496422242557,0.4083739217221904,0.23226165642297342,0.6142438043563876,0.232621,False,41.26890435863793,Intermediate
user_0246,0.6006192122219899,0.4153539913116645,0.5176199485517239,0.48195512509298616,0.182522,False,27.042827485622215,Intermediate
user_0247,0.3856683135306662,0.27457631155798495,0.23246319798310572,0.4555361189762811,0.172517,False,33.55277150617078,Intermediate
user_0248,0.27150569674924585,0.4081093738321471,0.7035436085838357,0.15749417454766332,0.059645,False,43.47100620001477,Intermediate
user_0249,0.5443652974936523,0.39009769474374,0.4830901331449119,0.4395776959225618,0.166473,False,39.840936358852844,Intermediate
user_0250,0.5440425531842751,0.2601086421997777,0.26195586571157287,0.5402061504645681,0.204582,False,37.20636332977486,Intermediate
user_0251,0.34060052216284464,0.5731519871205059,0.40314679119012475,0.48423023662329523,0.183384,False,48.320143712966676,Intermediate
user_0252,0.6341659504960727,0.3728963025915808,0.5190151239081834,0.4556286074840764,0.172552,False,43.57355065803193,Intermediate
user_0253,0.4968600500698377,0.28751538782070035,0.3350430927216927,0.42637772003587016,0.161474,False,48.55762383055011,Intermediate
user_0254,0.42418978665195023,0.4858242831410157,0.34656178435264273,0.5946463468292466,0.2252,False,52.54956087706408,Intermediate
user_0255,0.18971005087846893,0.34747370115061027,0.5947616805756596,0.11083305410733603,0.041974,False,44.63094887047015,Intermediate
user_0256,0.5887448183768792,0.4229428072869109,0.39591407347389085,0.6289379512960426,0.238186,False,33.23423492140971,Intermediate
user_0257,0.5324935113992202,0.5181341114915622,0.5920993118328776,0.4659742831819601,0.17647,False,26.660020579959898,Intermediate
user_0258,0.5402784466406307,0.1575508323921421,0.44658817267436923,0.19060361245579002,0.072184,False,28.75295155290037,Intermediate
user_0259,0.17302494834821705,0.1828946327036789,0.514941952833498,0.0614541778982852,0.023273,False,33.27868270175355,Intermediate
user_0260,0.5248716742121049,0.4055973189029068,0.5894537675855711,0.3611590179506401,0.136775,False,45.64327973573242,Intermediate
user_0261,0.6262360291985801,0.07745483902844148,0.6413721940293019,0.07562693126850834,0.028641,False,20.445568228155818,Intermediate
user_0262,0.5443146917689671,0.23582054591691806,0.2535725667363653,0.5062084965090523,0.191707,False,48.31413310279935,Intermediate
user_0263,0.5404653707907128,0.28784328709133955,0.5170303062731234,0.300890154793476,0.113951,False,46.292857536910404,Intermediate
user_0264,0.4902188084028333,0.16777798203567232,0.6911167735755637,0.11900727282922273,0.045069,False,36.978999510957294,Intermediate
user_0265,0.4966288497019217,0.4884983656948521,0.5496335930151378,0.44138929010043504,0.167159,False,33.388005763514116,Intermediate
user_0266,0.5965967690271946,0.44304895102931746,0.4294470460328521,0.615492818373603,0.233094,False,23.057093877462624,Intermediate
user_0267,0.5354105053943293,0.6142985563646247,0.6007485850028138,0.5474867669054103,0.20734,False,29.429256732946065,Intermediate
user_0268,0.4161522618505062,0.23616441415129777,0.7318840788176715,0.13428404574182037,0.050855,False,22.946610640806806,Intermediate
user_0269,0.39308902791478867,0.3536272029849489,0.505083279893098,0.2752159475463143,0.104228,False,48.479842549633155,Intermediate
user_0270,0.3358737768461352,0.19536549722287028,0.5278588644293878,0.12431002269631558,0.047078,False,37.336163070092624,Intermediate
user_0271,0.36844622300733093,0.3097948990306827,0.4847048574810543,0.23548920274489715,0.089183,False,27.884324077420754,Intermediate
user_0272,0.4449489324606515,0.6467730958693941,0.20788424974268147,1.3843328626751283,0.524263,False,19.65121654675477,Intermediate
user_0273,0.5983023458019086,0.5018111001712345,0.526417292519765,0.5703360483178151,0.215993,False,37.86115487221871,Intermediate
user_0274,0.3262490014088052,0.21341424771309556,0.24387548296645808,0.28549891262495214,0.108122,False,46.0751354624127,Intermediate
user_0275,0.3777037892222203,0.11815394685698943,0.5140444979496839,0.0868158177306549,0.032878,False,46.59377628254687,Intermediate
user_0276,0.4576619535342407,0.11419117401704564,0.19204747087701876,0.2721251966420106,0.103057,False,26.719343351209712,Intermediate
user_0277,0.3649045137982618,0.5005692359823929,0.24310092039931036,0.7513750806804457,0.284555,False,54.82223242137632,Intermediate
user_0278,0.37318452504406335,0.2827060281543327,0.3705728717543241,0.2846984301479354,0.107819,False,39.47607698525523,Intermediate
user_0279,0.4249212991257723,0.7673554686769585,0.3435320686858558,0.9491564612550075,0.359457,False,30.952253321468774,Intermediate
user_0280,0.38012379072976227,0.4188893335339091,0.5691138175343582,0.2797855129383857,0.105958,False,33.14107889457331,Intermediate
user_0281,0.6589694420238472,0.28907245103141815,0.4358041548491279,0.43709980650961366,0.165535,False,23.479726572563955,Intermediate
user_0282,0.342380807382035,0.21353138866502566,0.2935339433375663,0.2490650601469372,0.094324,False,36.76081054047063,Intermediate
user_0283,0.47283562820986696,0.5442755882385368,0.3206461842480769,0.8026070551488464,0.303957,False,46.118635761062464,Intermediate
user_0284,0.20382377297789905,0.08870828406693523,0.43856680830890443,0.04122714444040357,0.015613,False,33.73876350967339,Intermediate
user_0285,0.5028139389170989,0.6540055199743479,0.40258068887973325,0.8168377188853827,0.309346,False,50.206695670613186,Intermediate
user_0286,0.638697524796967,0.15733577310711236,0.47261251418781686,0.21262655098801514,0.080524,False,36.16308560872342,Intermediate
user_0287,0.18855647705816242,0.48824253186846023,0.52539400108761,0.17522334013806742,0.066359,False,51.4219536783897,Intermediate
user_0288,0.4795311291917173,0.30469326817944825,0.5941060555155055,0.24593236441669675,0.093137,False,44.31533553979979,Intermediate
user_0289,0.6220991867805701,0.36124268928515335,0.4915309727051373,0.45720167337152073,0.173148,False,20.980349257216965,Intermediate
user_0290,0.5899407512037215,0.6049560300016333,0.40120627505010564,0.8895379683177034,0.336879,False,21.412628729451455,Intermediate
user_0291,0.2773626701076989,0.23003642190231086,0.33072425193334937,0.19292058513357635,0.073061,False,47.80383042699561,Intermediate
user_0292,0.41597397102603195,0.2939462435798609,0.6868043424600899,0.1780332165229507,0.067423,False,31.845653648448426,Intermediate
user_0293,0.46152200426832307,0.21253708580565836,0.43724112509595847,0.22433969769163115,0.08496,False,25.812822655748437,Intermediate
user_0294,0.5386432065117508,0.49231296703009486,0.47980713375079587,0.5526825603767178,0.209307,False,50.151537315781205,Intermediate
user_0295,0.5238239652787978,0.3182089069038885,0.6949960442409737,0.23983654695972972,0.090829,False,54.39903998418802,Intermediate
user_0296,0.6264446112757664,0.6446125658304646,0.4081722205799253,0.9893227609938924,0.374668,False,48.11493646868545,Intermediate
user_0297,0.6423212738078676,0.321658080570468,0.5314688111482246,0.38874873503159263,0.147224,False,45.1046624949537,Intermediate
user_0298,0.5782542028956331,0.4859673504632649,0.29890233462960303,0.9401487720852575,0.356045,False,19.03450815195621,Intermediate
user_0299,0.45029236060324057,0.21748599827550702,0.4285403783732032,0.2285252184015762,0.086545,False,22.815061344376165,Intermediate
user_0300,0.7195474471665103,0.43085955356950534,0.5156550538012291,0.6012234139331165,0.22769,False,43.15397650672256,Intermediate
user_0301,0.6405822344358304,0.4402501663105564,0.3569435284484199,0.7900869823073845,0.299215,False,33.74432215111857,Intermediate
user_0302,0.5412739506140309,0.37174782856427885,0.6540937388487212,0.3076277968251769,0.116502,False,19.701111675506837,Intermediate
user_0303,0.5500856533809904,0.3303099148792222,0.4246276686759262,0.42790133273964265,0.162051,False,45.67130799515393,Intermediate
user_0304,0.42185695414808855,0.39425049855662503,0.5952504208142033,0.2794073026693015,0.105815,False,34.0755427345885,Intermediate
user_0305,0.6044334445094323,0.23112647132714645,0.34613807313613376,0.4035978126180716,0.152847,False,42.71770102729197,Intermediate
user_0306,0.722038436823648,0.44881422004178106,0.6108567306332046,0.530502655716465,0.200908,False,35.860086826014665,Intermediate
user_0307,0.37130831825945504,0.43468968166439537,0.6261995855749629,0.25775151945421193,0.097614,False,19.95391771815259,Intermediate
user_0308,0.38089297587960025,0.0933543119584479,0.15694238577522848,0.22656723049929695,0.085804,False,41.89328445035486,Intermediate
user_0309,0.5693800141659626,0.4230779837231812,0.5961553677752868,0.4040761207343738,0.153028,False,47.37109541959009,Intermediate
user_0310,0.3727524250402883,0.4561304460546711,0.27257433721576213,0.6237701305203985,0.236229,False,24.615164399183243,Intermediate
user_0311,0.48501264075452055,0.507790731847609,0.37040449354855676,0.6649080345775927,0.251809,False,51.07895764905016,Intermediate
user_0312,0.4893983411346223,0.33308101936416734,0.20269048627399214,0.8042276741094816,0.304571,False,25.536223472227093,Intermediate
user_0313,0.40688988077073607,0.401858824871811,0.10498356195481524,1.5575037300518983,0.589845,False,34.22211885616939,Intermediate
user_0314,0.7460113897012983,0.2031012142636343,0.601215630488213,0.2520157684187246,0.095441,False,37.97873284272501,Intermediate
user_0315,0.33963528075641264,0.5226394467397553,0.26894570336439705,0.6600097826709926,0.249953,False,30.299167284047854,Intermediate
user_0316,0.49432162361616977,0.43089277337197635,0.5184689669203986,0.4108242323602983,0.155584,False,37.0164591623576,Intermediate
user_0317,0.3875298728899676,0.3879038395404001,0.32941911176752275,0.4563315249805795,0.172818,False,44.86083001431119,Intermediate
user_0318,0.6901769276895959,0.317171233378184,0.635652579523528,0.3443772187136579,0.13042,False,44.72038722258459,Intermediate
user_0319,0.57679479705163,0.4401779684748085,0.3537661447339416,0.7176841701004822,0.271795,False,52.20217817564323,Intermediate
user_0320,0.5129227134188318,0.46447531213225257,0.3778626248608698,0.6304935226199059,0.238775,False,50.03527351443276,Intermediate
user_0321,0.7188492700069868,0.23503949560791532,0.290740639589374,0.5811295251987723,0.220081,False,54.46380094170214,Intermediate
user_0322,0.45824173040308974,0.5501943537322518,0.25797227891734764,0.9773221129432076,0.370123,False,40.43367147247782,Intermediate
user_0323,0.5566168895236455,0.4114502984500079,0.5493067932497457,0.4169258201995211,0.157895,False,33.41852791521892,Intermediate
user_0324,0.40492244751115075,0.3500134098208888,0.4051815874117617,0.34978955354742663,0.132469,False,27.643532117703796,Intermediate
user_0325,0.5018458441727957,0.17733560751525487,0.16354265831040257,0.5441707905131188,0.206084,False,27.782897333620937,Intermediate
user_0326,0.5870337597303596,0.6193813775998529,0.6484445918821939,0.5607229720954597,0.212352,False,24.433263951564268,Intermediate
user_0327,0.4055941284371296,0.33736713005146113,0.4522623740773749,0.302554744589803,0.114581,False,45.16001106581871,Intermediate
user_0328,0.471547317270107,0.42553636998411765,0.27934777169005115,0.7183180035869848,0.272036,False,42.552722701183676,Intermediate
user_0329,0.5513176096874216,0.4042219884491929,0.20206691588387973,1.1028757452950477,0.417672,False,29.522591059835893,Intermediate
user_0330,0.08710643843558392,0.18137419584744158,0.4122685403297816,0.03832177010584144,0.014513,False,16.950612191668004,Basic
user_0331,0.2628014785067174,0.16643330808560822,0.7161495331370535,0.06107512106593985,0.02313,False,10.493440560831035,Basic
user_0332,0.2969572697505217,0.2892061632297915,0.7201597029213387,0.11925392698225337,0.045163,False,1.3113615558515481,Basic
user_0333,0.15754487610030873,0.2535883322191551,0.7422175384171034,0.05382726803405067,0.020385,False,1.1675675737219664,Basic
user_0334,0.6736499477813209,0.2049803459767886,0.6819153640616907,0.20249580320493943,0.076688,False,2.720552051540401,Basic
user_0335,0.14504354170505904,0.18738561542281457,0.7206451670825059,0.03771491791936968,0.014283,False,4.014003993196356,Basic
user_0336,0.18018124442461256,0.04332752365269017,0.43075311793918425,0.01812362303244141,0.006864,False,16.861309487137,Basic
user_0337,0.07544943943121765,0.09936763943792787,0.5372891695341893,0.013953813176049778,0.005284,False,14.79051920448906,Basic
user_0338,0.17251364870119576,0.09181415904753423,0.7865203018599136,0.020138317526281906,0.007627,False,3.832758641326899,Basic
user_0339,0.3357713777831815,0.20687379289575258,0.8350554221247666,0.08318286023590533,0.031502,False,4.721354692762496,Basic
user_0340,0.4618143029797763,0.03991380776388748,0.713596464237709,0.025830799668323846,0.009782,False,12.098972435333652,Basic
user_0341,0.2686118735927294,0.17206730751827978,0.8346228462945385,0.05537749423196434,0.020972,False,16.558938385436452,Basic
user_0342,0.04245275852846869,0.23099440838486862,0.7354897118499978,0.013333089073296655,0.005049,False,6.017853347890949,Basic
user_0343,0.06356740051287216,0.23346827341721843,0.6575889038255766,0.022568767746874257,0.008547,False,9.984434896912402,Basic
user_0344,0.04059589861571288,0.15529024697001068,0.7573000562890633,0.00832450370186855,0.003153,False,16.91717342659584,Basic
user_0345,0.09860553503202436,0.31304860150725,0.3566919614609658,0.08654056771062786,0.032774,False,14.642003576924282,Basic
user_0346,0.13877431900604545,0.3110426803128472,0.6368898789518512,0.06777425355426903,0.025667,False,16.93867970746844,Basic
user_0347,0.06940230449372817,0.13599237775567183,0.868126999418037,0.0108718936470727,0.004117,False,5.28340316229235,Basic
user_0348,0.27855644052650913,0.23536973232976707,0.7054955039494424,0.09293291662161408,0.035195,False,13.1277488116505,Basic
user_0349,0.08554310735692691,0.030961974602311298,0.7113201981704838,0.003723475762673574,0.00141,False,2.166239283331378,Basic
user_0350,0.22622237576309734,0.3427925586046658,0.7837481235031384,0.09894422031257054,0.037471,False,11.70794930143491,Basic
user_0351,0.31019163646053755,0.045935420829299335,0.9103091338669179,0.015652686355036527,0.005928,False,5.776485193812808,Basic
user_0352,0.1569174409954091,0.18201001251593657,0.8145196640048954,0.035064279797880356,0.013279,False,13.328125974407302,Basic
user_0353,0.34841717981007014,0.22427245336145937,0.6211743407702138,0.12579459675104485,0.04764,False,2.6956168866600656,Basic
user_0354,0.22922310164835083,0.2222956764689055,0.6898408750524823,0.07386530181955979,0.027974,False,12.646025111989438,Basic
user_0355,0.13207337538969033,0.13684116355742237,0.7481553804638318,0.024156846071302387,0.009148,False,13.461863570023949,Basic
user_0356,0.147825353893792,0.14029566507819877,0.8273906685239734,0.02506585719288752,0.009493,False,16.285969994353476,Basic
user_0357,0.12188024922813001,0.2301050742098654,0.5671197655706575,0.049452100765938804,0.018728,False,13.054455229608038,Basic
user_0358,0.29447679235798807,0.1875976559115006,0.5230687381335998,0.10561356842661529,0.039997,False,9.934421353726556,Basic
user_0359,0.2559311266563211,0.05911816331508959,0.6170242154615524,0.02452120640316434,0.009286,False,14.899033394751008,Basic
user_0360,0.20379966478766334,0.292641063083665,0.6930750848544612,0.08605149984879372,0.032589,False,5.404230361524695,Basic
user_0361,0.05658328365482541,0.38492289846837563,0.5116877796617638,0.04256541276727543,0.01612,False,12.871863223600007,Basic
user_0362,0.11541564304862896,0.14298839959582288,0.8400138244470238,0.019646222011536665,0.00744,False,13.766026802620283,Basic
user_0363,0.09552851560225523,0.25094245011385796,0.6911331558149515,0.034685298425168154,0.013136,False,7.458282820623248,Basic
user_0364,0.0237899680611132,0.13759765307090127,0.7374239306916838,0.004439025688752023,0.001681,False,18.790363837312814,Basic
user_0365,0.07220559772556047,0.19651209355769214,0.7564920875760822,0.018756670966776468,0.007103,False,6.765704577332708,Basic
user_0366,0.06583966990553579,0.4014646768751605,0.5998005095958853,0.04406848840792396,0.016689,False,1.605332218503186,Basic
user_0367,0.16450911379008062,0.14211505251574683,0.9038290886070417,0.025866860936759335,0.009796,False,5.766013210956169,Basic
user_0368,0.2904469702198925,0.20711588715462823,0.7620066934620546,0.07894442716133765,0.029897,False,1.8893056240882404,Basic
user_0369,0.13327334356608933,0.03158673403193833,0.6217473355083833,0.006770707997207721,0.002564,False,6.446778992223389,Basic
user_0370,0.16037134716059395,0.1325009112409356,0.7581504934901093,0.02802787812996701,0.010614,False,2.429584781767671,Basic
user_0371,0.18477563271549216,0.08862269501444843,0.5639032162763721,0.029039228845648524,0.010997,False,8.351162413324975,Basic
user_0372,0.18029295135027115,0.4724471891767925,0.5861455972519369,0.14532037516476,0.055035,False,14.781533940044694,Basic
user_0373,0.20618944371543937,0.2468949337957914,0.5297554743538246,0.09609552240608558,0.036393,False,1.2814180089095468,Basic
user_0374,0.35710306873205,0.12477092909224662,0.8876358900103156,0.05019634984213231,0.01901,False,10.699050583908408,Basic
user_0375,0.16235056968346065,0.28546946622040786,0.5619663420235793,0.08247136350057781,0.031233,False,0.8327240941458941,Basic
user_0376,0.37298678314389616,0.055352035018741086,0.6514188114442019,0.03169324729253225,0.012003,False,16.807574215152744,Basic
user_0377,0.1905957423087757,0.28025995801269826,0.8830645805655783,0.06048974889542603,0.022908,False,17.506270275553963,Basic
user_0378,0.1686163945136806,0.13155916938702453,0.35886862293717897,0.061813798670099576,0.02341,False,9.354799028381247,Basic
user_0379,0.5902976332326446,0.24599432402798652,0.876471977797293,0.16567542481770967,0.062743,False,14.615392108028171,Basic
user_0380,0.27875528353822093,0.06893177867376288,0.40367717367818157,0.047600158646367435,0.018027,False,11.26530777020752,Basic
user_0381,0.02776557747418746,0.01228368474333755,0.820751085711835,0.00041555059304469857,0.000157,False,6.47259468184102,Basic
user_0382,0.25175755078691253,0.30044581114330865,0.696482132044887,0.10860221400877494,0.041129,False,4.657675155542162,Basic
user_0383,0.07436902676489887,0.1342550263777615,0.6004671228533893,0.01662774741531978,0.006297,False,14.413320512451484,Basic
user_0384,0.18464220625582928,0.362467341090494,0.8152957104879139,0.08208895090908877,0.031088,False,8.16962413536827,Basic
user_0385,0.0731291515928442,0.2579273732999611,0.8504773806916391,0.0221781441931562,0.008399,False,17.4845307054895,Basic
user_0386,0.22076471673630754,0.27601981783437846,0.6982164953242634,0.0872729838178835,0.033051,False,18.538146983094606,Basic
user_0387,0.3806402493004796,0.2601366279981401,0.8630296595866668,0.11473356660861615,0.043451,False,3.9974607418279406,Basic
user_0388,0.23659235225923517,0.2667859586483859,0.5805409901844025,0.10872534166158954,0.041176,False,10.660202796046438,Basic
user_0389,0.15409712576581375,0.17426162981328702,0.563940364899812,0.04761712045610431,0.018033,False,10.20175057982786,Basic
user_0390,0.1265111069609312,0.09471016052235313,0.5003102669548288,0.023948913383406902,0.00907,False,16.493878372020536,Basic
user_0391,0.41237373624579304,0.07066061898736076,0.7749502074749738,0.03760058798125992,0.01424,False,13.128714236800194,Basic
user_0392,0.2254200443115472,0.08939994003110015,0.7504582331198955,0.026853644285411718,0.01017,False,11.5401726232133,Basic
user_0393,0.36051912000836334,0.2675120555824065,0.7134629164686972,0.13517620698150043,0.051193,False,12.901472566303363,Basic
user_0394,0.29179334173909816,0.423450247908148,0.8797855985870846,0.14044326605914273,0.053188,False,7.3996928725138345,Basic
user_0395,0.1555705196374248,0.10972989468444697,0.7353421310292796,0.02321468608350362,0.008792,False,18.245538387025523,Basic
user_0396,0.18820545330199898,0.26068871997654386,0.860499687191455,0.057016916384987765,0.021593,False,1.0948871524561614,Basic
user_0397,0.4209560824398628,0.1336806874643121,0.38338018477611924,0.14678301260068097,0.055588,False,0.5534507300396059,Basic
user_0398,0.1767256511838022,0.17917424221223388,0.6705878606560163,0.04721929293403061,0.017883,False,7.8962049889634605,Basic
user_0399,0.12415931779357782,0.12264393878877361,0.44594349449995585,0.03414645119693064,0.012932,False,2.9369430001965036,Basic
user_0400,0.1139785711464949,0.13100921525317888,0.5907620492114878,0.02527623970008151,0.009572,False,10.351206131910976,Basic
user_0401,0.29724636456196546,0.3006995110601584,0.8082022852133997,0.11059339737525244,0.041883,False,0.171188172778579,Basic
user_0402,0.13392672369594563,0.03849150039663728,0.7660661667599767,0.006729236666417088,0.002548,False,8.73397652055466,Basic
user_0403,0.1506433109128616,0.20784696597757482,0.6801764252051653,0.046033284832843684,0.017433,False,5.603566704383659,Basic
user_0404,0.30632312877312073,0.07353660117859426,0.35459919609738816,0.06352513485727575,0.024058,False,3.8448465849339337,Basic
user_0405,0.058189775901236925,0.2014748492851707,0.5525937304190146,0.02121590543698314,0.008035,False,8.448341218443693,Basic
user_0406,0.20098391621923012,0.2780857716774039,0.5593310564025865,0.09992430564474704,0.037843,False,16.236430274505725,Basic
user_0407,0.3476586573224418,0.284003279357023,0.762868858665849,0.12942748632983758,0.049016,False,12.452499000460215,Basic
user_0408,0.212521183466528,0.09183672477542744,0.8132030764684477,0.024000461876906,0.009089,False,3.0388913473299493,Basic
user_0409,0.18611689869369383,0.05366923084512758,0.6624212509040661,0.015079152105308408,0.005711,False,9.47858811424075,Basic
user_0410,0.2550123444963551,0.01147878255362904,0.7790763409777721,0.0037573099027638384,0.001423,False,17.7017512575077,Basic
user_0411,0.24375479591158347,0.052240741424696424,0.4628359072434292,0.027512842164921423,0.010419,False,8.345271630153043,Basic
user_0412,0.17835223826541058,0.4158500559982075,0.4473111710325849,0.16580803939876074,0.062793,False,8.9403784054298,Basic
user_0413,0.03500868993049537,0.2977183873719,0.7909893238252114,0.013176828556554722,0.00499,False,17.88579553559629,Basic
user_0414,0.2660154823725605,0.24566540647389198,0.8874084370984865,0.07364230367143866,0.027889,False,2.58035547669462,Basic
user_0415,0.06510131462569813,0.02547740335887214,0.8530831833986771,0.0019442564150706308,0.000736,False,13.965788223031021,Basic
user_0416,0.2911050872405564,0.17146208680920152,0.8152851903121526,0.0612221175266655,0.023186,False,5.684066601343484,Basic
user_0417,0.033983240311315756,0.07365490811595166,0.7531645181231672,0.003323354170812038,0.001259,False,16.45194151706823,Basic
user_0418,0.08308767460520713,0.11375831241212317,0.6732487819555691,0.014039258441554466,0.005317,False,1.0328872164963,Basic
user_0419,0.2022929230867132,0.23581751489428207,0.8064138035392159,0.059155999306612805,0.022403,False,18.817629794976114,Basic
user_0420,0.1572530036356207,0.392325062046696,0.9164076383442746,0.06732189020144001,0.025496,False,14.603567578457586,Basic
user_0421,0.14050158869082907,0.3737053066521495,0.764894955170041,0.06864496743235546,0.025997,False,5.4023266682489774,Basic
user_0422,0.5224997521460709,0.5381037104819857,0.9230336607248084,0.3046032526429639,0.115357,False,14.45626197997925,Basic
user_0423,0.2726506845817024,0.14937700350909158,0.9111979984810491,0.04469691805228897,0.016927,False,17.536425532023216,Basic
user_0424,0.035863253056623544,0.12413285969250298,0.5081495151986688,0.008760823392804137,0.003318,False,2.145430432322441,Basic
user_0425,0.32484889547247514,0.22860304965729977,0.7749600525351463,0.09582616283236778,0.03629,False,17.357988974665254,Basic
user_0426,0.283102296383111,0.1718299965554666,0.6479528741464369,0.0750756244062293,0.028432,False,6.8433140403175265,Basic
user_0427,0.19964036076323924,0.20315507001406533,0.7411238700544559,0.05472492940418857,0.020725,False,0.12272680357279142,Basic
user_0428,0.13071152163930705,0.08512647217874915,0.593191122414106,0.018757884752197432,0.007104,False,2.1359984389600064,Basic
user_0429,0.2768272189360706,0.1450252484749539,0.6732088458112212,0.05963518818956809,0.022585,False,16.811084662184726,Basic
user_0430,0.2139546749831119,0.1933502008397039,0.7525166729305283,0.05497310673194524,0.020819,False,18.670662894984492,Basic
user_0431,0.3072864977132324,0.21384538348150917,0.7159808318040701,0.09177871253424598,0.034758,False,17.012068256361687,Basic
user_0432,0.10326571588783298,0.2695168833549807,0.6615394932050089,0.04207134145335849,0.015933,False,8.389196004966378,Basic
user_0433,0.12015575009509079,0.261228072745434,0.46774919836004414,0.06710445498714036,0.025413,False,18.266791967612257,Basic
user_0434,0.07563733756378911,0.07439195201553266,0.8329516212336303,0.006755265303757432,0.002558,False,7.7301541645794805,Basic
user_0435,0.0968576524883455,0.09632940219297981,0.49556803915035086,0.018827363802585737,0.00713,False,2.160225316000116,Basic
user_0436,0.15011850796740894,0.141560528157123,0.648892613643154,0.032749417742196994,0.012403,False,6.477888431225044,Basic
user_0437,0.22083392259410303,0.2028878691943516,0.9623630698975768,0.04655677820816258,0.017632,False,18.97000210819596,Basic
user_0438,0.10651597579526899,0.06081992549490121,0.4730137812352625,0.013695782171434993,0.005187,False,11.892966376749678,Basic
user_0439,0.1945256860286861,0.0826870019131877,0.6163952110148531,0.0260948584372284,0.009882,False,6.459975501880098,Basic
user_0440,0.3658659230021861,0.16596179190321395,0.6626321172046925,0.0916342003371522,0.034703,False,11.859402846223041,Basic
user_0441,0.247781786472299,0.10027582948466712,0.8262451528955679,0.03007161262323665,0.011388,False,8.15358076144905,Basic
user_0442,0.12241224767430094,0.4395067034929943,0.6217766669670188,0.08652785847519388,0.032769,False,0.9414232487934271,Basic
user_0443,0.010003919677170115,0.05657121693091629,0.32815330712452545,0.0017246021841915973,0.000653,False,3.8214249759387853,Basic
user_0444,0.1990840555392133,0.49976093571119407,0.6836965144838882,0.14552426665004042,0.055112,False,0.36547142292838464,Basic
user_0445,0.11542919420971402,0.09355507513359743,0.7476952771171935,0.014443032164837086,0.00547,False,4.841052233775194,Basic
user_0446,0.08166578989336266,0.27740249358225305,0.5622135305588699,0.04029482131862533,0.01526,False,14.051735620339633,Basic
user_0447,0.19737504414935694,0.47528082327768917,0.8466163110861138,0.1108041178151065,0.041963,False,3.673053293511763,Basic
user_0448,0.31980092550589884,0.09566046753852851,0.7142725093986649,0.04283002026621968,0.01622,False,10.033071199689262,Basic
user_0449,0.12911047175228463,0.20141958290599732,0.7870065932291987,0.03304340470953108,0.012514,False,13.330470657141763,Basic
user_0450,0.31298886555089633,0.11708185477672158,0.8802567123588261,0.041630261250678036,0.015766,False,10.424965930580548,Basic
user_0451,0.16285744552536296,0.23387973839947035,0.5552282162016645,0.06860072244967383,0.02598,False,0.29204022650667605,Basic
user_0452,0.26323505015200943,0.28308815517990704,0.7869697184887653,0.09469071423653067,0.03586,False,6.903497446924029,Basic
user_0453,0.3651825409903156,0.21986398655766698,0.6266819938768189,0.12811998759800233,0.048521,False,8.390979516142826,Basic
user_0454,0.011375677496792977,0.032919658149689474,0.505978528524692,0.0007401172051854471,0.00028,False,6.512313663080852,Basic
user_0455,0.20088311342556112,0.08867803185418892,0.9270411463412356,0.019215888314803458,0.007277,False,10.379011735426687,Basic
user_0456,0.46584851623368334,0.044878573339062144,0.5134024588457643,0.04072169199907821,0.015422,False,9.74991994419929,Basic
user_0457,0.3451355833159385,0.1546300507846643,0.6809331109978392,0.0783752940102037,0.029682,False,3.561554578532517,Basic
user_0458,0.08894551710749779,0.40879978788817156,0.5240501261696349,0.06938440945127988,0.026277,False,14.28750663708013,Basic
user_0459,0.22003691431038438,0.42352602151793506,0.6582812410536589,0.14156769643898073,0.053613,False,3.0621105689894996,Basic
user_0460,0.5002584319171811,0.16058956380860998,0.8585535154016769,0.09357166668355409,0.035437,False,8.72034203453555,Basic
user_0461,0.13275633637500178,0.08150642512001638,0.8832802620159587,0.012250352300707576,0.004639,False,14.36974180988488,Basic
user_0462,0.3333582478088632,0.4767391296375086,0.8757255982639378,0.18147798949001767,0.068728,False,13.24798344212215,Basic
user_0463,0.206314717639621,0.44085589480467635,0.711358891961625,0.12786100024078412,0.048422,False,8.211531809534534,Basic
user_0464,0.139565539876514,0.11850083403398254,0.5945655402629975,0.02781633269639934,0.010534,False,14.989487777533242,Basic
user_0465,0.3018754395950476,0.08482078486444748,0.7842311310709467,0.03265021076475937,0.012365,False,13.561400020456908,Basic
user_0466,0.3369286687823591,0.1503146695914268,0.9095816979294702,0.055679793952743625,0.021087,False,7.306182428286737,Basic
user_0467,0.09428757081430658,0.054202761692100886,0.8347896912621636,0.006122076955272272,0.002319,False,17.014754215651728,Basic
user_0468,0.37429284361534876,0.13392735819528306,0.8498639828075133,0.0589836170856501,0.022338,False,2.6972309104000027,Basic
user_0469,0.0034386770775328324,0.03409123999900846,0.5864759025161935,0.00019988675583482128,7.6e-05,False,6.811160309017,Basic
user_0470,0.1448230760896388,0.11371586653390793,0.6218044755702788,0.026485305652609446,0.01003,False,13.25838375358154,Basic
user_0471,0.21351192183304826,0.137791731328842,0.6272087653250454,0.04690651501574177,0.017764,False,16.586571567096488,Basic
user_0472,0.13844818885653706,0.37567228856301216,0.5223741317259797,0.09956685217793813,0.037707,False,6.129014862602307,Basic
user_0473,0.19818355988064398,0.1834470130681669,0.502601890374976,0.0723359438067296,0.027394,False,10.66360559122143,Basic
user_0474,0.1340942743918087,0.13774316517448523,0.873322960690787,0.021149758586323755,0.00801,False,0.2249552467863316,Basic
user_0475,0.18899745397687837,0.12489716899936697,0.33784473962123085,0.06987010357558002,0.026461,False,7.046013119508848,Basic
user_0476,0.281755337221881,0.4675269722779888,0.5950363537532496,0.22137843999550816,0.083839,False,6.287765126803393,Basic
user_0477,0.1682920816136368,0.08106063617821656,0.5923323196248459,0.023030759503377806,0.008722,False,16.00694722186563,Basic
user_0478,0.4526728035525904,0.02074649334511336,0.5194969533019752,0.018077821721042067,0.006846,False,1.405557120822786,Basic
user_0479,0.18147924708107127,0.3324337014349917,0.934191392256092,0.06457971925335144,0.024457,False,1.1801768701014783,Basic
user_0480,0.150513137020257,0.15049685174299887,0.9257039969733715,0.02446975852062016,0.009267,False,8.411338725691,Basic
user_0481,0.5838933020626261,0.11186348863367948,0.7333049642594082,0.08907118448942937,0.033732,False,7.740391077930798,Basic
user_0482,0.36142491448679187,0.10372051365324313,0.8797991248817358,0.042608791845171044,0.016136,False,3.0696386803234104,Basic
user_0483,0.2781993806293093,0.1958595149468779,0.44738391252171245,0.12179247895046734,0.046124,False,5.0035397051737505,Basic
user_0484,0.04740489234285175,0.3119891180175417,0.9333138613851707,0.015846556194732443,0.006001,False,18.50969524588422,Basic
user_0485,0.4260713394753142,0.2709636414023235,0.5159102897881825,0.22377890871065387,0.084748,False,9.750468722784664,Basic
user_0486,0.2940068341775283,0.24727092183690905,0.7795694791851979,0.09325575571456911,0.035317,False,1.6692084748226832,Basic
user_0487,0.062937269611948,0.3416023947486974,0.8239119871453897,0.02609444012688214,0.009882,False,0.9451896256294339,Basic
user_0488,0.2824348186590354,0.08043915284063369,0.8748379967250921,0.025969171013007497,0.009835,False,0.7968195246885815,Basic
user_0489,0.09824171255865786,0.016637246033409745,0.8587000052350071,0.00190342556494406,0.000721,False,7.391361775097977,Basic
user_0490,0.3884911813640113,0.3205819586801916,0.6028738940663149,0.20658261218051152,0.078235,False,16.44673008782071,Basic
user_0491,0.41708575271181114,0.13149117094342883,0.7845269346960752,0.06990594150746857,0.026474,False,15.825415273406527,Basic
user_0492,0.27974834190418224,0.3564937963757547,0.8455033205394451,0.11795169340271318,0.04467,False,6.989841532710365,Basic
user_0493,0.12046465703682041,0.04750307442833508,0.7731877534618451,0.007401102181950593,0.002803,False,14.714048112553593,Basic
user_0494,0.29474874661619876,0.1939306620491975,0.726080595631721,0.07872517171419276,0.029814,False,14.292720683301509,Basic
user_0495,0.0627961441583041,0.10491864556196068,0.4204777488483877,0.015669048860843568,0.005934,False,9.176913438422385,Basic
user_0496,0.22768820997705727,0.18205518403023507,0.5910304188350446,0.07013483172421466,0.026561,False,7.6833655763565645,Basic
user_0497,0.15586447454781469,0.26780734385696897,0.6502967234303246,0.06418862255698381,0.024309,False,3.430423799285205,Basic
user_0498,0.1650160741752005,0.2694769453674998,0.6449324600446459,0.06894989841601626,0.026112,False,5.296648761078205,Basic
user_0499,0.055842226507337715,0.14950695255517246,0.6642005939359812,0.012569698349008751,0.00476,False,6.435213286350883,Basic
user_0500,0.2019660758998246,0.0713494460118303,0.6372147691765497,0.02261430262713074,0.008564,False,15.441638954969912,Basic
user_0501,0.0868125351389807,0.15475293472395454,0.6230577073761345,0.021562199495388637,0.008166,False,10.506106428543255,Basic
user_0502,0.12726683203153039,0.38232622370737024,0.46832397205702736,0.10389698199751822,0.039347,False,3.817376011310156,Basic
user_0503,0.2659735562509899,0.17961664627129786,0.9503297546118646,0.050270211933082995,0.019038,False,1.820724606402914,Basic
user_0504,0.21360440270901937,0.03354069032644906,0.7700851059202458,0.009303438111645966,0.003523,False,9.436612724026402,Basic
user_0505,0.1239776469139838,0.12477609241521359,0.8820258555025337,0.017538540658704676,0.006642,False,12.660015427930393,Basic
user_0506,0.08442554795771545,0.22107428207095725,0.7296499459410397,0.025579824280158734,0.009687,False,15.558788644361522,Basic
user_0507,0.13128848795716155,0.404540011419814,0.5421081644173419,0.0979720467308668,0.037103,False,15.14897871393077,Basic
user_0508,0.1297660000584185,0.4519752181463252,0.6285119450690784,0.09331726571709556,0.03534,False,15.658958652409403,Basic
user_0509,0.14543612317330737,0.2668009069037896,0.5677684141453391,0.06834210673311052,0.025882,False,8.509099648757552,Basic
user_0510,0.24872756680628924,0.11758302193839619,0.8469068012748674,0.03453288945187706,0.013078,False,16.44749264902598,Basic
user_0511,0.15251649325866176,0.11029533068384341,0.7198968003195699,0.023367039624619626,0.008849,False,8.447556768511628,Basic
user_0512,0.4225653204334307,0.15755646502912063,0.8394015466052482,0.07931591072311793,0.030038,False,3.1943045211102903,Basic
user_0513,0.09035596179822482,0.18888064344910635,0.8207784690546456,0.020793055431349686,0.007875,False,7.5501924431465435,Basic
user_0514,0.23145923482035582,0.11862919622326203,0.7561785332090505,0.03631129657789318,0.013752,False,6.460476472280571,Basic
user_0515,0.07192803551767832,0.03741951972251714,0.6004763609233105,0.004482295588650862,0.001697,False,7.451359837817761,Basic
user_0516,0.09721374658768556,0.24281389829122732,0.7193984074359058,0.03281192803940768,0.012426,False,12.513765998030305,Basic
user_0517,0.0043227862818644635,0.10833852623093504,0.4467603516655614,0.0010482673613326377,0.000397,False,12.481413820130065,Basic
user_0518,0.09535744567843334,0.26971018849235684,0.4732541126380696,0.05434474621829425,0.020581,False,4.273128868263828,Basic
user_0519,0.029179519695910566,0.2439818112590737,0.7010302230778694,0.010155442422754542,0.003846,False,6.002680809464841,Basic
user_0520,0.15094344263059603,0.37205950612322014,0.8510610692014192,0.0659881467382535,0.02499,False,11.311743041756463,Basic
user_0521,0.1151161537221628,0.451130361600724,0.8781023592026069,0.059141615451213395,0.022398,False,1.5984407501936566,Basic
user_0522,0.03214728882598246,0.05624682868415181,0.6339720729275221,0.002852149368197329,0.00108,False,13.084619728120018,Basic
user_0523,0.20786385768146112,0.07234351677076006,0.7856709278290378,0.019139822973678684,0.007248,False,3.3989538003225355,Basic
user_0524,0.3569754355274973,0.42395263943754735,0.5046914330576516,0.2998677373803621,0.113563,False,16.16351161244013,Basic
user_0525,0.49991416506130953,0.3114416369887361,0.8032621578619387,0.19382723858791756,0.073405,False,7.63016549124147,Basic
user_0526,0.04313748645583196,0.0707735963937054,0.669682226903112,0.004558871257465348,0.001726,False,4.195311462996487,Basic
user_0527,0.20322042827623488,0.43216470272556556,0.8728093103804544,0.10062300542541039,0.038107,False,12.688587763402444,Basic
user_0528,0.2521361704359514,0.049530237992403435,0.8988361222281632,0.013893928180398366,0.005262,False,10.526585307761406,Basic
user_0529,0.29606253037620583,0.06905084462326758,0.7907763799485196,0.025852274172768936,0.009791,False,3.2667769326497123,Basic
user_0530,0.15412609766615848,0.1609074936544622,0.7324085326995311,0.03386094368780187,0.012824,False,15.716059769125764,Basic
user_0531,0.22117016855401073,0.2943859189657621,0.8184872808287986,0.07954843629537568,0.030126,False,8.612492418735027,Basic
user_0532,0.29285111962988564,0.11759752137042778,0.8542095285280683,0.04031629787409655,0.015268,False,2.8926524306281793,Basic
user_0533,0.3811769271241752,0.23557221328146158,0.5738248170397944,0.1564845048663016,0.059263,False,15.127457130312932,Basic
user_0534,0.1923487731978306,0.027615658779360917,0.8120471427657595,0.006541292749542016,0.002477,False,2.535255152841391,Basic
user_0535,0.024036515110499992,0.5526324897394217,0.7446597020257942,0.017838160375858125,0.006756,False,18.392731534148197,Basic
user_0536,0.15343026789038833,0.1067896111455205,0.774057079733952,0.021167377800612775,0.008016,False,8.394386358030768,Basic
user_0537,0.25487135952330725,0.22087136633815027,0.8493301248659283,0.06628021751525781,0.025101,False,13.836223071751899,Basic
user_0538,0.12243015534489177,0.22252772860792217,0.6117180405926415,0.04453702943862721,0.016867,False,8.587386864423458,Basic
user_0539,0.26966636683167966,0.19362006807278606,0.7251223212844314,0.0720055344736934,0.027269,False,3.5636906924137506,Basic
user_0540,0.0521857868277924,0.0601738750270325,0.7000850504326627,0.0044854850318861075,0.001699,False,14.404166601024016,Basic
user_0541,0.4742802451701479,0.027030955088903807,0.4814153061034119,0.026630329040669642,0.010085,False,5.497783404610298,Basic
user_0542,0.10858451385420469,0.10987173518471025,0.7420184421553168,0.016078264735167398,0.006089,False,12.96593882620795,Basic
user_0543,0.06666773981557231,0.2420524575173591,0.8012655020224598,0.020139504594614176,0.007627,False,4.890081649533082,Basic
user_0544,0.09013235711976737,0.13721259629727806,0.7195178757122742,0.017188307821475523,0.006509,False,4.58105728052484,Basic
user_0545,0.3134320675065274,0.2979777173555115,0.7521552008994234,0.12417087844361299,0.047025,False,8.691466733296599,Basic
user_0546,0.09938561446564743,0.27410661756883364,0.7437202912918284,0.036629704655307266,0.013872,False,15.508547966046027,Basic
user_0547,0.21676282539988154,0.04243715753130837,0.8383270979317835,0.010972803087387245,0.004156,False,11.659027988070962,Basic
user_0548,0.42851608627237436,0.15513614421282987,0.6778799805518676,0.09806799915133643,0.03714,False,1.2287083304557909,Basic
user_0549,0.08820756912033269,0.21017511513856957,0.9372556512760895,0.019780127194451207,0.007491,False,13.943429230800456,Basic
user_0550,0.35633821438198204,0.08191317713138341,0.8309797839149737,0.035125758578428645,0.013303,False,11.015649023924052,Basic
user_0551,0.2813778794318903,0.33720341256137293,0.8108729043928633,0.11701165577206951,0.044314,False,11.847745067854033,Basic
user_0552,0.02431641635087875,0.15517315979409108,0.7711502297295909,0.004893022156470958,0.001853,False,6.717985054111745,Basic
user_0553,0.3423926432160073,0.05029851905903249,0.7686264709177486,0.022405997636159712,0.008485,False,10.56707136980563,Basic
user_0554,0.2831144240666443,0.40225527457068416,0.8530024446405998,0.1335098991842076,0.050562,False,7.065885272937962,Basic
user_0555,0.022286811187264704,0.2031430726319552,0.6187396536923372,0.007317150722006901,0.002771,False,1.5486077520650232,Basic
user_0556,0.18599571710199234,0.19545658862194887,0.7234651553196088,0.05024995066554127,0.01903,False,16.044175329396992,Basic
user_0557,0.2081957435086039,0.16623990742081649,0.8080080120191141,0.04283427962526148,0.016222,False,12.882507732580574,Basic
user_0558,0.1515510471395247,0.06671656817783962,0.6781264956517907,0.014910147050350524,0.005647,False,12.73834123048228,Basic
user_0559,0.12182035229869216,0.09181887732552435,0.7904539696383982,0.014150612702448266,0.005359,False,3.6798965274846998,Basic
user_0560,0.04250473199337685,0.019944434984550792,0.8963178549060244,0.0009457949087341812,0.000358,False,12.608334739597073,Basic
user_0561,0.2563331435287946,0.2203644153260678,0.863335290097096,0.06542846556876297,0.024779,False,4.408581853061683,Basic
user_0562,0.006505952358560634,0.12989790555516711,0.9234834310374914,0.0009151323744588292,0.000347,False,13.06315905498366,Basic
user_0563,0.18698571056720587,0.0747367547032447,0.8083297713465997,0.017288371255202762,0.006547,False,6.33707920779731,Basic
user_0564,0.1314532530046748,0.03893524149336486,0.8168498545208037,0.006265734299270849,0.002373,False,2.9927619479755503,Basic
user_0565,0.16528251361140786,0.08098360183368083,0.7130731025520887,0.01877110947597189,0.007109,False,17.219022648099877,Basic
user_0566,0.2523824597249808,0.112597938933763,0.6573191996514378,0.04323279283966695,0.016373,False,1.9883561651381578,Basic
user_0567,0.124557872915039,0.11503941175765324,0.6693150921916127,0.021408548226533142,0.008108,False,14.473968515695883,Basic
user_0568,0.24775015920252424,0.3390829450623388,0.7614636657077645,0.11032417882207378,0.041781,False,1.9337377093879027,Basic
user_0569,0.17731671550628542,0.10167552743865339,0.823281951820429,0.021898658816613514,0.008293,False,13.009673218231478,Basic
user_0570,0.12832297742803514,0.11104428669559509,0.9179397908911149,0.015523385778187033,0.005879,False,2.097326298511843,Basic
user_0571,0.19236810170321572,0.321828111137458,0.9190415693343376,0.06736307135604912,0.025511,False,9.6676649417909,Basic
user_0572,0.1961438545868704,0.08262260913589298,0.8371430255796337,0.01935860006803201,0.007331,False,3.5719181451749247,Basic
user_0573,0.3711765972081495,0.5024720539483042,0.7135152911869606,0.26139014745775313,0.098992,False,16.46505007160678,Basic
user_0574,0.293412895814781,0.11586554021462586,0.7440902249117648,0.04568860407156764,0.017303,False,7.628206816925151,Basic
user_0575,0.267512972518794,0.20627845951376425,0.8327022256218324,0.06626878393403682,0.025097,False,0.29310064050249107,Basic
user_0576,0.27995711849732385,0.37022821309679976,0.823536938979528,0.12585716416488488,0.047664,False,11.935063791610963,Basic
user_0577,0.08047001859325406,0.20170099441367742,0.6640188388805237,0.02444340705470084,0.009257,False,8.457643639270456,Basic
user_0578,0.09711699814056235,0.028538989130156858,0.7070926831494312,0.003919742093698403,0.001484,False,16.335046644798485,Basic
user_0579,0.12157347141384554,0.14745815011353774,0.5315949636373711,0.0337230418341504,0.012771,False,8.229739377854536,Basic
user_0580,0.20382809370927946,0.22361312358689078,0.6286813824934308,0.07249878551886293,0.027456,False,7.811669122370305,Basic
user_0581,0.034975537177327126,0.03253607257072212,0.7134445120036739,0.001595031704155354,0.000604,False,8.62777108904951,Basic
user_0582,0.15815210258376283,0.03580622835501932,0.8647050989516268,0.006548857300374775,0.00248,False,16.337226346278563,Basic
user_0583,0.2991185957589148,0.4011800655303065,0.8882831449998058,0.13509253048803593,0.051161,False,11.149628669004262,Basic
user_0584,0.31451241813287983,0.17821646833042132,0.5813356853408125,0.09641811748205704,0.036515,False,12.717885984476471,Basic
user_0585,0.03586108376691039,0.056887741731275684,0.6180104846613372,0.0033010056013104195,0.00125,False,13.687806836960078,Basic
user_0586,0.20980096807434706,0.10934579001275588,0.7446072767296902,0.030809331732945876,0.011668,False,17.81279492637249,Basic
user_0587,0.17321239891474818,0.18043963118972906,0.7585355917268465,0.04120357926318676,0.015604,False,15.912891260109987,Basic
user_0588,0.25389647536689214,0.21822405356911556,0.5606341409501239,0.09882794142286004,0.037427,False,17.618400971220684,Basic
user_0589,0.15228940525964207,0.07775838624446729,0.6797278249527167,0.01742135301867802,0.006598,False,6.522793863501127,Basic
user_0590,0.2471973514188944,0.2345792507810413,0.5799350452748911,0.09998942116597871,0.037867,False,4.081960800531111,Basic
user_0591,0.10267008299848188,0.22938240394644338,0.48961819432852577,0.048100153802230844,0.018216,False,3.864400726685637,Basic
user_0592,0.06100300581100404,0.16833559484519842,0.8115819186153863,0.012653038510345363,0.004792,False,16.298220750862466,Basic
user_0593,0.2864021660533937,0.14911596752151224,0.7475152333146069,0.05713212813327972,0.021637,False,15.781233386738826,Basic
user_0594,0.2688705562893222,0.13986319808947117,0.6537733703368613,0.057520078946231,0.021784,False,12.35782061653738,Basic
user_0595,0.29588583589456063,0.18869749024799962,0.4366435271402086,0.1278684124757604,0.048425,False,1.1959052958775347,Basic
user_0596,0.1856771898879779,0.12572804002673602,0.8193467391771587,0.028492002281881226,0.01079,False,6.042914990272766,Basic
user_0597,0.0941407263827263,0.18367899476634852,0.6144577893027161,0.02814135370987085,0.010657,False,13.949824467601328,Basic
user_0598,0.06085567614539453,0.1252312609523656,0.5844268312236603,0.013040183394454693,0.004938,False,4.722806700975299,Basic
user_0599,0.18463801131065705,0.12396897157754672,0.6587821603332454,0.03474499729125479,0.013158,False,11.857119494676065,Basic
user_0600,0.17426768662978878,0.26131641516180926,0.9147484857663535,0.04978309104331178,0.018853,False,10.312083215616251,Basic
user_0601,0.2042855930564914,0.2774719211178623,0.9647079292974079,0.05875717845852975,0.022252,False,4.990775107145005,Basic
user_0602,0.09190314380265524,0.18761524112337438,0.6083069142948476,0.02834495232479615,0.010735,False,17.75242258585092,Basic
user_0603,0.07902788935652443,0.5395708577998055,0.7284752884887946,0.05853478727969769,0.022168,False,4.878041935936239,Basic
user_0604,0.10567282601034647,0.15757902732724968,0.6338079165342464,0.026272661958352712,0.00995,False,17.001031947741996,Basic
user_0605,0.23323659427806995,0.1306222482381501,0.5417720127475861,0.05623378026026778,0.021296,False,10.277706464007291,Basic
user_0606,0.3251446109646952,0.031052491937375814,0.7392234010126348,0.013658320876519199,0.005173,False,1.7447322474106772,Basic
user_0607,0.10320915137756466,0.12735643646620662,0.3983893532623452,0.03299372742396599,0.012495,False,15.838870351424195,Basic
user_0608,0.07211667704157632,0.2106266813322813,0.461692099196487,0.03290005694360974,0.01246,False,15.037208840139183,Basic
user_0609,0.1207260509399783,0.4409538917947907,0.6095649999727533,0.08733214998462692,0.033074,False,15.788516071805024,Basic
user_0610,0.43978042320110994,0.19337544138351767,0.34398732178246544,0.2472263599939451,0.093628,False,12.124822367145118,Basic
user_0611,0.1034282812380882,0.1166430824699302,0.7758277405593881,0.015550093026422232,0.005889,False,13.52069690017161,Basic
user_0612,0.22283359505997638,0.18080280365412726,0.6564779903115227,0.06137134729536575,0.023242,False,17.2341016231254,Basic
user_0613,0.1181210204027499,0.4765069254092223,0.6884012281449904,0.08176261452929827,0.030964,False,2.426268595303245,Basic
user_0614,0.11922086366101982,0.2995765960656771,0.7728406861996836,0.046213639050507224,0.017502,False,1.5777190427468488,Basic
user_0615,0.3003736232566918,0.3106803559265928,0.8098998531472752,0.11522435004983218,0.043637,False,2.3764371407276283,Basic
user_0616,0.3324175317526679,0.16294785971334538,0.6583849375090222,0.08227212113209682,0.031157,False,16.531361211019878,Basic
user_0617,0.09134544448881775,0.3685557862222183,0.8215476240211672,0.0409786251302296,0.015519,False,10.695749720674252,Basic
user_0618,0.04090214244767335,0.05434450750802988,0.5328405091678321,0.00417161748984434,0.00158,False,3.3452403441171725,Basic
user_0619,0.21558317028897367,0.39768887869998765,0.7162684470361257,0.11969678353636358,0.045331,False,2.6925292984578113,Basic
user_0620,0.18488266624016136,0.10848920501505475,0.7315051602163004,0.027419866013696854,0.010384,False,8.46304755192822,Basic
user_0621,0.22367227207508328,0.1949801000422945,0.8797914771524362,0.04957043017402489,0.018773,False,15.49894706230135,Basic
user_0622,0.0922368081930962,0.12406664152934438,0.6215261832385667,0.01841195323143978,0.006973,False,15.298357671670393,Basic
user_0623,0.2709980513406498,0.2695931900169692,0.8899281717685957,0.08209564711735574,0.031091,False,16.17380830993605,Basic
user_0624,0.11123588014242401,0.2448336078666034,0.8232338987006601,0.03308207048139246,0.012529,False,14.609949934809748,Basic
user_0625,0.18432866740311973,0.28368128636796547,0.8294064306170305,0.06304580185676724,0.023876,False,1.1707763836288851,Basic
user_0626,0.4448642340611721,0.050876623023467085,0.6342111865869846,0.0356871502925618,0.013515,False,13.683171180455055,Basic
user_0627,0.10132341090996584,0.08431786368753233,0.8046485798956343,0.010617521440938143,0.004021,False,9.860264517506153,Basic
user_0628,0.11722443227702313,0.18231873728436906,0.9059300573314735,0.02359145752882769,0.008934,False,13.801832051678407,Basic
user_0629,0.08114986064544596,0.14072083664790616,0.7157067582812837,0.01595552389544451,0.006043,False,9.201372053047095,Basic
user_0630,0.12155543407641761,0.24933034338262525,0.6101643966973194,0.04967097110605703,0.018811,False,9.187241970847046,Basic
user_0631,0.34567363478906443,0.05702525052048038,0.7917446520939603,0.0248970745429577,0.009429,False,2.3965585588189002,Basic
user_0632,0.40478371510739775,0.047573893364715215,0.7342055763900416,0.026228535872713645,0.009933,False,17.199279591159435,Basic
user_0633,0.20276151931340197,0.1779455634507566,0.8499338606461704,0.042450965270314354,0.016077,False,7.117813371965174,Basic
user_0634,0.18235282153883675,0.4942481144906357,0.815397183104026,0.11053206962835342,0.04186,False,11.06510775465651,Basic
user_0635,0.07088221079254482,0.07246782825914305,0.6640409392635948,0.0077354867367650055,0.00293,False,3.9359690623199266,Basic
user_0636,0.1399001503859687,0.04190979075165855,0.9215285213063328,0.006362457474989515,0.00241,False,7.008889074537213,Basic
user_0637,0.05459561944378879,0.18228288196779618,0.8631265227865947,0.011529997737645042,0.004367,False,16.54097104050512,Basic
user_0638,0.30824524322132807,0.36723346420205416,0.8274858265864463,0.13679747115299673,0.051807,False,3.982387939121573,Basic
user_0639,0.02531270247822631,0.3627094335424824,0.7096218838182727,0.01293809588834222,0.0049,False,3.9160066535035636,Basic
user_0640,0.48599603804486585,0.11992534640211025,0.7394097595017787,0.07882401126522254,0.029852,False,4.949483095082313,Basic
user_0641,0.18819544732828458,0.28784694309174047,0.8115625339658269,0.06674961195228168,0.025279,False,10.918560670903519,Basic
user_0642,0.21081249194881402,0.06733534198514572,0.4370188531076894,0.032481736518163974,0.012301,False,9.893076199504163,Basic
user_0643,0.42885763809417227,0.37074016347699557,0.5928253025437157,0.2681983211127652,0.10157,False,3.3311180358702908,Basic
user_0644,0.11806708628030016,0.11375049128250311,0.8983628952939234,0.014949625745933975,0.005662,False,13.147411397119535,Basic
user_0645,0.15787150003516842,0.18919307986900852,0.5615044377574235,0.05319315985192126,0.020145,False,17.24326055284878,Basic
user_0646,0.3362964851920915,0.20556498303117007,0.5583440570014799,0.12381394662497712,0.04689,False,3.7777486693134916,Basic
user_0647,0.3169465991932843,0.20491387898902425,0.8764540646559772,0.07410172385767658,0.028063,False,12.786122683789658,Basic
user_0648,0.19665648203892505,0.07854265980430479,0.9043235173189715,0.017080085689783742,0.006468,False,11.141307227450241,Basic
user_0649,0.1831663962998133,0.5718425688715316,0.753089354243473,0.1390835523046886,0.052673,False,6.249840250259148,Basic
user_0650,0.42646326053331535,0.08259697421186342,0.5574711319404326,0.06318636591991508,0.023929,False,11.738781754571747,Basic
user_0651,0.13563430286475686,0.3927979043037801,0.4414378212095372,0.12068940937367434,0.045707,False,3.9882688759513885,Basic
user_0652,0.15744596713168038,0.2630537963824645,0.6858873269891924,0.06038420269536465,0.022868,False,15.845141835397088,Basic
user_0653,0.2589097788409084,0.13110718882138447,0.9830195565947192,0.034531289875642565,0.013077,False,0.42202964385680597,Basic
user_0654,0.17044799374772018,0.04979853633862834,0.6757565227646871,0.012560826754235954,0.004757,False,10.774196558707212,Basic
user_0655,0.13690690694184582,0.12573648896082376,0.5415642216794851,0.03178606175269427,0.012038,False,6.056823455708976,Basic
user_0656,0.2568595662064985,0.055639786756165016,0.7936128354045806,0.01800829176701108,0.00682,False,16.745853678556916,Basic
user_0657,0.29929595074562143,0.1184321557673782,0.5956098295432607,0.05951255822361548,0.022538,False,9.487959092775771,Basic
user_0658,0.0957470874948902,0.058611767421661,0.7599265186638469,0.007384800879720786,0.002797,False,15.247272746146844,Basic
user_0659,0.18999646514400323,0.04667224030473436,0.7934611105532867,0.011175797478048526,0.004232,False,17.552586552171913,Basic
user_0660,0.38112497535825296,0.11871507074702194,0.4824089895091259,0.09379028873228754,0.035519,False,6.352641477809922,Basic
user_0661,0.25868698161204184,0.399249768986357,0.9412291585131867,0.10972961973631708,0.041556,False,16.726495274856944,Basic
user_0662,0.19874788666552212,0.10343493119501278,0.7047804760386649,0.029168620132539933,0.011047,False,13.799299633416783,Basic
user_0663,0.23408451244508452,0.1170058456512481,0.773260028127582,0.035420499361410424,0.013414,False,2.0553135450513,Basic
user_0664,0.06861792575578986,0.04835966588264839,0.6147407276282937,0.0053979504105946,0.002044,False,1.9744790266545724,Basic
user_0665,0.16298945401719075,0.2213725155179729,0.5349568058733479,0.06744728741189028,0.025543,False,15.529562425464285,Basic
user_0666,0.09765520447373824,0.14460066130565474,0.6608793954957844,0.021366995616875085,0.008092,False,8.898005702494224,Basic
user_0667,0.21035279322278194,0.19795432125261994,0.7348992518416916,0.05666116042662464,0.021458,False,9.407855148431572,Basic
user_0668,0.4057627319616689,0.2012567459238424,0.844892221438899,0.09665432463409115,0.036604,False,16.933684235578813,Basic
user_0669,0.08926067378647969,0.1228527599260917,0.6255606722787438,0.01752974669520987,0.006639,False,17.172263400124645,Basic
user_0670,0.17308369052346895,0.3495082155997453,0.8280980492603568,0.07305194340007026,0.027666,False,2.1414137090461294,Basic
user_0671,0.1114023897912048,0.1164797613033047,0.5102164280139664,0.02543258715131384,0.009632,False,7.099318135946616,Basic
user_0672,0.08773520038263134,0.3304159470790379,0.8342331400464791,0.03474940988916022,0.01316,False,17.00930861611382,Basic
user_0673,0.2347394554633857,0.0765798866992051,0.48778070585650896,0.03685328404216811,0.013957,False,15.577232618535316,Basic
user_0674,0.07550383626081307,0.23585654619830895,0.42188896916348334,0.04221033339768911,0.015986,False,13.699167599681655,Basic
user_0675,0.2509186448349706,0.031488987232980784,0.7690039965436902,0.010274555189878434,0.003891,False,1.9373768716839361,Basic
user_0676,0.255301219646827,0.1235848599194998,0.7307985209410122,0.0431738222823761,0.01635,False,11.802696757911466,Basic
user_0677,0.12450255010769067,0.2196070562174958,0.9663037971308145,0.02829507511189031,0.010716,False,11.055176631577627,Basic
user_0678,0.19453508031608158,0.1400841668616886,0.7267027505087287,0.03749990574877099,0.014202,False,3.176174160302696,Basic
user_0679,0.5494190997735872,0.4592468956548165,0.7760056606915843,0.32515099923319435,0.123139,False,14.703317004944788,Basic
user_0680,0.02206073289608488,0.21165801129080933,0.5192740257253404,0.008992036229581819,0.003405,False,5.927562713646198,Basic
user_0681,0.15314384436462986,0.188074199134538,0.7817272773970604,0.03684457062463815,0.013953,False,11.791888736582962,Basic
user_0682,0.4088027893566912,0.17434397595507367,0.71453936211332,0.09974580471980606,0.037775,False,6.874874230321476,Basic
user_0683,0.24302199599915753,0.19258986391752664,0.9427045056808795,0.04964819077070075,0.018802,False,1.6035090489934913,Basic
user_0684,0.2503446339009613,0.12093284305590996,0.7560922307221828,0.040041263606844735,0.015164,False,9.97110295681451,Basic
user_0685,0.3942678467116756,0.12043597256037915,0.5903466984231976,0.08043414436776877,0.030461,False,5.826219575557445,Basic
user_0686,0.32104507580225666,0.260092089063473,0.504771015461638,0.16542408714292742,0.062648,False,1.3549470636042047,Basic
user_0687,0.23038783069345614,0.20790550951200903,0.5461774835193075,0.08769841447335357,0.033212,False,3.771669405759284,Basic
user_0688,0.2743182422590699,0.06028626227099618,0.633624866443446,0.026100019703101433,0.009884,False,11.758259614627327,Basic
user_0689,0.09448936086348345,0.21964247081020813,0.7904130437761618,0.026257001764776296,0.009944,False,1.9262579882971718,Basic
user_0690,0.1596459506007196,0.12360893625076046,0.6695241463417301,0.02947416644839601,0.011162,False,1.6618604799902763,Basic
user_0691,0.3825346344886311,0.20713150684719986,0.7933793872740613,0.09987022165412324,0.037822,False,17.93640981158617,Basic
user_0692,0.38779421853504986,0.15434401773492284,0.7542470747800137,0.07935558485332067,0.030053,False,2.0429442033068823,Basic
user_0693,0.21115321983587493,0.0485050531821361,0.5231349273830992,0.019578119566499574,0.007414,False,7.1451348378815895,Basic
user_0694,0.16445042508898716,0.2178162839474164,0.794961601140223,0.04505875558653289,0.017064,False,2.5348069191862588,Basic
user_0695,0.09503672632571297,0.3655295905152516,0.741618782276981,0.046841768962606466,0.01774,False,17.84611275260275,Basic
user_0696,0.27180104090049895,0.4192716748825401,0.6135251468162468,0.18574377634646652,0.070343,False,9.14206659056542,Basic
user_0697,0.021712835903857818,0.07916628370609,0.8674191529170748,0.001981653876845989,0.00075,False,2.111265600161632,Basic
user_0698,0.1029778583875537,0.1258075794590968,0.7060561475309536,0.01834895871514498,0.006949,False,14.607512406087176,Basic
user_0699,0.2325661923900876,0.09175893926989634,0.7810200955361302,0.02732327534940602,0.010348,False,14.834945166431844,Basic
user_0700,0.22406473484469064,0.10725659870474409,0.8913628453181314,0.02696143492557691,0.010211,False,17.122789803492775,Basic
user_0701,0.16727956656111384,0.15961536174695506,0.9544471966487001,0.027974715231264435,0.010594,False,13.407452351264794,Basic
user_0702,0.2879375277074926,0.15180888402607778,0.41420542900531976,0.10553090734583515,0.039966,False,1.039609202980107,Basic
user_0703,0.22800903077436155,0.3548499851059941,0.7218380034995594,0.1120874777748713,0.042449,False,10.455919394956648,Basic
user_0704,0.4435201714842831,0.1067671788173492,0.7069852622630451,0.06697932755540985,0.025366,False,7.296757315940508,Basic
user_0705,0.16143271724141497,0.3412272979078534,0.541593645870876,0.10170955718956812,0.038519,False,14.223039955573956,Basic
user_0706,0.08038025262811395,0.21674026526192264,0.7789023181556767,0.022366909008166243,0.008471,False,11.22765116161051,Basic
user_0707,0.21415901241931648,0.35166514764811296,0.8477995386009031,0.08883262763612546,0.033642,False,13.778809895052266,Basic
user_0708,0.08026752630039105,0.17083919500691977,0.5342322267506857,0.025668312190299677,0.009721,False,3.4284344395887056,Basic
user_0709,0.06156696828832031,0.12315448417737898,0.6792659344662552,0.011162414950001899,0.004227,False,8.304348884754612,Basic
user_0710,0.1460922650055691,0.018062598555370336,0.531279117355468,0.004966891881569668,0.001881,False,8.209982212667802,Basic
user_0711,0.07682128509652694,0.09230968238075496,0.7456672764741459,0.009510070578493063,0.003602,False,18.638517620065027,Basic
user_0712,0.22144237027344973,0.08122007573035293,0.7441128209305776,0.024170482724684052,0.009154,False,0.3630930932621794,Basic
user_0713,0.09006023935576836,0.11776549617807751,0.9091230079612047,0.01166617573284547,0.004418,False,15.50481589953814,Basic
user_0714,0.18404986703501,0.1876571761038545,0.8763253572322627,0.039412620010407615,0.014926,False,1.8451212167593352,Basic
user_0715,0.08308894208341275,0.289255963903377,0.8043732700465724,0.029879128169758642,0.011316,False,1.527183058947878,Basic
user_0716,0.057553642102489,0.2959046468370591,0.7838036576057421,0.021727877862353494,0.008229,False,6.235353369863167,Basic
user_0717,0.25688584561626143,0.18252777454887156,0.7765899196152696,0.06037781399051687,0.022866,False,13.314570984235528,Basic
user_0718,0.3630407673699674,0.061244152394377784,0.8046774084759271,0.027631102660493418,0.010464,False,12.890480151383969,Basic
user_0719,0.2667084771769216,0.21305201395097012,0.8333696644276116,0.06818436118546195,0.025822,False,11.92973223836826,Basic
user_0720,0.06358041627968386,0.16512807446037628,0.8785017378743631,0.011950928792761061,0.004526,False,14.716470951761087,Basic
user_0721,0.5350893257607069,0.16461057003966514,0.5198564587612627,0.1694339994264845,0.064167,False,4.415183010794951,Basic
user_0722,0.10955818924883164,0.3516818894826651,0.5392692667686104,0.07144785245078837,0.027058,False,12.043044452098389,Basic
user_0723,0.125881509173379,0.05693808152113588,0.8830008285787069,0.008117151648492018,0.003074,False,12.12271336964218,Basic
user_0724,0.42703838808977634,0.16245575814650312,0.7887567457261999,0.08795467737130104,0.033309,False,12.432374743107166,Basic
user_0725,0.23373535878841487,0.05814155758233071,0.6825080040676903,0.019911470255337165,0.007541,False,11.294619066051983,Basic
user_0726,0.16294081647522757,0.1060210112868869,0.628282892838691,0.02749581492592063,0.010413,False,4.208934963914277,Basic
user_0727,0.1459080017241183,0.06079918332104165,0.48185290490813326,0.018410363939847636,0.006972,False,17.371679063813335,Basic
user_0728,0.32433489990258263,0.1861916554843043,0.6923632282432824,0.08722076719386186,0.033032,False,18.544087942115166,Basic
user_0729,0.14897805751678656,0.35627575766481073,0.5411879718339426,0.09807548038689788,0.037142,False,13.09454753597885,Basic
user_0730,0.1502372749694564,0.2295391748166128,0.8164344311423358,0.04223895858352581,0.015996,False,8.437514628837192,Basic
user_0731,0.11960793812292599,0.051316829033459924,0.9479171475968098,0.006475144085387472,0.002452,False,10.206624721336361,Basic
user_0732,0.0956255016460714,0.13880904343710568,0.7737624425699055,0.01715472822330135,0.006497,False,2.059058843508723,Basic
user_0733,0.17315730502709561,0.11778730004046332,0.7383951325077678,0.027621703534469032,0.010461,False,6.904522064139602,Basic
user_0734,0.34205288638185904,0.021058066328182377,0.8549320953430191,0.008425198221486135,0.003191,False,18.546552725335232,Basic
user_0735,0.050179744002829575,0.42586475532161244,0.6147723193075402,0.03476048568018874,0.013164,False,10.406722989535915,Basic
user_0736,0.16017722134111506,0.40625282227845516,0.8825893148253522,0.07372902338776377,0.027922,False,10.651923328213174,Basic
user_0737,0.10529967289517676,0.08615257323250532,0.7449067621422308,0.012178487619539711,0.004612,False,18.12561751138471,Basic
user_0738,0.14011451146538195,0.26220835349147736,0.81241657114766,0.045222114683974156,0.017126,False,16.84072942653934,Basic
user_0739,0.12185559798140107,0.18054459004507942,0.8424088638799988,0.026116022664956214,0.00989,False,10.805611178276529,Basic
user_0740,0.1537754526431145,0.16181001486872754,0.7954021230945914,0.031282803447670184,0.011847,False,5.1108261306609215,Basic
user_0741,0.3759920241163477,0.5831562245836373,0.6124990879618941,0.3579794542826982,0.135571,False,2.2216968894127844,Basic
user_0742,0.108601851214725,0.2282354382554236,0.7203158565748115,0.034411003008051555,0.013032,False,16.40937708820033,Basic
user_0743,0.32224914249653985,0.08815352533644914,0.8507359634189469,0.03339155645137391,0.012646,False,17.48173881383408,Basic
user_0744,0.21814174132025582,0.13173439940989334,0.7101224625698793,0.04046734583645759,0.015325,False,9.391413505587407,Basic
user_0745,0.44162041516598394,0.14101448467745667,0.8669027083531852,0.07183606034173821,0.027205,False,1.7964227579211962,Basic
user_0746,0.052935617998560704,0.24252455768735556,0.6853448888722528,0.01873244777842178,0.007094,False,11.518269880133612,Basic
user_0747,0.042696433153459445,0.09807909987659648,0.5466150580259607,0.007661017877472539,0.002901,False,6.9817665798956146,Basic
user_0748,0.14580766319675414,0.2645710686106959,0.7675206747237986,0.05026117280485752,0.019034,False,2.9993525523003575,Basic
user_0749,0.20044742544426003,0.19977224580941416,0.6571583373234402,0.06093483118666752,0.023077,False,17.463724403139604,Basic
user_0750,0.3137442864149065,0.019374412329896642,0.5367048579718163,0.011325798678481108,0.004289,False,4.54953198890644,Basic
user_0751,0.09223672292015238,0.060842930366934396,0.8494832090454255,0.006606313638866708,0.002502,False,13.51206880107709,Basic
user_0752,0.028353207029237427,0.08334358760905662,0.7418196253777282,0.0031854886460245925,0.001206,False,8.158179326750941,Basic
user_0753,0.5171015596690983,0.1416723709506274,0.8504608930758466,0.08614035586708045,0.032622,False,15.730496478477093,Basic
user_0754,0.14239246876660558,0.09325732318206303,0.7487815809751859,0.01773433109981803,0.006716,False,13.315863166679351,Basic
user_0755,0.3120414064490704,0.07387124903114897,0.7700245853654968,0.029935262953828954,0.011337,False,2.3400405627525913,Basic
user_0756,0.0757672731222168,0.29116433078299503,0.762175550806362,0.028944417530243505,0.010962,False,8.542622958477722,Basic
user_0757,0.14802065116902682,0.31867994817506273,0.8244026439611417,0.05721865861168675,0.021669,False,4.935982550240985,Basic
user_0758,0.056651517848537516,0.1689777891666485,0.7500372372092036,0.012763163965832136,0.004834,False,13.558104958716788,Basic
user_0759,0.49367157578455423,0.15580739668731994,0.8408868418548987,0.09147209732982252,0.034642,False,10.349087707819397,Basic
user_0760,0.12857017010355495,0.15634097889587512,0.8629403112742325,0.023293368021152925,0.008821,False,6.463443137589189,Basic
user_0761,0.043881165988174486,0.42013665562508606,0.4408278578481348,0.04182150922402036,0.015838,False,6.2597427929011635,Basic
user_0762,0.3936397902443538,0.08183088295090869,0.7179651372290007,0.044865537238518764,0.016991,False,2.1752528642392113,Basic
user_0763,0.14811369414976502,0.4862337895125188,0.7094108080613609,0.10151788211677373,0.038446,False,4.062614833990599,Basic
user_0764,0.4635676667913538,0.12263864221409175,0.6402260098073511,0.0887988122300016,0.033629,False,13.555858704325614,Basic
user_0765,0.1986582301718687,0.11528909549097285,0.6287807301976888,0.03642466533786983,0.013794,False,11.588185129168034,Basic
user_0766,0.17088720050923756,0.12628365117624885,0.6591471048573561,0.032739671403494014,0.012399,False,6.756322973578784,Basic
user_0767,0.32361537279152913,0.0664474004693215,0.47358470926473234,0.0454056050654439,0.017196,False,15.886196506848316,Basic
user_0768,0.09437098071508818,0.03809407170416415,0.9032238118329454,0.003980159578452041,0.001507,False,9.203844168319561,Basic
user_0769,0.13894686781554763,0.1340738925283441,0.7708159583157891,0.024168087364662146,0.009153,False,15.094248932751151,Basic
user_0770,0.21386000789950418,0.17988749443994675,0.693807340324609,0.055448737345370064,0.020999,False,14.842422868915943,Basic
user_0771,0.2771661589444952,0.3390133348598887,0.731698659674698,0.12841765200971367,0.048633,False,16.111980062341654,Basic
user_0772,0.1900853683133288,0.11827402456629439,0.6856468111385767,0.03278971207384479,0.012418,False,16.145662437090856,Basic
user_0773,0.031444272650481636,0.15621807603581747,0.7158448684668881,0.006862050693084113,0.002599,False,12.902189373915109,Basic
user_0774,0.18602144937446463,0.14898395352303284,0.8910152354625637,0.03110408202336162,0.011779,False,14.239046374516404,Basic
user_0775,0.14307641243638075,0.2871629457233134,0.6882672311594742,0.05969519134237987,0.022607,False,14.761236724905316,Basic
user_0776,0.18543346513904682,0.1306985048599367,0.8355488364920658,0.02900593668039983,0.010985,False,3.2140286042246835,Basic
user_0777,0.16928850448460375,0.2081841615960471,0.76916220836569,0.04582022490270335,0.017353,False,5.704651738375026,Basic
user_0778,0.1694156482295842,0.12736153749214746,0.9037180905137306,0.02387584984769188,0.009042,False,1.9805550270454289,Basic
user_0779,0.20388770101225823,0.17726597602757774,0.7646504930170365,0.04726649972767578,0.0179,False,3.5980558857298237,Basic
user_0780,0.32133975493969924,0.3158431086214061,0.6391819866040469,0.15878568115322547,0.060134,False,14.787457793722549,Basic
user_0781,0.0803533169866511,0.1333064968059062,0.7326132861738863,0.01462110965823047,0.005537,False,17.99509824363099,Basic
user_0782,0.14011745347864057,0.0427164964178999,0.5690067914727349,0.01051890204001617,0.003984,False,12.79907386788642,Basic
user_0783,0.08159558738551917,0.21785517613771266,0.8033847967118228,0.022126409579429383,0.00838,False,16.83490643377236,Basic
user_0784,0.1256493633680149,0.13583801293913167,0.505951991786058,0.03373434658637584,0.012776,False,6.041556956879098,Basic
user_0785,0.1873637186291546,0.14297964674189456,0.734336139334477,0.03648083876972621,0.013816,False,16.07011602582354,Basic
user_0786,0.07393263881903227,0.19549523194907598,0.632642987482402,0.02284618443658323,0.008652,False,6.436932780688668,Basic
user_0787,0.20981271176270422,0.2936988255908023,0.7993099047642669,0.0770936862804187,0.029196,False,16.98916777332728,Basic
user_0788,0.205093685810494,0.08732118333773799,0.7218784737382722,0.024808917278455602,0.009395,False,15.162870925367907,Basic
user_0789,0.08277226094742296,0.162376154634966,0.5534530329427466,0.024284339669478093,0.009197,False,18.688346523613227,Basic
user_0790,0.12945663331836865,0.22971785535984282,0.6123792532270597,0.0485622267757897,0.018391,False,15.718181516150164,Basic
user_0791,0.027737508813009248,0.26512344274793553,0.5929522457346469,0.012402118185158465,0.004697,False,7.56598351343894,Basic
user_0792,0.09557438869351896,0.09157551278339689,0.5920512116121066,0.014782967219570363,0.005598,False,2.0915158225795736,Basic
user_0793,0.1298122180386387,0.17229144781695369,0.5074226258562143,0.04407673968512539,0.016692,False,16.61118889795361,Basic
user_0794,0.11418290559949608,0.07537103959177803,0.9311613888759799,0.009242312236584914,0.0035,False,10.85262849713435,Basic
user_0795,0.03521664751486337,0.13154787039240448,0.8738011914114161,0.005301749446527151,0.002008,False,16.3046894375528,Basic
user_0796,0.07025191779118867,0.19747456556289833,0.744014463246994,0.01864609847130076,0.007061,False,7.355449376937756,Basic
user_0797,0.15727284628205948,0.08053820210738918,0.6132477968604364,0.020654737521627834,0.007822,False,0.5500354359040351,Basic
user_0798,0.3654810730811736,0.2620128657314808,0.7670994832804101,0.1248348426974629,0.047276,False,0.9959151586000193,Basic
user_0799,0.26367698134865974,0.2438412619122637,0.7421666854592045,0.08663192397202771,0.032809,False,12.739471108582993,Basic
user_0800,0.19217411507872892,0.17678329823403652,0.7895039036469094,0.043031039798403385,0.016296,False,2.174788852252314,Basic
user_0801,0.24604764059889475,0.0353492360134747,0.6916932525512665,0.012574354435305536,0.004762,False,14.163777917503333,Basic
user_0802,0.4027783105173519,0.1997513490568612,0.4629894339513743,0.17377396760448374,0.06581,False,7.969409550207966,Basic
user_0803,0.06244785902478391,0.0483870610753462,0.6302762955580146,0.004794196434091809,0.001816,False,10.69905043505592,Basic
user_0804,0.38814562137544567,0.2487759676575095,0.7445406753833514,0.12969244762884716,0.049116,False,15.22305414626917,Basic
user_0805,0.23519055058396318,0.18268765095762915,0.8042536036999768,0.05342395609537625,0.020232,False,4.808357441759306,Basic
user_0806,0.3367621185146282,0.18471085970493423,0.7807746176630701,0.07966911195585873,0.030172,False,7.845148415543685,Basic
user_0807,0.06953223792489499,0.036837187168186104,0.8251572558541732,0.0031041017266590773,0.001176,False,13.861589008526776,Basic
user_0808,0.13960176419230097,0.18638194218283485,0.8122881188695059,0.03203204298805111,0.012131,False,17.450127387367488,Basic
user_0809,0.30076247526222766,0.24641778482072638,0.7567896603327828,0.09793107225953229,0.037088,False,5.515695468403883,Basic
user_0810,0.15917661368720726,0.08140066600168844,0.815070343582693,0.0158968884931802,0.00602,False,11.831735943532355,Basic
user_0811,0.1288451512615868,0.3056106917958614,0.5260406504207847,0.07485439724116066,0.028348,False,18.073065218329088,Basic
user_0812,0.4103946249722703,0.07979903291999517,0.8544723700059775,0.03832668596191375,0.014515,False,12.32819159177817,Basic
user_0813,0.16945115853492654,0.198267093497738,0.7959519244779943,0.04220931900450873,0.015985,False,16.962992966013214,Basic
user_0814,0.18882459259910936,0.3542326391431828,0.6966893808507679,0.0960081143907177,0.036359,False,17.854867178060125,Basic
user_0815,0.36728553086302324,0.150531718051803,0.43084953404095855,0.12832350416589625,0.048598,False,17.657509826146402,Basic
user_0816,0.3908238610483881,0.04077016982355037,0.6088319901500187,0.026171350132426916,0.009911,False,14.411064601909057,Basic
user_0817,0.0780686923482016,0.2762439142379199,0.6898566948457711,0.03126156680776229,0.011839,False,10.48981423975393,Basic
user_0818,0.16955959221668573,0.2022304979846326,0.605029390556601,0.0566751323278794,0.021464,False,1.838303919970262,Basic
user_0819,0.27028507976765254,0.42199296373202577,0.6570026343129048,0.17360417737591155,0.065746,False,4.231416670733098,Basic
user_0820,0.4263161778363553,0.1082565837620776,0.5934071382903399,0.07777380829633587,0.029454,False,4.859575403521993,Basic
user_0821,0.08576553947744457,0.24332864960892728,0.7351616305007358,0.028387244434687403,0.010751,False,0.6319318839023352,Basic
user_0822,0.2863934898331185,0.2850241785724363,0.8921248254075057,0.09149960505906937,0.034652,False,1.9365441802528922,Basic
user_0823,0.15654155330472766,0.056356987035572466,0.8608134844982873,0.010248689697588567,0.003881,False,5.600377267287611,Basic
user_0824,0.3776740530339344,0.12164493077680301,0.7381933955579186,0.06223590499991538,0.023569,False,1.72407790286776,Basic
user_0825,0.0911288379402516,0.0749268958458641,0.9694624030353646,0.007043079677484702,0.002667,False,3.221165146939269,Basic
user_0826,0.389503805671976,0.3521113452676012,0.8654046663671382,0.15847928065576894,0.060018,False,1.0339343501414253,Basic
user_0827,0.2436287561448999,0.20672158316862058,0.7012406428515393,0.07182031259750869,0.027199,False,7.914120342382697,Basic
user_0828,0.14411604871185799,0.23650082621554044,0.8662288391083245,0.0393470674866451,0.014901,False,15.605218541788306,Basic
user_0829,0.047210363458939614,0.3017628933912307,0.508406684498595,0.028021535337347865,0.010612,False,15.432633039861145,Basic
user_0830,0.236069351025124,0.019162628150997254,0.7668671381717268,0.005898947766006224,0.002234,False,17.192918162363824,Basic
user_0831,0.17814798982896407,0.4552716150306154,0.8600173555510038,0.09430707708442299,0.035715,False,14.166390549153911,Basic
user_0832,0.03178680307773563,0.10739468959542164,0.870799942986804,0.003920227461264249,0.001485,False,4.644397177470429,Basic
user_0833,0.3946582866367712,0.32657801530976266,0.7083110041791857,0.18196345844541323,0.068912,False,13.345408032660623,Basic
user_0834,0.1405364282920715,0.3758279523155519,0.5274731952669711,0.10013308457127945,0.037922,False,14.322616018557119,Basic
user_0835,0.3601898645305015,0.04117988984267986,0.766030680313386,0.01936290454808908,0.007333,False,10.319043287380987,Basic
user_0836,0.25156026994293695,0.2833799895218178,0.7859121928745761,0.09070624849296856,0.034352,False,15.333201329476813,Basic
user_0837,0.4141153749325152,0.131579244287574,0.8420228065481872,0.06471200976712194,0.024507,False,1.354051008956534,Basic
user_0838,0.01392018072733522,0.20569994852475282,0.8460516540102242,0.0033844038310142095,0.001282,False,11.300831151199102,Basic
user_0839,0.21275579961789629,0.1491404433769245,0.8283660913278741,0.0383049168938833,0.014507,False,9.11797422130131,Basic
user_0840,0.47938210117194785,0.04014420987041092,0.8028353220884207,0.02397056425906201,0.009078,False,15.299024484981416,Basic
user_0841,0.09048919328282298,0.28185387822712865,0.747858632139339,0.034103678112865486,0.012915,False,2.4312513170815393,Basic
user_0842,0.20270958655286964,0.3905193395133695,0.4921316180606792,0.1608553706945411,0.060918,False,4.039855556188321,Basic
user_0843,0.05676008224070538,0.17556068219110113,0.5797084879592886,0.01718939599190593,0.00651,False,10.615147324652407,Basic
user_0844,0.48247132185158137,0.0240563712023402,0.7735600815468059,0.015004017774207129,0.005682,False,17.99690111712843,Basic
user_0845,0.1504511104164815,0.17057406283595114,0.7763847093657482,0.033054562837648425,0.012518,False,1.580798140886703,Basic
user_0846,0.2290143246695801,0.31575956569380964,0.8767520654143325,0.08247880620749275,0.031236,False,14.124163456073267,Basic
user_0847,0.16186761058266896,0.34508316364307223,0.6780201386289263,0.08238366970067633,0.0312,False,3.9025848381899166,Basic
user_0848,0.3246616546150809,0.1450519929350953,0.896375040156888,0.05253696044825238,0.019896,False,2.0035284936127953,Basic
user_0849,0.12344211226996185,0.08292935813270118,0.4546104017999651,0.02251812782233079,0.008528,False,7.500556163027296,Basic
user_0850,0.13276647866254995,0.24959643943822607,0.8951098075227293,0.03702120127879641,0.01402,False,11.078003824022135,Basic
user_0851,0.18229448156485806,0.32158220357424944,0.5919748109368648,0.09902897893286318,0.037503,False,15.71334088227005,Basic
user_0852,0.04061384907940923,0.38993245983502295,0.4637759640158114,0.034147216120847756,0.012932,False,12.059145164060173,Basic
user_0853,0.02535875827043183,0.26834541254020516,0.41759249280719307,0.01629556701041622,0.006171,False,9.341675715597065,Basic
user_0854,0.23666848619884262,0.17375578719787255,0.9352112362884195,0.04397136981331834,0.016652,False,5.427679960864776,Basic
user_0855,0.03152644949217596,0.0707676815673463,0.6255456136735104,0.0035665724286826884,0.001351,False,5.558507823300481,Basic
user_0856,0.14565252502616127,0.054759972134796095,0.7160175122761756,0.011139292091390751,0.004219,False,14.640959794036032,Basic
user_0857,0.08649086300222837,0.23352462343752864,0.6328863171814426,0.03191370340147795,0.012086,False,2.1671338255991444,Basic
user_0858,0.17585785144819446,0.13851223078735553,0.7465598172376673,0.03262761100066852,0.012356,False,2.7830015800612946,Basic
user_0859,0.2994621203358061,0.3658779161340426,0.8962537052244874,0.12224951027912699,0.046297,False,13.67499120092459,Basic
user_0860,0.29900342717233025,0.2815641152241377,0.7808199061669929,0.1078208108628275,0.040833,False,18.25979855636949,Basic
user_0861,0.18671769382516887,0.09382929071777203,0.874111624836178,0.020042736280228693,0.00759,False,2.2844498633282773,Basic
user_0862,0.21132797545742893,0.36327508006099496,0.8124589854327428,0.09449115411350287,0.035785,False,11.579095574360961,Basic
user_0863,0.3088324294353231,0.28824688941151017,0.5569469270462748,0.15983567340292593,0.060532,False,4.544579358093339,Basic
user_0864,0.2226036755987297,0.23047247806432725,0.5074137197182185,0.10110885604346186,0.038291,False,0.4893984825778239,Basic
user_0865,0.11224960423507441,0.2602721550279491,0.8799496354245687,0.03320127109456781,0.012574,False,15.813085465229726,Basic
user_0866,0.03259414160307979,0.39915459649947754,0.8098905922779085,0.016064023417325754,0.006084,False,9.663487475749253,Basic
user_0867,0.32493483629487974,0.19626287142724802,0.7553994652354702,0.08442241083410999,0.031972,False,0.453909082193946,Basic
user_0868,0.49941697641909116,0.17914739952323222,0.6291410297387492,0.14220858022944025,0.053856,False,17.013612739899216,Basic
user_0869,0.12395842568695122,0.20464358740057992,0.6472450784952064,0.03919272276288736,0.014843,False,10.17801957192007,Basic
user_0870,0.14383647599088753,0.3217467862736877,0.7396232615128293,0.06257094159578126,0.023696,False,14.004280379715878,Basic
user_0871,0.025432483798914295,0.1531150567739758,0.7050290297766356,0.0055233132769124315,0.002092,False,8.046591410839406,Basic
user_0872,0.13762841665193545,0.1561603935168821,0.6009585772910667,0.03576304343695592,0.013544,False,3.5127821813877995,Basic
user_0873,0.16194122586827778,0.05735448099383848,0.6448360631373189,0.0144037461490474,0.005455,False,8.845892810081098,Basic
user_0874,0.09973684455788594,0.03642700338703612,0.6850953071436761,0.005303078763843409,0.002008,False,5.465774658600408,Basic
user_0875,0.0913047062800761,0.11775433393432548,0.7924832608331465,0.013566879459102251,0.005138,False,5.637973336951722,Basic
user_0876,0.18605184700970417,0.1254608860408081,0.6520392104203137,0.035798812712995634,0.013557,False,12.233684304810481,Basic
user_0877,0.1715426612818233,0.2817341448211182,0.619592581299565,0.07800194262365866,0.02954,False,1.7875134460488864,Basic
user_0878,0.09880176374901048,0.08936556493217206,0.872563663056222,0.01011900427161887,0.003832,False,7.543276110595107,Basic
user_0879,0.32972996671157956,0.1454383222703688,0.6904089786697237,0.06945937066635031,0.026305,False,10.386262488264093,Basic
user_0880,0.010327737973652797,0.28640817640385924,0.4811010025000739,0.006148290242671717,0.002328,False,13.487291976105114,Basic
user_0881,0.2984521746760576,0.19798872827943048,0.7745187627951162,0.07629275022737472,0.028893,False,12.025085990265508,Basic
user_0882,0.09834222638777136,0.1191648247552324,0.6463979932258677,0.018129595537657056,0.006866,False,16.83868484350051,Basic
user_0883,0.16033982229244004,0.027016799437915743,0.8641723755790351,0.00501273697609618,0.001898,False,18.855301368058406,Basic
user_0884,0.2385076408647192,0.17880756534184974,0.8124035783887971,0.052494808876923586,0.01988,False,17.81104505628085,Basic
user_0885,0.2015225933479059,0.2733087641617297,0.8725340333165811,0.06312406030653832,0.023906,False,14.518895083171817,Basic
user_0886,0.1279845120372201,0.3212420647765735,0.8745878959940065,0.047009579133874234,0.017803,False,13.034289842202764,Basic
user_0887,0.11443138492113364,0.3997878952315066,0.7425986986188593,0.06160565943777233,0.023331,False,0.6732019980575903,Basic
user_0888,0.1640737150728578,0.2696286445528774,0.5239020642621792,0.0844413038611562,0.031979,False,10.136477440858675,Basic
user_0889,0.32653968268460604,0.3265975560667489,0.638828734950877,0.16694155489390233,0.063223,False,12.610621121635862,Basic
user_0890,0.22352948276267692,0.06836875682346054,0.8312473900300792,0.01838493934918986,0.006963,False,7.845860910764912,Basic
user_0891,0.08559189032691904,0.4591409976707055,0.7464217221483576,0.052649520708096774,0.019939,False,7.311135643667598,Basic
user_0892,0.4217295767407262,0.3174054932291686,0.7742406531388704,0.17289105625238885,0.065476,False,10.308003180157064,Basic
user_0893,0.045776163184294796,0.30431773120789973,0.7129338735483011,0.019539677718375927,0.0074,False,17.226158449496968,Basic
user_0894,0.3592657603501511,0.21228582292749987,0.7796906551730435,0.09781703433226244,0.037044,False,4.957639013368705,Basic
user_0895,0.2601695632139741,0.1155548815729139,0.5282228708288738,0.05691511050797946,0.021554,False,7.582041600386415,Basic
user_0896,0.050993781595659204,0.08190065072359506,0.9053861550773524,0.004612864767282153,0.001747,False,12.408668326332323,Basic
user_0897,0.32206864877142194,0.07481045099895775,0.5824598987760095,0.041366111071074116,0.015666,False,3.5341379393553876,Basic
user_0898,0.26730823783987323,0.2051341812497363,0.8345343209436886,0.065706173052998,0.024884,False,15.863168029835421,Basic
user_0899,0.24393877516857168,0.20589309088577798,0.8918782877017012,0.05631408354583301,0.021327,False,12.655276887174844,Basic
user_0900,0.09167901346419705,0.3490289462292431,0.7917929569557314,0.04041287457743111,0.015305,False,6.6929791346123535,Basic
user_0901,0.1708509053917398,0.30042385820837164,0.6937845803487112,0.07398216914878902,0.028018,False,13.721173091671282,Basic
user_0902,0.1194220440755914,0.3411604442591967,0.7902250143462091,0.051557565087809835,0.019525,False,5.307584209544485,Basic
user_0903,0.22839649196665396,0.13456051862489127,0.8988035444743484,0.034193401439146065,0.012949,False,14.71475703796225,Basic
user_0904,0.07260872661834356,0.2348263617948581,0.7989784499459494,0.021340304118961588,0.008082,False,1.3430730080862778,Basic
user_0905,0.44124002510575583,0.45438384856848274,0.885755747121964,0.22635172439067505,0.085722,False,8.108287760158092,Basic
user_0906,0.19976859411817705,0.06650729313865608,0.8441835755227888,0.015738364064577976,0.00596,False,4.971138299397855,Basic
user_0907,0.14318536329105305,0.10959597956304223,0.57971906578411,0.027069215202966953,0.010251,False,15.517307359588548,Basic
user_0908,0.24753455968272028,0.46275696486403667,0.4327759343418998,0.2646827895176731,0.100238,False,14.302194195723551,Basic
user_0909,0.41164652234117816,0.28354520458641663,0.737078487865724,0.15835545239217402,0.059971,False,15.995366230662592,Basic
user_0910,0.11265991859667301,0.4411231945526243,0.7421629050174473,0.06696225701045337,0.025359,False,12.379697799942004,Basic
user_0911,0.3203450952165836,0.12064815741358945,0.79539343295645,0.04859110456909923,0.018402,False,15.111125934709777,Basic
user_0912,0.19887953861838037,0.06471251420203886,0.626537452355926,0.02054146151829027,0.007779,False,8.336977115721542,Basic
user_0913,0.1581777205177664,0.13637555902289114,0.4322627456178609,0.049903849636043454,0.018899,False,12.883090905936095,Basic
user_0914,0.019173883261345344,0.4200694788124985,0.7710904937707613,0.010445418810725894,0.003956,False,0.5912357113738366,Basic
user_0915,0.2151077596893961,0.4288848811042773,0.7480270189163029,0.1233330663278043,0.046708,False,16.733767562250982,Basic
user_0916,0.2739900328105461,0.1451002719832373,0.7421790612971368,0.05356662610775236,0.020286,False,13.010699372857601,Basic
user_0917,0.348746868326547,0.3589189890414358,0.5699590447451791,0.2196155575829025,0.083171,False,16.455832696651495,Basic
user_0918,0.28951562088766897,0.3685750689543713,0.9013279090592022,0.11839003192902492,0.044836,False,14.646318484768402,Basic
user_0919,0.1647670166504695,0.24162733152010815,0.7604367227567489,0.05235440815042995,0.019827,False,5.4411569378840055,Basic
user_0920,0.0947489892863912,0.10413383049842344,0.738625942484849,0.013358013336294893,0.005059,False,5.184724362293761,Basic
user_0921,0.02184455092934222,0.2481822038333704,0.5363000939927984,0.010108946189122336,0.003828,False,15.193136773896903,Basic
user_0922,0.30420218117440295,0.024964231085067227,0.6988103054762869,0.010867289002332808,0.004116,False,3.5094746446047815,Basic
user_0923,0.249100818335705,0.14544360224505104,0.3826490751150619,0.09468236746695562,0.035857,False,2.1025628157402547,Basic
user_0924,0.1764237000866333,0.1911669301644636,0.612013001735883,0.05510728866569483,0.02087,False,0.2858018948970744,Basic
user_0925,0.08748046102525628,0.07088509071688996,0.7885127580778808,0.007864248678546015,0.002978,False,5.670132872454435,Basic
user_0926,0.03881409858608941,0.12643429235848483,0.7331379253370426,0.006693737861137939,0.002535,False,1.8860359608147448,Basic
user_0927,0.42163727964562137,0.09832805087950373,0.4957341682196454,0.08363105580271607,0.031672,False,15.232044071838533,Basic
user_0928,0.4019783724209328,0.08086294549929386,0.6943487779674177,0.046813872584498234,0.017729,False,9.206332788653246,Basic
user_0929,0.5131988132549518,0.3943336007130734,0.7764327463022941,0.2606427110091394,0.098708,False,4.797789258722708,Basic
user_0930,0.43367460731789753,0.36718618563382727,0.3682608134165473,0.4324090944946342,0.163758,False,11.43965182564407,Basic
user_0931,0.16906937935973268,0.13995624518398628,0.8069616837113691,0.029322724967494964,0.011105,False,1.3366959799423932,Basic
user_0932,0.07647884527237106,0.20666707418276356,0.6970909510177453,0.022673740300661074,0.008587,False,13.796303774386528,Basic
user_0933,0.1447045464596639,0.2125018370774021,0.6967550652884874,0.044133130117107955,0.016714,False,9.526467853887766,Basic
user_0934,0.08917821147254937,0.14651367339376384,0.6279040941214631,0.02080863538214424,0.00788,False,0.12305101533217067,Basic
user_0935,0.10631228303971202,0.1312490421791912,0.7766328643259764,0.01796651411726586,0.006804,False,6.0651259053804285,Basic
user_0936,0.24854161628665258,0.146335100005637,0.6873968573778267,0.05291028302574716,0.020038,False,14.253655094396638,Basic
user_0937,0.08571589295594242,0.026945627598469836,0.7466110185441955,0.003093536625490356,0.001172,False,3.5741882391880506,Basic
user_0938,0.20843816398018125,0.16948273727144206,0.7212343677074399,0.04898084750936974,0.01855,False,18.275667899566518,Basic
user_0939,0.05983081529863649,0.23480292942029268,0.8967188678067691,0.01566650508434664,0.005933,False,17.03595374210156,Basic
user_0940,0.1992470736181966,0.09892805347766538,0.630569439931449,0.03125924585928576,0.011838,False,14.786535847123128,Basic
user_0941,0.1714972260674333,0.125841753294279,0.7083202981417551,0.03046857709718218,0.011539,False,1.4924188115059902,Basic
user_0942,0.43631604405263813,0.18361232570500952,0.7090539906751689,0.11298575939842015,0.042789,False,6.722908655034218,Basic
user_0943,0.06274482671928087,0.42204427668858685,0.7654533022100019,0.03459531095134597,0.013102,False,5.665749557069299,Basic
user_0944,0.12837785364178095,0.14925990987482932,0.8918694985015115,0.021484832586708063,0.008137,False,2.6148810497666135,Basic
user_0945,0.13243631157632202,0.196244627986492,0.6641105015983947,0.03913492503829619,0.014821,False,18.99275900665003,Basic
user_0946,0.3288733696438433,0.08129546355236048,0.49259324296766166,0.05427584201957522,0.020555,False,2.7967550641030443,Basic
user_0947,0.15500451867991952,0.18078342264444827,0.7451672356448137,0.03760531337379957,0.014242,False,5.991223384317,Basic
user_0948,0.24737009655652398,0.22205232120755675,0.6032986012303052,0.09104795540002383,0.034481,False,16.72268759878642,Basic
user_0949,0.2047386393465587,0.17067705977063907,0.676155685729531,0.051680684970369296,0.019572,False,2.7433218551724843,Basic
user_0950,0.06885751514605325,0.042357829334398696,0.550315504621342,0.005299968564313252,0.002007,False,8.921031467120883,Basic
user_0951,0.09337349501905647,0.20600062459669946,0.5735136037776343,0.03353887016455208,0.012702,False,18.538112483289922,Basic
user_0952,0.2810241823215084,0.11264306362453422,0.5784301286584965,0.05472644539227251,0.020726,False,4.698481176349043,Basic
user_0953,0.23346118106333083,0.011043381016526485,0.81440226329313,0.003165758361998389,0.001199,False,13.358106122422077,Basic
user_0954,0.13505780496567363,0.08890672447343355,0.4998313775205721,0.02402319580982221,0.009098,False,1.5207533191398377,Basic
user_0955,0.03236458822152827,0.3179267121643147,0.8157758452693041,0.012613228478744172,0.004777,False,11.416566883717472,Basic
user_0956,0.0820655300050824,0.11080652835468567,0.7610546774070329,0.01194841415130949,0.004525,False,6.441941128877646,Basic
user_0957,0.20858883933016276,0.2544465763853436,0.8224141135204998,0.06453526899308187,0.02444,False,13.291726108518102,Basic
user_0958,0.09361551271603374,0.1907398941377734,0.6853928637919832,0.02605252247057101,0.009866,False,8.224910103270263,Basic
user_0959,0.4530385814739053,0.15024914121237093,0.736163262381574,0.09246407866417425,0.035017,False,5.680974284538551,Basic
user_0960,0.585800062460556,0.10230439341953831,0.6592790011325477,0.09090221279944266,0.034426,False,10.374149821349487,Basic
user_0961,0.1523064868487434,0.38889102521902125,0.5767150307518725,0.10270345432283132,0.038895,False,2.654051345493678,Basic
user_0962,0.28686477107367625,0.43044273685613926,0.41577240582389774,0.29698665769768057,0.112472,False,15.474207442321763,Basic
user_0963,0.22822352096668638,0.23075496652530914,0.7193815829400615,0.07320692131945199,0.027724,False,14.263478447650549,Basic
user_0964,0.3145673871779315,0.20940593916241892,0.867206540776534,0.07595915856778263,0.028767,False,10.354395259896519,Basic
user_0965,0.5365937133980688,0.07599247646213665,0.7313573670345117,0.05575534885288033,0.021115,False,6.973917724650502,Basic
user_0966,0.2219510936138722,0.1721964705232397,0.8307364600928117,0.04600640128978091,0.017423,False,17.389297053096488,Basic
user_0967,0.00869305600181768,0.18709865761934005,0.7889174237328949,0.002061634157924884,0.000781,False,12.054709599950858,Basic
user_0968,0.21306513382928136,0.08790822325526579,0.6805569457637366,0.027521837032400152,0.010423,False,5.411202515818819,Basic
user_0969,0.37884321402506205,0.43481483558835404,0.9367004894384183,0.17585840049985438,0.0666,False,15.327463565095547,Basic
user_0970,0.036185815764030196,0.2370859059805829,0.891361029372475,0.009624772265511028,0.003645,False,12.065374332920596,Basic
user_0971,0.45153245937634534,0.26559152244562695,0.48684592667315835,0.24632678789955578,0.093287,False,2.4132397143899946,Basic
user_0972,0.4580438724304724,0.1984444971751864,0.7705190082775241,0.1179676101071623,0.044676,False,2.1704316475658714,Basic
user_0973,0.3313942549488984,0.2506946106462555,0.7995939707253701,0.1039011757923252,0.039349,False,17.823995369239096,Basic
user_0974,0.05293053221121284,0.13561095386840033,0.823195553345721,0.00871962917286326,0.003302,False,5.470327641354943,Basic
user_0975,0.16404100362933088,0.27548166447467515,0.7634083557872224,0.05919543371424632,0.022418,False,12.606169387107379,Basic
user_0976,0.09860258637214976,0.11452836467593859,0.5335349818917042,0.02116598414968128,0.008016,False,0.6922435882808,Basic
user_0977,0.1876790704520316,0.2919383068357673,0.3428987953218558,0.1597868257450379,0.060513,False,10.5735367993035,Basic
user_0978,0.08507367269704486,0.1240540523291369,0.7941734546587127,0.013288953165938314,0.005033,False,4.391444117902546,Basic
user_0979,0.38040545085854627,0.2349011900553218,0.9004016191903167,0.0992420395584788,0.037584,False,2.6528991177821766,Basic
user_0980,0.14385684487487094,0.18454298871737015,0.5356293105453542,0.04956370306477441,0.01877,False,14.696559387050964,Basic
user_0981,0.1320249079256409,0.07558686606164171,0.9267258649213984,0.010768393772005499,0.004078,False,15.38131048185167,Basic
user_0982,0.14233502983328128,0.4109885026820971,0.8920836424824052,0.0655746367320547,0.024834,False,13.589032443464342,Basic
user_0983,0.11001734917371402,0.15856134936242552,0.40286284081758056,0.04330133626337663,0.016399,False,0.212550057688893,Basic
user_0984,0.17939550115506905,0.2085545266044475,0.720358774684981,0.051937652643607196,0.019669,False,5.413275097222396,Basic
user_0985,0.028769944196147795,0.32638485121452365,0.9636333159923908,0.009744447187610514,0.00369,False,6.858264062293446,Basic
user_0986,0.22139539089707092,0.351136906772437,0.5263474015539321,0.14769730505700313,0.055935,False,13.126154253181003,Basic
user_0987,0.08375032265574144,0.33319565337975354,0.6642325018411502,0.04201125870940658,0.01591,False,14.35532995184612,Basic
user_0988,0.309860325863399,0.10337129229960929,0.4785993392147594,0.06692583898972884,0.025346,False,11.929243518530345,Basic
user_0989,0.32615509018143085,0.12485565920719373,0.8011125820471633,0.05083219225482949,0.019251,False,14.99267855002241,Basic
user_0990,0.3238977906272465,0.15238216766422,0.38752407358189767,0.12736304865199752,0.048234,False,8.118697678569829,Basic
user_0991,0.24482870945323884,0.3481033492790532,0.4430274454957042,0.19237113778578988,0.072853,False,10.295054806898651,Basic
user_0992,0.20223711692532662,0.461541181595263,0.45921774787836905,0.20326034509636887,0.076977,False,1.2207533264673314,Basic
user_0993,0.34579314587774684,0.27244190587375916,0.5834330956453601,0.16147274538275572,0.061152,False,8.116101684363073,Basic
user_0994,0.2508691845164336,0.026646283164260466,0.679793707931291,0.009833470433485748,0.003724,False,8.220029156426932,Basic
user_0995,0.24873028444616546,0.42660605950038966,0.7241886024806157,0.14652239231952002,0.05549,False,11.61888208179701,Basic
user_0996,0.2952900749717822,0.21679347755524447,0.7050314184908675,0.09080015522955132,0.034387,False,7.18003070088801,Basic
user_0997,0.3851409011272025,0.1463325878659855,0.8429020399603021,0.06686265079822977,0.025322,False,4.530644753978239,Basic
user_0998,0.4832087166078775,0.18241652133284386,0.8371471091050507,0.10529242973262892,0.039875,False,4.514329495952631,Basic
user_0999,0.04548648628995962,0.20631019157104438,0.418784560747765,0.02240848058872795,0.008486,False,2.543584999956583,Basic
user_1000,0.2873934374844728,0.4007917483313348,0.7636020277033674,0.15084417548600243,0.057126,False,13.31943035180344,Basic
user_1001,0.0812046962834751,0.3525422506731723,0.7392475136771209,0.038725982655805735,0.014666,False,11.82879924005031,Basic
user_1002,0.19290778378596413,0.039448066316836033,0.49198013121296813,0.015467777182506656,0.005858,False,11.005748478868542,Basic
user_1003,0.0817479458418408,0.18475468898289854,0.7846556201368898,0.01924833764188833,0.00729,False,10.0893729560433,Basic
user_1004,0.13787158253072238,0.07621604725373957,0.7490450537187496,0.014028564766485903,0.005313,False,6.983212478464903,Basic
user_1005,0.05165396862172864,0.35537001465671475,0.8593422930317434,0.021360838090978405,0.00809,False,14.605620465983876,Basic
user_1006,0.3399116748109668,0.31398475235766765,0.674556952353686,0.1582180461806907,0.059919,False,17.518459136379754,Basic
user_1007,0.25861598300417643,0.10050256138730508,0.8664795571956404,0.029996747749868626,0.01136,False,8.359794594770166,Basic
user_1008,0.46591949103909946,0.22074718023665676,0.7312943399494388,0.14064161069712433,0.053263,False,7.772683512990996,Basic
user_1009,0.33702676278169924,0.41042867024717183,0.7119089783029344,0.1943021514013566,0.073585,False,3.0918235846046125,Basic
user_1010,0.04945667966493815,0.30126277131839324,0.9562144476848483,0.015581710161501233,0.005901,False,12.743467300966325,Basic
user_1011,0.3964917392865093,0.14726375528331176,0.5119047048435651,0.11406197660165368,0.043197,False,10.603753004178454,Basic
user_1012,0.09690361623302705,0.1479924099354788,0.5186790386024718,0.02764908282476352,0.010471,False,18.77196192851835,Basic
user_1013,0.2236260099946616,0.2327657122346953,0.7716148198180454,0.06745913395349896,0.025548,False,11.102140168629202,Basic
user_1014,0.06900603332411476,0.44423478322131366,0.5870275137852623,0.052220516985707385,0.019777,False,5.483606457702894,Basic
user_1015,0.4331416800125016,0.11254413954633649,0.9000354520652887,0.05416181947811257,0.020512,False,10.69587257283052,Basic
user_1016,0.0905737642708551,0.26772699950396883,0.4944970155812383,0.0490377927023749,0.018571,False,18.70920942170049,Basic
user_1017,0.12081231764681659,0.05939668374961863,0.5424921746362681,0.013227565962841257,0.005009,False,13.743368420458845,Basic
user_1018,0.3933301669957545,0.2457105836300174,0.7312915266057184,0.13215712390433065,0.050049,False,2.4429688666289295,Basic
user_1019,0.14848703759666615,0.042991274774650846,0.6599226417398232,0.009673326281035469,0.003663,False,6.5200897483069795,Basic
user_1020,0.43620777563230856,0.24400149384338096,0.8257728820340703,0.128891794821606,0.048813,False,5.67501425999882,Basic
user_1021,0.18548381253364846,0.2990951984939276,0.7821403594448397,0.07093013045195576,0.026862,False,16.27965180076091,Basic
user_1022,0.13887215721198884,0.12575634664054222,0.5449635738247945,0.032046279751324125,0.012136,False,11.61209411506294,Basic
user_1023,0.03134184638478408,0.3599488692437444,0.681847199253366,0.016545440354624255,0.006266,False,15.391937928420646,Basic
user_1024,0.3058082397641741,0.30482466882946035,0.7945738019110539,0.1173181083836811,0.04443,False,3.3486750152360756,Basic
user_1025,0.44073174888031824,0.18408628783833686,0.7924873301260356,0.10237724755924198,0.038771,False,17.25266319436065,Basic
user_1026,0.2259505229304274,0.28057881657190403,0.7957984672843968,0.07966455444926841,0.03017,False,1.107908944816437,Basic
user_1027,0.4889658687059396,0.019383832681277517,0.7523457607262396,0.012597974336563412,0.004771,False,7.1219065552942205,Basic
user_1028,0.11582449342170453,0.42452914878491105,0.590927517459656,0.08320965287272607,0.031512,False,0.26883184144220673,Basic
user_1029,0.27671309450461307,0.039293326881162174,0.44301212657556716,0.024543296723533402,0.009295,False,3.5013103880325076,Basic
user_1030,0.14543649444412432,0.09945218924816673,0.8554455001166427,0.01690812303890171,0.006403,False,18.282291450911195,Basic
user_1031,0.45651071067359883,0.015542979185475923,0.8287625224508389,0.008561603935664774,0.003242,False,1.4914112964190385,Basic
user_1032,0.14953194626378305,0.23571206513033477,0.7893153810905249,0.04465450021776809,0.016911,False,2.7627249700606047,Basic
user_1033,0.21593887501903622,0.05934784018946751,0.5821455021280426,0.02201426584672709,0.008337,False,17.57213149866488,Basic
user_1034,0.32416712003267845,0.2507667396640988,0.7794890317574438,0.10428669100528244,0.039495,False,13.493316714851513,Basic
user_1035,0.3755320921739375,0.1951408055662695,0.7037937636160183,0.10412373449616177,0.039433,False,7.73232376419179,Basic
user_1036,0.46549638376998165,0.04570224324888543,0.8185293094996502,0.025990796805476293,0.009843,False,1.306550530378352,Basic
user_1037,0.03756111207362947,0.19329019673190795,0.6148705423796141,0.01180768022173149,0.004472,False,14.915740222505635,Basic
user_1038,0.3474149997564392,0.1214843734044095,0.6688570348025846,0.06310091897166215,0.023897,False,9.361805504037461,Basic
user_1039,0.1857459555318472,0.23751165867486046,0.6478773164950734,0.06809441983427024,0.025788,False,6.137320460155849,Basic
user_1040,0.2119111253267538,0.07445136519619941,0.7558713062649094,0.020872696780621484,0.007905,False,6.8542580840265215,Basic
user_1041,0.21041600452535328,0.1381551998972795,0.7468328233906429,0.03892446107926551,0.014741,False,9.600273221515575,Basic
user_1042,0.06868643825311534,0.11698689318426717,0.6180674200355912,0.01300086811672139,0.004924,False,10.473423638485157,Basic
user_1043,0.2535949957174582,0.22840939494892715,0.802147611399188,0.07221049930307008,0.027347,False,15.54387664653823,Basic
user_1044,0.10889605012511737,0.10869024152132986,0.6623648999803721,0.017869210746476127,0.006767,False,14.662370719329736,Basic
user_1045,0.06440678186630873,0.3635324616480904,0.6968882371527431,0.033597863632126364,0.012724,False,14.574115138883965,Basic
user_1046,0.2965560395131637,0.30063008768926003,0.4957610848920248,0.17983192081935892,0.068104,False,13.856661740085423,Basic
user_1047,0.30110782407226716,0.2070649346408847,0.5618210537327025,0.11097638918502815,0.042028,False,14.397951387717217,Basic
user_1048,0.34755451873974486,0.46559632205592355,0.806491874338321,0.20064691385998848,0.075987,False,12.874428978703834,Basic
user_1049,0.15856326962144546,0.027099875066812947,0.5923337588259533,0.007254431699863924,0.002747,False,16.492445994374783,Basic
user_1050,0.44225103283593326,0.2986968339388245,0.6723578506188972,0.1964712439851381,0.074406,False,10.591631626015662,Basic
user_1051,0.15999418938469367,0.31647572571111177,0.4074137468157011,0.12428220105687071,0.047067,False,9.896040932522247,Basic
user_1052,0.4115722385726406,0.1185044542970927,0.8025645595244889,0.060771613893318685,0.023015,False,13.324623594138473,Basic
user_1053,0.3615956566528551,0.21305486951187388,0.7088555632921255,0.10868182382097728,0.041159,False,3.1541134885157236,Basic
user_1054,0.1289654835225946,0.21891393976692086,0.8665466760363384,0.03258029010164155,0.012339,False,14.762082562865809,Basic
user_1055,0.1447879453521442,0.056393139889700086,0.503630910956585,0.016212362424453293,0.00614,False,17.786961021128487,Basic
user_1056,0.20754519782431338,0.3102585643589732,0.5801373526416148,0.11099556824493892,0.042035,False,5.628939331479405,Basic
user_1057,0.5012058417356391,0.31020271311417297,0.4914603374707334,0.3163539355692699,0.119807,False,11.609854186391058,Basic
user_1058,0.1344971486375094,0.15900631490710262,0.8814898121878972,0.024261081267953007,0.009188,False,0.6198277584197845,Basic
user_1059,0.23698205107847178,0.07780010173139473,0.5233985098738578,0.035225984282727836,0.01334,False,14.550634390780672,Basic
user_1060,0.2141481426447727,0.06060607036687751,0.8032899294631224,0.01615690291391988,0.006119,False,10.633695290534746,Basic
user_1061,0.1523505678386571,0.1007485587426095,0.7514989050800472,0.020424647367553946,0.007735,False,12.79943140805921,Basic
user_1062,0.4327961591423735,0.3196169222571185,0.663624504531909,0.208444648148366,0.07894,False,2.7168616788942836,Basic
user_1063,0.14081908772208507,0.2263642046627477,0.6983208992595776,0.04564721008255904,0.017287,False,15.379641301855225,Basic
user_1064,0.21119068319244982,0.19538850028441324,0.8031102252382232,0.051380532293401414,0.019458,False,4.862790409528929,Basic
user_1065,0.2354387556668395,0.2730983898422921,0.3679995655099829,0.1747228831370521,0.06617,False,13.011051862575052,Basic
user_1066,0.3215259029535486,0.3121329456464264,0.8007189093131036,0.1253359025536326,0.047466,False,11.269693535574014,Basic
user_1067,0.2157936234721897,0.2335362320239322,0.5957044873938941,0.08459837182183849,0.032038,False,12.422037476438977,Basic
user_1068,0.12201717713816239,0.6190291274743297,0.8126726887734855,0.09294293722939459,0.035199,False,0.9545084493170024,Basic
user_1069,0.40854032632683807,0.18570675274583753,0.8880160275946591,0.08543618021555875,0.032356,False,14.095160834393242,Basic
user_1070,0.006135896536305973,0.3360739644010318,0.7193924724649657,0.00286646740553896,0.001086,False,15.109744842025838,Basic
user_1071,0.16318987777980468,0.3974264719346547,0.7995787535384655,0.08111268226483113,0.030718,False,9.021500639895805,Basic
user_1072,0.17327163940253726,0.24260129946619544,0.69986323750176,0.060063056076134956,0.022747,False,7.768359840504603,Basic
user_1073,0.32302811494947764,0.13280389067424547,0.61236014383112,0.07005581747052606,0.026531,False,6.508349375141949,Basic
user_1074,0.1302300864267407,0.11853663430445305,0.6138364530344964,0.025148451275402415,0.009524,False,17.629756223163135,Basic
user_1075,0.29067788635830266,0.16781740274531662,0.6415613501047177,0.07603451784647952,0.028795,False,14.346296832489168,Basic
user_1076,0.19664482805619343,0.1723463700506782,0.7826966722068103,0.04330032758305857,0.016398,False,13.273755817496316,Basic
user_1077,0.2592381087914115,0.32632117028190316,0.713584695909133,0.1185491834780786,0.044896,False,17.586525867884227,Basic
user_1078,0.33068714138630884,0.12104690730397884,0.7854234911415766,0.05096442390821094,0.019301,False,6.626615381765059,Basic
user_1079,0.2637048782144021,0.10398332925868368,0.8130973105515719,0.03372402149490328,0.012772,False,11.972623630514992,Basic
user_1080,0.3303270748042487,0.05551006311974372,0.5954875612545242,0.030792375803642937,0.011661,False,13.035079780010077,Basic
user_1081,0.2360783424096336,0.41810202646439465,0.6257636189400404,0.1577350142742651,0.059736,False,18.928323323037265,Basic
user_1082,0.11566972677672585,0.2003038606322846,0.8065936684665521,0.028724615301912095,0.010878,False,8.116536173735959,Basic
user_1083,0.09071645214917139,0.03987572289712919,0.8511360666139812,0.004250065588809837,0.00161,False,7.603439986855772,Basic
user_1084,0.2774818689897942,0.17255009893289935,0.7393032111841492,0.06476304068744096,0.024527,False,1.6052705619014156,Basic
user_1085,0.09884485338031529,0.1115960619564981,0.6524473129769726,0.01690664696215854,0.006403,False,1.8705972100595276,Basic
user_1086,0.026725266145999432,0.29547500315486264,0.47429115997681937,0.016649368078438715,0.006305,False,9.724182150101303,Basic
user_1087,0.48130767942970926,0.00048697659085744974,0.4477862674089381,0.0005234318020479598,0.000198,False,3.2524572293164242,Basic
user_1088,0.48096917293994573,0.11248721559443951,0.9453764235146307,0.0572289319947671,0.021673,False,1.385685812882195,Basic
user_1089,0.09082945323218367,0.07049416887453491,0.9398811142682486,0.006812507154073723,0.00258,False,18.332967095669495,Basic
user_1090,0.14676486963435012,0.15685387324865466,0.8823695110823787,0.026089566751624143,0.00988,False,18.076930560258077,Basic
user_1091,0.11091811388332846,0.23304975283727355,0.6622549185168316,0.03903246061739786,0.014782,False,6.180258598630871,Basic
user_1092,0.2629701760728492,0.2830425994086721,0.5271233268504687,0.14120369638608274,0.053476,False,15.007518731732782,Basic
user_1093,0.11131690955087647,0.24836129694211365,0.8442943316220712,0.03274546682615784,0.012401,False,16.578432018764243,Basic
user_1094,0.13166642223222694,0.10675361893420081,0.910083709338002,0.015444587043133676,0.005849,False,8.83019428789582,Basic
user_1095,0.30453873448304647,0.06088373113320948,0.7726449647764445,0.023997379488881313,0.009088,False,4.250245009446938,Basic
user_1096,0.06480872153586416,0.08461202685985361,0.7455822753342616,0.0073547849362257025,0.002785,False,2.4662917189049995,Basic
user_1097,0.22550549541434328,0.13003650406865527,0.793475014748903,0.036956357449050875,0.013996,False,2.6756250570769677,Basic
user_1098,0.06258047319123967,0.028899547647802126,0.8012176474760496,0.002257248542277392,0.000855,False,15.141729940003126,Basic
user_1099,0.09912488806595787,0.04477980304220688,0.7310533497851238,0.006071777067267493,0.002299,False,7.303900485498993,Basic
user_1100,0.05396234959256415,0.014843929320217608,0.7536455140466309,0.0010628515507296364,0.000403,False,13.176645358560425,Basic
user_1101,0.16965624445650354,0.04184562779510743,0.6779387525648312,0.010471996226478724,0.003966,False,10.235175253321492,Basic
user_1102,0.2236755386647917,0.09146575055061185,0.9094213977845135,0.022496337862324228,0.00852,False,7.498699228045651,Basic
user_1103,0.018772297099226072,0.11306114714921309,0.34913887736714366,0.006079006327423332,0.002302,False,2.352499044500949,Basic
user_1104,0.16939467877383527,0.03421984995326193,0.6987441808752716,0.00829582649727479,0.003142,False,6.335530764949823,Basic
user_1105,0.05239258371026537,0.23413736134356847,0.7123126310087471,0.01722145694162613,0.006522,False,15.963304496222339,Basic
user_1106,0.5204339050709458,0.25647144000513805,0.8926222673651162,0.14953294124629526,0.05663,False,15.416560802212484,Basic
user_1107,0.3331714754385184,0.3543930812280494,0.7758456065062811,0.15218706501368326,0.057635,False,0.5390032473479955,Basic
user_1108,0.2019754116830149,0.3189495890247379,0.9177848045160902,0.07019071816444578,0.026582,False,2.6652546091274316,Basic
user_1109,0.34417478487593095,0.12857344562966527,0.9393157175842174,0.04711061165265737,0.017841,False,14.362123117931743,Basic
user_1110,0.14373342754981683,0.2751885738524018,0.8571267091349913,0.04614696581123827,0.017476,False,6.37892503096113,Basic
user_1111,0.2955672892254367,0.19680435560929896,0.735954521219794,0.07903875608887946,0.029933,False,12.228230272212214,Basic
user_1112,0.09076429937194586,0.2274814987607507,0.4932019305538344,0.0418635807688632,0.015854,False,10.690839040886948,Basic
user_1113,0.17090451606384852,0.1030030127943817,0.8910457540941252,0.019756202163421843,0.007482,False,12.389278992502822,Basic
user_1114,0.09039816451223065,0.06273275742340573,0.9150170118649753,0.006197618243521489,0.002347,False,1.020234467561458,Basic
user_1115,0.621872432905521,0.15543916681432218,0.9123910669233192,0.10594506713178244,0.040123,False,17.69126490507431,Basic
user_1116,0.02307914572061892,0.061044463720016595,0.7378739076628191,0.001909342584146629,0.000723,False,0.39842144535099044,Basic
user_1117,0.04395350711625221,0.2364885924507533,0.861797705644281,0.01206141877974218,0.004568,False,0.15261742371016096,Basic
user_1118,0.10073535140510474,0.15051685019358055,0.6745503689136051,0.02247773998116634,0.008513,False,4.29690704538905,Basic
user_1119,0.32084336258870993,0.15853822302358006,0.7165861628576289,0.07098369911425471,0.026882,False,18.87642246918393,Basic
user_1120,0.15908883874690896,0.3417215067910023,0.6133804833698522,0.08863026973332053,0.033565,False,1.3781162574070946,Basic
user_1121,0.11561050570722274,0.07071726347794326,0.6532401664818855,0.012515547898634379,0.00474,False,16.61550330620357,Basic
user_1122,0.28473624493280986,0.020743493442877618,0.7499218356237681,0.007876053408686927,0.002983,False,3.0226923384228117,Basic
user_1123,0.5800042843217741,0.22248061999099242,0.7127155524142136,0.181053594714242,0.068567,False,2.072962570613626,Basic
user_1124,0.1291812187007412,0.1328573243959491,0.8597586548287053,0.019962196347075842,0.00756,False,14.80043755476279,Basic
user_1125,0.2725691099983638,0.2047981641100306,0.7801631684426054,0.07155125437695736,0.027097,False,16.086895576519705,Basic
user_1126,0.29079250000492035,0.2970569976074249,0.8427951372363981,0.10249459585335648,0.038816,False,15.051474880725015,Basic
user_1127,0.1059515575112698,0.5290484770885513,0.7366369734945833,0.07609380490444459,0.028818,False,4.579548704567235,Basic
user_1128,0.054521554745992656,0.3424317085714725,0.7787784558402058,0.02397332515509923,0.009079,False,16.71701179528537,Basic
user_1129,0.10921039849664359,0.16119413096691623,0.7932724242583684,0.022191714649195268,0.008404,False,1.365823211612628,Basic
user_1130,0.24434344644736808,0.08175914254576994,0.5847167851864666,0.034165789617009695,0.012939,False,6.497571801542131,Basic
user_1131,0.18965226209207398,0.22851721846384834,0.7688391762841422,0.05636914551898515,0.021348,False,8.800479388827814,Basic
user_1132,0.15032597421202523,0.09137186237413249,0.9117644864134916,0.015064816004173016,0.005705,False,1.2869701605334323,Basic
user_1133,0.09297286636747429,0.21081228531331503,0.89064085684995,0.0220064263617751,0.008334,False,11.017022292423707,Basic
user_1134,0.10470806520628509,0.45297056980091693,0.9740588845778326,0.048692817970444405,0.018441,False,10.628277324246215,Basic
user_1135,0.22872407061147979,0.6190207341282223,0.512753682073236,0.2761266219098377,0.104572,False,18.85146892325549,Basic
user_1136,0.16689457324600052,0.24011440817912857,0.7796783533693221,0.05139785080616349,0.019465,False,11.811616052971146,Basic
user_1137,0.15775140576360716,0.117303111866246,0.8772835078812427,0.02109321631046887,0.007988,False,7.553367859560926,Basic
user_1138,0.006995173726318924,0.17254434771049265,0.6693584238968385,0.001803185923473631,0.000683,False,15.013512103157929,Basic
user_1139,0.12268918930113504,0.18147114682089274,0.7308755680213914,0.030462843278886206,0.011537,False,6.364373079298348,Basic
user_1140,0.35519806623497296,0.06555139019054558,0.9116936859276784,0.02553898024532659,0.009672,False,10.124504433078199,Basic
user_1141,0.3525457758050842,0.20556936311100968,0.7331352274703596,0.09885299175950184,0.037437,False,1.0539225290711947,Basic
user_1142,0.27739925300223156,0.11786329868833834,0.878037486157524,0.03723666873905915,0.014102,False,6.13064971485485,Basic
user_1143,0.29922416902749266,0.15324480876970187,0.5997346199184365,0.07645806835051018,0.028956,False,10.034052280325888,Basic
user_1144,0.16964801319644723,0.2462151740584013,0.46120781128600025,0.09056636526028657,0.034299,False,13.343925980778549,Basic
user_1145,0.33209491402266267,0.4082428698628166,0.7140439735527063,0.18986979204222612,0.071906,False,1.8816230170387924,Basic
user_1146,0.09567900873481773,0.42125621089881343,0.5323073847326071,0.07571823694016627,0.028675,False,15.14654785373442,Basic
user_1147,0.3467955727820913,0.1261536629764307,0.6142460051612144,0.07122477222947136,0.026974,False,17.103020746374025,Basic
user_1148,0.1257377281348584,0.2471610691172268,0.7206717126022463,0.04312292375396051,0.016331,False,5.339706145660789,Basic
user_1149,0.26233355871761127,0.38614580976444557,0.8140619410570197,0.12443648247192213,0.047126,False,14.541585034901777,Basic
user_1150,0.2701578749242243,0.12051339756051113,0.5825968465075465,0.05588365879427079,0.021164,False,3.4266213320531915,Basic
user_1151,0.17559265747511643,0.24615275796033323,0.6366920666061144,0.06788621875796583,0.025709,False,9.9449015633771,Basic
user_1152,0.01809315006104918,0.11108936796489005,0.6443637230554666,0.0031192888936158324,0.001181,False,15.155071936369414,Basic
user_1153,0.4564751024297044,0.2059651553230138,0.5704904438066066,0.16480199869026083,0.062412,False,7.343342025990717,Basic
user_1154,0.2742671418339538,0.21459674176638224,0.8460542749630675,0.06956626395359089,0.026346,False,0.4997047887375974,Basic
user_1155,0.19912327665086035,0.35173831998240357,0.43929010013105074,0.15943743502908578,0.060381,False,10.25938012906951,Basic
user_1156,0.24223328823540108,0.3687884768409478,0.8566274430114021,0.1042843608820956,0.039494,False,16.049297585114036,Basic
user_1157,0.04688708502615895,0.36056162840199063,0.6557440519683719,0.025780918145285537,0.009764,False,2.058220168977277,Basic
user_1158,0.10346727961999462,0.3269196655458482,0.823337232186183,0.04108339466015836,0.015559,False,0.5631866407077087,Basic
user_1159,0.3340784661117608,0.17075317367090595,0.8425230631923379,0.06770729590184367,0.025642,False,15.371774743707139,Basic
user_1160,0.4260774056141424,0.08122297182605671,0.9100249642396877,0.038028927196333225,0.014402,False,5.075518994755759,Basic
user_1161,0.08872772911032571,0.04106957304356738,0.9155726883926738,0.003980033478372529,0.001507,False,6.922530409038796,Basic
user_1162,0.21621806315505077,0.3414864946529082,0.8270923656616241,0.08927122475419708,0.033808,False,1.6526585681873982,Basic
user_1163,0.19023423222275596,0.35996855488382784,0.6757670401454761,0.10133424330360692,0.038376,False,1.835760704064878,Basic
user_1164,0.3029899468700783,0.14769464596988743,0.6783629884814387,0.0659676216056349,0.024983,False,11.676323781404125,Basic
user_1165,0.1467442259453205,0.39868506780677393,0.8272390406062695,0.07072288516313921,0.026784,False,10.492363337583365,Basic
user_1166,0.282746959277064,0.15998823423247857,0.7559994427589753,0.0598362699637095,0.022661,False,5.555633751870795,Basic
user_1167,0.31927579363958486,0.26399301165708683,0.8126282929455065,0.10372094971811754,0.03928,False,8.602013569410722,Basic
user_1168,0.14978606076068487,0.38353833181608293,0.8593502549915233,0.0668513164914604,0.025317,False,7.375757522517477,Basic
user_1169,0.26228948906410804,0.03423860883280817,0.8291325426011924,0.010831111741012247,0.004102,False,13.206005412004423,Basic
user_1170,0.09692762432776593,0.20830638983962324,0.7827790252447082,0.02579354178931438,0.009768,False,16.37969147145816,Basic
user_1171,0.34548951426333563,0.19392157941740923,0.6847772557823117,0.09783892749410762,0.037053,False,14.536945969474317,Basic
user_1172,0.05540831083679632,0.07460224046206683,0.6433751302583736,0.006424842885959258,0.002433,False,0.08374534369580966,Basic
user_1173,0.34133573568187653,0.25006309399592297,0.8068235298907098,0.10579199415211234,0.040065,False,1.8915157613026587,Basic
user_1174,0.34903986916756496,0.0792617412003298,0.5447205839394194,0.0507884383191095,0.019234,False,8.158158821014835,Basic
user_1175,0.2495998049571394,0.22053401470878636,0.7911943761565055,0.06957234368263449,0.026348,False,16.184178261740914,Basic
user_1176,0.20541484796000573,0.20808728400492907,0.3313722871276194,0.12899152846122347,0.048851,False,4.502509573406855,Basic
user_1177,0.12230712928286687,0.334583647783421,0.5725148860821129,0.07147755710846414,0.027069,False,16.700089644421663,Basic
user_1178,0.3030657118941381,0.09274627508659825,0.919079154568376,0.030583019694152273,0.011582,False,2.0902595122815013,Basic
user_1179,0.03607762239118304,0.1362498914826922,0.7812030857425163,0.006292310188560114,0.002383,False,1.3795353531210104,Basic
user_1180,0.13369218901297278,0.3278422009907758,0.6173122869088812,0.07100124593463238,0.026889,False,17.354974245766357,Basic
user_1181,0.24769218737648746,0.09258380650849325,0.7279503154698842,0.03150254222354121,0.01193,False,3.0775615939371375,Basic
user_1182,0.1402478383539809,0.21802934476941827,0.761954860201465,0.04013117561001018,0.015198,False,8.811736051010199,Basic
user_1183,0.13428233318470154,0.2431144750794393,0.8521037620414498,0.038312210788071906,0.014509,False,6.193183839353343,Basic
user_1184,0.1776845000661776,0.20206710915124684,0.8597483160145212,0.041761283622858074,0.015815,False,2.805092258632464,Basic
user_1185,0.18854420462297924,0.29844447785428635,0.8039275283073508,0.06999384237983713,0.026507,False,12.010109284240693,Basic
user_1186,0.04952718253456975,0.3491295164761001,0.5487448258694725,0.03151082338374688,0.011934,False,18.309781568498643,Basic
user_1187,0.16511696245740684,0.26475242041827407,0.6581968857528674,0.06641647265272146,0.025153,False,12.504079490230254,Basic
user_1188,0.24502942917715528,0.0758009289529245,0.6681923382450383,0.027796574862284592,0.010527,False,6.720274972769277,Basic
user_1189,0.277519062822567,0.13178559066222467,0.7693003242229531,0.04754061900473046,0.018004,False,13.52414216038843,Basic
user_1190,0.33318333345032386,0.12100170404823139,0.45299319511420855,0.08899857998483815,0.033705,False,2.721714953924936,Basic
user_1191,0.24338708482959107,0.27177002063359773,0.563709349276439,0.11733939334338053,0.044438,False,11.020309903174796,Basic
user_1192,0.01949577895393763,0.12530545786807898,0.8385066323939367,0.002913426577609116,0.001103,False,8.919691476777762,Basic
user_1193,0.5146678569101063,0.02296973973232387,0.6470507677555761,0.018270261486319314,0.006919,False,6.839687857049125,Basic
user_1194,0.2600428881121357,0.39456904665001874,0.5382708821572935,0.19061940344850326,0.07219,False,14.051778746159071,Basic
user_1195,0.130594261968944,0.06222138744937418,0.4595574166770608,0.017681699560829524,0.006696,False,2.2512557630263617,Basic
user_1196,0.15438515019130344,0.13441730052459386,0.622137623027101,0.03335602021434896,0.012632,False,10.123019034180306,Basic
user_1197,0.22564014194029564,0.258466410567208,0.4782274445250067,0.12195117247005664,0.046184,False,16.23354920451354,Basic
user_1198,0.0920650519698001,0.16394815772275695,0.7628816867883487,0.01978536897987722,0.007493,False,3.8324929582208114,Basic
user_1199,0.0795785707039561,0.1762564669200282,0.872190313220264,0.01608162519374686,0.00609,False,5.026283596660287,Basic
user_1200,0.1677177556522358,0.6012175249116025,0.7751325747836414,0.1300872356772151,0.049266,False,12.552764062663849,Basic
user_1201,0.5312924436384011,0.13306827727433881,0.9604118002119947,0.07361235064815984,0.027878,False,14.6791522095144,Basic
user_1202,0.3077603283696108,0.4125732196284197,0.7872406555017263,0.16128952266626376,0.061082,False,5.383376426253686,Basic
user_1203,0.08660438886238907,0.14579488755984588,0.8472684605823628,0.014902569520530104,0.005644,False,6.838062162198566,Basic
user_1204,0.007715020205094004,0.33504675116174704,0.6859990331314056,0.003768070113837661,0.001427,False,14.058337174900142,Basic
user_1205,0.07727273650492156,0.05523547855481131,0.9281226043150544,0.00459874219229804,0.001742,False,5.421149637603634,Basic
user_1206,0.23934255371424468,0.09470538615709646,0.38055007736553687,0.05956385327852755,0.022558,False,12.65870258942322,Basic
user_1207,0.14784130272685453,0.3330674927583176,0.44516397037813243,0.11061347121944824,0.041891,False,3.017860265309871,Basic
user_1208,0.324760591425761,0.1198601971349185,0.574063518137778,0.06780759842781377,0.02568,False,7.814898730279835,Basic
user_1209,0.09681514677008528,0.5525994996862925,0.5749214600685981,0.09305619181587103,0.035241,False,13.084866984741401,Basic
user_1210,0.17196930103137775,0.22856999114879295,0.36196083047020833,0.1085946829206464,0.041126,False,8.738186565937202,Basic
user_1211,0.3307412019522361,0.21476088980928199,0.7451877032405831,0.09531863518274081,0.036098,False,0.3655096188120547,Basic
user_1212,0.09231231850774523,0.14764927715117881,0.7788789096899934,0.01749931463061809,0.006627,False,7.721226784985767,Basic
user_1213,0.1150942681292515,0.06202604477344511,0.5883060841000731,0.012134571477485359,0.004596,False,5.4783705269038085,Basic
user_1214,0.1787286895802352,0.17165917502523625,0.569748916844012,0.05384901752272135,0.020393,False,1.9243614737578287,Basic
user_1215,0.23837456457761483,0.02590734575400921,0.5513195995815746,0.011201583016748708,0.004242,False,0.17362222132437155,Basic
user_1216,0.17500251333209688,0.3179364738856225,0.9607456361035397,0.05791302080286757,0.021932,False,0.8647926297607603,Basic
user_1217,0.043780599809404776,0.11093576475717483,0.7830952576140465,0.00620209900923428,0.002349,False,18.035705497017076,Basic
user_1218,0.09640915941317497,0.2293187309416339,0.989078052262281,0.022352559575264254,0.008465,False,14.246564945886806,Basic
user_1219,0.15845099809375388,0.26070572458793145,0.7590180998838845,0.05442437048079955,0.020611,False,17.855092545349674,Basic
user_1220,0.14331348418677117,0.12161845485750371,0.5496653138559644,0.031709413105895354,0.012009,False,2.1808940357830036,Basic
user_1221,0.3547125973957453,0.22550645088800444,0.4435756449455211,0.180329961384161,0.068293,False,10.839684615368313,Basic
user_1222,0.4219586996495396,0.13756019428654812,0.940666734102174,0.061705935375817304,0.023369,False,1.5824827359156677,Basic
user_1223,0.39120926680007584,0.14316148009181473,0.49521948654312964,0.11309348517701114,0.04283,False,0.5093214328133516,Basic
user_1224,0.08429059240365298,0.21457844603686402,0.6520899022503631,0.027736887614858756,0.010504,False,8.85934174436489,Basic
user_1225,0.3571814502863179,0.14129743759621757,0.931237002250928,0.054195466417643855,0.020524,False,12.280527398659201,Basic
user_1226,0.1881965739126028,0.42914871719429837,0.5884285325094577,0.13725425232274463,0.05198,False,1.207684857571182,Basic
user_1227,0.1217813847391683,0.06514004979025836,0.7906842635628901,0.010032886489595683,0.0038,False,6.936134617812911,Basic
user_1228,0.18907183657049964,0.16978363315700554,0.4612837609010962,0.06959122791987869,0.026355,False,1.7131730299155206,Basic
user_1229,0.1996001032844972,0.07220938228189991,0.7291327929378895,0.019767318520269493,0.007486,False,6.87996919610297,Basic
user_1230,0.425318535262341,0.5583296786950425,0.7233515361635705,0.32828845901886716,0.124327,False,8.964118267615069,Basic
user_1231,0.29345715388018573,0.39755443535594,0.6683458332864833,0.17455812141195834,0.066107,False,6.4130963211608405,Basic
user_1232,0.01701002860601413,0.37067421703250586,0.832764457322642,0.0075713834563810745,0.002867,False,10.948731461713436,Basic
user_1233,0.4440469533792531,0.014844579329916662,0.8057289994383912,0.008181026412404997,0.003098,False,11.107211072050013,Basic
user_1234,0.0260499751255308,0.20949740389690585,0.5381848331955007,0.01014038639471511,0.00384,False,6.325771322823457,Basic
user_1235,0.26277900183988284,0.1695462428102085,0.7251295066814185,0.061441703917508896,0.023269,False,7.402369905477487,Basic
user_1236,0.32775100693241,0.338629694035384,0.6584837237022567,0.16854816482524798,0.063831,False,8.380246740332941,Basic
user_1237,0.29281711004908695,0.1741563679427559,0.6224672440609545,0.0819255388041744,0.031026,False,7.137412824946416,Basic
user_1238,0.05920505513219491,0.15420791892720265,0.5147581325562363,0.017736268286948638,0.006717,False,14.452305550595494,Basic
user_1239,0.3367691611268698,0.252824840125382,0.4787207517383281,0.17785652494045193,0.067356,False,2.659002576295579,Basic
user_1240,0.26070902943457647,0.264804320088703,0.8505198226792203,0.0811702154841445,0.03074,False,16.28367316953679,Basic
user_1241,0.1168700425747465,0.176894395562424,0.7624188847798373,0.027115875476490126,0.010269,False,6.293769330951695,Basic
user_1242,0.09645451531089726,0.3091881190787646,0.35343743171514735,0.08437869758420416,0.031955,False,13.755256230556853,Basic
user_1243,0.21090810525528628,0.16389038429709218,0.8706981243489718,0.03969896047209885,0.015034,False,16.79174010669363,Basic
user_1244,0.20112366440334944,0.22202213932705708,0.7905697597197684,0.05648319543104849,0.021391,False,16.861601331753068,Basic
user_1245,0.0447838920547954,0.4778728083786569,0.6295341044402026,0.0339949879051938,0.012874,False,8.594936330276111,Basic
user_1246,0.2932664501505346,0.16594065219341514,0.5228882193840725,0.09306927217016155,0.035246,False,4.875460000134723,Basic
user_1247,0.3161463724988932,0.26192414955287824,0.7966598684329802,0.10394193686934317,0.039364,False,11.509448146385587,Basic
user_1248,0.048080146034012235,0.27432588092963783,0.9055895487632164,0.01456468709695182,0.005516,False,3.495297201227995,Basic
user_1249,0.28547673465645823,0.1490157848392675,0.7487271748045277,0.05681714394737926,0.021517,False,15.021340570927615,Basic
user_1250,0.3137110722729484,0.21664999145111333,0.841258077698336,0.08079031028386202,0.030596,False,13.515553083849777,Basic
user_1251,0.12826668049868437,0.13246638194386928,0.5213125560963665,0.03259277546821665,0.012343,False,15.1171699617773,Basic
user_1252,0.4951434837702738,0.10696052208100813,0.47565790864738094,0.11134221583675812,0.042167,False,8.231892659890114,Basic
user_1253,0.11890338961540109,0.15191584455433962,0.8064142943085424,0.022399539518685844,0.008483,False,10.59113769806096,Basic
user_1254,0.12124145274486645,0.07015626601971625,0.7597980320874465,0.011194879760371314,0.00424,False,1.9518060934573351,Basic
user_1255,0.10115098827441722,0.26259898164857803,0.8133249371886818,0.03265871400110177,0.012368,False,13.065266734392605,Basic
user_1256,0.4487261764436858,0.17839133681073252,0.5193985667957988,0.1541183738175945,0.058366,False,9.249934930607713,Basic
user_1257,0.17830219551261065,0.4985887504733422,0.48378007897798475,0.18376008589500362,0.069592,False,9.675527738354447,Basic
user_1258,0.15382433264489667,0.11737329959965978,0.5635248271271214,0.03203917309782399,0.012134,False,16.092850825140943,Basic
user_1259,0.08546924211377795,0.4258833233930483,0.8547105633933066,0.042587428350936284,0.016128,False,14.674101082188011,Basic
user_1260,0.37315286275547815,0.5369462930325892,0.9421658001929412,0.21266219422316243,0.080538,False,10.168658281796061,Basic
user_1261,0.09907354082370291,0.2381699032285151,0.6213952346151578,0.037973151894383834,0.014381,False,6.747020209025236,Basic
user_1262,0.11080266101829321,0.17506598503753623,0.7257030795876678,0.026729633015983904,0.010123,False,8.482273399311516,Basic
user_1263,0.027763016876296034,0.18239052906464698,0.6457954235201295,0.007841045557270847,0.002969,False,6.664509753183925,Basic
user_1264,0.1309548233217963,0.25402998664012566,0.8501023908210988,0.03913228850793427,0.01482,False,2.880502917442482,Basic
user_1265,0.05483102950915947,0.1996877073694768,0.7909071115693991,0.013843702269493935,0.005243,False,12.269743521530918,Basic
user_1266,0.153627432831663,0.05630862753608601,0.8167988231232177,0.010590796227602069,0.004011,False,13.138785049034018,Basic
user_1267,0.29116364863310573,0.07084816196637289,0.771861166095244,0.026725543715892704,0.010121,False,18.45299065622475,Basic
user_1268,0.12708393322007883,0.46830496320837806,0.8102834747864561,0.07344841468806883,0.027816,False,8.658385040111673,Basic
user_1269,0.1257867189227566,0.037971758385271545,0.683545524170732,0.006987600284275977,0.002646,False,18.9485558424229,Basic
user_1270,0.07553344740549296,0.10350686795257544,0.6999578897737083,0.011169572742627051,0.00423,False,3.554873124610568,Basic
user_1271,0.42791718377051885,0.3982248558271806,0.8206703467220918,0.20764398213439283,0.078637,False,12.475985826631094,Basic
user_1272,0.4023589481002752,0.17842668126100458,0.7090384751120284,0.10125201142837528,0.038345,False,18.900604216401263,Basic
user_1273,0.2813691182701953,0.40459567175539457,0.6596899541421449,0.17256701682806466,0.065353,False,12.166174418416473,Basic
user_1274,0.2552807244862687,0.24974230636892966,0.8176086555907611,0.07797666581534225,0.029531,False,8.595028020726668,Basic
user_1275,0.07611677337369946,0.1237074977255789,0.8057533661598102,0.011686225543037635,0.004426,False,9.789793718305473,Basic
user_1276,0.25327752120342095,0.17093282353096045,0.6876904007160233,0.0629548439110773,0.023842,False,16.06471163118904,Basic
user_1277,0.20298657463703756,0.049841334343861905,0.8458197000111621,0.011961321938548314,0.00453,False,17.843099419948555,Basic
user_1278,0.2717055298093432,0.2206180245993443,0.8267851502982249,0.07250146817179023,0.027457,False,8.624604091813001,Basic
user_1279,0.022633520024482164,0.23513009651019165,0.7155676082716862,0.0074372032582297395,0.002817,False,14.675030538602751,Basic
user_1280,0.11215108120623132,0.009065109774593594,0.7290322079874642,0.0013945362788297126,0.000528,False,17.740079977251625,Basic
user_1281,0.06297068441766204,0.06701067530621628,0.8660009849740142,0.004872636591110556,0.001845,False,5.3602909382128585,Basic
user_1282,0.11466664105468065,0.03287748757438636,0.7710755562255304,0.004889210967763085,0.001852,False,9.370051290433969,Basic
user_1283,0.1382232517177486,0.28860229747743643,0.7259871950576388,0.05494800498151641,0.020809,False,18.912933544103943,Basic
user_1284,0.19448977011735005,0.34648812556985176,0.5850665131036972,0.11518074335341096,0.04362,False,6.716092739010216,Basic
user_1285,0.24693689985707695,0.08438488439574447,0.7899898873449408,0.026377225938316835,0.009989,False,11.77407116167559,Basic
user_1286,0.3696346179442691,0.005123867481710547,0.6782504427819301,0.00279241807971526,0.001058,False,12.48359955938658,Basic
user_1287,0.10085809062316385,0.24995635607617522,0.818218162818711,0.03081100122016283,0.011668,False,2.928820112009003,Basic
user_1288,0.2991349619823779,0.23006799064177968,0.44139631058403717,0.15591743289138338,0.059048,False,15.325723485345181,Basic
user_1289,0.20553912244378764,0.3184276237448041,0.7666081587751526,0.08537521235221293,0.032333,False,7.845111575903259,Basic
user_1290,0.028545516500040124,0.16185439086794362,0.7863187486785522,0.005875756101313027,0.002225,False,9.506144857798226,Basic
user_1291,0.17613593568400007,0.19282796369231822,0.8686347743896383,0.039100361639162126,0.014808,False,12.214006933188376,Basic
user_1292,0.3926764770071242,0.07930019011013542,0.7554806359077577,0.04121789202581918,0.01561,False,7.799209193051768,Basic
user_1293,0.34902362819891086,0.33913657391186186,0.8496658926696037,0.139309672781809,0.052758,False,6.1765668472942625,Basic
user_1294,0.1462534348604173,0.36815559363438277,0.5687463824395084,0.09467140678970612,0.035853,False,10.382183835631718,Basic
user_1295,0.1819748164996681,0.44540199158334215,0.7083702921030601,0.11442030614572023,0.043332,False,6.588913749467183,Basic
user_1296,0.2824472397273719,0.14976509194925688,0.754385674551289,0.0560730913318897,0.021236,False,8.248464753385695,Basic
user_1297,0.2814723895888317,0.20273949340598674,0.7980121878328454,0.07150964677367239,0.027082,False,2.0597426682096556,Basic
user_1298,0.21081104878354637,0.026982632833007496,0.6757978004966119,0.008417069606156822,0.003188,False,16.050118165895174,Basic
user_1299,0.128050710041352,0.1375959125769418,0.9505768908962914,0.018535327834082033,0.00702,False,7.822437280134795,Basic
user_1300,0.33554973658628345,0.062304143278657464,0.804266550440693,0.02599404246506607,0.009844,False,1.5728961432263429,Basic
user_1301,0.11884289917779764,0.18537658209974184,0.7993364875395649,0.02756122208835599,0.010438,False,15.010451265937036,Basic
user_1302,0.29792688731789496,0.2790105558236044,0.6996709803629452,0.11880547965879956,0.044993,False,0.37288091533238,Basic
user_1303,0.06722567117772556,0.25151182192789373,0.8063901581925604,0.020967581097632547,0.007941,False,11.38757781066185,Basic
user_1304,0.2894459747245808,0.2572562765865905,0.5932134474032766,0.12552276765904405,0.047537,False,13.350611434867142,Basic
user_1305,0.0612152605325812,0.24736803424165904,0.8666119863639219,0.01747344705797394,0.006617,False,3.6329977430545077,Basic
user_1306,0.30342082400142206,0.27740016961791175,0.6517587886260029,0.12914131656136285,0.048907,False,2.4939291549598415,Basic
user_1307,0.3585921736346926,0.19985065626107448,0.5459980494962777,0.1312548301172403,0.049708,False,2.163777522678605,Basic
user_1308,0.1849877955676212,0.12907472274049686,0.7717011955742848,0.030941054076633175,0.011718,False,18.873269813296147,Basic
user_1309,0.2694035884006327,0.06276418715550999,0.8966985415262992,0.018856835892653644,0.007141,False,14.346649672918025,Basic
user_1310,0.32771986337299064,0.2646028222550383,0.9365733471149266,0.09258815769704798,0.035064,False,5.941498936965964,Basic
user_1311,0.36831172410260987,0.06500712324665199,0.8246590496014314,0.02903367840745476,0.010995,False,6.375595835391642,Basic
user_1312,0.10185093328553192,0.264796092303697,0.5907466452475584,0.04565363061891186,0.01729,False,12.323870338100914,Basic
user_1313,0.1462422103715718,0.3506829456843323,0.9250151742634712,0.055441954406126585,0.020997,False,8.695767212452742,Basic
user_1314,0.4124299439503648,0.1068049142814186,0.7417253254987277,0.05938794766255362,0.022491,False,5.155462737182943,Basic
user_1315,0.19329464625166656,0.22607079875643601,0.6672843675457543,0.06548673578878753,0.024801,False,1.0848355247816213,Basic
user_1316,0.25640755306731705,0.385479871557195,0.9292014123142962,0.1063708570744747,0.040284,False,14.893219254778952,Basic
user_1317,0.12401667447897044,0.0344698642803153,0.7116823185205442,0.006006665933014537,0.002275,False,16.876291446643386,Basic
user_1318,0.3433750695989046,0.12058917097016757,0.5835112594231314,0.07096232387304992,0.026874,False,3.9132264355302775,Basic
user_1319,0.14399300761382375,0.094991172053132,0.47569357101838255,0.02875394033896688,0.010889,False,1.2046971701122993,Basic
user_1320,0.03395381921397026,0.155989703223503,0.3361551797147571,0.01575595588616534,0.005967,False,2.253884608522031,Basic
user_1321,0.5221867582219226,0.24187316728500297,0.7768132449288319,0.162591158106471,0.061575,False,7.870926922988017,Basic
user_1322,0.1604150211739585,0.29260973286860303,0.690904972008808,0.06793842626048564,0.025729,False,5.687616697285435,Basic
user_1323,0.20782989602307833,0.028521127145246093,0.7060478390427075,0.008395384223672904,0.003179,False,1.3956985025138542,Basic
user_1324,0.027957924779465914,0.20426707946514658,0.5412993134226515,0.010550324932979629,0.003996,False,8.642506134446306,Basic
user_1325,0.13673171504009987,0.033646167741741353,0.6737883422916775,0.006827809166611643,0.002586,False,3.8744591547839855,Basic
user_1326,0.05004362679108323,0.4876681400355697,0.7403469546750125,0.03296384518601093,0.012484,False,1.272023007693517,Basic
user_1327,0.18196226830544204,0.47662427730744317,0.5679680850284666,0.1526980774350333,0.057829,False,12.500634636274045,Basic
user_1328,0.29769889914212966,0.14704960079764154,0.9353030222929272,0.04680462185338386,0.017725,False,10.877619555634617,Basic
user_1329,0.17234001241679275,0.05321526381568276,0.7628360621528827,0.012022398627661697,0.004553,False,15.70156005833057,Basic
user_1330,0.25916035538101306,0.1382789136513461,0.5890574631421132,0.060836870162762964,0.02304,False,5.743348494590524,Basic
user_1331,0.17827078947192537,0.047412663299240466,0.576468197252811,0.01466220158822641,0.005553,False,2.5806308703240597,Basic
user_1332,0.27813707975162993,0.21098307407961647,0.9022097628723801,0.06504276335327917,0.024632,False,6.8430543437737095,Basic
user_1333,0.34535617721979345,0.19415277138714343,0.9727963309068987,0.06892692415932801,0.026103,False,14.795433979609594,Basic
user_1334,0.03411330160339582,0.29297263539461066,0.6849919431409026,0.014590337846794577,0.005526,False,4.593047747830353,Basic
user_1335,0.1631006612446795,0.09306157195040184,0.5730111106053742,0.026488847494674565,0.010032,False,4.845016148617348,Basic
user_1336,0.13878761569199669,0.1159976400003229,0.7839270281678893,0.02053639599487767,0.007777,False,2.804108996423096,Basic
user_1337,0.19026395084940423,0.1160062075968464,0.5156364987287502,0.04280495937515666,0.016211,False,18.743772875087338,Basic
user_1338,0.09173229977441513,0.10906298783753428,0.5260518911622899,0.019018273411205384,0.007202,False,18.378886679629215,Basic
user_1339,0.215872459242876,0.2142247938001249,0.7002802635568567,0.06603817853375253,0.025009,False,12.502990629135757,Basic
user_1340,0.12071824104230759,0.2803040385573478,0.6130048321999081,0.055199908245850964,0.020905,False,4.081543601436888,Basic
user_1341,0.19233820114979958,0.257644892637988,0.8284996070675426,0.059812889182678804,0.022652,False,14.5645704130525,Basic
user_1342,0.18358476192738787,0.3130193370174703,0.7231663296862576,0.07946384960974644,0.030094,False,11.094735162394691,Basic
user_1343,0.07606858151090369,0.24991405850006543,0.9142755582398173,0.02079308339635876,0.007875,False,14.241756632747517,Basic
user_1344,0.13784013118404906,0.14723897126493304,0.7425076733645735,0.02733364225395376,0.010352,False,16.347796848378255,Basic
user_1345,0.2824741070025078,0.4437500119054425,0.9002451743295984,0.13923750098264856,0.052731,False,6.0510129781901085,Basic
user_1346,0.1269332997128785,0.2589898220640702,0.561359062547698,0.05856221962008567,0.022178,False,17.360276128244987,Basic
user_1347,0.23898400630047228,0.04214441833239437,0.7232009979207339,0.013926753371795811,0.005274,False,17.072608264886515,Basic
user_1348,0.19105340760056508,0.35617497597766135,0.9057272450806505,0.07513127515173978,0.028453,False,10.39547952189931,Basic
user_1349,0.03302695994880317,0.052451770022796225,0.829630573155459,0.0020880649337667516,0.000791,False,13.006859510577643,Basic
user_1350,0.042735514242926376,0.08614452958715968,0.5208859970222799,0.007067632441969425,0.002677,False,7.8096818877012515,Basic
user_1351,0.06967539246047935,0.3379707982759731,0.7751688317829342,0.030378218324255322,0.011505,False,12.446952068083911,Basic
user_1352,0.07323667727557778,0.16350142044453364,0.8987687681929241,0.013323004967418424,0.005046,False,10.430210975983941,Basic
user_1353,0.5468362958078765,0.08380428100522366,0.7342400901812961,0.06241449249444196,0.023637,False,6.133577916765823,Basic
user_1354,0.24963048364587953,0.11217653391876993,0.8538107117526693,0.032797295735934415,0.012421,False,6.133932677581147,Basic
user_1355,0.1632484428274392,0.3277458685087153,0.6722026131583113,0.07959505308345716,0.030144,False,12.381655406891683,Basic
user_1356,0.16887936574578133,0.10311419742737392,0.7492055821118881,0.023243099993773882,0.008802,False,18.175932578245778,Basic
user_1357,0.13815663379484608,0.12225135351940478,0.484173538778337,0.03488384665077108,0.013211,False,3.829417330137026,Basic
user_1358,0.29510175940354305,0.5369460011070584,0.6828954511186323,0.23203216447236694,0.087873,False,7.458196405016527,Basic
user_1359,0.11594341899618112,0.1872663768180859,0.6531481420757688,0.03324254115201528,0.012589,False,15.308474634715884,Basic
user_1360,0.16465026526616203,0.09068729161371664,0.8149981028494725,0.018321130525657273,0.006938,False,2.3372180038458565,Basic
user_1361,0.2694275492836664,0.45204986079774234,0.7978354894668173,0.1526563906428279,0.057813,False,18.88916901907729,Basic
user_1362,0.16667722449791625,0.24116130072485542,0.9403390347523541,0.042746386968517354,0.016189,False,12.884632930217899,Basic
user_1363,0.05771295854830373,0.3757931291710001,0.625892600093801,0.03465152533091609,0.013123,False,17.30520885328994,Basic
user_1364,0.42807661592696683,0.17180628807085763,0.8227061437501155,0.08939553320594248,0.033855,False,15.923017323986764,Basic
user_1365,0.198577530814189,0.23884972163610607,0.6204370489280127,0.07644641473313676,0.028951,False,14.76556377538114,Basic
user_1366,0.2801321703329171,0.4114398323436868,0.6121916564368285,0.18827034309269755,0.0713,False,0.6251201455016162,Basic
user_1367,0.25539811910847426,0.33865913670675335,0.5528915268986854,0.15643738839509086,0.059245,False,7.723426196175694,Basic
user_1368,0.30716241120373877,0.26130353077748253,0.8591426230184354,0.09342176772428579,0.03538,False,3.8353854987454197,Basic
user_1369,0.07904652253304437,0.12157655561712913,0.7579240473399363,0.012679639835690619,0.004802,False,16.555333224734472,Basic
user_1370,0.06579020573379543,0.18872534901315743,0.7407502803231235,0.016761761512046752,0.006348,False,12.92543906917053,Basic
user_1371,0.4304979427384014,0.26270331476388153,0.43441322903603813,0.2603356182484666,0.098592,False,2.0343929246298966,Basic
user_1372,0.24098671814832523,0.11265054806877746,0.7410551099112851,0.03663328882511148,0.013873,False,6.832357251245947,Basic
user_1373,0.0036798392976006254,0.12676355535407097,0.5324761871795781,0.0008760382599760564,0.000332,False,1.3168552154516737,Basic
user_1374,0.21796417494788625,0.308050836592671,0.4495477517403102,0.14935909740399436,0.056564,False,14.059935937850062,Basic
user_1375,0.07455418542280258,0.2816159129831327,0.7767369309175357,0.027030573877509335,0.010237,False,7.948041537014004,Basic
user_1376,0.11686406758163988,0.16617703109662568,0.32060384500213845,0.060573583552819846,0.02294,False,4.453054115176561,Basic
user_1377,0.2137937255207819,0.09659783954543297,0.8639228061579629,0.02390492743850628,0.009053,False,9.836121159942907,Basic
user_1378,0.10895269308474961,0.4002134003969055,0.6724753899622514,0.06484152198386878,0.024556,False,0.7988442611001352,Basic
user_1379,0.36437986041879916,0.2605867788310346,0.9418247639530711,0.10081766559088708,0.038181,False,4.888597652471687,Basic
user_1380,0.0591600648861411,0.09863854721092412,0.8356251800465812,0.006983349703449183,0.002645,False,3.3307800747743643,Basic
user_1381,0.2635569308362245,0.5307430382182216,0.6555928319218879,0.21336567363835043,0.080804,False,17.682229546700846,Basic
user_1382,0.19395758205751368,0.29688911430424475,0.580837212714028,0.0991394722810214,0.037545,False,7.165040714430834,Basic
user_1383,0.06499079706281785,0.09829399358781903,0.6627433745042169,0.009639032596197186,0.00365,False,11.104986361625222,Basic
user_1384,0.33425038360807513,0.12131524113415448,0.568577859408177,0.07131770120068469,0.027009,False,9.555897065823398,Basic
user_1385,0.21619385326460056,0.11250839260372826,0.7482909333780132,0.03250556947389734,0.01231,False,12.524892605570635,Basic
user_1386,0.04361741554265003,0.22344286657454007,0.7214891916634278,0.013508172366314665,0.005116,False,5.3032045864519075,Basic
user_1387,0.2582224136683156,0.10318399084574871,0.4674202445250343,0.057003134717010705,0.021588,False,2.294812007526275,Basic
user_1388,0.10942545080640008,0.22699682090129691,0.57448913410447,0.04323707444434815,0.016374,False,1.5475805151501296,Basic
user_1389,0.40084407432099256,0.2630381994268425,0.6110343062064212,0.17255545636204295,0.065349,False,3.6745423207748127,Basic
user_1390,0.3020736631301251,0.08009415776167289,0.8716284239039709,0.027757625803465323,0.010512,False,9.173761506403709,Basic
user_1391,0.19421259614040806,0.15896498850373655,0.498494736318065,0.061932455577709954,0.023455,False,4.484520335992394,Basic
user_1392,0.19705136639866322,0.13929566962441464,0.6241823245747803,0.04397497486268407,0.016654,False,8.246039495453644,Basic
user_1393,0.38195552873152144,0.17638464102820234,0.7003928077976634,0.09619043495876313,0.036428,False,0.5567485076715447,Basic
user_1394,0.14184411388145504,0.08660678478759896,0.6519490325184528,0.01884298009748354,0.007136,False,11.92347085619642,Basic
user_1395,0.023507236101500198,0.1249796834931522,0.545857644188735,0.00538222182842324,0.002038,False,16.685070378494917,Basic
user_1396,0.21622976408106245,0.09061820346632254,0.7146310240475785,0.02741883867004925,0.010384,False,0.9042088596373088,Basic
user_1397,0.24635217716405988,0.197238361140051,0.7748506964442684,0.06270898369208286,0.023749,False,4.14275556157763,Basic
user_1398,0.10910777082582175,0.15358825127503342,0.680352636517884,0.02463086173579423,0.009328,False,6.0376377718805045,Basic
user_1399,0.15151490470162146,0.4108116276203194,0.7785074209282522,0.0799531037674555,0.030279,False,5.457570910366748,Basic
user_1400,0.18510983970531825,0.3963523972429203,0.7300860686515145,0.10049325945360019,0.038058,False,0.7673179352265009,Basic
user_1401,0.026908349100736313,0.19977559351004948,0.8197950656336525,0.006557286860247398,0.002483,False,2.0249910203578407,Basic
user_1402,0.3589147829664525,0.3244444508247269,0.6647412291298154,0.17517780536174019,0.066342,False,17.336773991406847,Basic
user_1403,0.17750056405963183,0.2073357177299892,0.6930610024510897,0.05310096328696387,0.02011,False,13.51587423455363,Basic
user_1404,0.43523990731012274,0.08942330330877957,0.6444694487164874,0.06039167616244911,0.022871,False,18.210323372599806,Basic
user_1405,0.34409470445776325,0.11970622691408933,0.8086362760052191,0.05093795565942637,0.019291,False,8.368780031772372,Basic
user_1406,0.18225934007866657,0.15538853201438504,0.7874228640941142,0.03596671190557351,0.013621,False,16.701629576797092,Basic
user_1407,0.08915654412957681,0.18155534834946155,0.49358831913270207,0.032794227090952685,0.01242,False,15.514244943910896,Basic
user_1408,0.21685879593202514,0.18109859227803599,0.5815872963801212,0.0675269609753154,0.025573,False,16.62388005468543,Basic
user_1409,0.3320805369197995,0.24562330177905614,0.7787073402437898,0.10474630675661388,0.039669,False,0.7439290584195482,Basic
user_1410,0.06783707373003246,0.10114388127317833,0.7016143929242802,0.009779310402503011,0.003704,False,12.397797479002692,Basic
user_1411,0.061095887430038895,0.3908386613340651,0.5505782495782555,0.04337010202358019,0.016425,False,10.765949906409466,Basic
user_1412,0.3311434449618119,0.22826079890936668,0.8345228651537103,0.09057519027553636,0.034302,False,10.35909940350331,Basic
user_1413,0.24860343355333203,0.2647531207830127,0.5510270043024509,0.11944702229963694,0.045236,False,9.583295361124495,Basic
user_1414,0.2247275098735124,0.04407302204334799,0.662960789011206,0.014939677671094661,0.005658,False,15.123554339024684,Basic
user_1415,0.1472508275244281,0.21650934830855356,0.7285424364934117,0.043760224673607545,0.016573,False,18.39308160369635,Basic
user_1416,0.31629069760991574,0.4360661641900849,0.9358390833000266,0.1473796871032626,0.055814,False,15.749457818552248,Basic
user_1417,0.09592457619730156,0.10232833687650297,0.7364524988484077,0.013328493505286823,0.005048,False,16.537512096890588,Basic
user_1418,0.08711611022182089,0.20843503631658503,0.8236141345651644,0.02204679210299322,0.008349,False,9.194151399543678,Basic
user_1419,0.0782906596084855,0.20278222197186918,0.7255712680075147,0.02188062650089327,0.008286,False,13.12157613520236,Basic
user_1420,0.10440808028681005,0.17296991309840756,0.7271751320675887,0.0248350854939612,0.009405,False,7.895722318976803,Basic
user_1421,0.14952895931796056,0.17918502051953822,0.6772698805224269,0.03956081676478264,0.014982,False,6.8454367432312235,Basic
user_1422,0.6288892994071478,0.05894552557281066,0.8764918895498769,0.04229384290105462,0.016017,False,17.01034657346055,Basic
user_1423,0.21486805340093593,0.2733306520263029,0.4758711838771045,0.12341580479239007,0.046739,False,17.1990138938503,Basic
user_1424,0.2503879486849913,0.11309527219057734,0.6540314074147635,0.04329714580787911,0.016397,False,12.962183653542798,Basic
user_1425,0.10047290083049498,0.2512005429092764,0.7799459486811565,0.03235973887545369,0.012255,False,15.919001602453061,Basic
user_1426,0.25131897744869214,0.3195249901090236,0.5624564973339747,0.14277138616788212,0.054069,False,6.846910963713206,Basic
user_1427,0.14357856225406052,0.10364211989577517,0.782783655725898,0.01901008848964657,0.007199,False,8.241451967963638,Basic
user_1428,0.13291948856726316,0.1850535244644651,0.735651169342502,0.03343598277886286,0.012663,False,15.599309548614956,Basic
user_1429,0.385983778918057,0.49679344617692417,0.5029344018694218,0.3812708197815412,0.144392,False,7.562955325141923,Basic
user_1430,0.24054636798526033,0.22498443474588806,0.9663610739798004,0.05600307182123875,0.021209,False,0.7593847649743296,Basic
user_1431,0.11561164085138691,0.17951260828477558,0.5411787854855932,0.038349151433741235,0.014523,False,6.712668633839607,Basic
user_1432,0.2333262787178593,0.1325728931089275,0.5704175497465978,0.054228240035230586,0.020537,False,7.56637577878884,Basic
user_1433,0.42571542833749426,0.1857423185722115,0.8576912121497089,0.0921932854053379,0.034915,False,2.9380878064512888,Basic
user_1434,0.44757670077609263,0.058254964658576235,0.7136477049412819,0.03653562493816011,0.013836,False,6.5383614138691275,Basic
user_1435,0.21702128824506886,0.2185813953194766,0.6167893245852731,0.07690926886669743,0.029126,False,17.754018285002545,Basic
user_1436,0.33673525262189724,0.20151501297833735,0.757948923228636,0.08952741632419489,0.033905,False,16.312128974130655,Basic
user_1437,0.2899951346142109,0.10284072276778596,0.7612210493349897,0.03917825087590624,0.014837,False,8.47255525908559,Basic
user_1438,0.1750043178858518,0.0627311802127084,0.9075947393585914,0.012095957509689764,0.004581,False,13.487901827904645,Basic
user_1439,0.11466467924166328,0.12428779285743428,0.3977354831029759,0.03583140179113016,0.01357,False,2.885149276135822,Basic
user_1440,0.2548536625551958,0.0913316292113225,0.5992883313290155,0.03883973539084273,0.014709,False,14.298466326960634,Basic
user_1441,0.19505327228729633,0.22278906587337072,0.42928288880104915,0.10122867102809334,0.038336,False,9.039910629323789,Basic
user_1442,0.24233072118758997,0.03481475726927943,0.7367586791663461,0.011451083612047318,0.004337,False,13.728796028587082,Basic
user_1443,0.1306596539953445,0.05008971102438699,0.4513674831555903,0.01449972484818358,0.005491,False,12.236441843920627,Basic
user_1444,0.2647409906057807,0.3144975492503674,0.612074455369611,0.13602984408384505,0.051516,False,4.422527551040941,Basic
user_1445,0.09893261731580971,0.1355189964444745,0.8059950392269749,0.016634406369451835,0.0063,False,15.85913986271978,Basic
user_1446,0.0691891828275016,0.2541944772645659,0.646910672104794,0.02718691918310202,0.010296,False,10.871355846819053,Basic
user_1447,0.36337296499993377,0.07003839310430625,0.7176009317706991,0.035465475920361464,0.013431,False,14.899750837761284,Basic
user_1448,0.20772034946580195,0.36186262876954056,0.7145539617938602,0.10519321944268671,0.039838,False,1.7857405648805855,Basic
user_1449,0.07421178167945426,0.2358099311952166,0.5768981688043422,0.030334426555688566,0.011488,False,11.691656446994758,Basic
user_1450,0.1674472763856409,0.19805745158746121,0.6343063275823284,0.05228417153366144,0.019801,False,5.545796370899288,Basic
user_1451,0.19309336778833283,0.19073895711960787,0.4231798077699363,0.08703257320510559,0.03296,False,16.357011983833914,Basic
user_1452,0.2779780764735944,0.08490322969368262,0.7463818644140194,0.03162086004752389,0.011975,False,18.040613356421616,Basic
user_1453,0.3231436186596526,0.13650592008330562,0.7353745092453778,0.059984424846939964,0.022717,False,1.060725076582742,Basic
user_1454,0.2151032024572883,0.2635762408358122,0.5349444447413217,0.10598501218729865,0.040138,False,13.761375032738524,Basic
user_1455,0.10527022527018488,0.12148113423060582,0.7297264455894008,0.017524849817117813,0.006637,False,1.9565785093398924,Basic
user_1456,0.06398738375674841,0.03997531832501707,0.49661488550575345,0.005150703511144371,0.001951,False,16.292639961374405,Basic
user_1457,0.1918793873772877,0.1753273520648429,0.3128710138487703,0.10752579630449623,0.040721,False,2.3659623115478103,Basic
user_1458,0.26469362005287583,0.12771746542729723,0.8153912406578684,0.04145984967983491,0.015701,False,3.7051305784353827,Basic
user_1459,0.14012719664760365,0.24377867020519187,0.6474423158288155,0.05276149059643205,0.019981,False,4.78078308187694,Basic
user_1460,0.11077955578237904,0.22317480006882853,0.617340679196746,0.04004791203070358,0.015167,False,13.828821044628887,Basic
user_1461,0.13021868441391626,0.07843271755486009,0.723927495418102,0.014108326261462741,0.005343,False,5.558154665108263,Basic
user_1462,0.11564018538985987,0.22929124546930574,0.5859884809081598,0.04524881119377847,0.017136,False,11.325612328974389,Basic
user_1463,0.21282673085537576,0.2522944859645275,0.7707329640385021,0.06966746352629798,0.026384,False,10.86691067651063,Basic
user_1464,0.17774075429005032,0.32694927136981583,0.803839965979653,0.0722932580703811,0.027378,False,7.642970773240098,Basic
user_1465,0.06897152869281757,0.3054629464096681,0.6029954195503058,0.03493931411386014,0.013232,False,10.250301727867651,Basic
user_1466,0.35442898604597056,0.28763023738505117,0.6780554427946629,0.150348315135371,0.056939,False,2.245644461472875,Basic
user_1467,0.27666524907019463,0.3482859847188264,0.6914502965145033,0.13935727440659354,0.052776,False,16.64731078284871,Basic
user_1468,0.14418751077648664,0.38281614370641437,0.37972842929444467,0.14535995355586404,0.05505,False,3.934456154636774,Basic
user_1469,0.16739749027562414,0.20320361663865733,0.6698745182327454,0.05077932435761445,0.019231,False,16.724305833458235,Basic
user_1470,0.07860985127630526,0.2349842201412392,0.601229306626839,0.030723842623736782,0.011635,False,9.856011349644836,Basic
user_1471,0.15739537783328056,0.10228461872089992,0.666308194259524,0.024161681259226037,0.00915,False,11.664782438219746,Basic
user_1472,0.012248595629730153,0.06245813990467395,0.5314682753937665,0.0014394546860029506,0.000545,False,4.888643535970874,Basic
user_1473,0.151306794870949,0.2436647621454753,0.7595259147151446,0.04854098256417119,0.018383,False,4.224259798126296,Basic
user_1474,0.2564454492510164,0.2429983454626194,0.7552101886381223,0.08251453808083525,0.031249,False,9.323356390675087,Basic
user_1475,0.15755078898110317,0.22344709676206936,0.7031480104866686,0.050066651494946365,0.018961,False,5.0798284691824644,Basic
user_1476,0.15695931594155177,0.34466195517470405,0.6622437605646245,0.08168880997712356,0.030937,False,8.039641606440028,Basic
user_1477,0.3029315037956206,0.035517720134171656,0.8036018637824583,0.013389013710089253,0.005071,False,8.364178961179945,Basic
user_1478,0.24051795587978808,0.2570453491327869,0.7561817358190778,0.08175815285310757,0.030963,False,5.147429167994348,Basic
user_1479,0.10615791756336256,0.07669968872162537,0.46461320234424786,0.017524855495632218,0.006637,False,5.542869692331844,Basic
user_1480,0.2688129504423934,0.26189785065927185,0.8853620857570063,0.07951722248196924,0.030114,False,18.485278799421824,Basic
user_1481,0.17277639785093818,0.03857068420262099,0.5617827376299531,0.011862421952104539,0.004492,False,11.161649741324908,Basic
user_1482,0.4353650208027093,0.22122909041492517,0.8830506477049574,0.10907121556502045,0.041307,False,15.805617780344392,Basic
user_1483,0.18356970938568254,0.5126021549955316,0.6921557297026949,0.13594950469227904,0.051486,False,0.8691034111945847,Basic
user_1484,0.08143334050246544,0.1467844351552708,0.7191884466954576,0.016620326624244033,0.006294,False,0.03656774270081997,Basic
user_1485,0.11176423404362881,0.10093186995823993,0.8225298325358444,0.013714485104687368,0.005194,False,9.86294532075247,Basic
user_1486,0.14008871223924113,0.34093912400721105,0.940789807058455,0.05076768740031375,0.019226,False,15.709300780506148,Basic
user_1487,0.319952726504489,0.28335451098826503,0.745240295625634,0.12165210186592487,0.046071,False,11.607457904517531,Basic
user_1488,0.13681133078483806,0.12991223735064872,0.47849943151113156,0.03714417386254412,0.014067,False,11.75776404022094,Basic
user_1489,0.07341133371319435,0.20768946887625736,0.5739921204810837,0.02656266587006831,0.01006,False,2.647809924867841,Basic
user_1490,0.10513675219269648,0.2218185182311466,0.8430568355681127,0.027662759613714085,0.010476,False,18.592782094540645,Basic
user_1491,0.5247387502646328,0.26783624610341417,0.4960217996950649,0.2833425005559781,0.107305,False,10.064311883036106,Basic
user_1492,0.2124876067005714,0.32682504577407645,0.7326982424400471,0.09478154547643894,0.035895,False,1.9494346402940905,Basic
user_1493,0.13501445126700373,0.23646426494772868,0.4093783240087119,0.07798676945947329,0.029535,False,7.869748600406779,Basic
user_1494,0.19876228159074447,0.19770251870102468,0.8948922873488819,0.04391121059906136,0.01663,False,1.3674524334824816,Basic
user_1495,0.14515498148386033,0.1450211197950616,0.8521030192450074,0.024704217076090586,0.009356,False,7.94466505532109,Basic
user_1496,0.07709463671105123,0.46047174718205114,0.8521242647020676,0.04166047551423179,0.015777,False,13.519674119041266,Basic
user_1497,0.29233082833224333,0.19190820522763813,0.8468849836972075,0.06624356988009561,0.025087,False,6.146997200871424,Basic
user_1498,0.14419388712025488,0.2412955657765262,0.8027202160069125,0.04334429964561755,0.016415,False,5.948942983313491,Basic
user_1499,0.363625196773322,0.32210477244940494,0.7649176323858153,0.15312159937825084,0.057989,False,9.772445462630891,Basic
user_1500,0.18136793180389468,0.1604178570516093,0.6401199662222911,0.04545187854327864,0.017213,False,9.471232994542268,Basic
user_1501,0.14304169434672218,0.260471342609756,0.5314232599770345,0.07011033385568255,0.026552,False,8.875711019060345,Basic
user_1502,0.3476395294943217,0.22228386341055975,0.9227045170380646,0.08374799978034489,0.031716,False,9.82004259454182,Basic
user_1503,0.1744711874631015,0.4854618035705808,0.7586295966603458,0.11164749926683878,0.042282,False,0.9112238586410235,Basic
user_1504,0.09120123018415358,0.08260268112731294,0.8123785277771318,0.00927334472506767,0.003512,False,9.01106767304174,Basic
user_1505,0.2897278865987072,0.050055701373220685,0.7671814259467162,0.018903654442862506,0.007159,False,18.84820426823335,Basic
user_1506,0.18858807989853932,0.18631831912349037,0.7840952102203278,0.04481268804530622,0.016971,False,14.522375766380538,Basic
user_1507,0.4000775768785694,0.192031715702032,0.7104190348183399,0.1081440385695025,0.040955,False,5.463814530919571,Basic
user_1508,0.2028149150144141,0.022591630035385536,0.9303125087186985,0.004925140189692163,0.001865,False,12.876565134480014,Basic
user_1509,0.13749028648727762,0.19967686767989437,0.7684189177247157,0.03572742563845376,0.01353,False,6.268148595325815,Basic
user_1510,0.041164139327555985,0.026458498379145292,0.5939192556701616,0.001833820512264912,0.000694,False,3.6387683278064844,Basic
user_1511,0.1777456416369674,0.15664207641965236,0.5720912505502904,0.048667841631516905,0.018431,False,14.697482840044257,Basic
user_1512,0.3490000214031629,0.2645243068972983,0.466066575335254,0.19808111899551353,0.075016,False,3.982140443688796,Basic
user_1513,0.1532425131701974,0.06772594938808094,0.541951098787818,0.019150241994675708,0.007252,False,16.313893380989466,Basic
user_1514,0.22366752333056025,0.24111431930640764,0.8757659257300201,0.061579745288495476,0.023321,False,7.22778269871729,Basic
user_1515,0.2376030784377769,0.13460278251439053,0.8931946402319189,0.035806345057562805,0.01356,False,14.380024964487228,Basic
user_1516,0.21542129253536368,0.206507752113353,0.7994184004815565,0.05564816478083723,0.021075,False,4.932333742397933,Basic
user_1517,0.16362320047357543,0.24802577242562215,0.5459062750846276,0.07434017987413634,0.028154,False,12.401969008099156,Basic
user_1518,0.22761143598577666,0.16595738907790702,0.6480379704525604,0.05828948512707234,0.022075,False,4.038103636853593,Basic
user_1519,0.1205797112818804,0.23502842435135174,0.7010985267456382,0.040421793043651656,0.015308,False,0.41485505024768266,Basic
user_1520,0.17305204704813812,0.2333560400848765,0.747561411949265,0.05401929497997675,0.020458,False,15.477479148554183,Basic
user_1521,0.08158122960261989,0.30756337359896596,0.7685014979262553,0.03264977136237326,0.012365,False,16.26709161576797,Basic
user_1522,0.42097654219582503,0.028144299324921185,0.4275372591553277,0.027712414669396352,0.010495,False,16.730909712479168,Basic
user_1523,0.12811342543453672,0.3974498869322387,0.6878584546543586,0.07402491909333947,0.028034,False,0.6896526010680729,Basic
user_1524,0.321146834925694,0.19725669504422097,0.9507508440038224,0.06662982597478474,0.025234,False,14.457514608744143,Basic
user_1525,0.2662418347950177,0.09675151951951765,0.7737399356316143,0.03329193814334358,0.012608,False,15.881537770202332,Basic
user_1526,0.3611045614999986,0.07823511879834495,0.6989143861041085,0.04042134319920616,0.015308,False,5.922264476106217,Basic
user_1527,0.08579452758817269,0.10319583748755572,0.6989905947261948,0.012666319394152633,0.004797,False,8.938574678847495,Basic
user_1528,0.18810594005229747,0.22207558756930332,0.7193462615020679,0.058071806858580606,0.021992,False,7.750387842736564,Basic
user_1529,0.2305451021110275,0.1370264123077462,0.6022091620800364,0.05245813283258973,0.019867,False,8.361944440488545,Basic
user_1530,0.16856285479805183,0.3048336159788098,0.7544270310733117,0.06810946908238233,0.025794,False,16.087379584156096,Basic
user_1531,0.3290101454086639,0.07816686720970553,0.8934133447415418,0.02878588337433541,0.010902,False,7.939506278829818,Basic
user_1532,0.1458352367790115,0.24471956110372034,0.6001950637560859,0.05946189379611496,0.022519,False,5.744912259561749,Basic
user_1533,0.20055559508027845,0.2871535961932425,0.7284773945528015,0.07905565882292244,0.029939,False,2.477280573654924,Basic
user_1534,0.2182879989117536,0.2454373277675311,0.40301711155169995,0.1329373408745442,0.050345,False,12.821947001918607,Basic
user_1535,0.16253145749580183,0.13852186232838273,0.40797374224278304,0.05518531672037558,0.020899,False,1.5998747404442826,Basic
user_1536,0.1889324044769664,0.10940596774882386,0.5279548908989449,0.039151701986735093,0.014827,False,1.1624628803470878,Basic
user_1537,0.11251894682647642,0.2814504495488554,0.6731757690221502,0.04704344633954513,0.017816,False,12.950006456206495,Basic
user_1538,0.06660055641665279,0.1375916312630555,0.7100108194825248,0.012906393746327915,0.004888,False,13.191490029825564,Basic
user_1539,0.13372054289294621,0.15341135989386506,0.8042789935558559,0.02550638583789906,0.00966,False,3.7825208840287545,Basic
user_1540,0.2703010624928713,0.13571708669886248,0.8470397610416769,0.043309032728316835,0.016402,False,18.186508148608016,Basic
user_1541,0.19411947203226496,0.3129042919134183,0.7526411783802086,0.08070355129065007,0.030563,False,14.9684660398551,Basic
user_1542,0.16204137441877622,0.2979769979584162,0.7752989937591649,0.06227868562068782,0.023586,False,13.042132810435554,Basic
user_1543,0.16471557515559415,0.0514290637683197,0.7272049388812756,0.01164894153681693,0.004412,False,14.332603817568028,Basic
user_1544,0.4399338306316167,0.27951623778558066,0.795222003054264,0.1546343646685506,0.058562,False,7.825852713689548,Basic
user_1545,0.4212859093544146,0.04051445743968799,0.5342697783714311,0.03194672567201373,0.012099,False,8.657207152032493,Basic
user_1546,0.17810150062078753,0.17984555164599444,0.6882946363981596,0.04653641178397333,0.017624,False,16.534082697269945,Basic
user_1547,0.0515371589541685,0.258098464191145,0.7390786232337716,0.017997627257362134,0.006816,False,0.48296131409812293,Basic
user_1548,0.5766615995624236,0.15620586343443338,0.6680284794089972,0.134841441414027,0.051066,False,15.246001951042853,Basic
user_1549,0.6775864396232603,0.0225820345791185,0.8962786256176877,0.01707201306889259,0.006465,False,8.503802363924308,Basic
user_1550,0.3234418125671512,0.3731292526040517,0.6876320816089224,0.17550897494733025,0.066467,False,8.815401205529518,Basic
user_1551,0.17084789597458422,0.30867596645149503,0.8271685937772579,0.06375561137462665,0.024145,False,6.188292989948177,Basic
user_1552,0.4016261436428662,0.193864373493942,0.8414190177337176,0.09253534692598633,0.035044,False,11.534368710771137,Basic
user_1553,0.3205173870182741,0.2228992679292222,0.6960681741316004,0.10263806560915005,0.03887,False,12.837793747556926,Basic
user_1554,0.21353438138054062,0.2845139549226221,0.7257523533251524,0.08371107731195226,0.031702,False,3.0543191890584875,Basic
user_1555,0.21156887173893182,0.07556479735610155,0.8312083605016175,0.019233635848132584,0.007284,False,10.748620664292574,Basic
user_1556,0.0790511924992101,0.08761924631129128,0.7637055581085523,0.009069471648136256,0.003435,False,8.83332539118565,Basic
user_1557,0.3367178477983441,0.1554385629750865,0.6661770501350517,0.07856610848306471,0.029754,False,14.856264708697857,Basic
user_1558,0.32864318453742725,0.5904289659355594,0.9282044212793579,0.20904926884613795,0.079169,False,10.360458557364753,Basic
user_1559,0.17100695718057365,0.21073768171963042,0.8504462003085673,0.04237494353092139,0.016048,False,8.161891033841563,Basic
user_1560,0.0653863462366392,0.21529773584031056,0.9192966271302051,0.015313373163964795,0.005799,False,10.04969010938414,Basic
user_1561,0.1033136121980263,0.24084822711717427,0.8146207128968974,0.030545381354813664,0.011568,False,9.320782611694153,Basic
user_1562,0.09994577120230885,0.22293043181681585,0.8031299364066018,0.027742651496824765,0.010506,False,17.768379218819856,Basic
user_1563,0.2636896748503961,0.03718230134012672,0.7603346867219282,0.012895096227739542,0.004884,False,5.925867171629928,Basic
user_1564,0.18434760800244937,0.050945960958931204,0.26661623485307023,0.03522578452636561,0.01334,False,0.7096301236561315,Basic
user_1565,0.3313453486523639,0.27905193614262724,0.7671193009950468,0.12053217922344134,0.045647,False,12.577938329744352,Basic
user_1566,0.055261704377137066,0.30118485994989647,0.8859050643971171,0.01878755338727779,0.007115,False,11.473019295823885,Basic
user_1567,0.2758739988751857,0.176631144365118,0.3938184673197838,0.12373198355459,0.046859,False,17.28941688217799,Basic
user_1568,0.20357440051584788,0.16573565389694517,0.8659809795414858,0.03896105940344886,0.014755,False,2.2320557299083754,Basic
user_1569,0.2952707431874255,0.045624667146309784,0.7000346142085456,0.019244233217239892,0.007288,False,9.930266797195573,Basic
user_1570,0.10624385696513683,0.0972168325868925,0.5581344407943841,0.018505740733836085,0.007008,False,2.8646499505849645,Basic
user_1571,0.16866794320277023,0.25832009350653,0.8763790081999997,0.04971629677573297,0.018828,False,8.658470424585662,Basic
user_1572,0.13291841562246653,0.15892356000735808,0.8214221557977089,0.025716213827646234,0.009739,False,15.188023938669094,Basic
user_1573,0.365925592964662,0.28791707874913725,0.9196488908368462,0.1145613601187091,0.043386,False,16.290372689273404,Basic
user_1574,0.045048179014258186,0.2368845846522413,0.6579621327142721,0.01621859168568059,0.006142,False,15.843346846374946,Basic
user_1575,0.06941954657683941,0.20331530333350972,0.814773339861206,0.017322677951084033,0.00656,False,10.400691836543427,Basic
user_1576,0.08591115658529076,0.08175420405512986,0.6457436761194929,0.010876758822158994,0.004119,False,12.045242346464075,Basic
user_1577,0.08066835954875116,0.16812064991184456,0.7240255390951227,0.018731406977173792,0.007094,False,10.479726216225291,Basic
user_1578,0.09014097819167458,0.16529560852405584,0.8056900398696851,0.018493349930894583,0.007004,False,10.663479798490593,Basic
user_1579,0.1651898962171584,0.16489027620705812,0.8901333210325986,0.03060014378774727,0.011589,False,16.81786688193176,Basic
user_1580,0.242646631909178,0.12948976738169668,0.6480376562315942,0.04848523171413167,0.018362,False,3.976185002512049,Basic
user_1581,0.05868662761069636,0.19899368070787746,0.8211940499808199,0.014221082138695206,0.005386,False,8.336551727676852,Basic
user_1582,0.15557258773418653,0.4053969826120017,0.47743194002135153,0.1320997871272701,0.050028,False,11.59119415425556,Basic
user_1583,0.2043175220914664,0.13389480096455236,0.7055005234021207,0.038776801783341086,0.014685,False,14.541690820740016,Basic
user_1584,0.26772346610406805,0.5666740328649005,0.45272875195261486,0.33510559153892827,0.126908,False,14.475904745086995,Basic
user_1585,0.03425149943368937,0.28722776075250983,0.7475975170782452,0.013159462491533117,0.004984,False,2.2277187509838883,Basic
user_1586,0.25837544910267607,0.09768037441809845,0.4644148259828766,0.05434411047360553,0.020581,False,4.216289342262576,Basic
user_1587,0.20331268879849948,0.09425730245945768,0.6320605553309899,0.03031941392370283,0.011482,False,17.318846062396016,Basic
user_1588,0.14853417503059715,0.4135727244263347,0.4298129532197638,0.1429218988810071,0.054126,False,6.792866487142519,Basic
user_1589,0.121808963167406,0.04708947359860378,0.8669712900891521,0.006616043715305764,0.002506,False,0.05154019663793852,Basic
user_1590,0.07537944662155478,0.13511499406298166,0.900275681079796,0.011313082977567933,0.004284,False,3.796144299853019,Basic
user_1591,0.046188383213613814,0.1412683059833762,0.7203563383511221,0.009057954105927205,0.00343,False,18.421489855624724,Basic
user_1592,0.26723727837935807,0.18916974719067195,0.8975074830544917,0.056326224956808606,0.021331,False,5.885222759487649,Basic
user_1593,0.05917740296409348,0.266516430538924,0.598552270069634,0.026349829405406634,0.009979,False,11.660576428848952,Basic
user_1594,0.08941501197673078,0.09942758934596098,0.8092703879676484,0.010985597921744262,0.00416,False,13.80634810358659,Basic
user_1595,0.24288247036199404,0.14279658452753002,0.5467234823856725,0.06343752980567181,0.024025,False,12.285073889208638,Basic
user_1596,0.015330365264413072,0.22475659292858627,0.7314643021694275,0.004710552046027436,0.001784,False,7.173757548362898,Basic
user_1597,0.14506141058216146,0.22841140961739603,0.6517073116509507,0.05084135267444335,0.019254,False,8.17788719182814,Basic
user_1598,0.13729845108500327,0.33114245790456565,0.2915762525495309,0.1559295249912523,0.059052,False,15.921720940381135,Basic
user_1599,0.16940035859780753,0.05841355093564699,0.8260782651450681,0.011978618604294328,0.004536,False,12.592917496939926,Basic
user_1600,0.09535318428250708,0.27958399536026485,0.766091202403644,0.034799021511254115,0.013179,False,0.44527019214118735,Basic
user_1601,0.15246438562199546,0.14948530094210433,0.4599030738766646,0.04955649540574522,0.018768,False,3.865694124914397,Basic
user_1602,0.22916351430388815,0.23947499167794292,0.7091349683946141,0.07738855524929233,0.029308,False,5.439660828395267,Basic
user_1603,0.36597793387001537,0.10180336912357796,0.63672959641223,0.05851430010916632,0.02216,False,6.944247329697551,Basic
user_1604,0.12460504193725129,0.28541344075311303,0.738360743687861,0.048166095040301,0.018241,False,10.96098074449757,Basic
user_1605,0.1285486152407269,0.08846870161136715,0.8413823802728952,0.013516481151646801,0.005119,False,6.963701331075347,Basic
user_1606,0.07319371345322605,0.2611750246704822,0.5659687529239794,0.03377636984040039,0.012792,False,15.67522641140867,Basic
user_1607,0.14416855496199824,0.2603122675852294,0.8288702056989017,0.045277105146998606,0.017147,False,9.002875997903805,Basic
user_1608,0.3151123186154861,0.13520942800807922,0.8860739057937627,0.048084201644705976,0.01821,False,9.541396573993037,Basic
user_1609,0.24610687683189023,0.4877728076295392,0.565168262398057,0.212404429399256,0.08044,False,8.12039451778622,Basic
user_1610,0.20776945388386014,0.2753987700673357,0.6438062227683607,0.08887682354347866,0.033659,False,5.89886065745775,Basic
user_1611,0.27118840897746777,0.1051572090644352,0.7741493004388915,0.03683710132209335,0.013951,False,13.771202260709954,Basic
user_1612,0.1257294362390765,0.2024286259208331,0.773200399891683,0.03291674062667673,0.012466,False,4.361696746337986,Basic
user_1613,0.013673956202357581,0.10973084462403804,0.6306985076441609,0.0023790364893067975,0.000901,False,13.100306472678385,Basic
user_1614,0.10587969783897669,0.23353011024065176,0.903474257488388,0.027367794160865634,0.010365,False,10.064416842796422,Basic
user_1615,0.2627281668526917,0.26636705787144555,0.9807323111810294,0.0713570135567727,0.027024,False,1.9430014565751452,Basic
user_1616,0.09156516674598215,0.09935414865074613,0.7247569219576551,0.012552317766814229,0.004754,False,0.34137768444978767,Basic
user_1617,0.28950332799699674,0.043836656374799665,0.459915304814378,0.027593902129191595,0.01045,False,3.2194288111252334,Basic
user_1618,0.17113458120122796,0.028156700192339405,0.6952213703407016,0.006931008310436621,0.002625,False,14.459396828274029,Basic
user_1619,0.20706224931583442,0.3645020611630455,0.7455832167640752,0.10122896407492563,0.038337,False,7.307353683165917,Basic
user_1620,0.2810248659738142,0.21886482621004047,0.7430960535937787,0.08277053572630318,0.031346,False,15.292653682192476,Basic
user_1621,0.14378328205485497,0.1914357510565459,0.8931783017190005,0.030817206974880093,0.011671,False,9.53621049014719,Basic
user_1622,0.44966686824793606,0.15427452786000706,0.5765387584306276,0.12032520412343722,0.045569,False,0.6221859381591366,Basic
user_1623,0.15809493733993507,0.10539310029480825,0.6391791102221243,0.026067991460764214,0.009872,False,16.0758691212455,Basic
user_1624,0.38651988280070176,0.04572810751002033,0.7810422312440888,0.022629791384413973,0.00857,False,17.789005277033016,Basic
user_1625,0.21386196848434447,0.41485745972559923,0.9381118638356641,0.09457532347429456,0.035817,False,1.410088843857439,Basic
user_1626,0.11587870174968763,0.08169243105281053,0.7082118438066213,0.013366640131706659,0.005062,False,3.9586626942536727,Basic
user_1627,0.23550538585309125,0.25097168649403495,0.8965733576329069,0.06592342206333861,0.024966,False,13.59550548502422,Basic
user_1628,0.21595201715153006,0.18160881222429942,0.8857129126699113,0.044279346920786083,0.016769,False,18.946335308666384,Basic
user_1629,0.07029305667865943,0.14350189927271464,0.9050254364447698,0.011145749868310788,0.004221,False,16.649770752521743,Basic
user_1630,0.3173263433333573,0.099106159640915,0.7535423268044037,0.04173487556303748,0.015805,False,1.8800093588896913,Basic
user_1631,0.25451816758167184,0.19352644608004824,0.688761172106835,0.07151389832882,0.027083,False,11.537504791318371,Basic
user_1632,0.37498723359582387,0.11967580678380403,0.5321535945052234,0.08433072740198604,0.031937,False,12.638870328787357,Basic
user_1633,0.2039426934824442,0.07821558828951054,0.6897867579335143,0.023125259458248688,0.008758,False,11.98580967049446,Basic
user_1634,0.10792808690923775,0.10285513043990481,0.5688769660591723,0.019513810752577306,0.00739,False,10.793145027622712,Basic
user_1635,0.20381541219054625,0.15478167073004212,0.5031558587094017,0.06269804767910868,0.023744,False,5.551874072292565,Basic
user_1636,0.18950563117892827,0.0479996946202411,0.7975503190409375,0.011405189375816294,0.004319,False,12.70161717425611,Basic
user_1637,0.12853004240429142,0.022396062231973882,0.5826551930788035,0.0049404293698201525,0.001871,False,13.840574053269219,Basic
user_1638,0.1320457682472683,0.03410792025077616,0.5684777668759842,0.007922572869613776,0.003,False,10.939557812461782,Basic
user_1639,0.16179156374489692,0.18523856239839767,0.5789658978407347,0.051764770236152585,0.019604,False,9.445955003210685,Basic
user_1640,0.3712972436920236,0.021180940172399146,0.6894153183422269,0.011407383177571846,0.00432,False,4.161580421571151,Basic
user_1641,0.03469276499043552,0.026727697566157442,0.49860572477704784,0.001859701331774239,0.000704,False,10.349756626981208,Basic
user_1642,0.13874623848589326,0.2652544695752356,0.8728684526771043,0.04216335208616953,0.015968,False,2.4367588641795646,Basic
user_1643,0.42052398163076304,0.09865442531783108,0.7445961375892349,0.055716850579522643,0.021101,False,1.3816038382677749,Basic
user_1644,0.06488636078797283,0.17984861396458904,0.8002438206921156,0.014582708108673995,0.005523,False,14.779172718130816,Basic
user_1645,0.5875542800283693,0.2972097727883768,0.7350857555643314,0.2375598666498543,0.089967,False,12.849180013548352,Basic
user_1646,0.2657606103710633,0.10508370893796999,0.7254462633427124,0.03849645664825328,0.014579,False,12.331611990348986,Basic
user_1647,0.09085731771803975,0.32791955307698,0.4002774135547223,0.07443310566860056,0.028189,False,17.63442676718637,Basic
user_1648,0.22094534155866374,0.19799806431523811,0.6493263296855044,0.06737251817475647,0.025515,False,7.234681609150501,Basic
user_1649,0.11647604518511097,0.24918123168702372,0.6177383224394127,0.046983720042892425,0.017793,False,7.594908408647148,Basic
user_1650,0.10026243771180414,0.31165790493346085,0.9588934201253609,0.03258712660338971,0.012341,False,7.861191186891664,Basic
user_1651,0.22832350615901353,0.11114734419174128,0.5054539693420453,0.050207442943133396,0.019014,False,8.840378722853869,Basic
user_1652,0.02867380526350307,0.2704711353801563,0.7184450224625769,0.010794753144375986,0.004088,False,9.744016794914637,Basic
user_1653,0.04046583246425249,0.00962294134586282,0.6205831514971571,0.0006274748700082894,0.000238,False,14.782331209713194,Basic
user_1654,0.2336812869786428,0.022039846347139166,0.8544691654032469,0.0060274845105504245,0.002283,False,4.136362894915028,Basic
user_1655,0.11289985822372803,0.2614815221338702,0.9728704576406006,0.030344458036718727,0.011492,False,8.247604333959982,Basic
user_1656,0.28538104181904506,0.13326165217721186,0.7360027191786419,0.05167147911532273,0.019569,False,9.597419970654933,Basic
user_1657,0.1731505041476123,0.16635270347651246,0.8620759147985255,0.03341243384581524,0.012654,False,3.213235796471486,Basic
user_1658,0.1106176011030457,0.07929303255104904,0.5299504248163043,0.016550991629119098,0.006268,False,13.336911704564692,Basic
user_1659,0.2779256591733586,0.2596286491639072,0.8179440263202145,0.08821809456056698,0.033409,False,1.0691440887158636,Basic
user_1660,0.20579308696909324,0.3630710222192325,0.693190010989171,0.10778791567538518,0.040821,False,11.132337469238639,Basic
user_1661,0.6296507266541644,0.15691433059624862,0.8556948919286411,0.1154631437143358,0.043727,False,3.840701044253184,Basic
user_1662,0.12511882507783692,0.1740405595354887,0.7891525576574855,0.027593841157416567,0.01045,False,0.16089695521716574,Basic
user_1663,0.05750172483192518,0.19270631585306464,0.5031488525486004,0.02202319550452845,0.00834,False,5.9996610102424786,Basic
user_1664,0.37600832473504264,0.09574464490762916,0.4959563592598594,0.07258861160242999,0.02749,False,8.153672929754663,Basic
user_1665,0.1447492791663188,0.1357800829152302,0.9190353840977606,0.021385541261196864,0.008099,False,15.52872241142353,Basic
user_1666,0.0679303129048934,0.04441998572848965,0.8327641331063529,0.0036234311851442804,0.001372,False,7.749067431728568,Basic
user_1667,0.22265325163803468,0.45800647690993124,0.7138799830017964,0.14284842520233548,0.054098,False,17.393275776221756,Basic
user_1668,0.18382923123490805,0.2539716660581783,0.853180869413031,0.05472159280721283,0.020724,False,16.008237203276064,Basic
user_1669,0.16839618266363612,0.2504839862807833,0.6514350292917479,0.06475019796512013,0.024522,False,3.6620144856105505,Basic
user_1670,0.26139472248171225,0.19627080155734247,0.6195776568292106,0.0828050384626555,0.031359,False,2.9586289496333817,Basic
user_1671,0.13314254846616738,0.5122173870286748,0.5544658634848365,0.12299752386747977,0.046581,False,4.632998483447739,Basic
user_1672,0.353647350331628,0.016797735546579724,0.5488471259810467,0.010823550650831798,0.004099,False,6.8339559719013785,Basic
user_1673,0.23300043534969664,0.06067456960790323,0.8428805925905027,0.016772483857823515,0.006352,False,11.086130802195935,Basic
user_1674,0.07148217028524248,0.3120725692423536,0.5344831685440834,0.04173681389574973,0.015806,False,2.3575485334433157,Basic
user_1675,0.26317273520289464,0.3923907798219457,0.8193818389525005,0.12602983112995822,0.047729,False,10.108784399055535,Basic
user_1676,0.14881795278818943,0.15975616347618682,0.8916885255799109,0.0266624325779673,0.010097,False,11.034691417692539,Basic
user_1677,0.593287050280237,0.41532759338921604,0.8166411127050734,0.301734114225115,0.11427,False,12.55691460895608,Basic
user_1678,0.11494986793236804,0.23745248568651228,0.7058753406961443,0.03866848761561532,0.014644,False,10.451748957108089,Basic
user_1679,0.07071101892978014,0.5178849326980618,0.5944398229944372,0.06160450538961159,0.02333,False,15.678261738500149,Basic
user_1680,0.10756447712192269,0.2929398512934381,0.6380389506660306,0.049385577321980345,0.018703,False,12.190218383728162,Basic
user_1681,0.14241647973708355,0.2298036898466135,0.685306222142863,0.04775650866879862,0.018086,False,17.566479413253163,Basic
user_1682,0.16325269612888496,0.15539646304455615,0.32312747123816304,0.07851047595460595,0.029733,False,13.317557898915327,Basic
user_1683,0.25479716231438254,0.29296111141220227,0.7176879812401937,0.10400851318048564,0.039389,False,8.28609412018343,Basic
user_1684,0.040209797341968265,0.04893854858159867,0.43461345215348424,0.00452772253349677,0.001715,False,3.984006997760236,Basic
user_1685,0.08937078911358409,0.10855951169487817,0.7510676439721374,0.012917676994639037,0.004892,False,0.1998934585123826,Basic
user_1686,0.18603712684839105,0.1629007309909037,0.7389736596314286,0.041010371019402275,0.015531,False,1.7176539140067444,Basic
user_1687,0.06398203991514256,0.36340567681493363,0.7307799383812517,0.031817289033503934,0.01205,False,3.60383907960587,Basic
user_1688,0.2574097046928982,0.25898550350723604,0.6433095022355935,0.10362878481643338,0.039245,False,4.112385695484764,Basic
user_1689,0.08908943199115328,0.31165507776827023,0.6255763683095565,0.044383348320144254,0.016808,False,14.098837545658752,Basic
user_1690,0.11200227405734683,0.3257560747040517,0.7035126535625161,0.05186178382164174,0.019641,False,7.335060163314293,Basic
user_1691,0.05824078777595052,0.34902929006218064,0.6441148713892033,0.0315591856562169,0.011952,False,6.166250163073577,Basic
user_1692,0.05683832085292581,0.22303282059837912,0.66524874077728,0.019055745980205933,0.007217,False,0.9949835221416284,Basic
user_1693,0.31814017295904146,0.258955850806983,0.7161147359786272,0.11504337925947682,0.043568,False,10.234550380132017,Basic
user_1694,0.17376077131081658,0.2534326214560211,0.9010086165482344,0.04887483534644197,0.018509,False,11.645268745471103,Basic
user_1695,0.10960998878703657,0.3810748351458208,0.6423409654756004,0.065027159487529,0.024627,False,16.67929090410168,Basic
user_1696,0.27672583045397103,0.1620255672190835,0.828187394033638,0.05413830247415658,0.020503,False,9.553999080268913,Basic
user_1697,0.5894223807559137,0.10902840270253854,0.9003925033384635,0.07137307391239747,0.02703,False,0.1466830645674454,Basic
user_1698,0.14498419361889736,0.03562547600573379,0.7166991635345873,0.007206832620687754,0.002729,False,1.240296397399525,Basic
user_1699,0.366540987783623,0.18576204451751313,0.81135091469625,0.0839210285670851,0.031782,False,5.1491014407731,Basic
user_1700,0.30153391572694915,0.11772374889031834,0.5471221740811375,0.06488076093163336,0.024571,False,2.6445260881878445,Basic
user_1701,0.19663560777668826,0.18721818328912165,0.48262877275674415,0.07627759333043085,0.028887,False,14.64116077365044,Basic
user_1702,0.17577827505956833,0.050693274620545174,0.6420516253056449,0.013878597948690657,0.005256,False,2.0492826413352834,Basic
user_1703,0.5345326679933639,0.20543395511000812,0.6458305804967736,0.1700309081631203,0.064393,False,3.0548861720288962,Basic
user_1704,0.061450260063382244,0.32965872636573634,0.7348429970697198,0.027567268856228726,0.01044,False,12.668959909892418,Basic
user_1705,0.38027438565783805,0.07979887823815521,0.5302097854100993,0.057232948604914756,0.021675,False,4.55293900140499,Basic
user_1706,0.15087829699896946,0.07022404826441149,0.7539828274105749,0.014052421919071469,0.005322,False,18.41253882840512,Basic
user_1707,0.12307067520917694,0.29847759217629577,0.560710229896648,0.06551305263454346,0.024811,False,16.400566259558524,Basic
user_1708,0.058427312751263054,0.20746032316178117,0.6926840083844652,0.017499103542352453,0.006627,False,14.146263263407729,Basic
user_1709,0.1437145031162447,0.2212927232948408,0.612939062784491,0.05188602864872487,0.01965,False,6.519592898018812,Basic
user_1710,0.05143399717514019,0.20297681913159413,0.727396674849231,0.01435242901542993,0.005435,False,1.0788195117435349,Basic
user_1711,0.33958140282874316,0.07438529363697362,0.8264290839968745,0.03056506946840101,0.011575,False,6.391618207424905,Basic
user_1712,0.15072101304638502,0.35877939554925076,0.934103735953391,0.0578903518699244,0.021924,False,7.1578673427706265,Basic
user_1713,0.28426546833521665,0.10423670038886498,0.7299323730512901,0.040594026991698166,0.015373,False,2.421223407155873,Basic
user_1714,0.164366099960462,0.09400873768199458,0.6869217882977309,0.022494336092158302,0.008519,False,2.2921752821900743,Basic
user_1715,0.22301957581857945,0.2364506704582319,0.8414450210041582,0.06266972518856107,0.023734,False,12.694058270154501,Basic
user_1716,0.10861131522228416,0.2896755686497661,0.6686396316187279,0.0470538134609922,0.01782,False,4.4156460843726375,Basic
user_1717,0.13448481425364092,0.15343423786826893,0.7444737159450008,0.027716995963612392,0.010497,False,12.882203389068053,Basic
user_1718,0.07543127938607724,0.08569091813127994,0.5644162236891679,0.011452143498216917,0.004337,False,10.417725608124579,Basic
user_1719,0.2814852165982364,0.10215797974828879,0.7592205102619717,0.037875637799567576,0.014344,False,17.127813146693974,Basic
user_1720,0.11996115002647127,0.1514753167073939,0.7216577822806841,0.025179737042973334,0.009536,False,15.146227676386022,Basic
user_1721,0.27767405279704366,0.2217104843082037,0.7431948860571109,0.08283594233548512,0.031371,False,2.8760686205264236,Basic
user_1722,0.012849133118082246,0.11350169621683906,0.6604460323353136,0.0022082022336654098,0.000836,False,11.593069407504453,Basic
user_1723,0.3770430058231465,0.6488619746985079,0.5084779289756189,0.4811396038320447,0.182213,False,12.40940823769102,Basic
user_1724,0.16337261772509246,0.3926339117595099,0.2907026000556058,0.22065722824468814,0.083565,False,16.37903544936364,Basic
user_1725,0.24343469433423723,0.1859832880725935,0.8746349391280703,0.051764207965854805,0.019604,False,12.178178490160205,Basic
user_1726,0.013415793312387039,0.08919939708526753,0.5797808287658711,0.002064022498696202,0.000782,False,2.6735701333087216,Basic
user_1727,0.033262663284525616,0.07447392419554863,0.7645521582005851,0.0032400681070916685,0.001227,False,4.910535348070399,Basic
user_1728,0.6334615277383461,0.4110176883197225,0.7140956402694029,0.36460647298206267,0.138081,False,12.114380121447283,Basic
user_1729,0.11434062453301025,0.2272197568757437,0.6122028636954612,0.04243764681299367,0.016072,False,17.32690511347965,Basic
user_1730,0.4112851589878843,0.04848664889631762,0.8763670879545769,0.022755120969519253,0.008618,False,16.93905036939625,Basic
user_1731,0.09612265059690604,0.2818272997566631,0.9807906489814029,0.02762056009742084,0.01046,False,6.8245366734667225,Basic
user_1732,0.17497803739819456,0.05541393159455258,0.6632172114754555,0.014619977930550821,0.005537,False,15.782792884688709,Basic
user_1733,0.18691415855338558,0.10777740265182761,0.788911368958881,0.025535343158156178,0.009671,False,9.714470062177009,Basic
user_1734,0.09382366123376487,0.28061819142901717,0.6226294007662494,0.04228619158726864,0.016014,False,8.822512687421993,Basic
user_1735,0.16059607367643636,0.15080879826241267,0.8201619342917364,0.02952990118679454,0.011183,False,6.666855601500144,Basic
user_1736,0.06661789951924935,0.39916322070009785,0.535798893828664,0.04962947037528298,0.018795,False,12.885853089121706,Basic
user_1737,0.4508204997814701,0.28886770755893837,0.7689988215483493,0.16934679305520933,0.064134,False,11.392354650026572,Basic
user_1738,0.20093800357163236,0.20496156630420045,0.6627166244504152,0.06214506536068078,0.023535,False,7.118612875219824,Basic
user_1739,0.16913886262490802,0.04280655753103021,0.8558549193274556,0.00845967265033149,0.003204,False,14.49392555558652,Basic
user_1740,0.06835956194247071,0.14122130070785963,0.727720782421786,0.013265838335973026,0.005024,False,7.207564135143904,Basic
user_1741,0.23569276107822357,0.08957117917497312,0.7598394824795233,0.0277838662238121,0.010522,False,11.103358592638875,Basic
user_1742,0.060331034341876005,0.15114313254527262,0.7783116662754935,0.011715899831957427,0.004437,False,7.455275291707845,Basic
user_1743,0.07047594258959966,0.28043432882811997,0.7080401111011736,0.027913494375206925,0.010571,False,2.2206566532954928,Basic
user_1744,0.09269391262088265,0.20822017842225307,0.6818392125579484,0.02830688330782469,0.01072,False,3.0626931374822473,Basic
user_1745,0.023062336568500943,0.11629731640851583,0.6722858906822978,0.0039895048969488395,0.001511,False,12.47803857387777,Basic
user_1746,0.05994934343738342,0.12167817141153793,0.6408826539048589,0.011382000187301048,0.00431,False,15.413244394652919,Basic
user_1747,0.18193243545901974,0.07890262697689604,0.8865110116901116,0.016192632579547877,0.006132,False,8.90079632547662,Basic
user_1748,0.23192239498512884,0.09324792703882201,0.35837255391333833,0.060345811447022314,0.022854,False,6.186156631388391,Basic
user_1749,0.06000891743963421,0.21513505652898907,0.6227568596811085,0.020730436999489503,0.007851,False,6.393452145602298,Basic
user_1750,0.25719357704944,0.2590694043420963,0.726851426840627,0.09167071061060365,0.034717,False,11.35529863427917,Basic
user_1751,0.2810618539457919,0.12213011895964511,0.8045871563258019,0.04266301964621254,0.016157,False,8.886099490934424,Basic
user_1752,0.31128040074845886,0.27569446532667646,0.668491997412957,0.1283759326710477,0.048617,False,0.01403540495646649,Basic
user_1753,0.31797818952880047,0.1689908858248274,0.8522989425456047,0.06304761538357956,0.023877,False,14.657967519798527,Basic
user_1754,0.14842746508786242,0.3717677414429489,0.55487414678969,0.09944695348138367,0.037662,False,2.704040818670446,Basic
user_1755,0.12556216045326848,0.2506242981926779,0.7571991441537246,0.041559645947999234,0.015739,False,12.82139155030458,Basic
user_1756,0.1689369010098701,0.22654150793210492,0.725386087543497,0.052759793656585424,0.019981,False,6.540064323152917,Basic
user_1757,0.20404292767415802,0.22473116089344664,0.7511659239883801,0.061044840485895674,0.023118,False,10.982049139047806,Basic
user_1758,0.2977790217571317,0.29349020169927786,0.8569401654101256,0.10198521283628652,0.038623,False,16.247230153248164,Basic
user_1759,0.04137866378703053,0.1062201658572079,0.37535559366566257,0.011709559160913874,0.004435,False,2.9311793380844238,Basic
user_1760,0.19042257489349018,0.3753977771791268,0.9578017468535507,0.07463361971783088,0.028265,False,14.775068933700377,Basic
user_1761,0.1624243848350012,0.09145315875793195,0.8991469824726231,0.01652035022308166,0.006256,False,0.7278605459111361,Basic
user_1762,0.1789526394011979,0.25712302350579225,0.5969348251179817,0.07708185512226318,0.029192,False,17.506003032529005,Basic
user_1763,0.1371734123090672,0.23111261822531426,0.4299678055327577,0.07373227963048916,0.027923,False,3.830144093777554,Basic
user_1764,0.10271708018479943,0.3053320816520775,0.9611957130040755,0.03262896358123394,0.012357,False,15.093860193977594,Basic
user_1765,0.20741755803104955,0.058322051187418573,0.7894463763034499,0.015323418790393364,0.005803,False,1.2771893715263591,Basic
user_1766,0.21403510222159616,0.486363163955475,0.6797938626548986,0.15313287635089373,0.057993,False,6.213919996831185,Basic
user_1767,0.20907369225260228,0.10720420282844098,0.6097500360682271,0.03675863416895492,0.013921,False,12.03740050981,Basic
user_1768,0.12139666022312957,0.24853868475297358,0.6270185817584196,0.04811941327264358,0.018223,False,12.517668795601018,Basic
user_1769,0.1398781882020221,0.24299100785509467,0.7599475143019052,0.044725643927366096,0.016938,False,13.277382273073808,Basic
user_1770,0.02675845819797049,0.2678204471434392,0.8658477779185666,0.008276815419769424,0.003135,False,6.666322429180429,Basic
user_1771,0.09897347274014645,0.17771298788538445,0.9247651260382408,0.01901982575553648,0.007203,False,12.654156329861788,Basic
user_1772,0.046508287624546785,0.05456332384756166,0.6549339016014848,0.003874660867376814,0.001467,False,8.141527269991268,Basic
user_1773,0.29469802478856,0.2526207145211468,0.7943454768271027,0.09372096620657257,0.035493,False,10.75247851318811,Basic
user_1774,0.1143255882095751,0.17536055507725554,0.740414268835928,0.02707700195930099,0.010254,False,10.397303306233013,Basic
user_1775,0.20591535756810914,0.1942264952966409,0.8109419763146529,0.04931822423345657,0.018677,False,3.194657457072232,Basic
user_1776,0.16154229694960304,0.031384511479803104,0.7162368389486128,0.0070785608857132885,0.002681,False,16.085366933675274,Basic
user_1777,0.1626984969106811,0.5226438560110296,0.759265151846464,0.11199430078649535,0.042414,False,16.47568175706966,Basic
user_1778,0.06156709748086254,0.09051914935375897,0.44943305446135107,0.01240006990324047,0.004696,False,3.870781851209026,Basic
user_1779,0.12785977544814947,0.0929734047469342,0.6933076500662858,0.017146152436737682,0.006493,False,7.914136259571638,Basic
user_1780,0.33700114766990635,0.21346314002096417,0.5438373160084382,0.1322772841339388,0.050095,False,8.832639637713374,Basic
user_1781,0.2830484392256502,0.25682922336974984,0.5292284307426528,0.13736055472366135,0.05202,False,10.429518319034518,Basic
user_1782,0.383927605582197,0.33213574291385056,0.8386365314140523,0.15205166449185062,0.057584,False,0.42317949640889363,Basic
user_1783,0.4026265177948495,0.06979511326026017,0.5204563263061444,0.053993701278492685,0.020448,False,14.417487557122694,Basic
user_1784,0.16906406980537061,0.4762814553014677,0.8691427991528632,0.09264539875906946,0.035086,False,16.377207841062873,Basic
user_1785,0.22230311563111496,0.14251839258983692,0.659021271740394,0.048074749732721286,0.018206,False,2.701683677817938,Basic
user_1786,0.13049861334863183,0.25819517378513757,0.6418598826077662,0.052494497732707784,0.01988,False,17.03595008366157,Basic
user_1787,0.17421411052147423,0.12434007947701103,0.6674911955494645,0.03245255741602009,0.01229,False,16.167332111795513,Basic
user_1788,0.21028981117092355,0.37725120545768115,0.6869420804752479,0.11548584227772836,0.043736,False,10.302878249944422,Basic
user_1789,0.2894976348589392,0.12945919348090057,0.9121350299537491,0.04108835763644215,0.015561,False,5.219902491184004,Basic
user_1790,0.32303410221132683,0.1521112263392412,0.760538105221571,0.06460835177015277,0.024468,False,3.9423038113266715,Basic
user_1791,0.16787084128205632,0.34224329179950114,0.736352079573534,0.07802336804806317,0.029548,False,9.293383414385067,Basic
user_1792,0.19923121056386153,0.38170422051140945,0.32697990979102,0.232575126644407,0.088079,False,9.63687877610219,Basic
user_1793,0.16169602980138284,0.28839471732302857,0.6107651003073902,0.07635059826331986,0.028915,False,12.385498563483065,Basic
user_1794,0.19466455464342583,0.1865542738434902,0.4806441618687499,0.0755559050033514,0.028614,False,15.231111641054282,Basic
user_1795,0.16005127811473036,0.19169214293003137,0.65430047850005,0.046890646558652556,0.017758,False,17.75549752933305,Basic
user_1796,0.2432335859353024,0.36164965862569737,0.6464686453484146,0.13607054874625416,0.051532,False,15.12933698340054,Basic
user_1797,0.09266720132926712,0.3718779605240484,0.5241840441683023,0.0657419664356184,0.024897,False,17.271861128185975,Basic
user_1798,0.11769899354515156,0.08198609015065068,0.8753108525637563,0.011024289562011092,0.004175,False,9.488001488980577,Basic
user_1799,0.3031112785788701,0.043946233365773184,0.8470540935783106,0.015725794946522403,0.005956,False,0.7388072844611225,Basic
user_1800,0.23721584841097632,0.05351228679482588,0.4869307496167008,0.026069338447897286,0.009873,False,0.9847734296258628,Basic
user_1801,0.12157721760749554,0.38345274642354554,0.6813268234619615,0.06842401676958187,0.025913,False,5.101262987631781,Basic
user_1802,0.40688997284140377,0.16031476298389163,0.7423860164074257,0.08786597284288405,0.033276,False,11.665738122144166,Basic
user_1803,0.022259637798203877,0.12761003990324002,0.47688191445507166,0.005956512884130528,0.002256,False,6.369258850889184,Basic
user_1804,0.17798133614170458,0.11876821305564886,0.9366089714349002,0.022569210733079423,0.008547,False,3.1567303873013137,Basic
user_1805,0.16958980256645392,0.45558075468048487,0.39744326113752015,0.19439718267761993,0.073621,False,16.15940683753474,Basic
user_1806,0.33399500383448427,0.38730943305333054,0.7073410456340604,0.1828812513796952,0.069259,False,18.714900666155504,Basic
user_1807,0.10784200336353059,0.18422385615926884,0.725132983959433,0.02739782930172418,0.010376,False,0.31618900718830323,Basic
user_1808,0.1588030626217737,0.2856137897501663,0.5239709711660694,0.08656270487351553,0.032782,False,1.6990577554166602,Basic
user_1809,0.14624725286916265,0.2527990837538097,0.7581097086979595,0.048767574274089426,0.018469,False,9.487436353775156,Basic
user_1810,0.08330150000020826,0.13247958081468852,0.5246660271164784,0.021033852452604824,0.007966,False,6.415677708822991,Basic
user_1811,0.20902018118960308,0.24560885267276852,0.5838165264739819,0.0879338020756089,0.033302,False,14.860873073447754,Basic
user_1812,0.18005181154616762,0.14717537323815405,0.6663812191123544,0.0397658154319099,0.01506,False,12.431741875436392,Basic
user_1813,0.33073459256825594,0.3557098782942264,0.7007372407823892,0.16788826798871273,0.063581,False,1.301696944981995,Basic
user_1814,0.5386008831784432,0.18000502069346203,0.8357905892656589,0.11599898870270295,0.04393,False,10.352781006566167,Basic
user_1815,0.3311212397772944,0.2308129156472154,0.7254466774555868,0.10535172489007236,0.039898,False,6.394118358066549,Basic
user_1816,0.1599671471891569,0.16861734020037614,0.7336273380170103,0.036766943488483105,0.013924,False,18.337139842811535,Basic
user_1817,0.06250644515908244,0.2031952687471747,0.6331367542042319,0.020060459036995517,0.007597,False,9.030301927800245,Basic
user_1818,0.1035444121598589,0.28843399204093517,0.7959094269569623,0.03752402866616003,0.014211,False,17.625610477009754,Basic
user_1819,0.13095007370952094,0.1773986664355686,0.8405455153165826,0.027637252263441027,0.010467,False,0.5733172202750875,Basic
user_1820,0.07577510698610213,0.3321489627757988,0.8339978179931985,0.030178284219281093,0.011429,False,1.9622186621715914,Basic
user_1821,0.306780527878882,0.28126324327432994,0.6411859215944753,0.1345726463083478,0.050964,False,7.339111720942421,Basic
user_1822,0.2514379351673323,0.2791928577428988,0.6034564925996811,0.11632930712522806,0.044055,False,16.852177411255887,Basic
user_1823,0.16345758685140063,0.19595986699017512,0.582130511928184,0.055023961674572165,0.020838,False,10.34747750917447,Basic
user_1824,0.16652824994854354,0.22224900199110825,0.6845853647275387,0.054062998219542274,0.020474,False,15.658669972762258,Basic
user_1825,0.23434089485179763,0.2785504980406205,0.7217257470603152,0.09044401317000232,0.034252,False,5.3870630383023554,Basic
user_1826,0.23281125375252829,0.08336196769956107,0.5721979213852163,0.03391764193835117,0.012845,False,2.1183917565435113,Basic
user_1827,0.14632466227700966,0.11658611480636212,0.5384215926055229,0.03168413768971609,0.011999,False,4.674737594287926,Basic
user_1828,0.14800013192317446,0.06312213669476542,0.6585013156458087,0.01418688822046759,0.005373,False,12.260764811237157,Basic
user_1829,0.29425870861776193,0.24499889281035736,0.7440100329443536,0.09689796456891228,0.036696,False,16.556924885078352,Basic
user_1830,0.10809044037954424,0.1399690836708194,0.7987375992742289,0.018941539633601026,0.007173,False,8.64498723550264,Basic
user_1831,0.3195640767726201,0.10375165440820512,0.7468673380098745,0.04439249109880296,0.016812,False,3.678695071605632,Basic
user_1832,0.222735053043764,0.17551659300117883,0.8646805127975306,0.045211725109540316,0.017122,False,12.114628872325323,Basic
user_1833,0.39366728807645013,0.08036807334200279,0.8803939737583071,0.035936503910192694,0.01361,False,3.7417454533427126,Basic
user_1834,0.16319768562150908,0.06709495816513128,0.6979350924678824,0.015688768207231654,0.005942,False,10.835466342908624,Basic
user_1835,0.07373028046864494,0.12056116307089725,0.7948066335381645,0.01118386283123097,0.004235,False,1.9435427310320206,Basic
user_1836,0.21778519702329832,0.12881540439401878,0.5439550176674334,0.051574279700346684,0.019532,False,15.411566294673731,Basic
user_1837,0.09693814679644079,0.22805951764854981,0.7258561924682162,0.030457365011883744,0.011535,False,15.298166477269682,Basic
user_1838,0.09496475323163239,0.05776506800528031,0.485198714545231,0.011305976838111608,0.004282,False,10.283854462753373,Basic
user_1839,0.40971010562896487,0.20466186020802263,0.4114596957520013,0.20379160639488114,0.077178,False,0.7254695181478297,Basic
user_1840,0.28710796562078333,0.040900079256572096,0.7617519389125073,0.01541543637663383,0.005838,False,5.323522906511668,Basic
user_1841,0.17114424780158374,0.34966009611589305,0.6889107117305747,0.08686512361762731,0.032897,False,2.6274121740169813,Basic
user_1842,0.22084581079782284,0.13117832736332652,0.8958860417195338,0.03233690750449875,0.012246,False,9.945660923291095,Basic
user_1843,0.20593188741059706,0.11555347297662075,0.8023519578950167,0.02965798805969702,0.011232,False,1.932951743147709,Basic
user_1844,0.23156595587006162,0.3526713784471808,0.800773115513247,0.10198479853533829,0.038623,False,16.524803613107807,Basic
user_1845,0.1561815697801035,0.06439510159398282,0.4489767881417211,0.02240055236424127,0.008483,False,16.15312147916735,Basic
user_1846,0.00869441614499793,0.2289197082528229,0.829297235116059,0.0024000118691617444,0.000909,False,2.965863421877436,Basic
user_1847,0.04820626981133422,0.41084511823400416,0.407148588978459,0.04864393775734232,0.018422,False,13.202872665131073,Basic
user_1848,0.12850043674835968,0.17134379893679624,0.9668462359792174,0.02277275556149005,0.008624,False,13.233562477463417,Basic
user_1849,0.1505126767772047,0.09404115682355792,0.6401321384889644,0.022111663185901118,0.008374,False,7.538333525338329,Basic
user_1850,0.259289001190319,0.07694018401547899,0.7101468412818263,0.028092420194059147,0.010639,False,2.90698274635002,Basic
user_1851,0.32967055820077307,0.21550340239160418,0.8605192914292549,0.08256076030858714,0.031267,False,2.5100467228798267,Basic
user_1852,0.12440000868137918,0.1684617277382091,0.9557201357701756,0.021927591152220784,0.008304,False,14.050043078200416,Basic
user_1853,0.1872981859910103,0.02176975045903404,0.6984704594738368,0.005837662445346082,0.002211,False,4.18337086328445,Basic
user_1854,0.2353057742570533,0.19210892347085032,0.6117218430362011,0.07389688547760796,0.027986,False,11.46562139905365,Basic
user_1855,0.12054799894833891,0.20845154283039116,0.5340692748326871,0.04705085566618644,0.017819,False,16.451750714227604,Basic
user_1856,0.31486759770094497,0.11717580621340226,0.7954181768775463,0.04638423622140251,0.017566,False,11.268889325806594,Basic
user_1857,0.04471588544959843,0.2986719012402862,0.8736828969929402,0.015286299604629128,0.005789,False,18.505284480868635,Basic
user_1858,0.16384409348626344,0.011607248711937737,0.6276894122296283,0.003029809179545803,0.001147,False,12.264535963746997,Basic
user_1859,0.16524097863735873,0.22406527832119022,0.7560520957256186,0.048971183437976226,0.018546,False,5.97745915519293,Basic
user_1860,0.25801783358887437,0.289587331129173,0.6002249823559975,0.12448448166793738,0.047144,False,16.19687930355389,Basic
user_1861,0.07472617500889973,0.33551641062272264,0.6385443915797552,0.039264079912320275,0.01487,False,5.907335054131794,Basic
user_1862,0.3338932222076838,0.20903433289484993,0.8336909990652297,0.08371824457808998,0.031705,False,18.459837210916408,Basic
user_1863,0.31855810947919755,0.1359951592992474,0.6137749068332252,0.07058346693939072,0.026731,False,9.076906956154824,Basic
user_1864,0.14040892406006372,0.18589017121348467,0.7850381170861458,0.03324760717391035,0.012591,False,18.111694296983348,Basic
user_1865,0.14866743043340958,0.0817592052508358,0.7404759073588484,0.01641502557763703,0.006217,False,3.488366505307975,Basic
user_1866,0.2882606414441753,0.11817252807514249,0.8348514692504532,0.04080305299648593,0.015453,False,0.21657159936238646,Basic
user_1867,0.28879691846589,0.11882940744750575,0.9212378648512445,0.037251580729922254,0.014108,False,3.7264946232144442,Basic
user_1868,0.31815176663550504,0.2305384792904801,0.6920323252095848,0.10598670292101722,0.040138,False,1.868998993650492,Basic
user_1869,0.09714331053190842,0.03211712907457233,0.8975968384206454,0.003475908235789083,0.001316,False,13.945164425661662,Basic
user_1870,0.10426370358037698,0.22056450642805267,0.800488029053954,0.028728564930252835,0.01088,False,5.026367448371891,Basic
user_1871,0.09231223067746704,0.08910927446084112,0.8426479321997767,0.009761936848354693,0.003697,False,12.150009599669124,Basic
user_1872,0.33757563007014846,0.3771116773205634,0.6412216159047012,0.19853309514322376,0.075187,False,12.704483763203633,Basic
user_1873,0.1831037517882711,0.22715754509698255,0.874393586497307,0.04756827977305732,0.018015,False,13.076661467852125,Basic
user_1874,0.08947055021147958,0.03832538692929474,0.9204178998164491,0.003725474544025776,0.001411,False,15.819554303992318,Basic
user_1875,0.27322416376281433,0.22540941872847056,0.8797953143390043,0.07000185035381708,0.026511,False,2.830351233455728,Basic
user_1876,0.2994616180827265,0.3377036065599449,0.9405844997986823,0.1075174728846358,0.040718,False,0.9588165974756386,Basic
user_1877,0.15257170051985416,0.21312211970450404,0.7460081448332282,0.04358719733412725,0.016507,False,0.5643974897125495,Basic
user_1878,0.06626297032945289,0.11867815752825235,0.7318539752281028,0.010745268178119407,0.004069,False,1.9720100727826382,Basic
user_1879,0.5836011059017995,0.2138609403977554,0.7282437124006758,0.17138422096895412,0.064905,False,7.204525182824637,Basic
user_1880,0.14936337962432414,0.3129673057107279,0.556360379264957,0.0840208185827903,0.03182,False,18.38014283494035,Basic
user_1881,0.25852316082527255,0.5325373163930437,0.9127400845447764,0.15083508725268877,0.057123,False,6.711276857963236,Basic
user_1882,0.1474747483531991,0.33212875658902086,0.6773274436481282,0.07231451384136178,0.027386,False,8.605535652963123,Basic
user_1883,0.10415521988240461,0.2930158795054212,0.7338611910407454,0.041587065417155754,0.01575,False,15.473537681782865,Basic
user_1884,0.22393438010083389,0.21179083403452786,0.8376790099710539,0.05661744960304,0.021442,False,17.453362368971316,Basic
user_1885,0.08513934946302718,0.06789201653825566,0.7075490559009529,0.008169443621742786,0.003094,False,18.457388560081863,Basic
user_1886,0.2779564862402029,0.2343920560561551,0.7734130874029925,0.08423802669638333,0.031902,False,15.702573268699119,Basic
user_1887,0.4244652093172567,0.13017405190112524,0.5394727213537616,0.10242289183636641,0.038789,False,9.547805102911358,Basic
user_1888,0.11969096278734555,0.348828200227621,0.4546698489063934,0.0918283524474847,0.034776,False,4.360052508882392,Basic
user_1889,0.13395814526661076,0.09754563390906705,0.6555230888377993,0.019933748207834223,0.007549,False,11.368972166880642,Basic
user_1890,0.09477515398985188,0.20578983523577346,0.3586459860396271,0.05438165791115723,0.020595,False,3.7391058883844153,Basic
user_1891,0.12607927711254857,0.3784509689915005,0.7013500813751166,0.06803282106909983,0.025765,False,1.0587699127350225,Basic
user_1892,0.14421840597928998,0.19169354954058695,0.7166815251143787,0.03857464882584128,0.014609,False,17.467724767710617,Basic
user_1893,0.2918171629290267,0.35431470940321474,0.7463739021745718,0.13852991507450277,0.052463,False,9.21101581240495,Basic
user_1894,0.23065107695793524,0.2661260354045625,0.6457743192440187,0.09505217975292918,0.035997,False,9.656564253855596,Basic
user_1895,0.3321828044390666,0.5338889544210245,0.8562912094855423,0.20711263665215904,0.078436,False,11.575161495213925,Basic
user_1896,0.14449991912989626,0.15254147246971658,0.5099909108960706,0.043220829949891515,0.016368,False,8.57676259134113,Basic
user_1897,0.24229227448878266,0.053819975038775884,0.8644112760274701,0.015085601642082367,0.005713,False,8.444178833123177,Basic
user_1898,0.18472552185450586,0.07182795546004712,0.9253000162873014,0.014339626415806325,0.005431,False,17.387761033724157,Basic
user_1899,0.02597406097772112,0.05338887886998049,0.5383276958019885,0.0025759885774316827,0.000976,False,15.514376450241175,Basic
user_1900,0.027869527082569366,0.14354250169045404,0.7773426382913735,0.005146329869611969,0.001949,False,4.039251770564363,Basic
user_1901,0.07038632316414034,0.20532867853562872,0.8484199211809861,0.017034407563364672,0.006451,False,5.543774955190632,Basic
user_1902,0.2900590638004161,0.2618413279235773,0.697701488164517,0.10885665536069745,0.041225,False,12.551830162457719,Basic
user_1903,0.3082930147982824,0.22724105045256104,0.9033973920044264,0.07754818549399287,0.029368,False,10.850746461388841,Basic
user_1904,0.10280574559473797,0.17823736559794398,0.6333186624806386,0.0289330258978413,0.010957,False,14.557027721648689,Basic
user_1905,0.4343296661804899,0.5756939041565013,0.599195371897769,0.4172945135115239,0.158034,False,13.825019806324237,Basic
user_1906,0.15475797639406397,0.2036789476676691,0.8027403192415716,0.039266673193769426,0.014871,False,13.462397036477999,Basic
user_1907,0.14253577264184156,0.27016041063904006,0.8773222049534248,0.04389211016232862,0.016622,False,16.724140306729808,Basic
user_1908,0.44669293581806696,0.12059361071153568,0.963314227443615,0.055919774124575564,0.021177,False,14.564508790091002,Basic
user_1909,0.14375503968460537,0.24251878244419292,0.580881529561913,0.06001791315489098,0.022729,False,4.614100382256899,Basic
user_1910,0.24832381982565305,0.07975371533388943,0.9006762211939434,0.021988753306649813,0.008327,False,16.58390678138403,Basic
user_1911,0.29698988718137126,0.03213474036656115,0.8458383934206751,0.011283116243366274,0.004273,False,6.375111897553625,Basic
user_1912,0.5088289867664629,0.16409282860424643,0.6276590394860893,0.13302634465792962,0.050379,False,17.30699520489338,Basic
user_1913,0.05850836834707179,0.11624663535931065,0.6820964551673677,0.00997131843918088,0.003776,False,15.661129329637948,Basic
user_1914,0.2342997624344401,0.15588477683157845,0.7070359431969364,0.051657580537756737,0.019563,False,1.4076224015654635,Basic
user_1915,0.5458883088385554,0.15725811439116721,0.7073355287924804,0.12136441988526193,0.045962,False,14.654331677386857,Basic
user_1916,0.31085648092307827,0.07583316554305451,0.7759447639659472,0.030380037436538054,0.011505,False,9.502168162049301,Basic
user_1917,0.06998540505930058,0.09339567238342582,0.7611008706441273,0.00858799958671447,0.003252,False,18.565142406796795,Basic
user_1918,0.4435517563569862,0.0956703741771268,0.6212373224769489,0.06830684661443405,0.025869,False,8.709959784171359,Basic
user_1919,0.058699446659556016,0.16348374924298636,0.618542488302105,0.015514545564581953,0.005876,False,1.2731472067332472,Basic
user_1920,0.11766898366185051,0.006683180352880877,0.6655456230098133,0.0011815914830841654,0.000447,False,5.569594698382968,Basic
user_1921,0.14248726692033928,0.1034362434961316,0.7357217004534947,0.0200325036317209,0.007587,False,8.173979055716204,Basic
user_1922,0.07542796105380889,0.19144191664466367,0.6954169219173145,0.02076462763219494,0.007864,False,11.246435881817632,Basic
user_1923,0.2059308551584067,0.29719273566082194,0.6411811639008922,0.09545064273123169,0.036148,False,2.890009895430902,Basic
user_1924,0.0982113206926415,0.12056080943536851,0.6932658188701747,0.017079215498779308,0.006468,False,9.786569918102108,Basic
user_1925,0.5203854875116306,0.18580885822250184,0.6682268715319498,0.1446997081222181,0.054799,False,9.185983239703756,Basic
user_1926,0.12862825322550353,0.21449245289421584,0.5444794835758472,0.05067186253675115,0.01919,False,15.896588598920951,Basic
user_1927,0.2657676227744678,0.26153963128939167,0.7039835698351679,0.09873634705049632,0.037393,False,5.74565530549084,Basic
user_1928,0.39647993778300045,0.037803243584540444,0.7847356956079596,0.019099714398466798,0.007233,False,8.540831435503955,Basic
user_1929,0.2544234545431689,0.12259703415639212,0.4361347049415448,0.07151818140910561,0.027085,False,7.3836406093429,Basic
user_1930,0.5123040602696841,0.21227347401724078,0.8867306155940217,0.12263990970215119,0.046445,False,12.012396044423301,Basic
user_1931,0.3190814476840768,0.16212750894095532,0.7429279964021908,0.06963242805873157,0.026371,False,15.887590708763662,Basic
user_1932,0.20237896741455907,0.07375620531144249,0.7718380329674406,0.019339167071047433,0.007324,False,12.836858516325464,Basic
user_1933,0.1486459128306718,0.17502931201435531,0.8059583956382053,0.03228130880862184,0.012225,False,8.835930918604593,Basic
user_1934,0.04497934484455547,0.279059064576675,0.8784195749085376,0.014289178265295672,0.005411,False,12.118764205983542,Basic
user_1935,0.17250854321878972,0.6037750631992311,0.7757227256460953,0.1342700853550227,0.05085,False,6.122635283934042,Basic
user_1936,0.09053614467893835,0.33759158690136487,0.7444139657307451,0.041058123787469966,0.015549,False,2.737896993507757,Basic
user_1937,0.37108695610961884,0.22082744956523098,0.784755731304078,0.10442253916188263,0.039546,False,6.074640564505165,Basic
user_1938,0.0845217871161217,0.1679474463868581,0.4716867853916147,0.030094585538199468,0.011397,False,8.43010175273561,Basic
user_1939,0.1910671764170397,0.3110055802647011,0.7181293728734971,0.08274687029350514,0.031337,False,8.346033727050576,Basic
user_1940,0.2757864846480279,0.15368535266980932,0.5375730990458543,0.078843869289456,0.029859,False,14.01442360706991,Basic
user_1941,0.0765797452161557,0.3074523993643337,0.6773472181077337,0.03476005478429764,0.013164,False,17.79056185733549,Basic
user_1942,0.21210553509831293,0.09808802117631675,0.8346177607238031,0.024927593441451144,0.00944,False,7.390228649215053,Basic
user_1943,0.1236400337323899,0.08003125983036774,0.7693816444202541,0.012861065424206314,0.004871,False,1.6425218566890287,Basic
user_1944,0.27506407290658774,0.16018412401538418,0.5074582819088796,0.08682664001640474,0.032882,False,0.6348505115565474,Basic
user_1945,0.05326746475931299,0.06320898950283911,0.7625883452955823,0.004415203355237761,0.001672,False,0.07510263946701246,Basic
user_1946,0.49070553854178933,0.15078620814399568,0.8279872025329272,0.08936325011500557,0.033843,False,17.823902883180004,Basic
user_1947,0.2068576501786736,0.17109254684856787,0.7746419907672109,0.04568794698196916,0.017303,False,18.91703367549361,Basic
user_1948,0.39588698460307964,0.20263716393733314,0.6770720826457588,0.11848282901606833,0.044871,False,0.9762974735704685,Basic
user_1949,0.3312207429187138,0.19837501110994304,0.6360916550723374,0.10329630648726439,0.03912,False,6.805965374606153,Basic
user_1950,0.09796168620163598,0.016422702833421763,0.5498118750709565,0.00292608387431202,0.001108,False,12.71755760861139,Basic
user_1951,0.2783540441329781,0.17740460548144898,0.5261660118686663,0.0938511577519048,0.035543,False,3.3999625836918455,Basic
user_1952,0.40953513939622666,0.4414213420987173,0.7205876092186623,0.2508751865229627,0.095009,False,11.294306575899324,Basic
user_1953,0.35507922018366467,0.22955066741457986,0.6835476729344141,0.11924358052204134,0.045159,False,15.458729836951381,Basic
user_1954,0.22303432959590472,0.06332107047509208,0.9267792803012551,0.015238550108841998,0.005771,False,16.30364216451749,Basic
user_1955,0.10280052094361679,0.4930307712914731,0.5227838908480382,0.0969498506309738,0.036716,False,13.421992866076371,Basic
user_1956,0.22948797863940756,0.15876511905086482,0.6291226393274799,0.05791348772375423,0.021933,False,1.553519368362363,Basic
user_1957,0.22725357692764733,0.27793268071709015,0.5112718179922479,0.12353740929058243,0.046785,False,6.619519906953186,Basic
user_1958,0.13429742752866808,0.19512595796977508,0.9554126150874945,0.027427850318899143,0.010387,False,18.379512758650893,Basic
user_1959,0.07432216056739316,0.18231946031710458,0.7623268424443006,0.017775021748940148,0.006732,False,3.6623462015930297,Basic
user_1960,0.20121647232844714,0.08697486074789737,0.5996562730212078,0.02918467703635761,0.011053,False,8.624595397856996,Basic
user_1961,0.08700074811851262,0.06688196237462149,0.5634874477676852,0.010326371572743978,0.003911,False,6.349361758460592,Basic
user_1962,0.13825544784982954,0.09238646533634216,0.47572587810800987,0.026849353226562848,0.010168,False,3.9052274091662356,Basic
user_1963,0.25680915148807043,0.09578924719965584,0.8771260850861453,0.02804563188040251,0.010621,False,6.147185663489437,Basic
user_1964,0.08795347182530305,0.140354659399357,0.8596305603020771,0.014360447558650534,0.005438,False,3.6008548028438443,Basic
user_1965,0.05948586008455609,0.13193071502186451,0.8475890387127369,0.009259218437469562,0.003507,False,16.667813728121285,Basic
user_1966,0.03989692886472999,0.407110537314505,0.5320091699887615,0.03053041387926063,0.011562,False,3.314422391225011,Basic
user_1967,0.2254270316727441,0.34683600439283313,0.6815373132319511,0.11472036736586086,0.043446,False,11.847339199498649,Basic
user_1968,0.23845881144984424,0.20900555802024515,0.5710150120291906,0.08728179802980611,0.033055,False,17.903996643410796,Basic
user_1969,0.13623971598267176,0.46113852639824543,0.82994617447265,0.0756981401897348,0.028668,False,18.100268444929593,Basic
user_1970,0.31724608761243916,0.4671809891867159,0.5701034996912638,0.25997269111075066,0.098455,False,11.408068692824466,Basic
user_1971,0.16482696004123248,0.15897384301634065,0.6842782740913302,0.038293156837766594,0.014502,False,5.147022542110425,Basic
user_1972,0.16515198693380023,0.10202487132793825,0.6464475916695219,0.02606492843906857,0.009871,False,4.710058415036231,Basic
user_1973,0.1486105001925069,0.28058140702762785,0.8242935638166196,0.05058554994658377,0.019157,False,14.201942909205155,Basic
user_1974,0.04021999395237041,0.15815767774473902,0.720531567422248,0.00882834441962291,0.003343,False,18.63343917095459,Basic
user_1975,0.11149618776711126,0.31940142616297545,0.5603601501644062,0.06355205910716863,0.024068,False,1.474304600072476,Basic
user_1976,0.035655932610772614,0.2254658098616878,0.4946462553585635,0.01625240995028678,0.006155,False,14.999903045943224,Basic
user_1977,0.13606947106892303,0.25044088991423324,0.9265826669079408,0.03677746265034095,0.013928,False,2.33672221173747,Basic
user_1978,0.28022141684028073,0.36856117745748734,0.909646048323021,0.11353727697697238,0.042998,False,5.665521594845446,Basic
user_1979,0.03166331520135677,0.20551690990516722,0.7299975861054919,0.008914203034906714,0.003376,False,10.76584938763124,Basic
user_1980,0.1172481240596768,0.13539787643863285,0.765322605734211,0.02074307866401492,0.007856,False,5.647269249139479,Basic
user_1981,0.11712655878221123,0.18567850339082495,0.6524021233845356,0.033335090985257165,0.012624,False,12.354962323987857,Basic
user_1982,0.28031874877628243,0.07274433307176102,0.7430788528067731,0.027442041110734897,0.010393,False,7.92672161780829,Basic
user_1983,0.10117239509599917,0.21890395365005225,0.6077943977275845,0.03643837022776533,0.0138,False,4.163160928288593,Basic
user_1984,0.33320783735844495,0.23803960141491406,0.7352846443106472,0.10787204847381472,0.040852,False,10.087684209233934,Basic
user_1985,0.10510711379853196,0.11682788102840731,0.6686531601813256,0.01836444081527143,0.006955,False,0.45618496800886577,Basic
user_1986,0.3190240240095027,0.25877396560926713,0.7562843184668883,0.10915883061666246,0.04134,False,14.080488648334821,Basic
user_1987,0.31916846058176446,0.11403398604234291,0.6879604183740021,0.05290428171021707,0.020035,False,9.923488456005193,Basic
user_1988,0.1771409447990808,0.32325786175688287,0.7176519161320372,0.07979105435121488,0.030218,False,17.987306041904013,Basic
user_1989,0.17330091097375838,0.3687883579743571,0.9007788202667351,0.07095122238170234,0.02687,False,1.9529999151798205,Basic
user_1990,0.05832622076433458,0.5423082642534001,0.7631231538291808,0.04144913096195638,0.015697,False,13.913552526340425,Basic
user_1991,0.2023305204879063,0.19635441728157815,0.7634735778789573,0.05203649818380472,0.019707,False,5.718057485123644,Basic
user_1992,0.31519028502595586,0.14260622416440275,0.7537462028058775,0.05963293250902062,0.022584,False,7.089824983548618,Basic
user_1993,0.06724677476994674,0.4763824434945992,0.6896869273971268,0.0464488764531738,0.017591,False,6.621247723460783,Basic
user_1994,0.3184848028449059,0.18833551196183518,0.5501363038899386,0.10903115822703388,0.041291,False,6.802416439317719,Basic
user_1995,0.3659383601685095,0.16285107773967725,0.7537409281115991,0.07906358022647873,0.029942,False,8.185864108465019,Basic
user_1996,0.09529033696854289,0.13377794651368854,0.5065273874937192,0.025166942433901777,0.009531,False,0.39909216745842346,Basic
user_1997,0.17548526382287644,0.46527792764915143,0.7711609186005349,0.10587857594319733,0.040097,False,16.08838977659451,Basic
user_1998,0.4855865352427174,0.3536236570060139,0.8328253605415475,0.2061835464205259,0.078084,False,16.754122910767162,Basic
user_1999,0.1194510287989869,0.3179626122724827,0.6182709183700682,0.06143093590054288,0.023265,False,0.7515741636600034,Basic
user_2000,0.3163080271531567,0.5630958952392069,0.48943715231862445,0.3639113844900827,0.137818,False,14.744060678226134,Basic
user_2001,0.10532634834631809,0.18587028980584872,0.7409960783965372,0.026419895411167675,0.010006,False,1.3731795844076173,Basic
user_2002,0.154791901410581,0.46089822068265857,0.6734448098885903,0.10593787477258128,0.04012,False,15.348458367407492,Basic
user_2003,0.1054203948800015,0.32599227876480935,0.5456969364004802,0.06297677788316697,0.02385,False,11.646766714623283,Basic
user_2004,0.13630712844291923,0.16573085165463344,0.6626275937672309,0.03409199480361223,0.012911,False,5.820702471750038,Basic
user_2005,0.23349142192768108,0.19979171485748454,0.680991728536693,0.06850252306541828,0.025943,False,11.663769380496525,Basic
user_2006,0.18722752783732663,0.5070952018082725,0.4306916593953714,0.22044118789302342,0.083484,False,9.626275975536856,Basic
user_2007,0.19659509505681205,0.11436344631417439,0.6038617565626211,0.037232516142671465,0.0141,False,12.079341671422346,Basic
user_2008,0.09982944806864462,0.34580355156193204,0.918785738580575,0.037572827094526494,0.014229,False,9.032063781973152,Basic
user_2009,0.40601116921256286,0.06246522102885765,0.8037499857221199,0.03155406267567377,0.01195,False,14.684617241494236,Basic
user_2010,0.34672080182966497,0.45746379530397946,0.7324690133998423,0.21654460600267578,0.082008,False,0.86012121044414,Basic
user_2011,0.27476109005434635,0.11498242288874337,0.8010111807791975,0.03944101731422601,0.014937,False,6.54136386519448,Basic
user_2012,0.5087637712723682,0.16954769301628786,0.8798647237115518,0.09803748392778515,0.037128,False,10.626448213646835,Basic
user_2013,0.2735962288541108,0.16392958956379158,0.5486210774398268,0.08175135689564317,0.03096,False,11.176617590293786,Basic
user_2014,0.020733516000744773,0.08195016929609455,0.8690317375999858,0.001955181925871642,0.00074,False,3.2213547526954285,Basic
user_2015,0.06092666753672148,0.20936008814548165,0.8913819153265983,0.014309929634622288,0.005419,False,1.416062485457044,Basic
user_2016,0.11767511204417394,0.27278587182964525,0.6790160510501059,0.04727444657895495,0.017903,False,0.3985937886816615,Basic
user_2017,0.27480191779736907,0.05725213489756954,0.6015454224866872,0.026154295053577564,0.009905,False,7.847258869989086,Basic
user_2018,0.05014564799115687,0.21238617432454682,0.7064620982417781,0.015075461744335912,0.005709,False,6.277356357135369,Basic
user_2019,0.1816208629814403,0.1463055049175416,0.8598650302904567,0.030902677892463398,0.011703,False,10.788351873790019,Basic
user_2020,0.2644980379227451,0.1979464600876701,0.6909539839199358,0.0757741492565278,0.028697,False,8.540781869507631,Basic
user_2021,0.12422882473596884,0.39493189724304606,0.6480002315322105,0.07571282085693402,0.028673,False,7.487293043038257,Basic
user_2022,0.20573952114749708,0.2710004460378577,0.7446025231281012,0.07487955018518627,0.028358,False,16.02309126786052,Basic
user_2023,0.24047694585083715,0.1103447503455702,0.6252004843413993,0.04244297504300369,0.016074,False,11.80880682927716,Basic
user_2024,0.269527613895089,0.1420363424227838,0.8530148118574552,0.04487931033253387,0.016996,False,12.275913877974851,Basic
user_2025,0.16046849390237797,0.38970619980150173,0.8535594702790967,0.07326445212554235,0.027746,False,7.254701253858654,Basic
user_2026,0.3310572203185274,0.15857720765884487,0.6823411668670528,0.07693824163424659,0.029137,False,14.7600420061707,Basic
user_2027,0.1316062479014139,0.071777215258379,0.45913554890657626,0.02057416378989528,0.007792,False,2.889663852131725,Basic
user_2028,0.18635039303157386,0.04597659836884783,0.930170659300066,0.00921095187278501,0.003488,False,7.6380138590388125,Basic
user_2029,0.17922349236891,0.32139020066137675,0.8291170623969433,0.06947230588785078,0.02631,False,0.8963041963037223,Basic
user_2030,0.17219326297999582,0.3514017235486446,0.6647256140368583,0.09102855090413349,0.034474,False,2.193309704430684,Basic
user_2031,0.21227358138763247,0.047275494925817556,0.7012322239165,0.014311006079736446,0.00542,False,1.5489912683752731,Basic
user_2032,0.36574664465249435,0.22220456478564377,0.7144942461014243,0.1137455961895604,0.043077,False,8.387286499851912,Basic
user_2033,0.03932339706923714,0.23886989540672332,0.768871456876052,0.012216835026144011,0.004627,False,13.249162787825563,Basic
user_2034,0.15644648168516578,0.22348236880055497,0.7509428897818163,0.04655884061659052,0.017632,False,5.941237502337074,Basic
user_2035,0.06766139617746836,0.3536856845233517,0.7441191336514079,0.03215999446943976,0.012179,False,0.5056101727506477,Basic
user_2036,0.03965656319183027,0.047231753107497665,0.3514053523045104,0.00533016640038344,0.002019,False,13.436959457716133,Basic
user_2037,0.11540680690350183,0.0867159426735993,0.6324266872771056,0.015824142549509854,0.005993,False,3.941228276190254,Basic
user_2038,0.39235803317645945,0.07593556186703468,0.9323563214133228,0.03195551638147916,0.012102,False,13.730819068444076,Basic
user_2039,0.23111886912968796,0.19551836790700294,0.6544488966869602,0.06904738370483246,0.026149,False,0.13973787426838125,Basic
user_2040,0.14365689040725058,0.12597126739626072,0.5326402493456408,0.03397535311505123,0.012867,False,5.934499922382862,Basic
user_2041,0.11104029682668423,0.24820549992545896,0.8151925517652729,0.033808960013258796,0.012804,False,11.803384181899325,Basic
user_2042,0.2273380268799687,0.002599429019852129,0.8566864146524004,0.0006898079090322577,0.000261,False,16.551864638854955,Basic
user_2043,0.1685873432469457,0.04712793407712976,0.5988592496139301,0.01326717956498553,0.005024,False,14.328440408879903,Basic
user_2044,0.15888449049343265,0.3634353956979884,0.8490040235217108,0.06801410367082593,0.025758,False,8.542774678762475,Basic
user_2045,0.05535101313521093,0.22893914330586793,0.7714599937843591,0.016426015127660856,0.006221,False,13.65178125413316,Basic
user_2046,0.09501605666772578,0.10213447554648926,0.8355072217755877,0.011614998486344891,0.004399,False,10.213286738433276,Basic
user_2047,0.3436897932805126,0.12569967814750432,0.8024909757890967,0.05383449496794915,0.020388,False,15.454515565098562,Basic
user_2048,0.20734830065326487,0.46971258575255803,0.7030296322429757,0.13853485256448375,0.052465,False,14.669245441529755,Basic
user_2049,0.08238876529534742,0.18509232481987808,0.6665029795825677,0.022879909879931753,0.008665,False,18.541191211891437,Basic
user_2050,0.22322883463619178,0.1664625150942315,0.8031036861054004,0.046269533931908705,0.017523,False,1.9938232852114155,Basic
user_2051,0.31814857027844956,0.3338652628219222,0.4663331720844629,0.22777439476940076,0.086261,False,6.473393227022893,Basic
user_2052,0.11331708479196766,0.08077598608961573,0.6850161587481619,0.013362165473000013,0.00506,False,3.6551593042130195,Basic
user_2053,0.16749317662386565,0.18599885054241488,0.47205878296711284,0.06599504013021844,0.024993,False,11.984593588058663,Basic
user_2054,0.6082318051262844,0.1888588119076231,0.7863174400173645,0.14608595744492492,0.055324,False,12.61652626009717,Basic
user_2055,0.23098147106454434,0.24030803900132286,0.6547223797867402,0.08477899346474364,0.032107,False,3.872402994457727,Basic
user_2056,0.34600066526301365,0.49110339417007126,0.6847486778864266,0.24815250701944722,0.093978,False,8.0094994005521,Basic
user_2057,0.2261401897629615,0.026332749693401485,0.8541632450308689,0.006971609990583442,0.00264,False,11.440854228505204,Basic
user_2058,0.45640650067426475,0.21494534732411114,0.8394304435360882,0.11686787697996379,0.044259,False,12.520110831021157,Basic
user_2059,0.2410674072075082,0.1094153141839867,0.8000132717458379,0.03297003566149375,0.012486,False,1.9502927038379023,Basic
user_2060,0.25598662800510513,0.14556662081852592,0.6716333291754767,0.055481327079431625,0.021011,False,17.500383732086004,Basic
user_2061,0.2645044284291636,0.3650367251818929,0.805248513126481,0.11990563009549383,0.04541,False,0.6475791856955097,Basic
user_2062,0.1546203365285048,0.2344257362300084,0.6505096151592661,0.05572090770395753,0.021102,False,18.48590566750352,Basic
user_2063,0.2583629951912423,0.09131683939973387,0.8967471756145746,0.026309413377905305,0.009964,False,6.010190584156773,Basic
user_2064,0.39347147634211044,0.17833548747710745,0.9064274564952199,0.07741372686693042,0.029317,False,6.010565881839934,Basic
user_2065,0.14930993612014956,0.05102659192101039,0.616250042053696,0.012363126426352681,0.004682,False,8.474493913999366,Basic
user_2066,0.023012933509719332,0.052120792637023315,0.8204621097959376,0.0014619228860282287,0.000554,False,13.204208838024826,Basic
user_2067,0.1650301665986384,0.06074590621680731,0.802685150028113,0.012489214510563533,0.00473,False,3.0324338900115553,Basic
user_2068,0.1916311690196119,0.2770892298524294,0.43218703937263725,0.12286100276501444,0.046529,False,4.844710819919402,Basic
user_2069,0.19076880212281008,0.1999576899383852,0.9032053693169864,0.04223368270456164,0.015994,False,18.26988101099242,Basic
user_2070,0.11345403997083854,0.389087582464981,0.8355592139275007,0.052831154749218186,0.020008,False,16.660000728062894,Basic
user_2071,0.04661289511378188,0.13296913522245735,0.761116935026252,0.008143395670575775,0.003084,False,4.035442011164075,Basic
user_2072,0.10601554562128017,0.33415661767742144,0.48290225845603696,0.0733601790542433,0.027782,False,10.887217269449113,Basic
user_2073,0.3653455001341771,0.07210021106839809,0.727758415271208,0.03619537351931157,0.013708,False,3.8684332597811455,Basic
user_2074,0.1252842482703965,0.30069482095734257,0.8909384939178123,0.042283866798460884,0.016013,False,10.45116389441446,Basic
user_2075,0.18344605937028954,0.3724812762764964,0.8143092902242272,0.08391187862209463,0.031778,False,6.949692605244023,Basic
user_2076,0.1955530793361039,0.1731807306534382,0.47873782208704535,0.07074023316837214,0.02679,False,6.886070057891117,Basic
user_2077,0.07686230481179487,0.06169488828906439,0.7004251691969147,0.006770189761228514,0.002564,False,12.06632718351947,Basic
user_2078,0.3110789806278821,0.08589337065251745,0.4718604113432864,0.05662611556924829,0.021445,False,4.7849761151739685,Basic
user_2079,0.10576103659928701,0.08979908982192214,0.8643339338519621,0.010987934701248927,0.004161,False,7.6809324987034415,Basic
user_2080,0.14347773778238965,0.2400207017692255,0.9648705657206749,0.03569144767626749,0.013517,False,17.57991813866486,Basic
user_2081,0.3261346024964707,0.481145558771568,0.7715710311413273,0.20337494439208045,0.07702,False,14.351931187175714,Basic
user_2082,0.20939997120471265,0.042149987399469714,0.6338510813309559,0.013924731546082963,0.005273,False,7.282385422365065,Basic
user_2083,0.268715464073037,0.22595111498655449,0.8756424433426334,0.06933944235235537,0.02626,False,4.3749754468116,Basic
user_2084,0.2173491688674915,0.08330831055905301,0.7276034752874442,0.0248857965564441,0.009425,False,12.521220975716979,Basic
user_2085,0.043066108706013094,0.21472377113931893,0.8275348772757262,0.011174534782260149,0.004232,False,15.346104026637153,Basic
user_2086,0.057587623839156,0.18918435889933666,0.7440388662240837,0.01464261907692563,0.005545,False,16.354528944493516,Basic
user_2087,0.18048860773406472,0.2356136237239681,0.9171412765463801,0.04636752918727268,0.01756,False,10.721344317521762,Basic
user_2088,0.2690314396414788,0.2356569672017497,0.6936849805726052,0.09139470353747371,0.034612,False,9.819197283226329,Basic
user_2089,0.20775872733549436,0.2428061752673004,0.7173392532233887,0.07032251718563638,0.026632,False,13.673205625327965,Basic
user_2090,0.14287574678753395,0.33487720163114254,0.8177049234239893,0.05851234215983859,0.022159,False,3.3395698404092977,Basic
user_2091,0.26732719305820946,0.2682841375833819,0.8254854038213608,0.08688178508087642,0.032903,False,16.190639771723877,Basic
user_2092,0.41036393809750266,0.20316772851420986,0.8208459769560144,0.10156924868730037,0.038465,False,1.4045465853003063,Basic
user_2093,0.21912139540572742,0.36081378081349363,0.574765653470465,0.137555225605581,0.052094,False,11.457321113546001,Basic
user_2094,0.08199640775077172,0.3167576203460433,0.7667557447508756,0.03387387336041039,0.012828,False,11.204176767500199,Basic
user_2095,0.38999571982138187,0.21236380699299356,0.7835197789480609,0.1057037460923264,0.040031,False,5.903343988587799,Basic
user_2096,0.0735075457043369,0.25432958065857597,0.7644885678132317,0.024454444528452943,0.009261,False,0.6737942899259145,Basic
user_2097,0.02552612309857681,0.16952102560576882,0.8682228924667931,0.004983990407250578,0.001887,False,13.63924257241188,Basic
user_2098,0.10266185844402406,0.4759637637995404,0.513656154766785,0.09512847084614165,0.036026,False,0.45930833988771236,Basic
user_2099,0.2267214379028914,0.1777885036911775,0.5585058118409475,0.07217197089964465,0.027332,False,3.412621931190815,Basic
user_2100,0.31364875014179594,0.11259796711736612,0.8600116850867221,0.04106480442914877,0.015552,False,10.340499731312272,Basic
user_2101,0.16958656619392767,0.14444376015094706,0.8616872284860528,0.028427624876344426,0.010766,False,17.859677605357746,Basic
user_2102,0.06977163002244831,0.35315850707570196,0.8853532985463293,0.027831199968897692,0.01054,False,1.2527366656609378,Basic
user_2103,0.2778946450270032,0.2513718108723473,0.6415564635659037,0.10888344848697812,0.041235,False,10.996951789480509,Basic
user_2104,0.10717381276911458,0.0623116439435402,0.7934468879679245,0.008416664760566404,0.003187,False,6.2489676620080274,Basic
user_2105,0.12559862227125856,0.2468355200541159,0.9066328019088996,0.03419488152329364,0.01295,False,12.71894145758279,Basic
user_2106,0.30198878308983534,0.11883404405075398,0.7112556187717252,0.05045520542179188,0.019108,False,18.105267499708503,Basic
user_2107,0.09981793435516002,0.5253347543876574,0.8649083362575266,0.0606281935665584,0.022961,False,5.103215997458505,Basic
user_2108,0.33841799567769454,0.041225440823596415,0.6682760215923361,0.020876749432379906,0.007906,False,18.16261271592105,Basic
user_2109,0.23111290304849905,0.10528509465936395,0.6115003410443848,0.039791872941401144,0.01507,False,16.54189971742792,Basic
user_2110,0.24152938455900655,0.38032241880880124,0.8160333823763962,0.11256774751221198,0.042631,False,11.53406240080968,Basic
user_2111,0.47406985149188624,0.2760251407186083,0.8717619550088302,0.15010427642162036,0.056846,False,14.406496769681112,Basic
user_2112,0.15173443471246464,0.24137979422337955,0.6768451097576462,0.054112271920838506,0.020493,False,16.432872082359037,Basic
user_2113,0.22602941403381616,0.1314878230982786,0.5377568704508042,0.05526682640534462,0.02093,False,15.265904007204654,Basic
user_2114,0.24845024349714437,0.24701218143510206,0.8592741132303517,0.07142102348876411,0.027048,False,6.20744602722976,Basic
user_2115,0.34307247341057895,0.06125575575991851,0.946455224666262,0.02220407589445122,0.008409,False,15.439477459990389,Basic
user_2116,0.2393383110680382,0.32940687527315554,0.24974193799442101,0.3156846055380501,0.119553,False,5.956857983183767,Basic
user_2117,0.19959273546650344,0.1461409399436576,0.8984046173654373,0.03246718616889732,0.012296,False,16.47450655445803,Basic
user_2118,0.11222207283745397,0.008227776976009333,0.7377970656768448,0.0012514798852513577,0.000474,False,4.8538549621661735,Basic
user_2119,0.368182712640482,0.24310518256087751,0.7195616250588293,0.12439118826675288,0.047108,False,10.872956329849167,Basic
user_2120,0.235376811865656,0.08718771670305099,0.876374542403248,0.023416890608361985,0.008868,False,13.165549246291565,Basic
user_2121,0.2762815375656339,0.23536056503526712,0.8711680133255113,0.07464206421220282,0.028268,False,8.090033381062526,Basic
user_2122,0.06151791800279243,0.28460699607903,0.7080422498438808,0.02472794505083749,0.009365,False,14.876477411317921,Basic
user_2123,0.34390977109395476,0.2236152745865151,0.8164076665809991,0.09419739799629911,0.035674,False,17.581762195439747,Basic
user_2124,0.22303449291282842,0.19519926205630192,0.6491913339216224,0.067062152796608,0.025397,False,3.538808787267059,Basic
user_2125,0.037831745203601795,0.1777431208801927,0.8592353650953979,0.007825949366138887,0.002964,False,0.6354103817322537,Basic
user_2126,0.2775499787629449,0.39664221737586164,0.5334692895791882,0.206362467642697,0.078152,False,11.903811921550892,Basic
user_2127,0.16024871302452942,0.17296236177364427,0.9283548171259111,0.029856037114902322,0.011307,False,11.441550389105952,Basic
user_2128,0.20545351878753326,0.19997837458767712,0.7006905240236053,0.0586368151584501,0.022206,False,6.484784619981957,Basic
user_2129,0.09186822518688187,0.05937551127531816,0.68307971355814,0.007985485049780939,0.003024,False,14.923796555901097,Basic
user_2130,0.21916819360277617,0.10330982913130031,0.46153169269538974,0.04905888152530923,0.018579,False,15.696708425303324,Basic
user_2131,0.027056812555638864,0.21165372705861166,0.6115193647258284,0.009364667008206241,0.003547,False,6.30772792600305,Basic
user_2132,0.06381600035397217,0.25872901974066903,0.7403247912046812,0.022302442673149004,0.008446,False,12.963177492386684,Basic
user_2133,0.35298840453381486,0.13557125909352807,0.8939630024231859,0.053531390357708764,0.020273,False,12.198476361348247,Basic
user_2134,0.1837315054662206,0.40216570101926125,0.5254524984109957,0.14062262510616427,0.053255,False,6.510239320386943,Basic
user_2135,0.13001527726056714,0.49588908588067304,0.9113993951759922,0.07074083802613788,0.02679,False,18.41381687462569,Basic
user_2136,0.18913859943972233,0.06503988795180626,0.7673309271305709,0.016031614105432565,0.006071,False,6.581642774092048,Basic
user_2137,0.267779468944887,0.20744006343704485,0.7720958624401552,0.07194468035291546,0.027246,False,11.785396442776984,Basic
user_2138,0.1589001805952683,0.15683910046317875,0.950882860240746,0.026209076249085826,0.009926,False,7.22240184022296,Basic
user_2139,0.539543277221376,0.12804348171056226,0.8112083255197942,0.08516308027865074,0.032252,False,0.22482752637980263,Basic
user_2140,0.2391473797284673,0.28230964105261347,0.7167574275311638,0.09419310960245507,0.035672,False,1.741131400574066,Basic
user_2141,0.18513725213260418,0.3518868594491032,0.7545367213646142,0.08634088225972206,0.032698,False,4.414010305376713,Basic
user_2142,0.01521398854212812,0.15678537894382458,0.37726163600572227,0.006322749866854689,0.002395,False,15.4311955475554,Basic
user_2143,0.10493101108579149,0.09287235802809339,0.48468473605594947,0.02010624578176221,0.007614,False,8.399232178992886,Basic
user_2144,0.16317115136614463,0.13436390342375185,0.8580947636955796,0.02554999022401795,0.009676,False,11.18384962123253,Basic
user_2145,0.026062219880188003,0.24722887471239613,0.910227723208514,0.007078814596827972,0.002681,False,17.933274879448145,Basic
user_2146,0.25352751548842045,0.2503635695255585,0.7141555084666507,0.08887987699893425,0.03366,False,2.793450522253484,Basic
user_2147,0.06133082950040806,0.23643916169570295,0.786407600506122,0.01843955971921673,0.006983,False,16.37456802288546,Basic
user_2148,0.1422857100879989,0.28010443190095063,0.6753387842062724,0.05901461447777477,0.02235,False,7.205484151296444,Basic
user_2149,0.14943374093593986,0.24627127203099144,0.7483893278835726,0.04917392070343464,0.018623,False,6.412120044895545,Basic
user_2150,0.4054377394947334,0.13979450555895548,0.6659617241142924,0.08510694575275585,0.032231,False,11.885037527778117,Basic
user_2151,0.5027123145785395,0.29271414841267884,0.8523945694146653,0.17263250182303683,0.065378,False,17.07413246052376,Basic
user_2152,0.29213917937224465,0.39761112840928403,0.6135113260085764,0.18933275367297234,0.071703,False,6.622182336054044,Basic
user_2153,0.10207690250010884,0.06864503025169794,0.6231915528739203,0.011243849548033289,0.004258,False,14.46675658256631,Basic
user_2154,0.13203435889550275,0.2864223656643647,0.46914388897187637,0.08060979650977547,0.030528,False,0.365599605986361,Basic
user_2155,0.1269673132809185,0.10262959813114247,0.8290334333535714,0.015717827307760893,0.005953,False,11.838930634991733,Basic
user_2156,0.1500081583196288,0.09882208919169434,0.4665698964422009,0.03177255908275382,0.012033,False,11.980614720384295,Basic
user_2157,0.13475547891830655,0.20778841682272325,0.5899053512840695,0.04746630550421817,0.017976,False,10.565149885190495,Basic
user_2158,0.09098217111387,0.07827573082972453,0.8229312826844633,0.008654059076696809,0.003277,False,17.81862986096708,Basic
user_2159,0.2730625766362237,0.37114079596867444,0.5966597422467559,0.1698533600748832,0.064325,False,17.833234319451346,Basic
user_2160,0.3079430054212307,0.21821386965066225,0.791328229820491,0.08491727239411771,0.032159,False,6.499156659338574,Basic
user_2161,0.10811970249528441,0.3189583175684321,0.6542861432903703,0.052707334180223775,0.019961,False,8.670920793997233,Basic
user_2162,0.11748201119030674,0.32624168577343604,0.3793177570565607,0.10104333020471876,0.038266,False,15.05513545719414,Basic
user_2163,0.34430938756449886,0.12108165148569275,0.625047991297223,0.06669815733959017,0.025259,False,16.034316616496994,Basic
user_2164,0.10098505823357329,0.19368500564645333,0.6200027728496129,0.031547103385167176,0.011947,False,7.94140729190126,Basic
user_2165,0.2650330237977332,0.2043157672668955,0.9199482151094719,0.05886247151624229,0.022292,False,6.631505265922973,Basic
user_2166,0.3588070488599839,0.07690160075498291,0.7257684076411597,0.038018789642806826,0.014398,False,15.591714065461442,Basic
user_2167,0.06956261227758812,0.1745853310729631,0.6637733586227222,0.018296322889460353,0.006929,False,7.160520279511122,Basic
user_2168,0.10357169056535726,0.13887458089377167,0.927873731853458,0.015501543610887587,0.005871,False,7.699411659449858,Basic
user_2169,0.11975493921718029,0.27481922668460745,0.8675781867637736,0.037934286833664635,0.014366,False,2.5750781910054643,Basic
user_2170,0.15804113805225525,0.14316989440117592,0.7385609366498743,0.03063624397550501,0.011602,False,10.31603361329677,Basic
user_2171,0.2002815985823754,0.21017576425490148,0.4383140775568466,0.0960369292332044,0.03637,False,6.202513243580704,Basic
user_2172,0.12672072492672767,0.12599203412761412,0.9050222902236776,0.017641335547324808,0.006681,False,11.221527859034707,Basic
user_2173,0.221204990697359,0.2394903068762186,0.6583072652615962,0.08047374516459264,0.030476,False,8.515972281818973,Basic
user_2174,0.2675713574006193,0.21862624456114296,0.9394187629311276,0.06227054784183986,0.023583,False,14.214592792507977,Basic
user_2175,0.5743460743158373,0.3172501108482699,0.6375770851335488,0.28578717772424567,0.108231,False,5.277684571936296,Basic
user_2176,0.3598925375866264,0.2839525794543823,0.7114590278145737,0.14363780678701296,0.054397,False,3.2679916173382613,Basic
user_2177,0.27107539215177795,0.34559773580410336,0.7283185310038985,0.12862921616278689,0.048713,False,13.35623545471383,Basic
user_2178,0.15995336841128932,0.34907718466981696,0.7434085564043994,0.07510819056687477,0.028444,False,7.298416854723475,Basic
user_2179,0.1317737136945678,0.5491814185057399,0.8956679661306284,0.08079743581897574,0.030599,False,10.70846792568208,Basic
user_2180,0.3381222886024692,0.11684962759997797,0.8597811614595074,0.04595292997509059,0.017403,False,17.880305982121563,Basic
user_2181,0.1305957310567843,0.2369446892487409,0.6279169427734083,0.04928034713601989,0.018663,False,9.197780204585538,Basic
user_2182,0.15628434237661332,0.2051179749974886,0.5429906194201459,0.059037351080462805,0.022358,False,2.8954504556868566,Basic
user_2183,0.09674108365337727,0.22573617336925852,0.8816114414180263,0.024770506603661455,0.009381,False,8.107366750618876,Basic
user_2184,0.1536574093833106,0.2956473257320686,0.934469331891743,0.04861411778076015,0.018411,False,9.092088540813602,Basic
user_2185,0.08109621884745608,0.11454251027750548,0.6851564864103121,0.013557434929162724,0.005134,False,14.553589806680728,Basic
user_2186,0.1715406193620307,0.14508744021237796,0.35621371588242856,0.06986926175492227,0.02646,False,3.708576854436105,Basic
user_2187,0.147059439809168,0.036965021870219716,0.7281923330838906,0.007465136835135972,0.002827,False,6.591133579523441,Basic
user_2188,0.18368801026304504,0.2628375268321932,0.8576229689091779,0.0562952533648596,0.02132,False,0.9505380717226932,Basic
user_2189,0.17218259798745933,0.08355479246531045,0.6718050306784377,0.02141496503301177,0.00811,False,13.3375806967559,Basic
user_2190,0.264517887351097,0.12438409714305769,0.47924191203499483,0.06865388391563029,0.026,False,14.134714534093405,Basic
user_2191,0.17411798626439298,0.0699541579272345,0.6921291623241054,0.017598271785299664,0.006665,False,8.686636007252385,Basic
user_2192,0.23817442705890915,0.5088858629097449,0.6222897937898859,0.19477034662379675,0.073762,False,10.22710451462219,Basic
user_2193,0.2540619342008602,0.17492787540752722,0.6737332703961959,0.06596455351766815,0.024982,False,14.246462926402826,Basic
user_2194,0.21138651819658014,0.18080473196857227,0.8311689192598971,0.04598305095230773,0.017414,False,5.097727179004805,Basic
user_2195,0.21430415571444525,0.576019169745658,0.7228713419729752,0.17076801178859563,0.064672,False,11.532340431917822,Basic
user_2196,0.13739992536844126,0.1483962349071939,0.774261886404228,0.026334282959346218,0.009973,False,18.31446760601406,Basic
user_2197,0.3399197014654613,0.07514582491557686,0.4776949554308949,0.05347250600257581,0.020251,False,12.50138854983186,Basic
user_2198,0.24549696364027448,0.16054204697074703,0.6971731746941932,0.05653198731463039,0.021409,False,1.4840925977059143,Basic
user_2199,0.04684889148867064,0.05969794755948863,0.5951932891197886,0.0046989485910482985,0.00178,False,5.514941318528546,Basic
user_2200,0.08384043323346216,0.21510424623414326,0.5980330056898914,0.030156250613330875,0.011421,False,9.863405509503139,Basic
user_2201,0.21815149296598496,0.27763640688905716,0.817764295181652,0.07406388004639607,0.028049,False,1.3807445670078902,Basic
user_2202,0.14820956532676535,0.2952180525873863,0.9492789927822833,0.04609197041467205,0.017456,False,12.854826425744351,Basic
user_2203,0.20299082363105034,0.3564489210408719,0.881466058936206,0.08208581525170489,0.031087,False,12.430031786185424,Basic
user_2204,0.03534536278219824,0.05997150445298121,0.7166768286586147,0.0029576993377227676,0.00112,False,16.65015012191232,Basic
user_2205,0.2387219708205618,0.5513095428133028,0.5948887990190979,0.2212341210820973,0.083784,False,9.49986297492999,Basic
user_2206,0.04971812921970083,0.17734060802926557,0.6719716285656276,0.013121154065269034,0.004969,False,13.15063244556321,Basic
user_2207,0.3767763710435893,0.13916890562898362,0.7905009030757885,0.06633206239356945,0.025121,False,3.4583459644081413,Basic
user_2208,0.11493762610989894,0.3027445866306187,0.9002804679447336,0.038651004152499356,0.014638,False,0.05452416109771119,Basic
user_2209,0.200766586613953,0.07029988503042751,0.7354247585950064,0.019191450643946402,0.007268,False,3.2728258928448666,Basic
user_2210,0.08388813234725441,0.1676886144490964,0.8254095287941544,0.017042551837975754,0.006454,False,1.1820773678333152,Basic
user_2211,0.019391118848480222,0.13880717156899214,0.7761956376177561,0.0034677164241436057,0.001313,False,8.126642472326388,Basic
user_2212,0.08558913020344532,0.0870455446414453,0.9222802377719385,0.008077970392106296,0.003059,False,8.89776340800863,Basic
user_2213,0.1482679861746184,0.41044384909564074,0.26904820257715895,0.22618877346232089,0.08566,False,12.244981252684306,Basic
user_2214,0.03667580820367425,0.12554579811785416,0.3922331801717111,0.011739174157912598,0.004446,False,2.674665462016302,Basic
user_2215,0.533825123212231,0.2755034053494026,0.6826282107463089,0.21544764337419278,0.081593,False,4.079605852427593,Basic
user_2216,0.17946874993337925,0.23026511910475278,0.4557590478171449,0.09067377439223286,0.034339,False,15.16819708859469,Basic
user_2217,0.09150665146553254,0.47860761846950084,0.85655472425483,0.051130160504499984,0.019364,False,10.953927400804575,Basic
user_2218,0.30108052078343994,0.32580858255847983,0.6992112990937465,0.14029323873850827,0.053131,False,0.5579082800052813,Basic
user_2219,0.147309369765886,0.08638341920865895,0.4841570158382208,0.02628297561653412,0.009954,False,16.11968877415449,Basic
user_2220,0.25964062842305996,0.140150410269169,0.5467762096504492,0.06655143357334406,0.025204,False,11.96630636626367,Basic
user_2221,0.08401712790689622,0.08195659998155504,0.9140492498475428,0.007533246315352412,0.002853,False,3.546143022293225,Basic
user_2222,0.3220266716701209,0.5408213106279642,0.8271450299236732,0.21055423212283197,0.079739,False,4.789249083881515,Basic
user_2223,0.09756281539908934,0.290246873267367,0.6820464488888972,0.0415181431746737,0.015723,False,10.51740086267961,Basic
user_2224,0.1857592722489989,0.26357328947555825,0.5768797131623493,0.08487242889658601,0.032142,False,10.655222448994046,Basic
user_2225,0.16201773647078396,0.07495985081958115,0.6426805041532834,0.01889714294659786,0.007157,False,15.298584614867183,Basic
user_2226,0.372421281874344,0.15573974714383662,0.6754675474360959,0.08586762826763505,0.032519,False,6.813070125293435,Basic
user_2227,0.19289629998947352,0.07073343401907373,0.6756898047046882,0.020193019952094902,0.007647,False,10.436759784497983,Basic
user_2228,0.23147997954399657,0.27040513953475265,0.43417337946743856,0.14416677559751304,0.054598,False,11.068221591466266,Basic
user_2229,0.27573761162352994,0.13392460473157947,0.7416371547754272,0.0497926113983503,0.018857,False,10.614851936806593,Basic
user_2230,0.08370710762504348,0.1982892387156719,0.42836416738385685,0.03874791569853001,0.014674,False,1.3852110621769171,Basic
user_2231,0.15170113425906442,0.2543681535673168,0.9075525452965998,0.04251868127694448,0.016102,False,7.8138046142437565,Basic
user_2232,0.2959280838254998,0.2131231327085956,0.6998851978345394,0.09011352215546159,0.034127,False,6.438798304496464,Basic
user_2233,0.2418618245755317,0.23527882405710854,0.7026311299783331,0.08098839240469255,0.030671,False,18.862776646546077,Basic
user_2234,0.1435753854473774,0.09932257592148981,0.5394182962138055,0.026436398656937764,0.010012,False,8.848082706265227,Basic
user_2235,0.28714200550938646,0.2809383623042389,0.8426002114041042,0.09573841032170533,0.036257,False,8.269329638120375,Basic
user_2236,0.12745446590897802,0.05628310343889233,0.920585029633507,0.007792363179487759,0.002951,False,9.19006376202863,Basic
user_2237,0.11361770916979469,0.16079801690537293,0.7534858359663051,0.024246643331264132,0.009182,False,17.46636905741789,Basic
user_2238,0.10097581979079943,0.03641467155808286,0.7474704428044465,0.004919259816072892,0.001863,False,11.617623238054064,Basic
user_2239,0.22244434458237394,0.29856341846877826,0.5191876886680219,0.1279185646869731,0.048444,False,7.393724362273001,Basic
user_2240,0.11712842294424203,0.2046367894021398,0.6692239265520142,0.03581579119942402,0.013564,False,17.33897053446301,Basic
user_2241,0.37148522419547286,0.29044413111639916,0.5840150380458193,0.18474815909718034,0.069966,False,17.66701588977419,Basic
user_2242,0.6285709085562399,0.19980362751380504,0.4726340531836447,0.2657251351933077,0.100633,False,5.021941943439982,Basic
user_2243,0.09005666402514353,0.1448319123820983,0.7692914883397394,0.01695466422183198,0.006421,False,7.474525750925691,Basic
user_2244,0.1393278522083347,0.08274045243569449,0.49439261516617444,0.02331760057689454,0.008831,False,18.362714730918604,Basic
user_2245,0.2840376741268723,0.4540720291014552,0.9001870988657882,0.1432741739962171,0.05426,False,10.27992508838217,Basic
user_2246,0.21926352931383308,0.4268164718349847,0.8580279151643968,0.10907021127149015,0.041306,False,8.203156476122347,Basic
user_2247,0.12012586231387991,0.4709222627788491,0.6143548151791384,0.09208024662851823,0.034872,False,3.712686170235142,Basic
user_2248,0.24611123780765534,0.0338425034172962,0.7818092694785863,0.010653519639253529,0.004035,False,7.304337955147744,Basic
user_2249,0.2321811142721608,0.2318382861688858,0.7133843413545043,0.07545507869073179,0.028576,False,11.993459769697978,Basic
user_2250,0.2695367350466287,0.3193076086684205,0.6855243817839961,0.1255464176081649,0.047546,False,0.7353218004190362,Basic
user_2251,0.3840905047385776,0.07624591777112776,0.6477438493968188,0.04521128694350265,0.017122,False,1.5828194488135403,Basic
user_2252,0.2611835903347351,0.22677848313497936,0.5516252214677537,0.10737510927846784,0.040664,False,0.10215169545144676,Basic
user_2253,0.13671095797121818,0.19501767542439818,0.8593177617493127,0.031025837490331488,0.01175,False,4.1596193559480295,Basic
user_2254,0.10388981920849533,0.13502505147856375,0.5014595098215477,0.027973800300881223,0.010594,False,3.4768631784543533,Basic
user_2255,0.15559157209029584,0.03636880114101277,0.8461114850951457,0.006687864476787241,0.002533,False,16.16534593828782,Basic
user_2256,0.21017726640437567,0.3207894410559308,0.6729157745011362,0.10019477974417629,0.037945,False,3.5195224296242804,Basic
user_2257,0.04094499920115777,0.18892428773967038,0.7862828290654335,0.009838069107746424,0.003726,False,12.562439491408792,Basic
user_2258,0.17007952227543224,0.5151660571813115,0.6543321782356726,0.13390629379433855,0.050712,False,2.248823546102148,Basic
user_2259,0.44180937906501455,0.24132610644572372,0.7965492396058599,0.13385253784652343,0.050692,False,11.277635635110586,Basic
user_2260,0.6359273751717687,0.3373619763933305,0.5437213168485768,0.394572935587733,0.149429,False,8.276782882372734,Basic
user_2261,0.2035917566428152,0.14334103788784286,0.8113941644943024,0.03596655605821181,0.013621,False,7.764694198812783,Basic
user_2262,0.05328976916168596,0.2761636840484965,0.6965221182032342,0.021128832221076792,0.008002,False,16.274675961007688,Basic
user_2263,0.21211590708816264,0.3076231260652946,0.9164250523521552,0.07120250396817158,0.026965,False,3.186669869181668,Basic
user_2264,0.04626610798651968,0.06436037135301734,0.6282708241897679,0.004739522792437992,0.001795,False,11.309145007182774,Basic
user_2265,0.11342964273026485,0.09500927785797696,0.6377951261201266,0.01689706929723543,0.006399,False,15.615417061911097,Basic
user_2266,0.21609103550400813,0.18357358291737566,0.4744457742441543,0.08361040982395337,0.031664,False,13.564039627394383,Basic
user_2267,0.25844221496444714,0.3501567725181309,0.7440949195562314,0.12161794079760417,0.046058,False,18.683570601754887,Basic
user_2268,0.37523507491724173,0.45558672743127915,0.7606804733172836,0.22473578039076603,0.08511,False,0.04001165291624531,Basic
user_2269,0.045410473430086876,0.08359815884387668,0.5548658254379761,0.0068417116299918776,0.002591,False,16.802826975823393,Basic
user_2270,0.17125198644072878,0.09678912211226398,0.7631594302792701,0.02171935347967057,0.008225,False,11.655575768822633,Basic
user_2271,0.1394985142791116,0.2921755470889308,0.5397855085818748,0.07550787132961771,0.028596,False,0.047206082428419616,Basic
user_2272,0.29064412346634455,0.4051478013511757,0.7701060356062123,0.15290599236160465,0.057907,False,8.844382606096643,Basic
user_2273,0.07871763725675336,0.0939393266348373,0.5690531953506404,0.012994711036862418,0.004921,False,14.581310165641131,Basic
user_2274,0.057685445233779914,0.23171694078215194,0.83148468951889,0.0160756957593074,0.006088,False,3.4683872071048985,Basic
user_2275,0.18306137325343147,0.0033638984405830862,0.43698024056242857,0.001409216735350854,0.000534,False,12.891066448735511,Basic
user_2276,0.03267494658495036,0.30665380367845024,0.8122374263717405,0.012336167147608592,0.004672,False,2.653699986310217,Basic
user_2277,0.26940454507275874,0.40302207910546756,0.8665509061172297,0.1252967126445972,0.047451,False,15.265596337003267,Basic
user_2278,0.257314291976079,0.054637150539335815,0.6388072055274083,0.022008079409518235,0.008335,False,10.800803998103516,Basic
user_2279,0.16609040852173423,0.29952324109749373,0.5082673895595188,0.09787749223641877,0.037067,False,0.6438464006441067,Basic
user_2280,0.13272455753837112,0.23761855661685513,0.7127040424682393,0.04425093153766407,0.016758,False,1.726638442346796,Basic
user_2281,0.18972384041351195,0.2506286644346971,0.7045927400058691,0.06748612359228116,0.025558,False,16.41343594371182,Basic
user_2282,0.18760713967249582,0.17462478381216404,0.4795988208882677,0.06830887562703235,0.025869,False,0.6270269240599038,Basic
user_2283,0.38399538450977533,0.11427988996045885,0.4726031091624306,0.09285370628405859,0.035165,False,5.672309378990935,Basic
user_2284,0.34750133371078235,0.03475138644811909,0.7475807053182765,0.0161536447544869,0.006118,False,10.771325863926812,Basic
user_2285,0.37702350022610803,0.29376502438975166,0.911410398971383,0.121521893830081,0.046022,False,4.055355827137138,Basic
user_2286,0.4124929942988925,0.2411919132576601,0.4325677113041839,0.22999861501537058,0.087103,False,4.260411148969238,Basic
user_2287,0.2398709246781452,0.2045888219540751,0.5857105679451633,0.08378696336845165,0.031731,False,14.744646221364423,Basic
user_2288,0.11619563452834207,0.3026509474499771,0.7796710520238063,0.04510455888835569,0.017082,False,5.528897101928932,Basic
user_2289,0.35149953883365176,0.05624658547583704,0.5895032087775554,0.03353781380888904,0.012701,False,0.7330760400501752,Basic
user_2290,0.4041475570723503,0.44851196557743794,0.8681441285895654,0.20879599278098293,0.079074,False,13.7013142001192,Basic
user_2291,0.3218073063770718,0.38545249962811934,0.7487621909365622,0.165661984730401,0.062738,False,18.132953209122185,Basic
user_2292,0.29688594305198807,0.05722890933589205,0.9097444923880856,0.01867607758022581,0.007073,False,15.806745555574723,Basic
user_2293,0.13060753936322558,0.21237247418514832,0.6729424260852334,0.0412181565712268,0.01561,False,10.422678560026235,Basic
user_2294,0.3277220911202759,0.5558484386724057,0.6233423316895588,0.292237191999955,0.110674,False,8.07279130777664,Basic
user_2295,0.0920500608968871,0.34777563822709506,0.7336996162717409,0.04363198230895801,0.016524,False,17.578138246869067,Basic
user_2296,0.39786075905127827,0.3460213926398767,0.6699027361130826,0.20550495841002608,0.077827,False,14.558283328045881,Basic
user_2297,0.1437256122542865,0.2165045445792148,0.5979993552613767,0.0520355882522352,0.019706,False,10.842487583465061,Basic
user_2298,0.059859182577459986,0.2009296320470178,0.5356814352598823,0.02245267940653803,0.008503,False,16.716624059356082,Basic
user_2299,0.43968721666239985,0.19413464408935086,0.48214251906065486,0.17704002020749793,0.067047,False,11.432534906077658,Basic
user_2300,0.3351073751915954,0.13950885672872196,0.6825052905659619,0.06849829216059986,0.025941,False,18.496588684440024,Basic
user_2301,0.2612333532850332,0.2230424259217907,0.7236077096815965,0.08052169714169628,0.030495,False,16.307519087606945,Basic
user_2302,0.2226507219558579,0.30109794707422277,0.7049440216529927,0.09509928907305853,0.036015,False,10.458459383214612,Basic
user_2303,0.12566025988418306,0.09362662667427635,0.9181813870883871,0.012813531623938702,0.004853,False,17.533887982687837,Basic
user_2304,0.3019572246862746,0.2607876181854531,0.7088364598942208,0.11109291053055394,0.042072,False,6.506340119997616,Basic
user_2305,0.09226401542368189,0.1816103914698022,0.5252626564781439,0.03190042877218696,0.012081,False,13.317613405784876,Basic
user_2306,0.05891070177283184,0.30418214321831494,0.4653431209126273,0.03850832368298736,0.014584,False,3.2542364532903756,Basic
user_2307,0.3725580979569525,0.06753235726107434,0.6423315663039184,0.039169375898040405,0.014834,False,17.01193338610836,Basic
user_2308,0.3180072231582418,0.2896371113037875,0.7097964715052028,0.12976493570610392,0.049144,False,4.71295284788376,Basic
user_2309,0.3495316340458521,0.2651787581424064,0.8356488765369299,0.11091783552905778,0.042006,False,18.03161772090693,Basic
user_2310,0.4303235825050342,0.13309847922202248,0.708812750122934,0.08080471802300244,0.030602,False,0.32283768960209214,Basic
user_2311,0.09118851089951988,0.23770001754793757,0.8216051865844183,0.026381905804533354,0.009991,False,12.954901037991599,Basic
user_2312,0.2387347445299538,0.07239511005479755,0.57330020440784,0.030146907276968053,0.011417,False,2.8510672243295705,Basic
user_2313,0.19590511405103797,0.16968474496211572,0.5877884684432788,0.05655454487319942,0.021418,False,14.645417971522809,Basic
user_2314,0.2466341981495875,0.4784273687060462,0.9405133363514492,0.12545973129033872,0.047513,False,9.34621267557752,Basic
user_2315,0.14811660104272745,0.1678513770341021,0.9417650923371931,0.02639891375134023,0.009998,False,17.283354798719206,Basic
user_2316,0.2966211985757931,0.13610984876392107,0.8129950612242737,0.049659670032345796,0.018807,False,13.586314984575067,Basic
user_2317,0.309918817818116,0.2557640089207959,0.8033015769120084,0.09867536870755793,0.03737,False,14.597053784321439,Basic
user_2318,0.21488434659966996,0.12491386143698867,0.8267636824132651,0.032466391626902395,0.012295,False,2.289108014423597,Basic
user_2319,0.022249138559423384,0.24421125006379982,0.8455809082954489,0.00642574813023214,0.002434,False,1.8346629964090908,Basic
user_2320,0.14729970024010547,0.22706755650975546,0.8079579392334422,0.041396935884896846,0.015678,False,16.160596398547295,Basic
user_2321,0.4614720105111939,0.2258772342091393,0.9215304243688924,0.11311186114184466,0.042837,False,4.289703028067879,Basic
user_2322,0.2878802223607621,0.09644594598057045,0.7668498766226346,0.03620640913051058,0.013712,False,16.471894695504393,Basic
user_2323,0.39660308988003173,0.2533874153487491,0.9208927682059324,0.10912696389158319,0.041328,False,2.70822461207524,Basic
user_2324,0.02980272080673578,0.12522308565502155,0.9145014289509602,0.004080899758260185,0.001545,False,5.860574332422382,Basic
user_2325,0.024222980596960705,0.19109820839913091,0.6308603514636395,0.007337548133159068,0.002779,False,17.646035855944206,Basic
user_2326,0.16850182191016438,0.10244668634270651,0.8505927541339356,0.020294615976339518,0.007686,False,15.954638828547987,Basic
user_2327,0.2630005226232265,0.2049697834558295,0.5351224833487644,0.10073798400976341,0.038151,False,1.0306102342047856,Basic
user_2328,0.30323167425317277,0.2042063865574294,0.6245033008918582,0.09915375050951503,0.037551,False,8.513852695418109,Basic
user_2329,0.16587195810931685,0.16021762555696153,0.7907132413276323,0.03360967021386571,0.012728,False,17.287489000728602,Basic
user_2330,0.20358613710933324,0.1312280639634424,0.716478606461155,0.03728822379583806,0.014121,False,0.2803990003771659,Basic
user_2331,0.04855552025760236,0.11981933503655907,0.749474194480397,0.007762629043757235,0.00294,False,2.0390702485949586,Basic
user_2332,0.22008223305118937,0.012911690333372403,0.7496122599067411,0.0037908046506437616,0.001436,False,12.258721815865517,Basic
user_2333,0.08004888780699351,0.2555059931501294,0.8184513516985933,0.024989842752708005,0.009464,False,1.9946861751438851,Basic
user_2334,0.31593105312358977,0.10450032185233746,0.9481500471929046,0.034820329158140144,0.013187,False,8.527926771667795,Basic
user_2335,0.17531823251824435,0.3158133273936994,0.8634309564665082,0.06412537557253623,0.024285,False,9.648632856420539,Basic
user_2336,0.30433696574418484,0.27223656808461993,0.697942315014944,0.1187084509895484,0.044956,False,16.34482720663373,Basic
user_2337,0.1296131493075073,0.1468524456989957,0.858553991165274,0.022169843907804323,0.008396,False,18.190425585453323,Basic
user_2338,0.20995683548720084,0.08072144498960887,0.5584580348905919,0.030347883076465628,0.011493,False,9.732388011002097,Basic
user_2339,0.11877662256971783,0.13737033669796883,0.8954873920505653,0.018220674885089133,0.0069,False,9.696846112394663,Basic
user_2340,0.09821192841762025,0.4324238694194378,0.9264238542206111,0.045842064532352726,0.017361,False,13.809111431301845,Basic
user_2341,0.14428956823175124,0.2644367656445406,0.5901273698436874,0.06465632453136033,0.024486,False,3.657625716314062,Basic
user_2342,0.11012135694973084,0.1559560747001223,0.8010850487539891,0.021438540885569776,0.008119,False,17.876312272155854,Basic
user_2343,0.3061142929572513,0.0913197785090748,0.7471615024932076,0.03741398524688089,0.014169,False,0.022779564610228786,Basic
user_2344,0.1760742588050777,0.2114614608900672,0.7673152738834578,0.04852362680546948,0.018376,False,0.034083531373470644,Basic
user_2345,0.13980256002022753,0.1614320625957998,0.6724576271153143,0.03356139436926681,0.01271,False,11.887660874263597,Basic
user_2346,0.18739090576879444,0.3273564427244032,0.8393773727194456,0.07308228968888342,0.027677,False,6.488209153334597,Basic
user_2347,0.12956820823492066,0.0682747598919085,0.8194701942600863,0.010795070240292791,0.004088,False,7.564189565663077,Basic
user_2348,0.15310617553089262,0.20654709469136845,0.6718879571817472,0.04706682921935196,0.017825,False,4.207306341289338,Basic
user_2349,0.27714317316459924,0.4054693778277035,0.4621477543834808,0.24315398901408627,0.092085,False,7.7482455508899495,Basic
user_2350,0.1697624118433269,0.1306867958372839,0.751898249136394,0.029506260565037294,0.011174,False,15.731679725031105,Basic
user_2351,0.1506148777462608,0.04641161762927898,0.6440218192591471,0.010854104482486866,0.004111,False,13.285739515615436,Basic
user_2352,0.32670874303021535,0.15374682034162002,0.7596040918673528,0.06612711931977665,0.025043,False,1.7984213610182753,Basic
user_2353,0.07377604839399303,0.15108258403666475,0.9206208062881437,0.012107347515117795,0.004585,False,1.0769169342959994,Basic
user_2354,0.12276278494191298,0.1207705717229396,0.7996272902389424,0.018541302810344065,0.007022,False,9.617663152060306,Basic
user_2355,0.1450876255264348,0.21050442306794911,0.6433281460516173,0.047474352075511886,0.017979,False,13.87305830396105,Basic
user_2356,0.4276977710736789,0.2394405244986325,0.9379891729057378,0.10917842294014318,0.041347,False,12.625292312831947,Basic
user_2357,0.20813711724060294,0.28634626490475856,0.7984148615756222,0.07464701495194488,0.02827,False,16.418179180425135,Basic
user_2358,0.17356155749405894,0.2212573120214945,0.8009077243906252,0.04794780036691211,0.018158,False,2.5320277393158133,Basic
user_2359,0.043163352636619995,0.2533748785777474,0.70901123436464,0.015425015434505099,0.005842,False,11.509300100677821,Basic
user_2360,0.10661606762090849,0.24170149301275493,0.621762760614377,0.04144549071684394,0.015696,False,14.55427639927005,Basic
user_2361,0.2640873722030265,0.06927961981404802,0.6463999411382438,0.028304261154014836,0.010719,False,17.818974972572335,Basic
user_2362,0.0916272719243728,0.195721714030828,0.637928752426108,0.028111990006414168,0.010646,False,1.9167777103091894,Basic
user_2363,0.23697071525278526,0.2596233088975831,0.8326733703285557,0.07388626008476688,0.027982,False,4.553195163713938,Basic
user_2364,0.36752396427262024,0.2928461525689309,0.6936518624983374,0.1551613781104437,0.058761,False,6.737237211094373,Basic
user_2365,0.14706691936530653,0.4167870200539761,0.6350117646418175,0.09652668892734399,0.036556,False,10.274258075988788,Basic
user_2366,0.12556294878726587,0.14726473895563197,0.6493278979069445,0.028477129868068673,0.010785,False,7.763631693721296,Basic
user_2367,0.04460810231298202,0.13700070227180314,0.7156488776647411,0.008539580700291342,0.003234,False,16.361228396288315,Basic
user_2368,0.174844407418912,0.2283471403943205,0.7367286631283455,0.0541925710865042,0.020523,False,18.060011819758852,Basic
user_2369,0.24698053361247854,0.14398493001124837,0.8012433357717433,0.0443828650532005,0.016808,False,1.3314944691720405,Basic
user_2370,0.07578663408766442,0.08283518483370272,0.6483167637135538,0.009683229239078571,0.003667,False,13.293932013845357,Basic
user_2371,0.03286287785790927,0.10539605955631101,0.6798538018449296,0.005094650971289279,0.001929,False,2.171193056227379,Basic
user_2372,0.19124256863363,0.15533778580309474,0.6755390220041879,0.043975545742286216,0.016654,False,17.06114792480059,Basic
user_2373,0.1427533443286053,0.039784744753983595,0.5965860416871769,0.009519842855909661,0.003605,False,2.699872325458994,Basic
user_2374,0.39115647861390823,0.3849960224177612,0.7141535809090597,0.21087017195600863,0.079859,False,18.838712962431032,Basic
user_2375,0.06095359778380192,0.14076497357237577,0.8321915269770687,0.010310284715761746,0.003905,False,8.127254026751908,Basic
user_2376,0.3140155672908155,0.16987456059607028,0.6096780862753413,0.0874941345517908,0.033135,False,7.256800770364325,Basic
user_2377,0.2153828115695994,0.19893731773950868,0.6078717324730651,0.07048802655541925,0.026695,False,11.139329202835185,Basic
user_2378,0.17288300844787063,0.036335122288371,0.8647445510033995,0.007264255376048227,0.002751,False,7.4927722933545295,Basic
user_2379,0.33054038931894036,0.3092562898304613,0.6743113257002462,0.15159421256010858,0.057411,False,4.459178526901594,Basic
user_2380,0.36158564196564535,0.20075252497687796,0.5844628543865842,0.12419819339275855,0.047035,False,11.953733039690288,Basic
user_2381,0.1456215308601187,0.18761459614255147,0.7282715979567979,0.03751447231861151,0.014207,False,13.838908372641288,Basic
user_2382,0.24208874075518944,0.22243824172043983,0.7621513130790006,0.07065499056395108,0.026758,False,17.961110498849514,Basic
user_2383,0.17809397378130962,0.18283753114539247,0.730236908897698,0.0445913676524514,0.016887,False,7.773253544002177,Basic
user_2384,0.07024344172685122,0.19043448120663573,0.802787551937509,0.016662905834970824,0.00631,False,13.409685775075454,Basic
user_2385,0.21439353813132583,0.20359296907189955,0.7016191637147435,0.06221183689864615,0.02356,False,15.838466814296758,Basic
user_2386,0.1680115583070848,0.049408556345457426,0.4546229080329327,0.01825954741528856,0.006915,False,15.796292501492799,Basic
user_2387,0.26380522589078204,0.17952180860778813,0.5159207645303633,0.0917946989693455,0.034764,False,0.6511326330159488,Basic
user_2388,0.24010058198450793,0.22314715540639496,0.7753676969935147,0.06909981172675936,0.026169,False,6.758344080611542,Basic
user_2389,0.18856225624483383,0.3104002891921357,0.6858676545909275,0.08533684082831837,0.032318,False,0.2549488241592458,Basic
user_2390,0.16852128076220546,0.326169129797692,0.7601828914417342,0.07230686209519108,0.027383,False,10.622518493787009,Basic
user_2391,0.32372160533536565,0.09769015037246061,0.883500677496537,0.03579444035474458,0.013556,False,16.436718095907903,Basic
user_2392,0.12048198596943512,0.16635771500638055,0.6056744067917439,0.033092215323203646,0.012532,False,15.483442637228421,Basic
user_2393,0.4329680128018552,0.01892013727160389,0.5285834089403888,0.015497675670233694,0.005869,False,15.413741881420348,Basic
user_2394,0.17131342680407602,0.2717968986350692,0.7471292252744961,0.06232182669977431,0.023602,False,6.684883958912233,Basic
user_2395,0.15781316276694837,0.3131291384200447,0.931168157616843,0.053068717271247665,0.020098,False,0.8802634415934826,Basic
user_2396,0.17669443224549672,0.011106758911091778,0.4474368729605195,0.004386099086778077,0.001661,False,3.275936711420976,Basic
user_2397,0.10585045552391784,0.15360462879872772,0.634856286360778,0.025610709507392127,0.009699,False,12.74313582115532,Basic
user_2398,0.08602188493876727,0.005632170373886879,0.5866033611461352,0.000825924200146774,0.000313,False,2.5430130948738414,Basic
user_2399,0.03166804278725641,0.25351211812636215,0.874931032822887,0.009175846212713775,0.003475,False,2.3812389873208195,Basic
user_2400,0.2829843090708576,0.04077519845380736,0.6857653455292818,0.01682607824513506,0.006372,False,6.719829543141779,Basic
user_2401,0.3500629304166126,0.5567388126421633,0.7622655468396616,0.25567680585618274,0.096828,False,1.7961617306612798,Basic
user_2402,0.33853685300610065,0.11572245238736702,0.7495439529089873,0.05226686800863897,0.019794,False,6.2658987007573845,Basic
user_2403,0.3757472548958851,0.2861631325251895,0.565750839151198,0.1900571842899398,0.071977,False,18.42416042077084,Basic
user_2404,0.07834663948304181,0.051388438472283283,0.7137380250117032,0.00564088127785883,0.002136,False,0.37907106691052495,Basic
user_2405,0.1108133973804663,0.155701549698399,0.9265208954663975,0.01862215712987,0.007052,False,15.780313337148934,Basic
user_2406,0.21831406409423376,0.12276348843684046,0.8083953240742948,0.033153328928173006,0.012556,False,18.878811597273057,Basic
user_2407,0.12434489577525826,0.26888809691976745,0.5748417462791787,0.05816359476866871,0.022027,False,8.29170020823546,Basic
user_2408,0.3380971041949839,0.13181290259828357,0.6323036470209177,0.07048126461706276,0.026692,False,17.91805200611793,Basic
user_2409,0.3398617496362182,0.18087298862068163,0.5907304905732775,0.10406066955321876,0.039409,False,4.961752501069894,Basic
user_2410,0.09226431192948238,0.08798953533742625,0.5926265784921084,0.013698835370426462,0.005188,False,18.6636487237351,Basic
user_2411,0.023462287653872593,0.18356327948320425,0.7790829654530667,0.005528056262170447,0.002094,False,16.369474907920488,Basic
user_2412,0.36490970064056244,0.09010778396553942,0.8491401623069709,0.038722941078321825,0.014665,False,16.809253830814438,Basic
user_2413,0.3312977012200581,0.09070419919647864,0.8145856651389068,0.0368900337568245,0.013971,False,2.47756881748089,Basic
user_2414,0.0710218514392783,0.5311033968152353,0.39919262872312755,0.09449058883717404,0.035785,False,16.531185939063313,Basic
user_2415,0.1041656825942808,0.11351657240333234,0.5934482462668663,0.019925126284455925,0.007546,False,17.89463682274386,Basic
user_2416,0.0418903387581421,0.2377701030400763,0.906766904683791,0.010984377695589263,0.00416,False,15.561911602899912,Basic
user_2417,0.2738743326179139,0.05926168741360138,0.7459534571455776,0.021757731577942228,0.00824,False,1.7359164416946622,Basic
user_2418,0.20682252447016156,0.09656734221474932,0.762027231952481,0.02620943276141856,0.009926,False,1.6107560157040113,Basic
user_2419,0.38611523551410615,0.2746646422192587,0.6441676109089322,0.16463448522077226,0.062349,False,6.794513878905114,Basic
user_2420,0.2914337152769735,0.08689282321564194,0.7840630364446545,0.032297783626517536,0.012232,False,13.39358767886834,Basic
user_2421,0.18000388230051892,0.10698023374062082,0.8647361361490521,0.02226905595559553,0.008434,False,0.2366037351761514,Basic
user_2422,0.06607465331194612,0.2000652574268482,0.9281419638270899,0.014242694587082536,0.005394,False,18.06226917774226,Basic
user_2423,0.031036571956918252,0.11907516422944585,0.8979843830123955,0.004115533602590548,0.001559,False,9.983536056155234,Basic
user_2424,0.05672125892719613,0.1513599356902272,0.7563954915792555,0.011350313690479683,0.004298,False,6.809076410987639,Basic
user_2425,0.1199120358923277,0.5634266180726307,0.8753946710644476,0.07717848312563481,0.029228,False,10.663349654620353,Basic
user_2426,0.15053146182212648,0.13584115997166657,0.7806444722874099,0.026194214027073552,0.00992,False,13.59993773680246,Basic
user_2427,0.1365076588219794,0.23726686333239488,0.5263837727587114,0.06153066584821646,0.023302,False,5.19230266691794,Basic
user_2428,0.34640068546301134,0.39207056890286496,0.7801403892510875,0.17408855596901263,0.065929,False,5.531349297329399,Basic
user_2429,0.2729122294796653,0.19857279112472426,0.33393693503213906,0.1622849629815064,0.061459,False,8.895360148334694,Basic
user_2430,0.40845860655583793,0.059149693990038235,0.5117701830527557,0.047209084048737346,0.017879,False,12.728683804643568,Basic
user_2431,0.10294873419380955,0.21775563800249023,0.6535788949617537,0.034299864130762095,0.01299,False,13.421036363514101,Basic
user_2432,0.27677243134185875,0.03767432085761821,0.8582814678604712,0.012148943876079846,0.004601,False,6.157076149049165,Basic
user_2433,0.4014647921468966,0.005980730610851457,0.7185357352933498,0.0033415913136064235,0.001266,False,6.127339629515812,Basic
user_2434,0.39789326549872023,0.19577127625491644,0.661404508484886,0.11777372455225835,0.044602,False,9.255066177288498,Basic
user_2435,0.011666602432086273,0.08729690039607242,0.7392530876060538,0.0013776854605673902,0.000522,False,10.296512311389021,Basic
user_2436,0.10869230410158785,0.391650808534605,0.8834299858497777,0.04818653369788914,0.018249,False,12.338868563846162,Basic
user_2437,0.04237808046555021,0.5124457970937005,0.5819379151448414,0.03731750184736586,0.014133,False,11.73648395229794,Basic
user_2438,0.20680934905037945,0.5192301589104749,0.7777080612230891,0.13807449932140728,0.05229,False,7.0778397961271065,Basic
user_2439,0.23998218001107482,0.27589320076431656,0.7719913396977892,0.08576450066858624,0.03248,False,5.6408490150634725,Basic
user_2440,0.1321658821614953,0.35971780651960417,0.7242551352771174,0.06564319521140945,0.02486,False,5.850502631494331,Basic
user_2441,0.3219737328020353,0.055269230373123195,0.5582916350981655,0.03187445287300629,0.012071,False,12.262620096366003,Basic
user_2442,0.16047636683434344,0.17735603579382342,0.7552681210642449,0.03768390518089079,0.014271,False,8.229803533245654,Basic
user_2443,0.10093233315574773,0.3395440676907904,0.48001384668669045,0.0713958049289224,0.027038,False,2.5526378836381465,Basic
user_2444,0.19577109017715816,0.22882158319885582,0.7534654641482291,0.0594541527521034,0.022516,False,0.11253812339880098,Basic
user_2445,0.039424018100473725,0.10925151378405859,0.8102210361862594,0.005315998307326997,0.002013,False,0.5638699172476817,Basic
user_2446,0.22087640614672185,0.1818128964000021,0.672322028235235,0.059730571752005725,0.022621,False,16.48281059488216,Basic
user_2447,0.4210151718194428,0.2223798442595531,0.8169577779632381,0.11460235873331717,0.043401,False,8.698717016228962,Basic
user_2448,0.3536207922891532,0.05958608745499562,0.8052661434987967,0.026166354596376756,0.00991,False,12.491116875868475,Basic
user_2449,0.2738072361994276,0.33804763622841333,0.6815526734154831,0.13580738890745378,0.051432,False,17.65171242644781,Basic
user_2450,0.3078469966362606,0.1654776504645975,0.7771038626645993,0.06555339659653436,0.024826,False,2.3993172274507217,Basic
user_2451,0.17738414607258918,0.3558372839296348,0.7216740780266051,0.0874631563922139,0.033123,False,8.504702012262628,Basic
user_2452,0.2840708048591236,0.08777887654053788,0.5714884402506275,0.04363240680347753,0.016524,False,10.24228054069431,Basic
user_2453,0.28573599247563,0.06829297258656264,0.6042673966477293,0.03229325363140258,0.01223,False,15.989163237441751,Basic
user_2454,0.5723149916199561,0.14030385878765042,0.59217322944227,0.13559883793113917,0.051353,False,18.880650067810944,Basic
user_2455,0.1494692032869176,0.1346626525676705,0.5395130281425916,0.03730756875526822,0.014129,False,13.52189124649866,Basic
user_2456,0.2536196346270734,0.05937185859354356,0.830888123198356,0.01812261923502071,0.006863,False,12.194847956877547,Basic
user_2457,0.1591168963169227,0.2595490044897686,0.3478695066418781,0.11871874725448353,0.04496,False,17.485938058103997,Basic
user_2458,0.1902746339865757,0.340053375063886,0.6148409743338078,0.10523620607147759,0.039854,False,15.910237346052146,Basic
user_2459,0.13075312432923117,0.3304896908860108,0.5394042144589168,0.08011164630090035,0.030339,False,16.43583912634692,Basic
user_2460,0.3473868765207018,0.08265965471763842,0.9571120210481022,0.030001586684905886,0.011362,False,0.051408768736981525,Basic
user_2461,0.2092658098895482,0.06922519596839032,0.8785595162637791,0.016488884851755977,0.006245,False,9.77420973919382,Basic
user_2462,0.3543957741170659,0.2547318376831224,0.7290158920081876,0.12383253615952594,0.046897,False,14.87184278032111,Basic
user_2463,0.07483792306259335,0.21367851051577844,0.49674859461264126,0.03219184936512838,0.012191,False,3.4476853270382914,Basic
user_2464,0.12047136475340198,0.34806261320850157,0.7000232104069765,0.05990026817608756,0.022685,False,14.27759354045806,Basic
user_2465,0.18330380453761927,0.0840854253037992,0.8080880653271839,0.019073636928556303,0.007223,False,0.1740428813952124,Basic
user_2466,0.26426843241524667,0.3086934891321515,0.7075166600006605,0.11530180005891381,0.043666,False,10.928167131370135,Basic
user_2467,0.16871158594882124,0.31590239789944313,0.6522704486390204,0.08170904364264082,0.030944,False,16.175234279873482,Basic
user_2468,0.4605354248960438,0.15257169926810843,0.41704157665244634,0.16848361478382487,0.063807,False,8.19561880628158,Basic
user_2469,0.08225943046447756,0.07326394933879384,0.7137609384162317,0.008443514378301632,0.003198,False,14.049598026603448,Basic
user_2470,0.21584627922692506,0.4192053750792715,0.6398113470799383,0.14142281292095185,0.053558,False,10.077574728306518,Basic
user_2471,0.41623637785229634,0.11962018225102156,0.6942021508175654,0.07172301514704112,0.027162,False,12.298528589985402,Basic
user_2472,0.47885580036838227,0.15457671401888243,0.8145486838456651,0.0908723537067936,0.034414,False,9.816690401634943,Basic
user_2473,0.1422497955723607,0.06667906884573557,0.6488698033044663,0.014617853788166818,0.005536,False,9.040898122052102,Basic
user_2474,0.05529480822149559,0.1712472492677139,0.7331622016275174,0.012915400965430092,0.004891,False,15.990905012651025,Basic
user_2475,0.20942723417967696,0.1758475231060522,0.5479384470861145,0.06721057921248505,0.025453,False,1.7621205261925097,Basic
user_2476,0.05318278523000895,0.12024619168366543,0.8341571293374002,0.007666454151292405,0.002903,False,11.10837442166959,Basic
user_2477,0.167636397759892,0.23506343321311876,0.66016988348194,0.05968946505266955,0.022605,False,2.181399268158236,Basic
user_2478,0.20204915410767624,0.14367096890926354,0.8720404866661388,0.033288130748292385,0.012607,False,10.69335032125693,Basic
user_2479,0.0989079755531052,0.23057173302202788,0.44624824700616567,0.05110470121950919,0.019354,False,18.308324810952726,Basic
user_2480,0.21665157003573343,0.44792288210360715,0.678605155066975,0.1430039175772243,0.054157,False,1.0848599292146752,Basic
user_2481,0.22967335710606027,0.0608103964094516,0.569898864831637,0.024507028794372384,0.009281,False,8.018129260731468,Basic
user_2482,0.21133424161788247,0.19382077991080138,0.40640081227984526,0.10078958086341185,0.03817,False,15.237452805245525,Basic
user_2483,0.2615238191297046,0.11425375555185566,0.8461744113901413,0.035311961812629585,0.013373,False,7.024139799035869,Basic
user_2484,0.18474497727941552,0.2646470577088908,0.6567231385371968,0.074448746807364,0.028195,False,9.885980581816021,Basic
user_2485,0.18202996770461186,0.07294229880074876,0.8069057141966223,0.016455062916762308,0.006232,False,2.1794483307475163,Basic
user_2486,0.1599036380528961,0.4104125975445646,0.6498679006814404,0.10098431909208036,0.038244,False,4.238392229548444,Basic
user_2487,0.19972185494860795,0.0805227499978211,0.9529812972115383,0.016875622892269633,0.006391,False,13.042078903564738,Basic
user_2488,0.07392131960211706,0.12659255139710973,0.6142338674073347,0.015235057764842217,0.00577,False,15.743163526277272,Basic
user_2489,0.2535863972283877,0.14087179768686234,0.8487175077644492,0.04209076791710565,0.01594,False,12.282670643651837,Basic
user_2490,0.19858518643488351,0.14580599597445534,0.8827239232744876,0.03280177429258073,0.012422,False,15.901496710092687,Basic
user_2491,0.12630715609900484,0.07956964306748802,0.7673115022378034,0.013097959952843985,0.00496,False,11.507491876309755,Basic
user_2492,0.10015827389986716,0.16843082538823953,0.4381860094741974,0.038499040082678335,0.01458,False,15.393955969772271,Basic
user_2493,0.04788557626571433,0.3850275316391544,0.875422983120564,0.021060979190864207,0.007976,False,18.674849217801977,Basic
user_2494,0.18552976993479312,0.29677721692967074,0.7869142621593277,0.06997078516249045,0.026499,False,1.5736699486208834,Basic
user_2495,0.15398728053489788,0.3711237580711389,0.6752898605108664,0.0846278636614394,0.03205,False,9.113342972464487,Basic
user_2496,0.396540953632738,0.6613330458551245,0.940409486809526,0.27886324026987463,0.105609,False,3.6079606607017274,Basic
user_2497,0.08982440613145139,0.3050644572295083,0.6201755412513934,0.04418464108913706,0.016733,False,8.839342404677783,Basic
user_2498,0.12645090848327176,0.3118551852703429,0.7549698615391447,0.05223304068358395,0.019781,False,9.492148151805244,Basic
user_2499,0.04059625379320361,0.36600905393615385,0.7805206879045565,0.019036774648591232,0.007209,False,11.816504247909268,Basic
user_2500,0.22203549855576243,0.025480486078664027,0.7690088952453572,0.0073569661741224035,0.002786,False,8.346661752680639,Basic
user_2501,0.1340331092085052,0.0685018028603631,0.9571278786982128,0.009592772113429909,0.003633,False,6.169536127481825,Basic
user_2502,0.23748876831826454,0.11436045416773664,0.6750616116909486,0.04023236240108849,0.015236,False,0.8201976124566626,Basic
user_2503,0.16395116284754077,0.027912651923109127,0.6623893865804792,0.006908793881159768,0.002616,False,0.6610771403566073,Basic
user_2504,0.2713961378412014,0.16826350969604134,0.8006977167108591,0.05703284237989365,0.021599,False,3.3251586841236445,Basic
user_2505,0.304275366204844,0.11723773397730304,0.6735259125589739,0.05296389310908135,0.020058,False,8.530741784712168,Basic
user_2506,0.10891573509602712,0.1914258322882713,0.6392263808033699,0.03261643428082992,0.012352,False,7.932804688901322,Basic
user_2507,0.18944778017392008,0.2559607683259435,0.7714887423681037,0.06285405957074124,0.023804,False,3.623214385473732,Basic
user_2508,0.09841113011965096,0.07528209658194966,0.8339581132457448,0.00888365504782045,0.003364,False,15.624451863814153,Basic
user_2509,0.4277306363661954,0.2926076871195837,0.5047102804841594,0.24797844834315447,0.093912,False,12.98637102157457,Basic
user_2510,0.22129628962485873,0.30847455636324556,0.6397158673509291,0.10671030413790385,0.040412,False,6.52013465009812,Basic
user_2511,0.11310275993854162,0.18887301344698354,0.8958266924789858,0.02384619623205102,0.009031,False,15.14238348820834,Basic
user_2512,0.17007091756222822,0.3744418758192866,0.7792389602609352,0.0817229074031201,0.030949,False,18.795672205288433,Basic
user_2513,0.12747870611758927,0.08639849672503937,0.6331611075510623,0.017395207067617546,0.006588,False,4.655806051787828,Basic
user_2514,0.35651762389836544,0.15015904606664354,0.767880742270218,0.0697170059926912,0.026403,False,6.889208210904029,Basic
user_2515,0.05846766519352459,0.14933703816238464,0.7491028071189686,0.011655793924804017,0.004414,False,18.86506679013202,Basic
user_2516,0.2126917974434201,0.38070473029476637,0.6169423020786806,0.131248535087937,0.049705,False,2.61976885480312,Basic
user_2517,0.2557196121581482,0.08735263656052972,0.6053879954354959,0.036898290865812894,0.013974,False,1.4665675031972627,Basic
user_2518,0.3254980010102135,0.26726178813692303,0.716761109151506,0.12136983532486188,0.045964,False,9.898832045850426,Basic
user_2519,0.045310152030387005,0.4037247912223452,0.8910038769874342,0.020530585939278354,0.007775,False,8.900152953535018,Basic
user_2520,0.3085421639968174,0.5838437061895101,0.8218123575169693,0.21919894352515112,0.083013,False,1.4874861926035652,Basic
user_2521,0.16502942145162697,0.14470173347104345,0.8539705297956598,0.027963545022435265,0.01059,False,5.51068443740435,Basic
user_2522,0.05273316549934435,0.233313426378906,0.7305286911184523,0.01684171433105699,0.006378,False,7.959796601834997,Basic
user_2523,0.13335119608553933,0.2656810148801521,0.5890065245317982,0.060150235414880515,0.02278,False,15.621982809709092,Basic
user_2524,0.18976722931601991,0.6104701303961327,0.6554234302512182,0.17675173007022382,0.066938,False,13.449004728924443,Basic
user_2525,0.27240487985816425,0.2619102995974677,0.9032558230548208,0.07898719485048242,0.029913,False,17.376006130730936,Basic
user_2526,0.19010009601761604,0.22435575802924654,0.8504457590189497,0.05015023085383446,0.018992,False,6.317498802393001,Basic
user_2527,0.25843461131224815,0.22527256802745785,0.7514784529615153,0.07747158727978795,0.029339,False,5.878190027509508,Basic
user_2528,0.2126937072687379,0.03380076552584143,0.5447870328700699,0.013196367928102228,0.004998,False,8.800452314777951,Basic
user_2529,0.40069202004044535,0.29378972162123723,0.5632778432432313,0.20898957492404124,0.079147,False,0.14303460123534661,Basic
user_2530,0.1869202395841771,0.2425845849893219,0.7971018192931071,0.0568860434741506,0.021543,False,3.9390816735568563,Basic
user_2531,0.38174323779819386,0.0586148274581896,0.49250237100278293,0.04543290618340057,0.017206,False,4.017951094106035,Basic
user_2532,0.09248373643084692,0.39920592976931973,0.6910442144103741,0.05342647434204856,0.020233,False,1.1607106290796458,Basic
user_2533,0.13895618960754155,0.02711179813881451,0.33476957862568973,0.011253567836851828,0.004262,False,8.647483104749945,Basic
user_2534,0.13810900168136828,0.12362049998165565,0.9097502908481867,0.018766802288021602,0.007107,False,17.20488390082816,Basic
user_2535,0.36639027982183153,0.3277133276114968,0.7474076198365515,0.16064992464376782,0.06084,False,0.07657791415524862,Basic
user_2536,0.06001991274195623,0.09960987184858999,0.8562790277425514,0.006982041627658934,0.002644,False,11.939878667532883,Basic
user_2537,0.19566670940679312,0.14130907445588856,0.5633815200908499,0.04907772197363615,0.018586,False,16.70732163908965,Basic
user_2538,0.004561971268809716,0.2891264905727918,0.7027759776483503,0.0018768238884010976,0.000711,False,2.042900949778294,Basic
user_2539,0.1847958842240894,0.18537797025137234,0.5838589528959297,0.05867356449422378,0.02222,False,17.42790737942982,Basic
user_2540,0.10586295648070233,0.31689370490559576,0.45245632471446323,0.07414484594198278,0.02808,False,15.551911225830507,Basic
user_2541,0.02655600491581057,0.1831644842009961,0.5322205125557947,0.009139288749855609,0.003461,False,4.076855553363532,Basic
user_2542,0.2416775115607723,0.12569020629484515,0.7115860841375223,0.04268843497932666,0.016167,False,17.201527936289022,Basic
user_2543,0.3023558714202172,0.025599179124408858,0.7469588902219403,0.010362099190630298,0.003924,False,15.276299938727993,Basic
user_2544,0.24172848043798903,0.033005537557249734,0.7099994572010392,0.011237161322918934,0.004256,False,2.116392765773866,Basic
user_2545,0.059244469340147626,0.12614298370787316,0.908149081154212,0.008229127007712958,0.003116,False,15.78138949975103,Basic
user_2546,0.2876897089704243,0.06139866255250471,0.7859791241018351,0.02247357826594739,0.008511,False,10.301475835288176,Basic
user_2547,0.23176357489216273,0.1750013743868662,0.781249475322341,0.05191548336363027,0.019661,False,15.503238261523684,Basic
user_2548,0.11065598619382945,0.13252038284138914,0.6171065451376746,0.023762790671465358,0.008999,False,11.735634940461624,Basic
user_2549,0.3654108044702536,0.14325065743465032,0.3885527008196854,0.1347187598069999,0.05102,False,7.4452831611476915,Basic
user_2550,0.12746339782665678,0.3492953282381636,0.7138875417798368,0.06236608257823391,0.023619,False,11.421668921117426,Basic
user_2551,0.12499427300592102,0.20557282622132617,0.6564255718665852,0.039144462166884705,0.014824,False,12.08743407260743,Basic
user_2552,0.21271284538802793,0.014561456405863052,0.8567359123337979,0.003615360089957402,0.001369,False,14.557916804151379,Basic
user_2553,0.24306763294311717,0.26786539782604146,0.8365341036693366,0.07783234169575304,0.029476,False,15.782953412217422,Basic
user_2554,0.2005906520542867,0.1943339075186622,0.8119545594802262,0.04800954039888636,0.018182,False,12.601002708682895,Basic
user_2555,0.33782684527824897,0.1638115168678536,0.8912911317488402,0.06208962031870196,0.023514,False,18.803315972292324,Basic
user_2556,0.04183874953313977,0.20119732464315707,0.7962733849196235,0.01057155071600511,0.004004,False,14.79246783809735,Basic
user_2557,0.4995587096970076,0.07333391539035876,0.7437713532851951,0.049255185733658946,0.018654,False,17.3045349779363,Basic
user_2558,0.5498751912972082,0.17897693754101737,0.7912925884869896,0.1243724245621107,0.047101,False,6.0703923339283445,Basic
user_2559,0.23288787523285379,0.11149352582785714,0.6928727086491533,0.03747512350846103,0.014192,False,6.008321210139205,Basic
user_2560,0.22356249917663717,0.05318740932475941,0.7997966344384078,0.014867167028932645,0.00563,False,6.884366448110994,Basic
user_2561,0.1190244473792439,0.06962071932294873,0.795863180372839,0.010412050523153242,0.003943,False,8.354609497454662,Basic
user_2562,0.08308984810001384,0.09867349859877747,0.8367216617483453,0.009798677845793876,0.003711,False,18.26660256551403,Basic
user_2563,0.3044546593704463,0.04694435405700383,0.4055262683465323,0.0352441467776324,0.013347,False,1.3970931675040377,Basic
user_2564,0.10723280164751912,0.24997297629860316,0.7627935287600879,0.03514096747548426,0.013308,False,9.470428014178625,Basic
user_2565,0.0975954111983805,0.16185488742587514,0.9776641226268028,0.016157179063044827,0.006119,False,3.0620499109096695,Basic
user_2566,0.5228871473027674,0.10081705088253863,0.5963828894810969,0.08839277763538096,0.033475,False,15.40697394296489,Basic
user_2567,0.07228830122091923,0.03406764637589046,0.8116640087159771,0.0030341277384025147,0.001149,False,0.5917410922082977,Basic
user_2568,0.10645605283072303,0.06562770075165927,0.7799390030119805,0.008957708168712013,0.003392,False,8.647740886145526,Basic
user_2569,0.21193306925364172,0.1330427218181653,0.8407178239468592,0.03353818793137001,0.012701,False,7.500079435598778,Basic
user_2570,0.16949627532907088,0.17000389224956386,0.9077942405779721,0.03174180363757309,0.012021,False,1.7514388100150446,Basic
user_2571,0.326435106103234,0.11214580387636845,0.5872625238848053,0.062337244245123546,0.023608,False,7.157660054971471,Basic
user_2572,0.1537271073577861,0.04432360518129297,0.7055060787317348,0.009657946001595884,0.003658,False,15.371579462487285,Basic
user_2573,0.13259283631375676,0.16302732798793657,0.6256649167311703,0.034549253500594596,0.013084,False,2.612018414111767,Basic
user_2574,0.02531027047942452,0.19547822697348238,0.7610178337580923,0.0065013020432184675,0.002462,False,18.68660936973863,Basic
user_2575,0.272914919049275,0.3091907833122507,0.9083636269005105,0.09289537262337667,0.035181,False,1.1106325574740907,Basic
user_2576,0.43013908985602756,0.22715043593776374,0.7696637474702377,0.12694671159427035,0.048076,False,5.492952689989416,Basic
user_2577,0.23809594133897652,0.18577831099081116,0.7837239326534464,0.056439595618782326,0.021374,False,14.723083169756881,Basic
user_2578,0.28430306011364304,0.2333251981394028,0.6080192261579097,0.10910028002210954,0.041318,False,6.7929043740453565,Basic
user_2579,0.03047073836213397,0.27244861515794433,0.7080726494092814,0.011724376695709481,0.00444,False,9.126716298687159,Basic
user_2580,0.20128361013676127,0.23222315412796748,0.9089057357543654,0.051427461596364264,0.019476,False,3.5465117171747886,Basic
user_2581,0.10291405838044212,0.34962571009334886,0.7120745139907885,0.05053038696497415,0.019136,False,13.594421760969261,Basic
user_2582,0.41830969706445054,0.06048697593237706,0.6742511064202075,0.03752650657550192,0.014212,False,3.4112906452991534,Basic
user_2583,0.6143333660288695,0.06493571390304309,0.6675063038502983,0.059762994697486395,0.022633,False,16.125890844606204,Basic
user_2584,0.07027428667732971,0.39033233312958254,0.8613390463537524,0.03184614280973116,0.012061,False,10.250491360624816,Basic
user_2585,0.17463229825986934,0.21748407652880655,0.6484330152842608,0.05857157674567387,0.022182,False,10.414979750536626,Basic
user_2586,0.3468591858594237,0.2988103386143791,0.8864695722768416,0.11691897163707071,0.044279,False,17.736720252599138,Basic
user_2587,0.023661587251832913,0.11821495079650886,0.5512775163747351,0.005073947856856442,0.001922,False,14.686992043836756,Basic
user_2588,0.0834128049919028,0.09534637361765956,0.7424886329519623,0.01071142118046337,0.004057,False,14.11965024289056,Basic
user_2589,0.4275305218484161,0.35013713779412536,0.7626571033282707,0.1962799698401291,0.074334,False,16.302763158007657,Basic
user_2590,0.39418859795946315,0.055055856288919444,0.6931819243495607,0.03130836226052928,0.011857,False,1.7445283922970332,Basic
user_2591,0.055325736811658206,0.4457563099973758,0.6944170866146876,0.03551438575522102,0.01345,False,13.794842895995695,Basic
user_2592,0.2129543215155546,0.12137545664262936,0.7891335100498947,0.03275418885245095,0.012404,False,4.430950348947061,Basic
user_2593,0.16862120992003304,0.06487099118377285,0.4568966464431304,0.02394113659462173,0.009067,False,5.337980473846675,Basic
user_2594,0.10648909196097674,0.29996654189218086,0.7327510055389003,0.043593477761630764,0.016509,False,0.28777660739740607,Basic
user_2595,0.3087313703049247,0.4191276199634242,0.4235523698337565,0.3055061278366547,0.115699,False,16.98070020166601,Basic
user_2596,0.08053038844554512,0.09478880864513578,0.739826311258276,0.010317799548789485,0.003907,False,14.043145710052327,Basic
user_2597,0.062056982007687604,0.06125493869072955,0.7415704438598243,0.005126008809664956,0.001941,False,2.646455491574752,Basic
user_2598,0.1723337192154893,0.124115076090376,0.6986756357669297,0.03061393811148031,0.011594,False,6.230540862999798,Basic
user_2599,0.24444826048230794,0.22946495295356298,0.8009870855345456,0.07002897999749824,0.026521,False,9.118724474209682,Basic
user_2600,0.3462598702003154,0.16324402845555497,0.8007100764443793,0.07059341173149769,0.026735,False,9.384304862611113,Basic
user_2601,0.09535265977117682,0.29265599174352064,0.43114752443317705,0.06472384886681935,0.024512,False,11.317424874129092,Basic
user_2602,0.11707766146176023,0.20248130594394587,0.446445003151444,0.053099570209768444,0.020109,False,8.971490484842223,Basic
user_2603,0.14736097797264136,0.3801635588088302,0.7470468087559096,0.07499031273411595,0.0284,False,12.324260997706173,Basic
user_2604,0.13800178304421218,0.03619658772549362,0.7682394341144944,0.006502131268478867,0.002462,False,16.793545123609253,Basic
user_2605,0.2494880408749527,0.18143726387218628,0.46080550882977,0.09823326031873858,0.037202,False,7.563378549192352,Basic
user_2606,0.2188873484087123,0.07707789881567591,0.6545521813582716,0.02577544980091314,0.009761,False,16.65750746842631,Basic
user_2607,0.05292807283430516,0.27211369801534857,0.470412238167084,0.030616664404578976,0.011595,False,4.172594104037588,Basic
user_2608,0.2043844156841957,0.14290298871164608,0.7905471173758227,0.03694548143355009,0.013992,False,2.3062451761831415,Basic
user_2609,0.065958816703275,0.2348088047173404,0.7902044042170621,0.01959962615750217,0.007423,False,4.548624635619642,Basic
user_2610,0.32686756708939446,0.050704164047312934,0.7122493524984064,0.02326930405104693,0.008812,False,3.9252604455380213,Basic
user_2611,0.027638878304466975,0.1719932971659104,0.431793159413313,0.011009210558156094,0.004169,False,18.7165025855419,Basic
user_2612,0.39213411689642846,0.16155173317073043,0.8250758443019592,0.07678075495421625,0.029078,False,7.240020802453165,Basic
user_2613,0.05769275268859953,0.11236436613522392,0.7159863748384997,0.009054096298847812,0.003429,False,12.377992109759,Basic
user_2614,0.20955532439159394,0.13297815667355609,0.6442899768351014,0.043251147403547616,0.01638,False,13.225000406779653,Basic
user_2615,0.25802535213083855,0.25263053543206454,0.49577059698102377,0.13148234941887,0.049794,False,8.458963831894277,Basic
user_2616,0.06964431634701386,0.34448644228903547,0.9466439514572714,0.0253437659714639,0.009598,False,4.247862960976697,Basic
user_2617,0.3075347306888253,0.3324586896005588,0.8483448999674108,0.1205200780665921,0.045642,False,8.323862256285583,Basic
user_2618,0.2664685110839198,0.33566116721972256,0.4353071415518188,0.20547131650281644,0.077814,False,9.001456839822339,Basic
user_2619,0.07902306013767774,0.05521022649747063,0.6627664899237753,0.006582832890700622,0.002493,False,18.12614610849043,Basic
user_2620,0.3457683163462318,0.2618084055501695,0.8945583709928145,0.1011952428458139,0.038324,False,10.80385039568607,Basic
user_2621,0.17012333914492223,0.278727677458714,0.7200356405242793,0.06585518901100339,0.02494,False,18.42757950147998,Basic
user_2622,0.042220544040861736,0.08333974613941522,0.8391069919644878,0.004193326305142183,0.001588,False,10.957540331467682,Basic
user_2623,0.13218815296591627,0.19539938399381382,0.8767682901061805,0.02945987435025964,0.011157,False,2.754962296544209,Basic
user_2624,0.15297722023660407,0.031733424847091476,0.7397079851331323,0.006562712880301714,0.002485,False,7.303156126275093,Basic
user_2625,0.08981192139206662,0.47619954906131307,0.630253039232124,0.06785908802492978,0.025699,False,15.053953192811212,Basic
user_2626,0.05072874410929418,0.1575574764485033,0.7788522099468062,0.010262143193775042,0.003886,False,8.010823089626095,Basic
user_2627,0.1387966588350593,0.22041383004733317,0.7450151037000933,0.041063198611237244,0.015551,False,1.894943051990739,Basic
user_2628,0.24636112284692083,0.218517884709373,0.758386197140484,0.0709853523733935,0.026883,False,1.8254470511734777,Basic
user_2629,0.2752209487030713,0.17228522794885884,0.8327378393938328,0.05694049392318389,0.021564,False,4.504230365103811,Basic
user_2630,0.08509760128930774,0.12212661207677188,0.5933901005492304,0.017514080082737856,0.006633,False,10.730663889453,Basic
user_2631,0.06420937363404143,0.19253237381961438,0.8002779681869098,0.015447611478347292,0.00585,False,15.772944564893878,Basic
user_2632,0.14855428936938084,0.04904264518441931,0.670768459973095,0.0108614160308884,0.004113,False,10.140542227901745,Basic
user_2633,0.17528158410401795,0.15372740069840002,0.6503583354270985,0.04143190122551926,0.015691,False,14.175527346783113,Basic
user_2634,0.049429712327925236,0.24339437748205983,0.8287921962509746,0.014516200943486518,0.005497,False,12.26626896755486,Basic
user_2635,0.14156637048980866,0.5912582362191138,0.377358044316943,0.22181131099313292,0.084003,False,9.957884517718572,Basic
user_2636,0.15790361685282883,0.09743875626233062,0.7085725943934461,0.021713981259229943,0.008223,False,4.0813506185479085,Basic
user_2637,0.19457470490824602,0.1630454662568619,0.8886441684874843,0.03569991747940346,0.01352,False,16.7802022540842,Basic
user_2638,0.1574633052510146,0.32111828460650477,0.669868308168717,0.07548401059442389,0.028587,False,5.238592545792104,Basic
user_2639,0.4705702002845227,0.16509666751693872,0.7642246144187012,0.10165803408314296,0.038499,False,4.803578669153236,Basic
user_2640,0.2626323261743249,0.11966941114763811,0.7439900366607217,0.04224392031199785,0.015998,False,4.898154865580455,Basic
user_2641,0.5356771058878887,0.19421257874336076,0.9451645595597546,0.11007102525799893,0.041685,False,1.8180235188009468,Basic
user_2642,0.06989623341547234,0.08070352545597088,0.9037720287109533,0.0062414771352988325,0.002364,False,9.474426777187958,Basic
user_2643,0.041006858955324285,0.37590743690169953,0.8732929447657963,0.017651331477800344,0.006685,False,6.223075466480736,Basic
user_2644,0.17969621181905412,0.4395682131544206,0.6804181159340364,0.11608853569615642,0.043964,False,9.916897640169656,Basic
user_2645,0.08255959758187285,0.3359754280516503,0.8020863019177602,0.03458230875034413,0.013097,False,8.609192241646126,Basic
user_2646,0.24285472760638516,0.14487969251204716,0.5866581864993949,0.05997481850659616,0.022713,False,9.876044310516997,Basic
user_2647,0.12063948432050618,0.2570356741133249,0.7702497941374472,0.04025791556585844,0.015246,False,5.655413685866864,Basic
user_2648,0.05655400679887575,0.13652599721106418,0.5849379824431035,0.013199847515884027,0.004999,False,15.487624147495813,Basic
user_2649,0.24633321101883127,0.2093435953594425,0.6757173650137629,0.07631634574030526,0.028902,False,10.149667017410755,Basic
user_2650,0.4877819235938323,0.167145221410434,0.6584556884634243,0.12382065953345824,0.046892,False,3.96025871021996,Basic
user_2651,0.16750706888457736,0.08310606532291785,0.5738779436725582,0.024257516014093605,0.009187,False,17.134270304766115,Basic
user_2652,0.14623808707605698,0.09585129860125172,0.5566957261035066,0.02517912370068525,0.009536,False,2.079646915839461,Basic
user_2653,0.2461439709062371,0.09233743169874536,0.5769644014072669,0.03939290196444756,0.014919,False,13.93525513713103,Basic
user_2654,0.24370585633529457,0.11960415261379269,0.5734832723860716,0.05082664802536539,0.019249,False,12.890519690644696,Basic
user_2655,0.4295241132722068,0.10603831640861817,0.8750862894822289,0.05204745449187427,0.019711,False,1.3843195288346353,Basic
user_2656,0.14476943310290247,0.37484812260302774,0.7064116122600178,0.07682001437563152,0.029093,False,17.128644691563544,Basic
user_2657,0.3741745211835522,0.17417243364975865,0.8085289742331574,0.08060426903820392,0.030526,False,6.0099360138536975,Basic
user_2658,0.32106258029099183,0.0863400187798343,0.8079800018511717,0.034308459551369394,0.012993,False,14.077005296677434,Basic
user_2659,0.06818415200767754,0.2144722755618828,0.8405420522937599,0.017397832979846123,0.006589,False,5.263030131166008,Basic
user_2660,0.09441959446191976,0.0462274864644382,0.8263983664436415,0.005281690649692018,0.002,False,9.988143119803377,Basic
user_2661,0.12155379832621313,0.12673770545952648,0.7152810493717784,0.02153761728104593,0.008157,False,18.474338662429613,Basic
user_2662,0.4854188325423699,0.352103463321853,0.8093520398063158,0.21117837936223768,0.079976,False,11.604751787495427,Basic
user_2663,0.11124524406970565,0.15296625851473172,0.5203327364138538,0.032703628989751855,0.012385,False,5.630132467749234,Basic
user_2664,0.3070328189490214,0.15780212985631567,0.6991175956571835,0.06930226483628957,0.026246,False,8.709165781747119,Basic
user_2665,0.0639954846863898,0.10427539399014382,0.7041910320196291,0.009476341043601219,0.003589,False,12.844781870548303,Basic
user_2666,0.21164493055142608,0.2689313312757408,0.5580467024395964,0.1019949632927319,0.038627,False,8.458589014805094,Basic
user_2667,0.14531482722728045,0.2050973819941741,0.6693361865046404,0.044527236432396776,0.016863,False,17.30422268494204,Basic
user_2668,0.4420578463527536,0.3045010536770328,0.566587804643596,0.23757496878226314,0.089972,False,16.48175399153331,Basic
user_2669,0.05818901391348288,0.39405875273942187,0.8437304781069473,0.027176795008438042,0.010292,False,2.789393362249948,Basic
user_2670,0.07405853284888039,0.04779988144842512,0.6537831220130039,0.005414622940281975,0.002051,False,14.913876987204489,Basic
user_2671,0.0703763001048889,0.07928559311763514,0.5716464739480612,0.009760974570006317,0.003697,False,17.905883327216646,Basic
user_2672,0.09571656518655716,0.19109111183190142,0.6241117657130044,0.029306585562177554,0.011099,False,6.021256263124804,Basic
user_2673,0.14538804163238844,0.05707609708229615,0.9511990193523874,0.008723917718570439,0.003304,False,4.526174565135342,Basic
user_2674,0.21011977420397218,0.2087179841993953,0.6691299099281907,0.0655414965936759,0.024821,False,0.1821861798307095,Basic
user_2675,0.2733682459285847,0.20718037566922637,0.8365109549742081,0.06770567145682856,0.025641,False,2.1974912753494347,Basic
user_2676,0.1014001746595255,0.07595346095633418,0.7377934918943279,0.010438821013713726,0.003953,False,18.257348348206843,Basic
user_2677,0.17410239306478545,0.2027297894771927,0.8557343901402416,0.04124614120944115,0.01562,False,7.431310927013209,Basic
user_2678,0.4246029113166795,0.2566758997330596,0.5836380910656599,0.18673444375861384,0.070719,False,7.359489249714335,Basic
user_2679,0.4481665878944514,0.13068555396179143,0.7186246771124926,0.08150137432169473,0.030866,False,5.066899441900663,Basic
user_2680,0.04532094012827483,0.11936528272986127,0.6771225815659869,0.007989316822787796,0.003026,False,3.1171193029977196,Basic
user_2681,0.06263712046584571,0.013672866913966299,0.7107842749521244,0.0012049070895121714,0.000456,False,9.667013628017003,Basic
user_2682,0.07863962231120765,0.26053672255377075,0.9533097053414115,0.021491976159511372,0.008139,False,13.740565475100638,Basic
user_2683,0.2343095995095113,0.03616241359195518,0.7005225648299008,0.012095542772538336,0.004581,False,10.465111338422254,Basic
user_2684,0.16407647578303594,0.29581983439175485,0.5290788265568526,0.09173883636506644,0.034743,False,0.673554502085705,Basic
user_2685,0.09317721433265087,0.10606333545144828,0.5779324271539779,0.017100072042786435,0.006476,False,15.265923178309675,Basic
user_2686,0.17572389412558623,0.23729845471814376,0.8115995792497955,0.05137879515856934,0.019458,False,17.700288882191547,Basic
user_2687,0.43156596765156524,0.18866967428041906,0.8741758900789677,0.09314305218367369,0.035274,False,8.367158075340997,Basic
user_2688,0.04660622292186775,0.21916947326864183,0.7983217624882004,0.012795168325350062,0.004846,False,6.9628265031935515,Basic
user_2689,0.17858567683957915,0.08978990309257529,0.7956072378578695,0.020154656536712365,0.007633,False,4.367226200563972,Basic
user_2690,0.12203978705463633,0.13847832656600365,0.8487021720088508,0.019912598368631525,0.007541,False,5.735535696908317,Basic
user_2691,0.341204208951905,0.06627312971353812,0.7462510072467108,0.03030169551409263,0.011476,False,12.244502644207087,Basic
user_2692,0.04761934147695498,0.02515828247940512,0.6983159829333054,0.001715585599699651,0.00065,False,14.632776429394614,Basic
user_2693,0.1474356711271247,0.19314053390096134,0.6249307146504725,0.04556633810752301,0.017257,False,6.312098990599452,Basic
user_2694,0.33094481862230307,0.26957623369542777,0.8881806286257496,0.10044675023283936,0.03804,False,6.453779844181112,Basic
user_2695,0.13659108861549357,0.1611918415926034,0.45814524526594913,0.04805761785498617,0.0182,False,8.570925074345404,Basic
user_2696,0.205382986943132,0.19221805799667446,0.5830996289558505,0.06770424286919635,0.02564,False,3.2338527538741957,Basic
user_2697,0.04763771954291084,0.20032029060780315,0.7469395594776134,0.012775868812468396,0.004838,False,17.61695557536435,Basic
user_2698,0.16797187052300647,0.0695511063664721,0.8191014687159582,0.01426273774314537,0.005401,False,13.403665300615577,Basic
user_2699,0.20614267123056984,0.2409907066139748,0.6880731977252292,0.07219939414496072,0.027343,False,8.238085137214568,Basic
user_2700,0.28259317553250807,0.3810607634019897,0.6740161945193791,0.15976644489587835,0.060505,False,2.323177725889939,Basic
user_2701,0.06647180028916048,0.08587080028555752,0.8523210401079432,0.006696991413621644,0.002536,False,16.12768541626869,Basic
user_2702,0.16499597773806293,0.08848483726017362,0.7205649034100277,0.020261384046938516,0.007673,False,9.190572554559276,Basic
user_2703,0.22781368677708339,0.3046687665342288,0.512347836704999,0.1354699092639146,0.051304,False,15.140774796994577,Basic
user_2704,0.18278521583838533,0.039212512437703434,0.6382681643173421,0.011229555146553386,0.004253,False,0.6344876577661294,Basic
user_2705,0.13051753679297765,0.33978678798213763,0.46194536599125463,0.09600298621258585,0.036357,False,5.199427829357141,Basic
user_2706,0.08058263708662737,0.06946766725383711,0.6474673410499214,0.008645822676543206,0.003274,False,11.819812157136678,Basic
user_2707,0.17372529938332043,0.19316945733707233,0.6655623525122744,0.050421153902297296,0.019095,False,9.270543103325709,Basic
user_2708,0.2248742212479348,0.10348846205900453,0.719075047854528,0.03236364185226615,0.012256,False,5.606367581555986,Basic
user_2709,0.2651336745512983,0.3249525805182696,0.7325573721905745,0.11760972587048382,0.04454,False,3.821474512040551,Basic
user_2710,0.08258480190216386,0.16993536711807658,0.6233205288666763,0.022515027148447456,0.008527,False,5.734453253859169,Basic
user_2711,0.28650046828623554,0.1750588202724105,0.5599983904250544,0.08956174668218767,0.033918,False,14.10444861665926,Basic
user_2712,0.05134033641494549,0.45296155048027226,0.7323887267451917,0.03175253459735911,0.012025,False,3.4904396595248044,Basic
user_2713,0.06961064371567706,0.22277693489404862,0.6628480378841615,0.02339547672567796,0.00886,False,11.282450945201942,Basic
user_2714,0.29551689533025105,0.1404868475662292,0.5780720161201183,0.07181845145550096,0.027198,False,8.049935835220545,Basic
user_2715,0.17652507890099134,0.13927822578952798,0.4765200874000667,0.051595096296633204,0.01954,False,14.497720173354091,Basic
user_2716,0.2640687071583846,0.27608508209403065,0.7601517996425494,0.09590904175793558,0.036322,False,3.8307519297594737,Basic
user_2717,0.3495559215222405,0.08892014409440366,0.4930008118956184,0.06304769112102537,0.023877,False,5.131701948499212,Basic
user_2718,0.2388998297117029,0.09711675780977833,0.7529358021952303,0.030814283017575054,0.01167,False,7.575063106268118,Basic
user_2719,0.09186299463563227,0.1135464317533818,0.8760210641143928,0.011906922879304225,0.004509,False,3.16493656541521,Basic
user_2720,0.18541770025693569,0.18659949119855598,0.6513509619381512,0.053118595886000826,0.020117,False,8.76270067075014,Basic
user_2721,0.5619046696561298,0.12186051148422014,0.8408303033852023,0.08143615920357516,0.030841,False,7.904965354853001,Basic
user_2722,0.08163402717361005,0.05756228789646274,0.7918224923840268,0.00593446311453857,0.002247,False,18.811625341333514,Basic
user_2723,0.3284855735693625,0.04999510683771109,0.752397317635854,0.02182712638695948,0.008266,False,11.283410476283656,Basic
user_2724,0.18072422689831666,0.4079908623160677,0.8087450733116658,0.0911706736854941,0.034527,False,1.319778477035796,Basic
user_2725,0.517237889979531,0.21123880742109888,0.7031511782904429,0.15538723165895138,0.058847,False,8.738891302823639,Basic
user_2726,0.18828561876682812,0.40409608712719713,0.6918084912386475,0.10998055497955982,0.041651,False,16.69152908411995,Basic
user_2727,0.176839632984609,0.24186339368149504,0.521474297316416,0.08201944753778595,0.031062,False,16.468584160394876,Basic
user_2728,0.16647400028979778,0.05633400529025341,0.8774843457750032,0.010687537912408271,0.004047,False,18.27429917754739,Basic
user_2729,0.36324930077375706,0.1337659860124758,0.5966205103814075,0.0814427262235439,0.030843,False,16.990386470211583,Basic
user_2730,0.16779224893225814,0.2469482354530146,0.8082502215576488,0.051266301810173616,0.019415,False,3.3496943287727543,Basic
user_2731,0.14782255467488722,0.21725625464097392,0.8620090502461925,0.03725642389828081,0.014109,False,0.06783521536833659,Basic
user_2732,0.3399610133777527,0.1948048666782189,0.785067678026505,0.08435713472922958,0.031947,False,11.708801095486248,Basic
user_2733,0.15341338536439264,0.39853488873447296,0.5216314307305288,0.11721031913462641,0.044389,False,13.346442969959044,Basic
user_2734,0.25442540439737854,0.3461265258374433,0.8203570260784976,0.10734762854389776,0.040654,False,2.493030850020446,Basic
user_2735,0.0886912675768321,0.14595068359144944,0.6457221845770827,0.020046625995835756,0.007592,False,3.1698706847655522,Basic
user_2736,0.11178919760693123,0.09905200593297539,0.8002352460699214,0.013837111423153687,0.00524,False,18.298454704385314,Basic
user_2737,0.2737873502988692,0.2249338269266634,0.8821634399293625,0.0698102343390776,0.026438,False,17.932831840159913,Basic
user_2738,0.09546367949127178,0.15616760871502944,0.7552616200103326,0.01973929847658081,0.007476,False,2.982459425293882,Basic
user_2739,0.07640428888127024,0.036344007797982934,0.5895591919077946,0.004710024216422557,0.001784,False,4.693159681066872,Basic
user_2740,0.23003569500370138,0.23398948742633646,0.8640168602549569,0.062297319461791546,0.023593,False,16.950159578416592,Basic
user_2741,0.5177540126773522,0.16725655293576688,0.9294036527486818,0.09317560908327095,0.035287,False,8.264873282033996,Basic
user_2742,0.12206827785237488,0.12321782563587882,0.7719661462315847,0.019483999200625234,0.007379,False,15.163379891365121,Basic
user_2743,0.19998504956062446,0.5229632566208702,0.5615142386480474,0.1862549969267355,0.070537,False,7.523734584426718,Basic
user_2744,0.2541146622217095,0.35932445701077936,0.8789904499875212,0.10388009678898066,0.039341,False,13.991275390853808,Basic
user_2745,0.10574998075277076,0.3132909944470996,0.5680392757375501,0.05832434137547984,0.022088,False,7.539690258014992,Basic
user_2746,0.07265147066087128,0.23590245367084592,0.7907644743308044,0.021673533331399143,0.008208,False,17.084402803566682,Basic
user_2747,0.1203799497693013,0.12728738634415598,0.9909665387233978,0.01546252933435537,0.005856,False,6.185880901734009,Basic
user_2748,0.13422830558661,0.1154541330270459,0.7023574809888048,0.022064565507829276,0.008356,False,9.939244507888448,Basic
user_2749,0.2754904491466034,0.10583716173594628,0.8081267276362752,0.03607989468226164,0.013664,False,9.913362246817002,Basic
user_2750,0.08135681450521347,0.07834893475884502,0.5129217112074287,0.012427276156533473,0.004706,False,12.328556193728264,Basic
user_2751,0.41085191840278545,0.49172204924689206,0.8639354745240552,0.23384263433022096,0.088559,False,5.827300846700313,Basic
user_2752,0.14564342801147437,0.6427201501328579,0.9659866804971252,0.09690399237101847,0.036699,False,12.21054963803468,Basic
user_2753,0.18253909024675913,0.09068293091244893,0.7491607314859468,0.02209563183702275,0.008368,False,2.6796805713441847,Basic
user_2754,0.18778843466363737,0.1722888988657361,0.7129234901010146,0.0453819562367542,0.017187,False,16.978656942930485,Basic
user_2755,0.20579467064285503,0.05217975469588795,0.6648426567229511,0.01615166434234985,0.006117,False,2.7392962636614913,Basic
user_2756,0.2574531139947986,0.5354345166069242,0.5914212801266733,0.23308137240382548,0.088271,False,15.965603760788698,Basic
user_2757,0.1997517656958967,0.06496479406629593,0.9176143496687621,0.014141923922067333,0.005356,False,13.169813318292343,Basic
user_2758,0.28788303717156566,0.11133996563117748,0.7853299830661585,0.040814546949216476,0.015457,False,6.480274377831973,Basic
user_2759,0.1981156164246973,0.2823079903130515,0.5099940986570187,0.10966719354158933,0.041532,False,6.221231520641123,Basic
user_2760,0.14213009955148204,0.07699545721061304,0.6669482053970619,0.016408128711945878,0.006214,False,18.3548564075624,Basic
user_2761,0.1993505555919382,0.2963247487933621,0.8871080939327636,0.06658997219348506,0.025218,False,3.7046933822500767,Basic
user_2762,0.12221164603475476,0.05690845092317684,0.654619033038114,0.01062430988040729,0.004024,False,13.736216543227611,Basic
user_2763,0.20834259820004086,0.06788023649832768,0.8296131257249315,0.017046915483812996,0.006456,False,3.4899637048710765,Basic
user_2764,0.08193287901381667,0.18274267972860167,0.5633982430652659,0.026575577849520717,0.010064,False,17.202552891790166,Basic
user_2765,0.2053945163806349,0.15516113695370873,0.7600566217808487,0.04193009543289724,0.015879,False,14.096841093127138,Basic
user_2766,0.12418215546453726,0.16148474139089022,0.7755237691483059,0.025858038216645843,0.009793,False,17.7213890817648,Basic
user_2767,0.2531069124209533,0.18767215682856736,0.6226854641817687,0.07628429262384952,0.02889,False,16.70304653974014,Basic
user_2768,0.11462311951531903,0.1390826794703085,0.2783369260854597,0.05727623285794703,0.021691,False,10.440478789024164,Basic
user_2769,0.2760671507138569,0.20763216909647125,0.9376953817118826,0.061129043010060266,0.02315,False,2.8923530764696865,Basic
user_2770,0.4221234361750448,0.31226083037474756,0.6320555834001357,0.20854592248291964,0.078979,False,4.207730766756945,Basic
user_2771,0.22549842978057305,0.1304697288358654,0.6754712210925854,0.04355584378383482,0.016495,False,3.8345396031975936,Basic
user_2772,0.2254082550442808,0.3473756149202469,0.47160826723686183,0.16603044654596907,0.062878,False,4.192149411771613,Basic
user_2773,0.09226104291133722,0.11282940055716512,0.7473455852336738,0.013928975258762289,0.005275,False,9.051868756538221,Basic
user_2774,0.18853251147329758,0.20456302506052448,0.8666511094126292,0.04450093059405917,0.016853,False,16.488076015108827,Basic
user_2775,0.12188551449862385,0.13351719956363284,0.4684713014815029,0.03473812058874086,0.013156,False,0.4391774963619043,Basic
user_2776,0.22522583497684287,0.18660717785759712,0.7257766852219701,0.05790866295573485,0.021931,False,4.531127725289446,Basic
user_2777,0.19702490117791435,0.026321318697089206,0.8003751493291029,0.00647940558813377,0.002454,False,11.339256640893574,Basic
user_2778,0.4150076565114522,0.025881095562613615,0.5396529358649707,0.019903260231825638,0.007538,False,16.441146143897562,Basic
user_2779,0.41852877175579395,0.5043552279194957,0.9011737352642505,0.23423582580096292,0.088708,False,5.65212734965492,Basic
user_2780,0.2262157364975818,0.08282882554638597,0.7521603898369337,0.02491115462523571,0.009434,False,7.26801602454934,Basic
user_2781,0.014546648990841673,0.3419438962237587,0.8993427656700607,0.005530858781325492,0.002095,False,7.0950827845756015,Basic
user_2782,0.18356482429446985,0.43413853538692876,0.8808813369475287,0.09046912521034271,0.034262,False,5.580179595668403,Basic
user_2783,0.17429764799243097,0.10586324345149252,0.38876150540637316,0.0474628122533831,0.017975,False,13.276489922665197,Basic
user_2784,0.11528303956665495,0.2202881012252064,0.5642404388530088,0.04500826268537725,0.017045,False,12.46047972656253,Basic
user_2785,0.35321610025224387,0.2030700099885636,0.783872162730154,0.09150420236448259,0.034654,False,16.022225190191715,Basic
user_2786,0.04928807568209413,0.2021736373060809,0.5152816179247892,0.01933845336186789,0.007324,False,17.43397022321494,Basic
user_2787,0.17401318251862544,0.1441862522909071,0.9529158858793705,0.02633003500977459,0.009971,False,17.10904016375143,Basic
user_2788,0.1655890083543942,0.2746283737020284,0.9004843340250589,0.05050108963476246,0.019125,False,10.26305591969559,Basic
user_2789,0.037178138199147934,0.18526347047033642,0.6771486805162016,0.010171696566179948,0.003852,False,3.5282517860657916,Basic
user_2790,0.22833285681746968,0.0971471047657208,0.47672776460549365,0.04652944009052884,0.017621,False,4.221078941240255,Basic
user_2791,0.16989711790950496,0.3024063749740791,0.60594602912699,0.08478968270421595,0.032111,False,11.214822170757653,Basic
user_2792,0.2567494885511202,0.15223770528890176,0.7583551680300619,0.051541750645223074,0.019519,False,17.449565514701217,Basic
user_2793,0.05168930588503403,0.5125530630153333,0.742118761765394,0.0356998278732186,0.01352,False,10.078197275729371,Basic
user_2794,0.22307782151698266,0.13126890217644896,0.4375584933373986,0.06692403684612759,0.025345,False,17.77884235056881,Basic
user_2795,0.28282519976561343,0.04145415481265697,0.4490781195056875,0.02610743901063273,0.009887,False,4.982750340459775,Basic
user_2796,0.3096556574294416,0.1822552464898197,0.760666272831121,0.07419333574725187,0.028098,False,1.6405887773462782,Basic
user_2797,0.03312530607682442,0.17679774158324227,0.7335736488712375,0.007983491927017382,0.003023,False,15.129517715597053,Basic
user_2798,0.08887854190904652,0.3416966781768447,0.8322223505802901,0.03649205348828555,0.01382,False,16.708288056852297,Basic
user_2799,0.12918616161226004,0.4496524883658065,0.6855951893658916,0.0847276642724207,0.032087,False,8.51354387514334,Basic
user_2800,0.3112025321357977,0.10457531874803204,0.6609075459965604,0.049241537928309716,0.018648,False,1.946440135881328,Basic
user_2801,0.20663450239554074,0.0884305981119731,0.904725807060479,0.02019707241111793,0.007649,False,0.8042185960452133,Basic
user_2802,0.15114588479136676,0.18223349119625637,0.7623835238689621,0.0361285906674606,0.013682,False,1.1886003963207914,Basic
user_2803,0.39749608394667985,0.17123374302586494,0.5476381399125007,0.12428780490560523,0.047069,False,8.343174732079726,Basic
user_2804,0.06300851286713265,0.08157076365827018,0.8888310322145896,0.005782485450286452,0.00219,False,4.461484827833118,Basic
user_2805,0.146789593098012,0.21596668541985933,0.726143148828564,0.043657592757915004,0.016534,False,8.776541493628402,Basic
user_2806,0.2551173300089592,0.15625576087500834,0.729447866743805,0.05464893973972139,0.020696,False,9.281300546917734,Basic
user_2807,0.22409212327241218,0.1465279214520393,0.88614041822724,0.03705479669076599,0.014033,False,8.703764189432157,Basic
user_2808,0.22753262434270533,0.3864549624769462,0.6875654500177797,0.12788762408054022,0.048433,False,11.77852573282225,Basic
user_2809,0.1414217889931623,0.18617359016477492,0.7060945736925848,0.03728820920785781,0.014121,False,12.908671920236477,Basic
user_2810,0.2033538638255467,0.4795960331295723,0.726300845598787,0.1342800397428951,0.050853,False,7.522962520003123,Basic
user_2811,0.038371850626615786,0.19135789237656287,0.8157613587419758,0.00900110845385114,0.003409,False,6.403602531193455,Basic
user_2812,0.10888332791045582,0.160091688375612,0.6695183406870991,0.026035606109387877,0.00986,False,6.999624404300735,Basic
user_2813,0.13590144327511855,0.06573796049932316,0.8264612023201982,0.010809804119951262,0.004094,False,1.333449071210692,Basic
user_2814,0.20952851993631588,0.092987823275903,0.9038764463158765,0.021555602054366126,0.008163,False,6.110984304998611,Basic
user_2815,0.0816402918162758,0.14925212726168818,0.9041030758455239,0.01347743144491425,0.005104,False,3.7983402773541592,Basic
user_2816,0.26872943999208854,0.37984454806130835,0.7588422275237982,0.13451467114270754,0.050942,False,5.525963269208717,Basic
user_2817,0.15536798988762063,0.054993604421131013,0.4060122974235341,0.021044302918423952,0.00797,False,13.573544913443982,Basic
user_2818,0.24223930887924522,0.3181386253216593,0.7795064683313027,0.09886470973189891,0.037441,False,18.782230258845765,Basic
user_2819,0.09338451036219295,0.05514189196199801,0.8233638898896289,0.006254098150948056,0.002369,False,17.54750637317646,Basic
user_2820,0.15577111096264878,0.3121343506802107,0.7296733262031136,0.06663463337500024,0.025235,False,15.610880976021171,Basic
user_2821,0.1429723285276021,0.10032923838922514,0.7304900020182479,0.01963655189294443,0.007437,False,14.006744267816309,Basic
user_2822,0.1457063496953963,0.24521811270002858,0.8018858202023925,0.04455726137132268,0.016874,False,17.953815334820128,Basic
user_2823,0.3732097843831938,0.17974753944011046,0.906188751894387,0.07402822016673144,0.028035,False,14.288795070264445,Basic
user_2824,0.2162101625797375,0.14063180939922149,0.8318784508482807,0.03655104461845692,0.013842,False,8.94813873882233,Basic
user_2825,0.17989943297391645,0.08569642597479794,0.6674891894917907,0.023096611426014657,0.008747,False,11.425876588623026,Basic
user_2826,0.18104668274220492,0.3056080222273695,0.4632145211328163,0.11944642518624074,0.045236,False,5.8099144507172165,Basic
user_2827,0.1373159329636104,0.09468092338270379,0.7887337870153678,0.016483634329080375,0.006243,False,0.06285841795248348,Basic
user_2828,0.26700221279933894,0.06604754951249933,0.6631472169370952,0.02659265004724287,0.010071,False,6.718644992301606,Basic
user_2829,0.06970642936723044,0.3482602051202154,0.7404273487284603,0.03278643803651869,0.012417,False,7.691767180437612,Basic
user_2830,0.36402597122891484,0.3014943786264075,0.7465524100932908,0.14701149244943346,0.055675,False,13.928750994177367,Basic
user_2831,0.09557524539005739,0.29548178935610964,0.8159297058661144,0.03461173716677677,0.013108,False,16.32518957643582,Basic
user_2832,0.1058175998404208,0.04089012003757793,0.7848245065707341,0.005513199859761544,0.002088,False,18.2904396395189,Basic
user_2833,0.3350984766703738,0.12760197322444938,0.603760863408167,0.07082146167321188,0.026821,False,6.68404331376883,Basic
user_2834,0.0445029428631186,0.04350166612101893,0.5883015562377317,0.003290747986823024,0.001246,False,18.19054179093712,Basic
user_2835,0.43541190680763553,0.18189056600796086,0.445789360520237,0.17765636686219455,0.067281,False,15.188325577177867,Basic
user_2836,0.1454018604115939,0.20671663177535518,0.901834285485832,0.03332872049986754,0.012622,False,0.5860431769786804,Basic
user_2837,0.34504006741705695,0.34171155502927353,0.7666622376064693,0.15378894668477017,0.058242,False,11.309956093699242,Basic
user_2838,0.2583491152756566,0.14891995783917863,0.5010331320836829,0.07678801438666942,0.029081,False,6.94719419572678,Basic
user_2839,0.20214763865836005,0.094550599906434,0.8794574566281806,0.02173292222468211,0.008231,False,0.6462129758434244,Basic
user_2840,0.38265602822265493,0.1924186865295767,0.7806975821107806,0.09431330649718832,0.035718,False,10.098558574421784,Basic
user_2841,0.1517794767361603,0.0833996294571287,0.9485845150885006,0.01334446421762605,0.005054,False,11.111524536841015,Basic
user_2842,0.2807996522178257,0.3176927792790748,0.7740317333678713,0.11525111708989984,0.043647,False,4.792384341800353,Basic
user_2843,0.2178943363423384,0.367426050831925,0.7433202474784976,0.1077060066270084,0.04079,False,17.857715268200337,Basic
user_2844,0.17997953489790977,0.14387351192577305,0.5654039340082987,0.04579785566216001,0.017344,False,11.598630506224362,Basic
user_2845,0.13275486151847143,0.18873652057930687,0.8989645324168758,0.027871723243209075,0.010555,False,3.343309414040321,Basic
user_2846,0.028211916886360537,0.2152904597464562,0.5369831135452781,0.01131088930654285,0.004284,False,13.703880321665824,Basic
user_2847,0.16584428477705754,0.11038292178851586,0.7000507333070654,0.026150071480017308,0.009903,False,9.483651519050355,Basic
user_2848,0.3102634307368292,0.26133724108867473,0.700875641959478,0.11568869589015907,0.043813,False,8.991446862987502,Basic
user_2849,0.150450676816584,0.06342763048824523,0.8319444146101266,0.011470393656408758,0.004344,False,15.856131992896998,Basic
user_2850,0.2295000742890187,0.1771952210995431,0.6788879634144013,0.05990136605379912,0.022685,False,2.6254161707066155,Basic
user_2851,0.08651262081562966,0.10865061176588443,0.6826736001320077,0.01376887750642555,0.005214,False,9.328748025271253,Basic
user_2852,0.03449009919727156,0.16751047616043305,0.6369073076088766,0.00907110480651519,0.003435,False,14.834498037709325,Basic
user_2853,0.15526398591035392,0.1785287004817009,0.57845669583786,0.047919019410839696,0.018147,False,12.54738033832499,Basic
user_2854,0.2866613776483182,0.275585690246881,0.8676584541418227,0.09104939074727293,0.034481,False,0.10285949159812224,Basic
user_2855,0.1925351927478707,0.16503790629288925,0.7970778620719647,0.039865120599645476,0.015097,False,14.961561250741246,Basic
user_2856,0.09624369648593985,0.41756185566307336,0.554913742489229,0.07242151964063624,0.027427,False,17.948766381879636,Basic
user_2857,0.04256454815871254,0.2265338584771811,0.3295757384121452,0.029256738906772686,0.01108,False,13.388707861993622,Basic
user_2858,0.31204651468725497,0.7565666446846319,0.7505543713075762,0.31454614565921074,0.119122,False,16.64211757299659,Basic
user_2859,0.18435339482180643,0.28198782876134104,0.6397318600028105,0.08126125456742933,0.030775,False,6.85542266026229,Basic
user_2860,0.20844672689257004,0.07121072646609002,0.7247356508755616,0.020481458078632945,0.007757,False,6.661459770038921,Basic
user_2861,0.25614830771542013,0.22346549620974063,0.7404889703173058,0.07730069046455039,0.029275,False,6.0964260710226705,Basic
user_2862,0.01097728934095635,0.2418735923094759,0.7067087736901763,0.0037570163348242852,0.001423,False,13.96441911206904,Basic
user_2863,0.1296786958417143,0.03581780933771876,0.7020139027090214,0.006616402873074975,0.002506,False,17.899253176436776,Basic
user_2864,0.0769668276396306,0.16586342893799574,0.6984756294365166,0.01827691820412915,0.006922,False,16.82261465494335,Basic
user_2865,0.06536971542507909,0.20828520996442293,0.6118139756062256,0.022254386865118592,0.008428,False,2.8540641137395397,Basic
user_2866,0.13595409524914773,0.12369578531545658,0.713735825237241,0.02356186698783947,0.008923,False,11.896046964706146,Basic
user_2867,0.18607147596424084,0.2514280967369942,0.5566720945793694,0.08404157045824776,0.031828,False,18.92320731101923,Basic
user_2868,0.2832925558853282,0.29040013928655095,0.6757357102625169,0.12174611529111273,0.046107,False,5.611999931471327,Basic
user_2869,0.2934622843814303,0.09704880955638141,0.8130107669671481,0.035030489762339016,0.013266,False,12.060911067283174,Basic
user_2870,0.08367048643106703,0.2532387005356127,0.6738283692622097,0.03144510712748103,0.011909,False,17.22585277409114,Basic
user_2871,0.20972186715644736,0.10849677649936486,0.700626854927909,0.03247684040064928,0.012299,False,17.091414662105713,Basic
user_2872,0.13621635092616702,0.25709476632691575,0.9381839447334961,0.037327979345474854,0.014137,False,6.108030362305186,Basic
user_2873,0.25743103961188496,0.2546193048569443,0.6459283410096965,0.10147706516812315,0.038431,False,1.7845733837067776,Basic
user_2874,0.27608047803240326,0.3457356115285529,0.7486176952294326,0.12750280084466192,0.048287,False,12.274170222346955,Basic
user_2875,0.08326954234714916,0.07571408185981475,0.6245968769026679,0.010093993708335228,0.003823,False,17.992382463459137,Basic
user_2876,0.21812558503866994,0.15663471182214153,0.5131899830126835,0.06657580873460595,0.025213,False,9.651690829323437,Basic
user_2877,0.08383052475593636,0.10332255324858762,0.4766789188081456,0.01817068789114713,0.006881,False,8.696440498066073,Basic
user_2878,0.161316858347181,0.3123906155934611,0.8496201449517068,0.05931341551175611,0.022463,False,16.415019738648656,Basic
user_2879,0.628261354600554,0.2910757855600224,0.8950605627008937,0.20431205992981624,0.077375,False,8.067336902410675,Basic
user_2880,0.1133405368218276,0.34000231817256704,0.6190461871048659,0.0622506786489852,0.023575,False,12.93764538232574,Basic
user_2881,0.17912558084168548,0.117390319046372,0.8568371875577344,0.02454096226181278,0.009294,False,7.384204797026511,Basic
user_2882,0.18657960362817402,0.08544969076402212,0.7004471410118934,0.02276141695698716,0.00862,False,7.165612364591871,Basic
user_2883,0.13970061823745147,0.20980799210310994,0.6155037302476476,0.04762003017620999,0.018034,False,3.5683437414884622,Basic
user_2884,0.26753889501755984,0.26007750699080806,0.8234393621308803,0.08450027049858598,0.032001,False,1.6805817357533643,Basic
user_2885,0.48383123452797283,0.055903953571309915,0.8288102572182747,0.032634826410308286,0.012359,False,16.818052842366555,Basic
user_2886,0.1499046697954444,0.07478758373354412,0.6819309853612484,0.01644009186418934,0.006226,False,3.443176660485593,Basic
user_2887,0.12241668458835459,0.16411017059536548,0.6095356090750699,0.03295922779966687,0.012482,False,1.182149641537201,Basic
user_2888,0.37863938016801324,0.22705177058856954,0.4157733497089081,0.20677309342192296,0.078307,False,11.063854070112471,Basic
user_2889,0.19692729599401404,0.1733638732610677,0.7682891551232741,0.04443649706193385,0.016829,False,10.37393821785565,Basic
user_2890,0.19246320412349702,0.28181476428704194,0.719467606502577,0.0753876505540738,0.02855,False,10.787377362811942,Basic
user_2891,0.06985726225537282,0.258861606931199,0.9240036646421363,0.019570661735680055,0.007412,False,8.893992873909287,Basic
user_2892,0.11207348363145882,0.42502857242489944,0.8680032978615221,0.05487817024649564,0.020783,False,2.6967906921445617,Basic
user_2893,0.03942167532214063,0.20118482899001736,0.8961208932847716,0.008850416352991452,0.003352,False,0.3973818288917875,Basic
user_2894,0.13767995680946424,0.2961586459542128,0.6419826136402979,0.06351435181790091,0.024054,False,0.881864617264171,Basic
user_2895,0.12300601354186963,0.12007574346329337,0.5123644113231673,0.028827213990824812,0.010917,False,17.919795770871815,Basic
user_2896,0.1671040365645524,0.20444907637545248,0.6399679274861512,0.053384340787877814,0.020217,False,10.105230915797616,Basic
user_2897,0.3212255733973327,0.1717436388640092,0.6396411549701526,0.08624906080974433,0.032664,False,7.594697774182705,Basic
user_2898,0.24524577194277938,0.27027041183399975,0.8710274723855833,0.07609711276038879,0.028819,False,7.805804506979181,Basic
user_2899,0.03637720099766034,0.16977731454400652,0.7815605420224103,0.007902169011793891,0.002993,False,12.391711615640435,Basic
user_2900,0.09354167729349352,0.05473089567419121,0.3220882210079366,0.0158950854058488,0.00602,False,7.156592774289454,Basic
user_2901,0.10761966833974528,0.16669030715365749,0.601823873982119,0.029807982612301425,0.011289,False,15.132722263203801,Basic
user_2902,0.15325333472613883,0.3397253979946252,0.8916568299046324,0.05839023308934847,0.022113,False,4.938915428105199,Basic
user_2903,0.03575744354503773,0.08962905179846119,0.6901482175242435,0.004643793432048032,0.001759,False,6.977923460149518,Basic
user_2904,0.2956868458304521,0.1830620610287232,0.770609454685362,0.07024186257733582,0.026601,False,17.764939498124264,Basic
user_2905,0.09504970828232903,0.09813429072619731,0.6936404387296489,0.01344736434787625,0.005093,False,4.945389809761195,Basic
user_2906,0.10389131606326178,0.30055433975563256,0.469562376567124,0.06649805747644641,0.025184,False,12.570132050175797,Basic
user_2907,0.2039346478721719,0.2866343879226812,0.7432530058160735,0.07864708586665682,0.029785,False,6.926778246340419,Basic
user_2908,0.04484291366467989,0.09630157554491313,0.5772485646170173,0.007481080946122945,0.002833,False,8.952745166980273,Basic
user_2909,0.0536985652358324,0.15390196692072897,0.715915771383781,0.011543697095318538,0.004372,False,0.8585774349143027,Basic
user_2910,0.19398762063718356,0.061693602716276524,0.7585865275880107,0.01577644047742157,0.005975,False,3.1774439101294174,Basic
user_2911,0.18557174340563645,0.22370420085359144,0.8236582343370515,0.05040097558543669,0.019087,False,1.936342899013146,Basic
user_2912,0.28088722688943873,0.09190170005632477,0.6813495692983401,0.03788659278353921,0.014348,False,16.04958780688908,Basic
user_2913,0.0448432163842299,0.2412365742841338,0.8072974795930538,0.01340004666664742,0.005075,False,18.27213390622726,Basic
user_2914,0.36839549410701933,0.46613993919107277,0.8135026480744126,0.21109194128351907,0.079943,False,1.291517671946306,Basic
user_2915,0.1783981467105219,0.15979718109622223,0.6683788807601129,0.042651738075134206,0.016153,False,1.460069633690701,Basic
user_2916,0.13560782374148772,0.0237154445945598,0.9150983278404048,0.0035143762508229176,0.001331,False,10.49120989774463,Basic
user_2917,0.14789316119684093,0.08087573938909068,0.6555196035041464,0.018246546248877858,0.00691,False,9.576663570737134,Basic
user_2918,0.4128937379637928,0.09662100162776917,0.6739914869882753,0.05919096501672775,0.022416,False,12.36087052280949,Basic
user_2919,0.18785339830524062,0.1979352990022985,0.6597103467480153,0.05636233954103515,0.021345,False,13.999310874434405,Basic
user_2920,0.24370505519825422,0.2937051043962534,0.6782993087391002,0.10552482916716249,0.039963,False,15.147169848099093,Basic
user_2921,0.062267645392553674,0.11478820292001185,0.8299309717108808,0.008612271813325897,0.003262,False,2.8325842246557595,Basic
user_2922,0.1162780348169624,0.1296852557170594,0.5986615194583917,0.02518876892765273,0.009539,False,0.7188788555121984,Basic
user_2923,0.2793473713651247,0.07222891182126095,0.8834946973512594,0.02283766582224396,0.008649,False,16.89401858062039,Basic
user_2924,0.08961626435670655,0.22246072426132904,0.8658888094919748,0.0230238557836131,0.008719,False,8.92127698056184,Basic
user_2925,0.3180703235978421,0.07616364741025905,0.5914500223194085,0.04095932887646471,0.015512,False,18.453642203898802,Basic
user_2926,0.12921993943095275,0.23489504489324506,0.6985418066240122,0.04345212152788662,0.016456,False,10.122620218844393,Basic
user_2927,0.4416239302015851,0.0534451878680382,0.5008628224229439,0.047124028496397935,0.017846,False,9.690520134514037,Basic
user_2928,0.4219328253806319,0.20011749246035845,0.7616197399484922,0.11086390566452059,0.041985,False,11.836607819343332,Basic
user_2929,0.2779205406081768,0.06015622252923891,0.7608288407957544,0.021974258847477116,0.008322,False,3.232735649305196,Basic
user_2930,0.06770126672091877,0.006114624401045987,0.6503707209716673,0.0006365105379513027,0.000241,False,4.8267695957340875,Basic
user_2931,0.0329517825264887,0.08934166434882297,0.6114511458093335,0.004814721690120063,0.001823,False,17.210322734750623,Basic
user_2932,0.05916085321922021,0.5368322093578233,0.7971702519200257,0.03984023671815851,0.015088,False,4.0342272497879,Basic
user_2933,0.08625925503603434,0.27607218895435304,0.6253632011085679,0.03807992109730093,0.014421,False,4.4264458076835655,Basic
user_2934,0.3412805747150723,0.3082333712639248,0.6949769402878874,0.1513633848739512,0.057323,False,9.689699090936024,Basic
user_2935,0.08574445211690572,0.088308752763829,0.8476352969800854,0.008933070212907498,0.003383,False,12.181875717566902,Basic
user_2936,0.22075503839061192,0.22743023590960376,0.7443323856051192,0.06745154641980851,0.025545,False,0.017173465680084488,Basic
user_2937,0.14934735435828114,0.1018402316074835,0.8558323599570067,0.017771668692892522,0.00673,False,8.678842621229057,Basic
user_2938,0.24003086531621423,0.11765483364623446,0.8268515550842874,0.034154608956213535,0.012935,False,7.581249385654087,Basic
user_2939,0.14243999250918793,0.26633433308063337,0.6750562949324785,0.056197772976459,0.021283,False,16.446764658321214,Basic
user_2940,0.134382675657764,0.2585152084139861,0.7137212159851718,0.048674418844258806,0.018434,False,15.954251873695872,Basic
user_2941,0.032876372285251046,0.2632057004186711,0.535307939123714,0.01616499207676547,0.006122,False,17.2125455881641,Basic
user_2942,0.1639730633721265,0.13798446704089376,0.8464631320235777,0.02672973565236784,0.010123,False,15.998961599252336,Basic
user_2943,0.19934361745531864,0.5573909077251574,0.5299628612910743,0.2096605781241901,0.079401,False,14.947515909486409,Basic
user_2944,0.15424802168550153,0.2127870208159535,0.8741879738359262,0.03754567436702432,0.014219,False,16.32109425502456,Basic
user_2945,0.058014157723865346,0.14804867971812583,0.7107871611659519,0.012083672757803327,0.004576,False,3.3213239642431276,Basic
user_2946,0.10848101342763357,0.06212662353712211,0.5868167973057653,0.011484945749827235,0.004349,False,6.47613274200201,Basic
user_2947,0.4000589710857884,0.14767352775887693,0.7473478157962227,0.07905036761080679,0.029937,False,12.988748174428942,Basic
user_2948,0.17230788308763698,0.10447153682618972,0.8870302027822184,0.020293862933833482,0.007686,False,17.539488212788818,Basic
user_2949,0.15319563960506366,0.05129129654248458,0.7659609543567869,0.010258490247191922,0.003885,False,12.671266554455178,Basic
user_2950,0.08209953478563344,0.3374787348148444,0.8285145085006002,0.03344159558350427,0.012665,False,3.951029183809169,Basic
user_2951,0.27965284216602887,0.14594955135200674,0.7825690441628234,0.05215540680133694,0.019752,False,17.948636212571564,Basic
user_2952,0.28077741384505983,0.25594419062646084,0.6326311448741617,0.11359438831779173,0.04302,False,14.446494274733197,Basic
user_2953,0.36929830619676335,0.1851975262663198,0.7936641389445717,0.08617389825995271,0.032635,False,13.614331366934383,Basic
user_2954,0.18624392510726287,0.14455302513796148,0.6701845268016967,0.04017120913892551,0.015213,False,14.48762572891147,Basic
user_2955,0.49015241454203373,0.11044073788894575,0.820713200827299,0.06595823520994111,0.024979,False,12.523749126140682,Basic
user_2956,0.2951713246074289,0.2943872013479778,0.6438544021484237,0.13496010880628445,0.051111,False,0.4201390914617086,Basic
user_2957,0.137338572955281,0.3566519573371533,0.7382261083832309,0.06635104110536909,0.025128,False,4.8187469331475175,Basic
user_2958,0.09027830932717092,0.3371664040876947,0.6512231852385736,0.04674098467763804,0.017701,False,18.174864959233386,Basic
user_2959,0.14257087955145922,0.14355729300049777,0.7314476755258009,0.027981618116968858,0.010597,False,5.483481321708292,Basic
user_2960,0.17146198624550607,0.43396657192339744,0.8417607508855994,0.08839657860960497,0.033477,False,14.660903205284399,Basic
user_2961,0.11636752782867921,0.31108722509091186,0.7658628248898866,0.04726753949457995,0.017901,False,8.065195437773466,Basic
user_2962,0.3189194352356354,0.08049364667263838,0.8064912855497255,0.03183045966751717,0.012055,False,17.243026601173376,Basic
user_2963,0.0973817804177456,0.41966911324866907,0.7219341078797488,0.056609218193773486,0.021439,False,10.595712036957377,Basic
user_2964,0.20904185380670695,0.28098078890310424,0.6035483815669133,0.097319033221306,0.036856,False,12.005833940237244,Basic
user_2965,0.33123981592323365,0.13783680385229485,0.9792427758376389,0.04662483978646279,0.017657,False,4.552878182539462,Basic
user_2966,0.14398175417629197,0.3377585047168679,0.5714799240670532,0.08509671109879623,0.032227,False,1.0929447224192281,Basic
user_2967,0.1726060896939535,0.2225296747679152,0.5798184645033582,0.06624483239845945,0.025088,False,14.374569576214249,Basic
user_2968,0.38574235884148905,0.36856232603787953,0.5576782500261088,0.2549321244271256,0.096546,False,1.2852225004500801,Basic
user_2969,0.04376603956449388,0.12663902788137613,0.39107493130725973,0.014172446917367682,0.005367,False,13.714165635063349,Basic
user_2970,0.09989818621164825,0.2472377571636767,0.9302908893919486,0.02654933396137052,0.010055,False,10.55436437727467,Basic
user_2971,0.29397118831691765,0.16741175475401918,0.7958343965322995,0.06183979066210418,0.023419,False,15.580450546180252,Basic
user_2972,0.02278250246770295,0.06037041989194637,0.8444748891474628,0.0016286916968638956,0.000617,False,3.909688700009446,Basic
user_2973,0.3119992337208465,0.12690065418138963,0.6700399650261614,0.059090366142147674,0.022378,False,10.289062816737918,Basic
user_2974,0.5690892940892156,0.14364494580538958,0.8636752582913672,0.09464992776288945,0.035845,False,11.669256359662347,Basic
user_2975,0.03333710828776921,0.2367332389560814,0.793307223858756,0.009948228611867976,0.003768,False,1.4116580732094866,Basic
user_2976,0.08842604703124486,0.08341529907802002,0.5575362318634951,0.013229786223479525,0.00501,False,14.039872993630414,Basic
user_2977,0.3497001459147321,0.057211367550675206,0.7653643497811184,0.02614026063034437,0.0099,False,7.391559269075104,Basic
user_2978,0.12408410553905948,0.03446195066211531,0.9533986777151283,0.004485196406279769,0.001699,False,2.449367698204387,Basic
user_2979,0.13988875779487514,0.4983595755542445,0.5399115614377444,0.12912281739961054,0.0489,False,7.354233732519666,Basic
user_2980,0.2621769982997656,0.10624517733036304,0.7652247167523198,0.03640112644886864,0.013786,False,1.8677282286161514,Basic
user_2981,0.16506531797336246,0.25238105309268244,0.7535010613841442,0.05528772408451492,0.020938,False,16.871921587711856,Basic
user_2982,0.10134483775023534,0.20011048048949828,0.7949925878978223,0.025509878313401808,0.009661,False,8.678438113597206,Basic
user_2983,0.1368289750607208,0.20209615616041102,0.7138204087976261,0.038738889460612436,0.014671,False,2.6225331790222572,Basic
user_2984,0.05930307782365891,0.11981593530097462,0.5867365150102278,0.012110127039808181,0.004586,False,4.789817876827444,Basic
user_2985,0.034676044284780355,0.1849304704505325,0.9362470233749091,0.006849321837982558,0.002594,False,13.768332963958663,Basic
user_2986,0.18930168212751852,0.13280058728524777,0.7401001478293873,0.03396753079208281,0.012864,False,14.935675176328022,Basic
user_2987,0.11776585915438012,0.1775614188750637,0.8668515075324842,0.024122554860653615,0.009135,False,0.7850115081760867,Basic
user_2988,0.04962378538014084,0.18517456934538556,0.8268038042672329,0.01111395840177509,0.004209,False,1.1377239404203656,Basic
user_2989,0.10005547386704461,0.3709950873073056,0.6040391674614964,0.06145311639123834,0.023273,False,17.426518253226682,Basic
user_2990,0.08872607904118356,0.597542659567521,0.5841268986937732,0.09076386888161647,0.034373,False,6.288662329899512,Basic
user_2991,0.28771202370834204,0.07076768589192763,0.48490758703445286,0.041988854506572505,0.015902,False,3.673153481898993,Basic
user_2992,0.06575282684915275,0.2041080512574285,0.6499673630967976,0.020648238842184745,0.00782,False,2.3380950023615203,Basic
user_2993,0.2846119197811932,0.25414741895668336,0.7835056821527545,0.09232017899085834,0.034963,False,9.043192083598186,Basic
user_2994,0.11989887878466923,0.31627358088432245,0.4680561414735084,0.08101773350919475,0.030682,False,14.650001194320843,Basic
user_2995,0.1375319412532335,0.0894197111626648,0.7137799099173877,0.01722949370195652,0.006525,False,9.901237583534805,Basic
user_2996,0.23555269616463873,0.14147852255842358,0.5985694106795192,0.05567549367448258,0.021085,False,0.3927999128538825,Basic
user_2997,0.13177034243637745,0.1808156636780026,0.8069440826192146,0.029526385326942756,0.011182,False,9.194194353888841,Basic
user_2998,0.38290562980679965,0.14294948445205602,0.761866294783269,0.07184484042602624,0.027208,False,5.9214844673498135,Basic
user_2999,0.13973536057501645,0.19250153282767815,0.7813378109116953,0.03442719746217306,0.013038,False,12.974324233267664,Basic
user_3000,0.17605052934382237,0.3667908815752698,0.6660634747823421,0.09694831094125839,0.036715,False,9.946670399465601,Basic
user_3001,0.05770813086841023,0.3829144756304277,0.7699848194971408,0.028698330293733088,0.010868,False,18.341405848753983,Basic
user_3002,0.24858504148856744,0.2931002302927055,0.4908549297649171,0.1484355733016994,0.056214,False,11.365118926700863,Basic
user_3003,0.040523323637758235,0.26048140818561166,0.6622598385980547,0.015938717389038355,0.006036,False,12.017138356024743,Basic
user_3004,0.15487523712728837,0.1547311696095671,0.7261637828389544,0.03300085621259773,0.012498,False,9.884384693813123,Basic
user_3005,0.10691699904873629,0.15539874208080232,0.5075719001760864,0.032733819885348216,0.012397,False,5.90910425853811,Basic
user_3006,0.1374056840603901,0.21972854926331506,0.5334906006648531,0.05659322128917876,0.021433,False,11.981460000431747,Basic
user_3007,0.23755761790710622,0.19814982595631286,0.8265732748499656,0.05694836994510086,0.021567,False,6.325321031531263,Basic
user_3008,0.29318329615778743,0.30381471492567685,0.7643150301475861,0.11654016476157583,0.044135,False,13.629614805055073,Basic
user_3009,0.010419790563756522,0.11310267929086738,0.7521890567333265,0.001566768646606854,0.000593,False,4.500082308778306,Basic
user_3010,0.1881779670269255,0.1128549951140174,0.9571216334215845,0.022188218098749414,0.008403,False,6.985565997922706,Basic
user_3011,0.2488821722136417,0.14520318887165215,0.42291257684892664,0.0854514314234592,0.032361,False,11.089318204313324,Basic
user_3012,0.07748220001737545,0.36872044023025685,0.7150603823604843,0.03995364811864633,0.015131,False,11.941342345380649,Basic
user_3013,0.18846780988415704,0.052486305885452805,0.6959821899494298,0.014212977374981369,0.005383,False,12.703644363904841,Basic
user_3014,0.1210949937276135,0.3710302044840048,0.6778621344424721,0.06628176734152535,0.025102,False,13.30601290555742,Basic
user_3015,0.33421705451069883,0.11104365409066999,0.5480766569768799,0.06771440184480289,0.025644,False,6.0478211672516995,Basic
user_3016,0.12466110939928843,0.24679212843370352,0.7841254463237493,0.03923527882661617,0.014859,False,16.95895174506068,Basic
user_3017,0.2072651028791182,0.31083000034314356,0.675070816201466,0.09543326485589246,0.036142,False,0.5687385568350165,Basic
user_3018,0.17366029725410026,0.28347205265929387,0.7028836385108232,0.07003697088801265,0.026524,False,3.580168822348337,Basic
user_3019,0.2112914442052563,0.24469299186027246,0.8024490016693715,0.06442968404160877,0.0244,False,1.3326755717846002,Basic
user_3020,0.22836139759825608,0.3417831101201782,0.8032476124682317,0.09716813033864999,0.036799,False,12.75920247532838,Basic
user_3021,0.1941302417008591,0.10718053346026091,0.816165524278844,0.025493582180713053,0.009655,False,5.1996394930293155,Basic
user_3022,0.22989535531273927,0.08781588007891447,0.7832763339599171,0.025774381374167824,0.009761,False,3.7839166378235456,Basic
user_3023,0.2991694278405687,0.08526631576040884,0.6711844397943683,0.03800605822734811,0.014393,False,9.132682263899124,Basic
user_3024,0.21923005729057535,0.1812992685147646,0.6679612495792189,0.059503824583041806,0.022535,False,11.761902913195582,Basic
user_3025,0.31740546642882156,0.29322591066364334,0.7546482405355245,0.12333097984454706,0.046707,False,11.76567569582199,Basic
user_3026,0.04960585170565748,0.23883616837731414,0.5824724416416488,0.0203403126113243,0.007703,False,10.591598059478505,Basic
user_3027,0.2439603019295649,0.3446104228359756,0.8976133502454974,0.09366088726303606,0.03547,False,18.84774084037482,Basic
user_3028,0.11383060659082996,0.14485819369920616,0.7213103736758962,0.022860195361396055,0.008657,False,16.344080765947137,Basic
user_3029,0.27952320428402605,0.2898990152668804,0.7176171121167149,0.11292024715960608,0.042764,False,4.538343897213894,Basic
user_3030,0.07995596151652727,0.09621875400801776,0.4377033835996458,0.01757643025138245,0.006656,False,14.41560893338001,Basic
user_3031,0.3644786616778038,0.29500212164862666,0.6899146029484517,0.15584824271162415,0.059022,False,10.816647217615985,Basic
user_3032,0.20129199756444247,0.18901298508712994,0.7909403960245777,0.04810324712840219,0.018217,False,1.33986192800575,Basic
user_3033,0.39440390227802286,0.17558200471871863,0.8028557687656087,0.0862548797990617,0.032666,False,0.942040613531715,Basic
user_3034,0.40571611016916564,0.31818990785822887,0.4270453587411311,0.30229756410859693,0.114484,False,15.192762004059585,Basic
user_3035,0.151767879894856,0.0950638406950828,0.7227892291090036,0.01996105776886061,0.007559,False,10.35482310384278,Basic
user_3036,0.15286971982786357,0.040107797279756385,0.8641937641154451,0.007094783586346324,0.002687,False,10.855172888236085,Basic
user_3037,0.22230591921000473,0.06652216576233858,0.9083808422869053,0.01627981405949358,0.006165,False,6.389112042582521,Basic
user_3038,0.1623917263719306,0.22257601028361904,0.5803257514980574,0.06228312713270052,0.023587,False,17.67661335137524,Basic
user_3039,0.19049501217710962,0.3654834240936181,0.7894225442772068,0.08819455414336048,0.0334,False,13.553607862757044,Basic
user_3040,0.26298100195858226,0.10457720630141859,0.8518735174494667,0.03228392235682786,0.012226,False,17.62767740954591,Basic
user_3041,0.31469486275650876,0.22229426133962382,0.7675390963527594,0.09114175733359815,0.034516,False,1.8860778909023286,Basic
user_3042,0.06259029261602109,0.23906457304665907,0.8388599856168217,0.017837448248424932,0.006755,False,11.090857637867272,Basic
user_3043,0.3390850706003876,0.25832237155983606,0.9662847762273967,0.09064952874452942,0.03433,False,12.113017746724688,Basic
user_3044,0.01699544173193182,0.14052934939018222,0.7369515024234162,0.0032408623380686136,0.001227,False,2.3938731324262754,Basic
user_3045,0.10585266633450009,0.167283775355273,0.6142248417076015,0.028828911586559883,0.010918,False,6.579034773969928,Basic
user_3046,0.21150820914224694,0.3450099351458642,0.7080527901463703,0.10306072447493564,0.03903,False,4.081282596765173,Basic
user_3047,0.08394245262631385,0.14593738689271207,0.6859885175779645,0.017857940580262313,0.006763,False,18.704720536065878,Basic
user_3048,0.2132362816096213,0.19010332735082144,0.5621452848187465,0.07211112098712377,0.027309,False,10.324888631887825,Basic
user_3049,0.3068899235375246,0.02811449075480019,0.7142995686138188,0.012079041199451948,0.004574,False,5.989957346601537,Basic
user_3050,0.35937433380131006,0.13343585177748088,0.5720416852198577,0.08382854182962593,0.031747,False,12.625436388861056,Basic
user_3051,0.17855213075884616,0.13872549711733742,0.8466568410881705,0.029255929792104823,0.01108,False,12.531404788079604,Basic
user_3052,0.1840582706740961,0.12354880454410314,0.6733280365666299,0.03377280920039225,0.01279,False,6.5992771429077735,Basic
user_3053,0.4192634224207627,0.3031943433891466,0.7454330619394619,0.17052946073684222,0.064582,False,18.88453432070399,Basic
user_3054,0.08469102970456363,0.2358863084376881,0.8129146948902315,0.024575093155984433,0.009307,False,15.370270067290868,Basic
user_3055,0.16893933624976792,0.5207216183186142,0.8000395853476368,0.10995751482900236,0.041642,False,7.606045225847304,Basic
user_3056,0.10452928245196737,0.20969669672180125,0.5544864042426446,0.03953107790048843,0.014971,False,12.54112754164232,Basic
user_3057,0.23646568209825755,0.3518913134235194,0.788980745797217,0.10546546274594495,0.039941,False,13.500252831849146,Basic
user_3058,0.49829660626511935,0.12519153351665951,0.7958398458538819,0.0783857664446861,0.029686,False,3.3025138735986737,Basic
user_3059,0.10596384143718475,0.2550251812971024,0.8038577854152762,0.03361719991241365,0.012731,False,16.68502427042218,Basic
user_3060,0.2502385993846136,0.346493945013019,0.8875156355256825,0.09769535997408144,0.036998,False,15.694718388106885,Basic
user_3061,0.20342304607344328,0.10172592564144486,0.9357130651579135,0.0221151103144328,0.008375,False,14.357823683593434,Basic
user_3062,0.09665800120124496,0.08128840454199024,0.6267690153971519,0.012535997330513034,0.004748,False,4.230845159819426,Basic
user_3063,0.42170057732566446,0.01393838637330058,0.7064650139011662,0.008320051899174914,0.003151,False,2.5887464813412024,Basic
user_3064,0.2581665416529249,0.2745844229250879,0.5945503371296516,0.11923046112557438,0.045154,False,3.4304135904944864,Basic
user_3065,0.12969333814552472,0.044524931368316395,0.7170979018512345,0.008052717718110555,0.00305,False,1.767357375901426,Basic
user_3066,0.17989604354187985,0.3729733762555932,0.8301614339226236,0.08082335795557079,0.030609,False,17.86552576939456,Basic
user_3067,0.06814724582464693,0.5123689491998626,0.8713638692697646,0.0400711275340122,0.015175,False,16.178394542280987,Basic
user_3068,0.2505726386037821,0.14272335505176234,0.7460115067772597,0.04793835931592718,0.018155,False,1.7248098706992252,Basic
user_3069,0.2528163371459691,0.28770744044797486,0.8096184450251949,0.08984126005359906,0.034024,False,12.881443414114406,Basic
user_3070,0.2042016568311414,0.08315252408286312,0.6781009971486395,0.02504034540401959,0.009483,False,4.6661596545747495,Basic
user_3071,0.18766057929108354,0.2156237544172991,0.5988200861568223,0.06757301499781644,0.025591,False,0.32819941292680466,Basic
user_3072,0.29521092296872026,0.22375802397456745,0.8269381782196157,0.07987998924104119,0.030251,False,5.555450613020526,Basic
user_3073,0.3604439727900227,0.24477279979722097,0.7074999651171586,0.12470231058631535,0.047226,False,8.360571316943076,Basic
user_3074,0.33089881283848344,0.10010108512034271,0.7493794272146637,0.04420101356836026,0.016739,False,0.3807250137964793,Basic
user_3075,0.04322083560241009,0.15684104177519273,0.8228480142951551,0.00823821746484131,0.00312,False,6.150680585728516,Basic
user_3076,0.07354341004575106,0.20936447280222495,0.6282583701846929,0.02450803364192357,0.009281,False,13.306699956486419,Basic
user_3077,0.18809305958008218,0.03683876784035677,0.595417476671203,0.011637408752244918,0.004407,False,4.340140721655355,Basic
user_3078,0.23428098711374273,0.25456191053653326,0.6813108364781669,0.08753569221112845,0.033151,False,9.212966531190174,Basic
user_3079,0.2519414378379743,0.11301799325231471,0.8357182926998775,0.03407118878487463,0.012903,False,16.864037347692776,Basic
user_3080,0.2024992518445516,0.29197712781639956,0.6183592188415952,0.09561618576545876,0.036211,False,0.539428680970665,Basic
user_3081,0.12430681471417984,0.06977669433954295,0.8271820591258526,0.010485864047631445,0.003971,False,14.927105766394794,Basic
user_3082,0.19168182648621895,0.1373995414469795,0.6200980042706971,0.042472310637253465,0.016085,False,7.293963649087965,Basic
user_3083,0.17280033018248164,0.038484174237731275,0.5845774329559236,0.011375871937878118,0.004308,False,10.28184792968634,Basic
user_3084,0.12236632270081202,0.25180410435846784,0.8971530007698904,0.03434457920207107,0.013007,False,4.386562825566574,Basic
user_3085,0.020703154844927605,0.3871326132046162,0.5679135244286598,0.014112828964162917,0.005345,False,11.00002075254748,Basic
user_3086,0.08073849709310463,0.062849978161538,0.8438621459234705,0.006013319596820998,0.002277,False,13.883293341004453,Basic
user_3087,0.2167903364707911,0.14711161034559533,0.764921404937738,0.04169366329626697,0.01579,False,3.8292206638713115,Basic
user_3088,0.15975428194493202,0.10905156042540237,0.7383249905766753,0.023595915014507824,0.008936,False,6.522107537560652,Basic
user_3089,0.1573689949274477,0.12477438901310427,0.45023617613785233,0.043611822488618945,0.016516,False,10.780200956449551,Basic
user_3090,0.40802038768353244,0.10300312218711409,0.782751909703947,0.053691818986805376,0.020334,False,7.918838941579253,Basic
user_3091,0.24608890309903306,0.1331432327350444,0.9905867410239748,0.03307642909187025,0.012526,False,5.569904679887406,Basic
user_3092,0.07957426129889493,0.06660958838663614,0.7733948655448057,0.0068534315747703235,0.002595,False,8.582061225040652,Basic
user_3093,0.05396039985221495,0.2592358938760171,0.6823042709278785,0.02050180994847512,0.007764,False,5.525727576431385,Basic
user_3094,0.26316644754189805,0.05028417341832994,0.5274250613717603,0.025090023692968123,0.009502,False,5.735598084120889,Basic
user_3095,0.0974578921548808,0.27602066486736815,0.6104080325342224,0.044069525228035554,0.01669,False,11.60203986857184,Basic
user_3096,0.04335440174565752,0.06311830999652374,0.6121100974255139,0.0044705300249179986,0.001693,False,9.064240161762264,Basic
user_3097,0.17540502816750034,0.040900888697926095,0.7092477945891676,0.010115253919529206,0.003831,False,12.864372268227168,Basic
user_3098,0.13487372558441876,0.40480659001177044,0.8762257224108848,0.06231016910321829,0.023598,False,15.911454980444894,Basic
user_3099,0.31730915834855,0.2010167608210721,0.7118848044379686,0.08959941101769106,0.033932,False,17.91634124394905,Basic
user_3100,0.2071978957437155,0.2522183895152038,0.7241855668694096,0.07216260854428595,0.027329,False,2.875675284825083,Basic
user_3101,0.19885961631432827,0.279304107946276,0.8638845882124114,0.06429366665302225,0.024349,False,11.897616558541998,Basic
user_3102,0.049102876455310446,0.024113873027145953,0.47418966856688904,0.002497018823057651,0.000946,False,11.065591226963962,Basic
user_3103,0.40097248269936914,0.04350944963836107,0.9336095894049679,0.01868671041981906,0.007077,False,16.471959867945944,Basic
user_3104,0.2974559987963533,0.09272596405124646,0.9057459647375016,0.03045213042623039,0.011533,False,17.02190819720082,Basic
user_3105,0.5234048068012883,0.25205138540968736,0.3139033687379169,0.4202723507389331,0.159162,False,14.449549238791631,Basic
user_3106,0.31929158110478284,0.157717399534537,0.7538560173721656,0.06680033946091894,0.025298,False,11.313774751286445,Basic
user_3107,0.18803836702959656,0.19077799048696298,0.8395178493983986,0.042731172210410485,0.016183,False,3.7859931959276154,Basic
user_3108,0.1316785555170602,0.20362784963392444,0.7123867644108071,0.037638853558736245,0.014254,False,5.256129550397404,Basic
user_3109,0.29467258937859037,0.44461544395686264,0.682398324107989,0.19199341428591649,0.07271,False,11.452574687256412,Basic
user_3110,0.31742012556476323,0.13340547657886404,0.44218475430166687,0.09576445753668192,0.036267,False,2.647531521585373,Basic
user_3111,0.046413639048346944,0.08284173367642793,0.6644325152311129,0.0057868726121261425,0.002192,False,3.4953192948006957,Basic
user_3112,0.17503372865269712,0.1999329211423168,0.7930806999445578,0.044125401955200504,0.016711,False,17.317213122565114,Basic
user_3113,0.04137599966732491,0.12634333386499869,0.6041714465256667,0.00865248063282121,0.003277,False,18.16992816471499,Basic
user_3114,0.18445510163345946,0.11824612856429569,0.7409667668963863,0.029436005279222258,0.011148,False,0.09945939361648182,Basic
user_3115,0.31762187943173625,0.12543295456286194,0.5888026579399974,0.06766316393733357,0.025625,False,16.387156629208604,Basic
user_3116,0.3202915967893597,0.019857594782412454,0.9068427526927693,0.0070135872204623905,0.002656,False,17.822257909137186,Basic
user_3117,0.022345084539418632,0.06861859881084865,0.57286726021145,0.002676516006236619,0.001014,False,9.989049959726058,Basic
user_3118,0.2067349599002214,0.05823744358219707,0.4078887156429631,0.029517157748967078,0.011178,False,8.529109667381697,Basic
user_3119,0.05378922975144002,0.20902989475743447,0.8357363921713241,0.013453473056037588,0.005095,False,17.457190430109506,Basic
user_3120,0.09245025567535989,0.2722466621737764,0.5726305012365505,0.04395377729683957,0.016646,False,0.14312997799853966,Basic
user_3121,0.19793501855605178,0.21869795154714472,0.9851658238185236,0.043939793739362035,0.016641,False,15.969230888687639,Basic
user_3122,0.17697555382307695,0.33290172919947925,0.8853391864330976,0.06654564577797539,0.025202,False,5.634945254817933,Basic
user_3123,0.08522210943418765,0.25345215585340836,0.8131689345410729,0.026562410890253893,0.010059,False,12.182081914820857,Basic
user_3124,0.2265765853105018,0.2342991654497348,0.6210224832804536,0.08548274221615784,0.032373,False,6.140762538798339,Basic
user_3125,0.2192899493258397,0.1302778377604307,0.8156257511548545,0.03502662881881078,0.013265,False,9.935950079743966,Basic
user_3126,0.07378608010953006,0.03237627032262248,0.769325585120206,0.0031052107480600143,0.001176,False,15.358026082542198,Basic
user_3127,0.24944337051436394,0.24600620200613654,0.8931882368075396,0.06870289337349476,0.026019,False,3.444110195813066,Basic
user_3128,0.19933210540202037,0.25308258778415377,0.6741568688118617,0.0748304844130951,0.028339,False,12.614453761482999,Basic
user_3129,0.3121323137900091,0.12227612637452145,0.732946354412767,0.052072474358833006,0.01972,False,17.06839987520663,Basic
user_3130,0.31518473165265465,0.22568753851694318,0.8968295402783459,0.07931637292270001,0.030038,False,17.119982462430695,Basic
user_3131,0.18307082613719686,0.17522350172761253,0.8607400991208917,0.037268289525130095,0.014114,False,16.9882978031681,Basic
user_3132,0.295034577395586,0.28249650942082016,0.8561987851785131,0.09734449489474875,0.036866,False,9.850805266813982,Basic
user_3133,0.19466686849875953,0.2913848779735584,0.7496130945815708,0.07566967830873897,0.028657,False,14.586323811426935,Basic
user_3134,0.14322507093892728,0.0865333765050391,0.6671986526253384,0.01857580038531458,0.007035,False,8.490297160574857,Basic
user_3135,0.28174670330689605,0.08131130575912007,0.77305206965534,0.0296347338536006,0.011223,False,8.743104356363808,Basic
user_3136,0.2991508888141505,0.1799752596202509,0.660229806244844,0.08154699828863717,0.030883,False,5.3932311607148815,Basic
user_3137,0.16981410996035545,0.2920525799156304,0.47114354892839444,0.10526441258253516,0.039865,False,5.419321907501438,Basic
user_3138,0.3085608754721617,0.2538165806203092,0.8630612845030706,0.09074427011361844,0.034366,False,0.7186621173362122,Basic
user_3139,0.20582845325973192,0.3749225282807301,0.9296003587952149,0.08301387080816605,0.031438,False,10.097960854229845,Basic
user_3140,0.08763948171863827,0.5603498854909019,0.8373665903412838,0.05864668367710465,0.02221,False,5.866457373775074,Basic
user_3141,0.2047108523172504,0.025112013685525462,0.664562890877596,0.007735463107453626,0.00293,False,3.5660422262350804,Basic
user_3142,0.1386139774968516,0.16416723078340273,0.5162805124876753,0.044076567453384674,0.016692,False,2.3125435567480848,Basic
user_3143,0.24969748783219853,0.052929487247194665,0.9173362392214685,0.014407323544840497,0.005456,False,6.592977769191622,Basic
user_3144,0.1481377593893435,0.12090206718296022,0.9420447037126377,0.019012007888202023,0.0072,False,17.081200678124507,Basic
user_3145,0.2484252424338908,0.05143793354395587,0.7445218502656484,0.017163339271233192,0.0065,False,9.811629933619955,Basic
user_3146,0.19667963086654175,0.1481832581028824,0.6606512460136597,0.044114998163000206,0.016707,False,10.581783495494937,Basic
user_3147,0.23122968488837253,0.23892261034719314,0.5469922330135267,0.10099960578767979,0.03825,False,1.0322297223390282,Basic
user_3148,0.15485080806950477,0.07682189163951048,0.5776205826136421,0.02059471624778139,0.007799,False,9.87708048906812,Basic
user_3149,0.00972080645666535,0.1767314301654869,0.7644999808088039,0.00224718387256313,0.000851,False,12.68462307817622,Basic
user_3150,0.15873500167346516,0.1590012975894416,0.5692710267629426,0.04433577338804784,0.01679,False,2.863589177330295,Basic
user_3151,0.12969968383325625,0.16914495697268556,0.6211561368375453,0.035318088545400035,0.013375,False,18.687522123652528,Basic
user_3152,0.5369945358436767,0.06938302519813039,0.5943140700840824,0.06269127265728189,0.023742,False,17.387175267971344,Basic
user_3153,0.3896510077140302,0.21164772587337322,0.7518340480478658,0.10969009701153133,0.041541,False,18.868942974649173,Basic
user_3154,0.15086513947511648,0.07265768498344147,0.8188135752388614,0.013387066495286573,0.00507,False,6.846022629281515,Basic
user_3155,0.18812332405628,0.21503109737749107,0.6045687037895876,0.06691111293151254,0.02534,False,15.623683966307713,Basic
user_3156,0.08498744082885143,0.4329911110510989,0.7479351439304587,0.049200531260629426,0.018633,False,6.245978614859528,Basic
user_3157,0.13810198850598635,0.2925890514292346,0.6119524044909206,0.0660298570949681,0.025006,False,14.233461899575461,Basic
user_3158,0.15953860606251186,0.048172482530793904,0.7620916156444476,0.010084575864326472,0.003819,False,18.00876587025518,Basic
user_3159,0.539302579594094,0.28069467004995796,0.7321832926374976,0.20675063356192014,0.078299,False,2.9453917095707443,Basic
user_3160,0.07693758946878322,0.17281361622753733,0.8107575298284388,0.01639930875849356,0.006211,False,2.6660775731556883,Basic
user_3161,0.30093192344102915,0.029381598625198745,0.5648803201942767,0.015652627064459274,0.005928,False,1.9836853813725774,Basic
user_3162,0.2748094058635636,0.0985820314353078,0.6847643974368154,0.03956290599944612,0.014983,False,15.16866452134174,Basic
user_3163,0.10787865761371881,0.3422080757489434,0.8566359694767514,0.0430952576727771,0.016321,False,12.666038496905648,Basic
user_3164,0.3234367437758832,0.14075525705844283,0.5538106460540927,0.08220394883465912,0.031132,False,9.923988014039782,Basic
user_3165,0.27198332849499895,0.16105181725178047,0.8413532729981936,0.05206304024968308,0.019717,False,14.704340425310708,Basic
user_3166,0.30506308584938446,0.3359186204953731,0.906465656448694,0.11305047271626772,0.042814,False,16.148540377912457,Basic
user_3167,0.2291970004392026,0.3801845378320247,0.7178619373321045,0.12138428178586148,0.04597,False,18.041040162012216,Basic
user_3168,0.23827317406529014,0.23751299592520292,0.8740933313045735,0.06474477426385362,0.02452,False,3.8237699426984593,Basic
user_3169,0.13444412618877696,0.09153760602733471,0.38659688849011004,0.03183340016993533,0.012056,False,8.391855900807917,Basic
user_3170,0.33423090074234835,0.10604579243194248,0.6569118400507171,0.05395515587255634,0.020433,False,17.537253493553884,Basic
user_3171,0.3026264135826046,0.1932517741892918,0.715371593100858,0.08175204593724396,0.03096,False,8.765150461453874,Basic
user_3172,0.1349632316854824,0.45176186080509806,0.6079982554404348,0.10028193360906183,0.037978,False,9.265445456299355,Basic
user_3173,0.2947366743571544,0.28803305078090286,0.9263673585830049,0.09164172582890286,0.034706,False,17.906459383243234,Basic
user_3174,0.14036367604020206,0.09620613693765742,0.5827830929074692,0.023171308849793144,0.008775,False,13.95884961441597,Basic
user_3175,0.19418366643881227,0.14307000862335406,0.8510782278787106,0.032643131878911893,0.012362,False,10.488915024547365,Basic
user_3176,0.11549425478307832,0.42799023853256946,0.7870723295697899,0.06280288582978069,0.023784,False,6.788437774395599,Basic
user_3177,0.09485347819969317,0.15194008705449033,0.6919992622083679,0.020826677891374643,0.007887,False,17.391639908473255,Basic
user_3178,0.14970674933011835,0.20137682830646692,0.5843805816703965,0.051588761334260685,0.019537,False,0.16983156260135934,Basic
user_3179,0.1889472533601429,0.21176899301433075,0.7932740635060638,0.05044053678000431,0.019102,False,6.099117763578223,Basic
user_3180,0.08985862185005017,0.4577832918699249,0.8442173903320104,0.0487265201883996,0.018453,False,17.975390001085366,Basic
user_3181,0.24623465217262122,0.2839435507756862,0.5441615882751861,0.1284852568949662,0.048659,False,9.465872140621263,Basic
user_3182,0.08193318706802204,0.19705988225034615,0.7013365456537709,0.02302139293335882,0.008718,False,11.853238028569374,Basic
user_3183,0.20775092896252081,0.06432009064274774,0.4926774694104989,0.027122325276966747,0.010272,False,10.119696346937966,Basic
user_3184,0.2478889549199715,0.0583050961516306,0.7104008164497061,0.020345119285993103,0.007705,False,7.5498533899138165,Basic
user_3185,0.16451498615728635,0.12669256175216223,0.6942073512071633,0.030023918655779636,0.01137,False,12.64036634962093,Basic
user_3186,0.336648917283695,0.036807427270651935,0.49161681473410274,0.025204956720947906,0.009545,False,14.563019810249292,Basic
user_3187,0.20562318853130693,0.14790063105344267,0.5922576176162504,0.051348937419166206,0.019446,False,6.92410125484334,Basic
user_3188,0.20023306292455753,0.20224499823080175,0.7442386588778098,0.05441283514885763,0.020607,False,11.219907525401856,Basic
user_3189,0.25016984614526716,0.23851296292972063,0.7236504000572596,0.0824552176507588,0.031227,False,1.5724047536889658,Basic
user_3190,0.22118242379174322,0.10573510995821486,0.8686136805666744,0.026924222382943796,0.010197,False,10.404360380418433,Basic
user_3191,0.18700558800137637,0.1260188003902166,0.6832799997397258,0.034489842927024575,0.013062,False,14.207242999196916,Basic
user_3192,0.06001641849398284,0.10340298691605743,0.5234496868461408,0.011855727670166794,0.00449,False,11.119632958434824,Basic
user_3193,0.21292290540962847,0.31258845765700494,0.7063038746274903,0.09423315515145217,0.035687,False,16.6905049703102,Basic
user_3194,0.03783367485047581,0.04086699062026981,0.8866020276965016,0.0017439035632050286,0.00066,False,5.437670556913025,Basic
user_3195,0.12181666374535202,0.24511751452398603,0.7297853547683301,0.04091531523586644,0.015495,False,9.34336532826245,Basic
user_3196,0.07856439894513781,0.055784946972654376,0.747841187092943,0.005860483354934937,0.002219,False,1.662119103347322,Basic
user_3197,0.2179627057360382,0.2575118394459725,0.8043993667618753,0.06977625742130136,0.026425,False,13.300397338679195,Basic
user_3198,0.1372553735186216,0.2161623432094968,0.7670690641213034,0.038678972397181786,0.014648,False,8.414938720495016,Basic
user_3199,0.18974115056895738,0.2118588237196167,0.5200222853022907,0.07730118132798591,0.029275,False,10.076944015189062,Basic
user_3200,0.08177475008107322,0.20141445468052732,0.7199713640859662,0.022876766376848767,0.008664,False,2.4394985996620826,Basic
user_3201,0.10686573620947279,0.2023568667785528,0.6444062509247763,0.0335580474495686,0.012709,False,18.94968469171047,Basic
user_3202,0.08246164636502402,0.15356499286206712,0.6048378353516171,0.020936557528808637,0.007929,False,14.666480505495027,Basic
user_3203,0.46965024145568046,0.012193771976463008,0.6371798626662529,0.00898774159157788,0.003404,False,7.611965692718228,Basic
user_3204,0.10141159757126973,0.30524488605529815,0.47508798737827607,0.06515713376831941,0.024676,False,10.829234630323787,Basic
user_3205,0.10923507469786625,0.1714250531190125,0.8209685534105129,0.02280919093033464,0.008638,False,11.755625632548789,Basic
user_3206,0.37082536638518754,0.24559867895843818,0.7391380107554574,0.12321679954653644,0.046664,False,18.254554585810087,Basic
user_3207,0.22302478139419107,0.128386011853973,0.9693551166382315,0.02953846504375593,0.011187,False,14.599383592207777,Basic
user_3208,0.25081548483561733,0.08950999241850814,0.479225156816896,0.04684748249695604,0.017742,False,6.643669562904214,Basic
user_3209,0.12080503889997626,0.14919802890156109,0.9752722870694713,0.01848086316428776,0.006999,False,18.576408458750258,Basic
user_3210,0.2300352596180169,0.0832932482769122,0.7304507990295898,0.026230902912642677,0.009934,False,5.734129848842037,Basic
user_3211,0.1343240858336378,0.3795123505470958,0.4780155863014,0.1066443250192916,0.040387,False,10.961975237631854,Basic
user_3212,0.2308044962843285,0.18908974248588212,0.7267603245844042,0.06005110803474915,0.022742,False,13.312685892358848,Basic
user_3213,0.2756637210188382,0.2759682198728237,0.7111395347584789,0.10697538620029653,0.040513,False,5.151390055442254,Basic
user_3214,0.13778587405933326,0.1296144719565038,0.8207788456127173,0.021758654483759157,0.00824,False,18.170860798849674,Basic
user_3215,0.36799224683270987,0.31439853054887695,0.7260848636886429,0.15934256096432833,0.060345,False,4.106088143010829,Basic
user_3216,0.2540857800522007,0.1415231047944822,0.7434293499900221,0.04836909987155872,0.018318,False,8.393691254111387,Basic
user_3217,0.16412422754245298,0.31000929067886607,0.8845579602031148,0.05752029561971206,0.021784,False,3.4175927312906733,Basic
user_3218,0.5359440158075058,0.03575447948682518,0.7584701122418841,0.025264541093960848,0.009568,False,16.624763236685418,Basic
user_3219,0.0547820778572939,0.19731381053048955,0.3970698027227212,0.02722257007881523,0.01031,False,4.2104231815781725,Basic
user_3220,0.09272881493170934,0.12204970859979518,0.6997305820293609,0.016174117770294302,0.006125,False,0.6600872308280132,Basic
user_3221,0.26051835081645586,0.183869616406248,0.7353185804425943,0.06514374926114043,0.024671,False,0.739867648077488,Basic
user_3222,0.19247609271894855,0.2801238232707164,0.8588464017686809,0.06277855838902688,0.023775,False,7.86131413195309,Basic
user_3223,0.01841672209720188,0.18070758596849457,0.8060984562168748,0.004128579289503808,0.001564,False,9.932774563804728,Basic
user_3224,0.18314965355643087,0.21819652820033764,0.8311226420484797,0.04808269745679339,0.018209,False,0.7911340027586169,Basic
user_3225,0.28061012267629143,0.13514434876441822,0.8456288627475375,0.044845763852685315,0.016984,False,1.7644415822615467,Basic
user_3226,0.16635896435599154,0.21224770201249588,0.7851729743937176,0.04497010091439087,0.017031,False,1.85179613537459,Basic
user_3227,0.363544145958298,0.16775785659598927,0.6031160496509612,0.10112048375976483,0.038296,False,12.701524411805021,Basic
user_3228,0.11286640862298229,0.15130784376275724,0.6668750822672983,0.02560835361238561,0.009698,False,5.696485389636962,Basic
user_3229,0.40918141798354785,0.34386446395057196,0.6820220873804039,0.2063026279601547,0.078129,False,10.688880413666668,Basic
user_3230,0.14642147186712615,0.0632958662862787,0.7122747295588092,0.013011656205299265,0.004928,False,1.4002234504188327,Basic
user_3231,0.27083554719151026,0.19367005515874797,0.6274906596558254,0.08359126077239057,0.031657,False,16.950195645333334,Basic
user_3232,0.12899935532711415,0.3316866070110079,0.7238041214755935,0.05911455489895364,0.022387,False,5.784232100038327,Basic
user_3233,0.5462473096685666,0.3234526747410958,0.8581765502565556,0.2058843874603713,0.077971,False,14.785813747203582,Basic
user_3234,0.11832063790065743,0.10899669772535842,0.6793915728069498,0.018982512177250867,0.007189,False,15.707358346029755,Basic
user_3235,0.33502095390999115,0.055683721142161816,0.6718963921797693,0.027765014950867153,0.010515,False,18.770264109572313,Basic
user_3236,0.1770155949639776,0.5476420677974052,0.6738280637983218,0.14386635355020674,0.054484,False,14.079739173449308,Basic
user_3237,0.5105542481792971,0.4118173878717063,0.4600007084958564,0.4570756369908829,0.1731,False,8.41330541375413,Basic
user_3238,0.09745055741798178,0.20084758547647388,0.8834815613660021,0.022154066385353444,0.00839,False,2.899928511471568,Basic
user_3239,0.26163333165527514,0.37543555806799156,0.7109684569872816,0.13815866922622602,0.052322,False,0.9095723487982297,Basic
user_3240,0.47037354307080154,0.14069759234079623,0.7888438787104409,0.08389546626014231,0.031772,False,16.83893652768737,Basic
user_3241,0.19174890577982123,0.22326233211820634,0.8264081049638323,0.051802865470917295,0.019618,False,8.4866044458663,Basic
user_3242,0.2028947525324158,0.3052506194720636,0.5105605797410695,0.12130538736374953,0.04594,False,14.24930992295252,Basic
user_3243,0.15848757180934994,0.24835116353376502,0.6340187856917451,0.06208108301010184,0.023511,False,9.4302791325548,Basic
user_3244,0.02147415162966149,0.12467075134505745,0.6869404438448737,0.0038972790758730726,0.001476,False,16.713625066002024,Basic
user_3245,0.05988228579353479,0.5781722306683121,0.7808927549688313,0.044336785729491505,0.016791,False,14.243641507026119,Basic
user_3246,0.2920824963774028,0.11968886094116316,0.6574758415426595,0.05317156781036567,0.020137,False,1.6236974275950895,Basic
user_3247,0.1385152459522873,0.44807963687971697,0.8339767644608231,0.07442157114380996,0.028184,False,14.290791207189908,Basic
user_3248,0.10697734033613286,0.31638048843214756,0.4871441856098723,0.06947746516638685,0.026312,False,5.0694688260901115,Basic
user_3249,0.6639625967812258,0.24568148393568612,0.8169098928993179,0.1996833646805985,0.075622,False,14.688068019376702,Basic
user_3250,0.0793509787568556,0.22504434461764947,0.6086080263097208,0.029341527283798772,0.011112,False,18.0217850237649,Basic
user_3251,0.13780014498153925,0.589231970576606,0.8962828195868647,0.09059222066829443,0.034308,False,17.672511970942484,Basic
user_3252,0.01587122154950556,0.18737599254520268,0.6474684525958248,0.004593097746802237,0.001739,False,2.375004416815777,Basic
user_3253,0.06922670310904783,0.09959064011367383,0.6878732614625711,0.010022677231166755,0.003796,False,1.0387725449243985,Basic
user_3254,0.2199850260508182,0.3013944161217523,0.8503109436826095,0.07797413284482325,0.02953,False,14.76265115841556,Basic
user_3255,0.17761189986908069,0.07677806776172151,0.9099039301813581,0.014986965141164262,0.005676,False,13.489272533021676,Basic
user_3256,0.24548951347773507,0.08975543112980326,0.7912463792788266,0.027847226473405717,0.010546,False,3.3472770633835047,Basic
user_3257,0.4175066420710785,0.33534488922342687,0.6665839846044429,0.21003912765538948,0.079544,False,13.006779334048865,Basic
user_3258,0.14456997549688747,0.05545484948647063,0.6120408968003976,0.01309897144676792,0.004961,False,0.29426945198645305,Basic
user_3259,0.07161666225554436,0.38422380495026354,0.5485309005626046,0.05016458770406617,0.018998,False,11.99207961200791,Basic
user_3260,0.20428570825818695,0.10360630762989874,0.7600964354801332,0.02784552978573028,0.010545,False,15.813805562121601,Basic
user_3261,0.201639685830522,0.006587120394626337,0.6201096295398731,0.0021419194665398657,0.000811,False,12.194941017205426,Basic
user_3262,0.23054705750883184,0.20233599056061852,0.703879698912939,0.06627264193572818,0.025098,False,1.2425319940478174,Basic
user_3263,0.5683503197081856,0.13349405186138685,0.7134147492595853,0.10634961939503375,0.040276,False,18.828475042633638,Basic
user_3264,0.5173891976299365,0.21281895021429179,0.6760158274736258,0.1628811359392524,0.061685,False,6.765738103531176,Basic
user_3265,0.16200533924185,0.3123649453154293,0.5589244838634726,0.09053958163237162,0.034288,False,7.229085639552991,Basic
user_3266,0.13438984087558062,0.03950818188469755,0.8127640712304666,0.006532643930396431,0.002474,False,1.610275408852711,Basic
user_3267,0.1003035653752063,0.034525452065358085,0.7841895733233133,0.0044160571067914794,0.001672,False,3.175235951576788,Basic
user_3268,0.29689590695497614,0.24424179066826882,0.7677997613483794,0.09444440022932049,0.035767,False,5.152340076792805,Basic
user_3269,0.09810499619284048,0.09826297694047008,0.6365134204565336,0.01514514646325559,0.005736,False,15.184845021069597,Basic
user_3270,0.3069375344667928,0.4241911423473263,0.8041734198302812,0.16190560414471183,0.061316,False,13.14322734856918,Basic
user_3271,0.20823209449810265,0.13875379320199074,0.6441400256751498,0.04485514302223835,0.016987,False,11.089327765518398,Basic
user_3272,0.13611499957121162,0.23953289163225883,0.6472547202291108,0.0503727797153415,0.019077,False,16.41397107642794,Basic
user_3273,0.192253932597397,0.22787252521925486,0.8437125401589763,0.05192454422456077,0.019664,False,18.95829861024815,Basic
user_3274,0.18380853080746784,0.09312443008616929,0.8468587374538311,0.02021242022947743,0.007655,False,7.310714706103369,Basic
user_3275,0.1306805614235844,0.3040641172031439,0.7819128445819448,0.05081802891486986,0.019245,False,7.433245131836365,Basic
user_3276,0.10793320615475974,0.14995860322117682,0.9409482088670823,0.017201279181602067,0.006514,False,13.985698135123382,Basic
user_3277,0.28951537931390886,0.23982287274473502,0.6853949439085634,0.10130277526544759,0.038365,False,12.24262772644279,Basic
user_3278,0.15231492761107696,0.1892526369103689,0.6483588400324442,0.04445995012540556,0.016838,False,0.254475510107549,Basic
user_3279,0.12948366377447834,0.3914061818875801,0.6229882205044956,0.08135098672289906,0.030809,False,12.453118789955584,Basic
user_3280,0.1324425757262026,0.48024017047535594,0.8365405412759019,0.0760324718368542,0.028794,False,13.672559409300598,Basic
user_3281,0.20589852345546142,0.07188334300899513,0.6211949299142235,0.023826134879494722,0.009023,False,18.732795249431902,Basic
user_3282,0.3170005536986352,0.11647771350566076,0.6038224282065223,0.06114959953461137,0.023158,False,11.148649050262499,Basic
user_3283,0.1290351904711119,0.08853630824281702,0.7303544400380811,0.015642130411537305,0.005924,False,13.003938410788018,Basic
user_3284,0.19080301820949844,0.047635494022146556,0.5516158672950694,0.01647703877318709,0.00624,False,14.986206400216702,Basic
user_3285,0.362532468671016,0.11740983905129396,0.5701219343181481,0.07465925486350358,0.028274,False,1.823232790780508,Basic
user_3286,0.1765373236296472,0.05773851280260339,0.4545650133402871,0.02242364067050899,0.008492,False,13.958391342268106,Basic
user_3287,0.10588914790572412,0.27718600395460385,0.5814765267786812,0.050476654548287744,0.019116,False,10.390448564265302,Basic
user_3288,0.16916468451301445,0.018938412227483232,0.5018058246724337,0.00638436297890906,0.002418,False,1.9014360756840079,Basic
user_3289,0.2665302203272125,0.10004801903351969,0.6920376848447182,0.03853232438098877,0.014593,False,12.727736018218023,Basic
user_3290,0.12240579371339826,0.21731577657638304,0.7765693537425833,0.034254133246537144,0.012972,False,4.4555812190659765,Basic
user_3291,0.15324508384476243,0.2381410144576818,0.7960470212070646,0.04584394986128786,0.017362,False,10.22005921461918,Basic
user_3292,0.3276769321771438,0.20832850983777854,0.6843797708472812,0.0997464418098827,0.037775,False,5.338243984602401,Basic
user_3293,0.24956907115957733,0.12853010548038807,0.9108307971770236,0.0352174510789501,0.013337,False,1.9861911624305666,Basic
user_3294,0.027146131710919973,0.1605615559227003,0.6574064515872783,0.006630030986559626,0.002511,False,4.766423928716692,Basic
user_3295,0.2688374239395228,0.14521933154876573,0.4953091972219931,0.07882024242382905,0.02985,False,8.337325820056906,Basic
user_3296,0.10815180305596778,0.30870435715924904,0.583973196830693,0.0571720295027271,0.021652,False,9.388448314776209,Basic
user_3297,0.1027542325896285,0.11904943944737126,0.5362308656229948,0.022812625260628987,0.008639,False,2.8211374666966242,Basic
user_3298,0.18652449665279164,0.1980854711753629,0.8919723482444389,0.04142257647104811,0.015687,False,6.098593862322052,Basic
user_3299,0.24407040713644781,0.2086936360690386,0.813110719917233,0.06264330241192824,0.023724,False,16.328422224345175,Basic
user_3300,0.5040942761313743,0.08051965834395405,0.6822841761904148,0.05949060567969731,0.02253,False,17.29726050503418,Basic
user_3301,0.07652017219133858,0.17373071532371234,0.7294246269942989,0.01822519251409755,0.006902,False,10.168459644083265,Basic
user_3302,0.2189417718106513,0.2947745041710689,0.719250510766979,0.08973014445133852,0.033982,False,9.316870553544684,Basic
user_3303,0.28857130602320785,0.1350055391291665,0.48759078071100614,0.07990045400378808,0.030259,False,11.046773368446146,Basic
user_3304,0.17127370496060754,0.15196503167776645,0.6538928417771167,0.039804096844324864,0.015074,False,4.076819661845573,Basic
user_3305,0.42407770972020775,0.03101711583507445,0.6622547805987216,0.01986194412001524,0.007522,False,18.877851832702675,Basic
user_3306,0.42848738393730773,0.0900524927618417,0.6808894740553928,0.05667051483515186,0.021462,False,14.16018169847445,Basic
user_3307,0.23164818343089955,0.32857267824177516,0.6230726017663212,0.12215793765279122,0.046263,False,4.53617170935139,Basic
user_3308,0.06159762752330091,0.09174973512071198,0.8262075601982249,0.0068403707271465835,0.002591,False,5.17078173874601,Basic
user_3309,0.059627813867384374,0.20491597823007765,0.7690049421774765,0.015888963956145995,0.006017,False,12.319835363728968,Basic
user_3310,0.21927822138592415,0.1274327777601665,0.9112834134207718,0.030663603048171232,0.011613,False,6.13408405460807,Basic
user_3311,0.2035244917247598,0.0656912846684444,0.77259585831117,0.017305018114020035,0.006554,False,6.751018667611716,Basic
user_3312,0.36827108190350255,0.02853668703812247,0.7619100251128358,0.013793277766511397,0.005224,False,14.837910733044732,Basic
user_3313,0.2080536435334651,0.21975192909360577,0.4760417772070078,0.09604238894678109,0.036372,False,5.071613944020358,Basic
user_3314,0.16798916751900464,0.14252769963299636,0.732293698090121,0.032696047599742144,0.012382,False,13.399582734055008,Basic
user_3315,0.22184321283519276,0.1218176773075286,0.8302107323600569,0.032551283500274704,0.012328,False,17.76281240517717,Basic
user_3316,0.16255306294469662,0.12771700012799914,0.35070055697427605,0.05919805129490364,0.022419,False,2.358567982966517,Basic
user_3317,0.12805879029259637,0.008481240438595704,0.6309686408862486,0.0017213175431693404,0.000652,False,2.7413996985227844,Basic
user_3318,0.4659415868583453,0.18783577903614976,0.7295609380297979,0.11996324966250108,0.045431,False,17.914588915424503,Basic
user_3319,0.24526152688963512,0.09217166591269954,0.552170646877202,0.04094053830198881,0.015505,False,3.866865887481822,Basic
user_3320,0.06630384845492612,0.4139750993264882,0.8638557025308775,0.03177398976407794,0.012033,False,0.3971158003761952,Basic
user_3321,0.18086002735575352,0.2057970629606489,0.5085073526481673,0.07319552459362227,0.02772,False,16.501650404381888,Basic
user_3322,0.3402726159393693,0.10415538641769329,0.8559592489563034,0.041405272323114556,0.015681,False,5.363754852970948,Basic
user_3323,0.22933168574392535,0.09711190008160527,0.9064947258038283,0.024568080891768738,0.009304,False,5.668724766173904,Basic
user_3324,0.11604648089999721,0.3038164923347441,0.8082917234631832,0.04361894814877928,0.016519,False,4.311501777517313,Basic
user_3325,0.46548573977920726,0.505659297233577,0.5884116265833407,0.40002131401743746,0.151493,False,17.435671064631105,Basic
user_3326,0.25747983109288164,0.31686742387243816,0.6506884908887236,0.12538560604641824,0.047485,False,14.713954293018237,Basic
user_3327,0.08735890303125322,0.16107345809737267,0.8522328435681479,0.01651098137443681,0.006253,False,11.339056663544083,Basic
user_3328,0.06546293201114622,0.14807555051047205,0.70209395852955,0.013806499226801277,0.005229,False,8.611907997839385,Basic
user_3329,0.11049854949591359,0.2002013139241775,0.4807862601099462,0.046012036181605556,0.017425,False,2.727072256445246,Basic
user_3330,0.024036172688586228,0.10363539390779956,0.62580119966552,0.00398049448602675,0.001507,False,17.593748639825694,Basic
user_3331,0.41193212432799414,0.24742873193400575,0.6243138025816095,0.16325739194598926,0.061828,False,14.24360834602393,Basic
user_3332,0.16677490101763742,0.04209365839059565,0.93569863602178,0.007502592652489905,0.002841,False,5.2987872214527245,Basic
user_3333,0.07410428054378965,0.4288825511509619,0.8141288578230012,0.0390380866436954,0.014784,False,18.002425243373263,Basic
user_3334,0.17065100507794542,0.14530709925758434,0.7477116496991401,0.03316358992566872,0.012559,False,17.76862788213308,Basic
user_3335,0.05188146426543733,0.2795425879940099,0.7774670937962084,0.01865426704925042,0.007065,False,12.530857718944807,Basic
user_3336,0.3405893172975218,0.08983690683924526,0.39165648927118324,0.07812328304693014,0.029586,False,18.715067583979778,Basic
user_3337,0.25469490171064735,0.3426193322707008,0.5893131640032945,0.14807644303083298,0.056078,False,3.5577166641350755,Basic
user_3338,0.29233064415400334,0.09722732265113321,0.37852622065654445,0.07508733691070783,0.028436,False,13.8964168321663,Basic
user_3339,0.1819527795532635,0.050369134091423864,0.859405387426342,0.010664122061267755,0.004039,False,2.891346159003102,Basic
user_3340,0.2255938840144609,0.257767704366576,0.8974218620047143,0.06479763872884313,0.02454,False,13.142132952273496,Basic
user_3341,0.15278834397282326,0.5755632349712662,0.6491564041549688,0.13546712773691982,0.051303,False,17.477184574467383,Basic
user_3342,0.23640068624489619,0.20613323968094785,0.8865942032038401,0.05496318286580996,0.020815,False,10.185853669138767,Basic
user_3343,0.277240607355301,0.037226835017912116,0.9125508906699358,0.011309824422728562,0.004283,False,14.498266113008912,Basic
user_3344,0.2021931829959507,0.15423477743251474,0.6243930098851845,0.04994485858111484,0.018915,False,2.7193128435984093,Basic
user_3345,0.39995001617404874,0.26409489352679355,0.38879744101273633,0.2716704015911069,0.102885,False,12.030696837405575,Basic
user_3346,0.3258039002400458,0.11041283912783392,0.6223123931778916,0.05780526632408229,0.021892,False,1.200646026513975,Basic
user_3347,0.079505250308896,0.3708729338337658,0.8702039529927499,0.033884407598748105,0.012832,False,0.7010596473298677,Basic
user_3348,0.0838510888482827,0.5240719353966831,0.711483258051457,0.061763930381423755,0.023391,False,12.047189070086745,Basic
user_3349,0.06069687599042591,0.17445741978013746,0.49878850154942317,0.02122947971156358,0.00804,False,10.883363023156974,Basic
user_3350,0.11625084525167625,0.1545118130206156,0.5818319205163933,0.03087168000180119,0.011691,False,6.2557716952313385,Basic
user_3351,0.24000819411947777,0.17352157098751117,0.48929432587195903,0.08511563836198177,0.032234,False,9.745662593377302,Basic
user_3352,0.49736141070205636,0.21086785083063936,0.6162796325263025,0.170178481042632,0.064449,False,13.002462851960365,Basic
user_3353,0.20753198793844396,0.1344039133428223,0.9061229136140261,0.030782922386866904,0.011658,False,12.249828536447533,Basic
user_3354,0.22906480937169765,0.1852768102880517,0.6654622327010401,0.06377581648378108,0.024153,False,1.399017717571437,Basic
user_3355,0.26570597649427663,0.007185559956434566,0.8325304636897912,0.0022933049397625667,0.000869,False,12.88426710795777,Basic
user_3356,0.23590488350333957,0.1176318031686101,0.8134892604096466,0.03411221041664986,0.012919,False,12.531128506198744,Basic
user_3357,0.10838800789696995,0.22615265000801063,0.6506255692096579,0.03767487226910706,0.014268,False,12.72266584169996,Basic
user_3358,0.14213489774821644,0.10579328539021195,0.7503934794915861,0.020038710639614852,0.007589,False,16.099711965631354,Basic
user_3359,0.2771469068171003,0.18426401960306857,0.934745797028569,0.05463325241259701,0.02069,False,10.95735021103943,Basic
user_3360,0.15587570675492804,0.21864202344936434,0.7180994437655916,0.0474599726087829,0.017974,False,17.820116305541017,Basic
user_3361,0.15600829677890024,0.06946363212997009,0.6305727757030122,0.017185808449454373,0.006508,False,18.620176312972333,Basic
user_3362,0.14316857109810505,0.11557169876752167,0.736248766458017,0.02247370145219825,0.008511,False,14.2850328043355,Basic
user_3363,0.2480263297136156,0.4254627722657835,0.9404920740703188,0.11220293370273761,0.042493,False,6.814953322344978,Basic
user_3364,0.07671582599814734,0.09274172575602713,0.6050979576262143,0.01175802695447579,0.004453,False,2.718869896582529,Basic
user_3365,0.14949954425572462,0.09238224006957045,0.8122136641521391,0.01700427288691453,0.00644,False,15.582658461535432,Basic
user_3366,0.47269016462137875,0.3315073356010172,0.6365506047278308,0.24617093421101946,0.093228,False,2.7860143827538772,Basic
user_3367,0.28152393909198603,0.26618713062525046,0.7635230413561378,0.09814772507207079,0.03717,False,2.777219018499042,Basic
user_3368,0.09211590982632506,0.30544851673242723,0.7435255716912291,0.03784223313249216,0.014331,False,17.46180856636461,Basic
user_3369,0.19475527304266546,0.34650553182199867,0.890481145353171,0.07578350177647257,0.0287,False,10.637580811755566,Basic
user_3370,0.09486657871976105,0.2864826894210234,0.7893585284391214,0.03443002340336965,0.013039,False,5.573326492006642,Basic
user_3371,0.5006476571175812,0.4017421611066602,0.8252811583567475,0.24371242416812752,0.092297,False,18.296693826416742,Basic
user_3372,0.07651292020642741,0.28700607407643564,0.7271403980049507,0.03020004514234238,0.011437,False,13.439283014702466,Basic
user_3373,0.09106658738387385,0.30841282188779245,0.8802438775883313,0.03190718380422177,0.012084,False,10.162045674853951,Basic
user_3374,0.23738676090020028,0.2825809347752977,0.5006547407376707,0.13398649276669344,0.050742,False,6.260124840669545,Basic
user_3375,0.11969467722215879,0.024641358934977334,0.6540015497883582,0.0045098356494597605,0.001708,False,12.855714096397493,Basic
user_3376,0.3565839233169871,0.15520365137713873,0.7340478716290065,0.07539443823788222,0.028553,False,13.887008185439559,Basic
user_3377,0.22623668850377832,0.1476726680943569,0.8861434500126804,0.03770154303087925,0.014278,False,13.530093427797915,Basic
user_3378,0.3645907579717395,0.058346765421228935,0.8991755721311088,0.023657995267495287,0.00896,False,3.7114153274979316,Basic
user_3379,0.07268066027490938,0.27623068333760425,0.5420221612606123,0.03704023541486405,0.014028,False,13.247640502334457,Basic
user_3380,0.06025351762169739,0.17074390879302592,0.5148033050965591,0.019984178453027655,0.007568,False,11.047490637067872,Basic
user_3381,0.21185266481598225,0.17171161449531994,0.4816555639985724,0.07552609339481438,0.028603,False,16.151448596538092,Basic
user_3382,0.280549243355788,0.19659343771881505,0.7076070674601966,0.07794458639127322,0.029519,False,11.87060721908869,Basic
user_3383,0.04476395822834615,0.20558403434775213,0.5000467938117379,0.01840378788514419,0.00697,False,2.7792569511967096,Basic
user_3384,0.26306852629977134,0.15088754498087734,0.6266816697584466,0.0633395964978675,0.023987,False,6.0521216064859455,Basic
user_3385,0.27037156573373494,0.10058625110363216,0.6868376904280957,0.03959547150830497,0.014995,False,14.132535640192016,Basic
user_3386,0.2649109545896206,0.06800315167553038,0.6661920795354996,0.02704142000311421,0.010241,False,14.059273848609685,Basic
user_3387,0.11248245505778469,0.2629537808341956,0.7692175149063912,0.03845165543137221,0.014562,False,4.2315809991745335,Basic
user_3388,0.3796905818487653,0.14075370480158958,0.8555234675550337,0.06246801882152584,0.023657,False,6.737273021717381,Basic
user_3389,0.05534435472869774,0.06440822125210956,0.8288050992478143,0.004300928466362353,0.001629,False,0.2910731892993573,Basic
user_3390,0.21152431345394082,0.013925430676640815,0.7733210212638866,0.003808983698144881,0.001443,False,6.302386414941967,Basic
user_3391,0.23194675473031914,0.13784612893971532,0.8352217690493853,0.03828080570277089,0.014497,False,0.5004413323770756,Basic
user_3392,0.09037840242402308,0.37469908605053265,0.8164698622137939,0.041476980785508974,0.015708,False,16.584543446706743,Basic
user_3393,0.04277861589776875,0.1455883377514853,0.6863590897821356,0.009074065853549534,0.003436,False,12.666297642159352,Basic
user_3394,0.3709165209851798,0.24839805099161083,0.5572640488288162,0.16533444259852148,0.062614,False,18.413807639075443,Basic
user_3395,0.19895457047131468,0.041714157721451865,0.8403125358513637,0.009876351926174424,0.00374,False,16.94656056661269,Basic
user_3396,0.2669240942506737,0.12911507875470354,0.6047954614271174,0.05698443134705438,0.021581,False,11.46603035647633,Basic
user_3397,0.18425657912688334,0.16419508968174137,0.5727084435182435,0.05282622576390521,0.020006,False,9.555644604073398,Basic
user_3398,0.22765945122790118,0.11560372457203959,0.8157384433516481,0.03226313619330883,0.012218,False,16.790765323958805,Basic
user_3399,0.1762502467663665,0.18011735895249106,0.8764301969335516,0.03622162845752522,0.013718,False,5.669886655029326,Basic
user_3400,0.2998841617047881,0.29129279740894143,0.803256037598579,0.10875000282945599,0.041185,False,4.246846575964429,Basic
user_3401,0.17442624799761822,0.16376939020780623,0.9112796727726896,0.03134677654324345,0.011871,False,7.790401245026166,Basic
user_3402,0.08958024890214546,0.06874287972478507,0.7842790909888852,0.007851802179542955,0.002974,False,1.0107590621476477,Basic
user_3403,0.08494508391282762,0.07602291124902348,0.6476431647586474,0.009971189270178307,0.003776,False,5.73746467328981,Basic
user_3404,0.3754047327309104,0.08925311628393268,0.3597799966219762,0.09312925281717563,0.035269,False,1.589926207091773,Basic
user_3405,0.055884810129919395,0.340322363514221,0.6651578593300761,0.02859298796696588,0.010829,False,1.0005578037992093,Basic
user_3406,0.26395869451451404,0.20992602572242192,0.8164912605636869,0.06786575970948634,0.025702,False,10.47545650072342,Basic
user_3407,0.12524121939288932,0.13734377790875388,0.7662334141076202,0.022448906435843,0.008502,False,13.455139064787794,Basic
user_3408,0.02756652813035631,0.09746193385809145,0.36076761895316717,0.007447140486537886,0.00282,False,10.196815888134577,Basic
user_3409,0.2867429265403115,0.18337474273674864,0.7337284453374355,0.0716633118424764,0.02714,False,1.3409701547490966,Basic
user_3410,0.27744957181446145,0.13777806023519829,0.6600316139967306,0.057916110390845904,0.021934,False,7.504417665151033,Basic
user_3411,0.16941859982433585,0.14494124958507545,0.8222924394049226,0.02986254328115142,0.011309,False,2.1080772724379133,Basic
user_3412,0.12885633464049978,0.24732974891841292,0.9124868800656017,0.0349265349337303,0.013227,False,12.351209254177398,Basic
user_3413,0.3855111782821777,0.28544855550229986,0.730599948611222,0.1506208824402687,0.057042,False,15.701722909174718,Basic
user_3414,0.20111574864087686,0.2183841525962918,0.5255599794730141,0.08356894370980525,0.031649,False,2.2174087295600318,Basic
user_3415,0.14998170823114862,0.2702672516941561,0.5913535300842879,0.06854638050820412,0.025959,False,1.270202544604785,Basic
user_3416,0.062286213569473156,0.03694933035204598,0.7426144632105082,0.0030990964969990994,0.001174,False,7.7130868891889595,Basic
user_3417,0.07991396541608368,0.22600346367249802,0.4902588153763903,0.03683938445038085,0.013952,False,5.765999853817247,Basic
user_3418,0.2998628611878753,0.3396006906009979,0.7285674102407509,0.13977242642701146,0.052933,False,4.953107165167961,Basic
user_3419,0.1557395022162445,0.13805840568264538,0.7922697240340305,0.027138670992380355,0.010278,False,4.016526583123111,Basic
user_3420,0.007707496286889051,0.024204201381823078,0.6826564527092908,0.0002732762453751538,0.000103,False,6.0215753161889065,Basic
user_3421,0.12039401793157116,0.14367892593869014,0.5642184348533851,0.030658486354396657,0.011611,False,18.342114291317724,Basic
user_3422,0.3138016209204817,0.2559869858374669,0.8702860255525297,0.09230198892294739,0.034956,False,16.29574794514805,Basic
user_3423,0.25053900645804805,0.33374276696393307,0.6693398495010883,0.12492246100397121,0.04731,False,11.425784697706103,Basic
user_3424,0.1425529426726829,0.09944824772200143,0.7778442931661277,0.018225550384523385,0.006902,False,15.209016650702027,Basic
user_3425,0.44694608634373656,0.1194703549835172,0.7992440301654761,0.06680914161213643,0.025301,False,0.2799752173060247,Basic
user_3426,0.07338376362774987,0.2804997128216058,0.612137927613561,0.033626612066990025,0.012735,False,2.117651055701025,Basic
user_3427,0.06333997590493774,0.11524067169661333,0.8221504940198333,0.008878351860913972,0.003362,False,5.556769375213673,Basic
user_3428,0.0564983680490246,0.24073383840259122,0.5540999317385493,0.024546238367597638,0.009296,False,12.234080996435548,Basic
user_3429,0.10416312128176984,0.11313359604629701,0.5021016889912827,0.023470043507895447,0.008888,False,16.78486576448833,Basic
user_3430,0.2723513406826325,0.08732223223723236,0.757135206478638,0.031410937990612946,0.011896,False,4.391663011253259,Basic
user_3431,0.12371516679376598,0.10040121562492396,0.6605512114736434,0.01880422429265342,0.007121,False,2.6448466751058337,Basic
user_3432,0.16121644394114132,0.060058437431885305,0.7381553191600073,0.013117033041837716,0.004968,False,16.11046771524736,Basic
user_3433,0.03734816296975469,0.2729705431150544,0.726031918430544,0.014042011200061039,0.005318,False,7.7735772402039975,Basic
user_3434,0.33525314263970196,0.020427212293790197,0.7613960017895361,0.00899438281888235,0.003406,False,13.290660363257285,Basic
user_3435,0.2773923035146212,0.10470787541212273,0.6890618258786549,0.04215174555585611,0.015963,False,10.412545643800888,Basic
user_3436,0.1578470997034418,0.20886796962243445,0.6368704398219186,0.051767519992083,0.019605,False,3.3423166541346068,Basic
user_3437,0.14038041885152,0.2580691145968708,0.6986109880948287,0.05185697193018114,0.019639,False,13.310931034419573,Basic
user_3438,0.1704482675626469,0.3071774381141133,0.7145196881078973,0.07327700416419652,0.027751,False,7.994785536737944,Basic
user_3439,0.17347778337837527,0.08454271137558504,0.8256924356019505,0.017762403454189522,0.006727,False,5.467222225241944,Basic
user_3440,0.16900408402393222,0.3747769529434012,0.7000536833954234,0.09047711218127123,0.034265,False,17.15126741641083,Basic
user_3441,0.23239974922272516,0.27857832727697385,0.8504449787207291,0.07612665724176725,0.02883,False,0.11373062332988892,Basic
user_3442,0.1724764180234933,0.28072347210378135,0.7705270745924708,0.06283773863389092,0.023797,False,7.692524907710218,Basic
user_3443,0.08033896275677,0.5170600088391515,0.7112060865499537,0.058407915200295556,0.02212,False,5.709727892131205,Basic
user_3444,0.21888363300979066,0.18805465834614613,0.7118380390831691,0.05782507334988059,0.021899,False,1.0351103268476947,Basic
user_3445,0.13313343769661737,0.2177733841250308,0.7663580191088291,0.03783208180049601,0.014327,False,1.5280421237195503,Basic
user_3446,0.19331594513156655,0.24112459854308266,0.717353775255806,0.06497941639075289,0.024608,False,3.2734509843573174,Basic
user_3447,0.05680024034250069,0.1120228895299493,0.7977489837338038,0.007976101729871626,0.003021,False,9.594994806708957,Basic
user_3448,0.14873657740871854,0.5481595405423504,0.9354224714539803,0.08715994796177608,0.033009,False,5.370227514626954,Basic
user_3449,0.10362651841029306,0.15955610640797602,0.6591256157255733,0.02508511792544994,0.0095,False,15.91932122791825,Basic
user_3450,0.24809423375714573,0.238487838098674,0.7963510707465066,0.07429820794743787,0.028138,False,4.559542111406705,Basic
user_3451,0.19480644213093337,0.10859586509768086,0.6644911050410709,0.03183665507230899,0.012057,False,13.684202770662296,Basic
user_3452,0.11682695166110331,0.027618333738620594,0.9497813343939984,0.0033971669307448914,0.001287,False,3.9971568547599445,Basic
user_3453,0.12761560786189494,0.2333628936554057,0.5235590652448421,0.05688135208263158,0.021542,False,0.8084986927106427,Basic
user_3454,0.23679309966681927,0.22009601156786837,0.5595777723323412,0.0931366815844617,0.035272,False,5.027812780209545,Basic
user_3455,0.23979848673505297,0.051289060232058835,0.7653845797333223,0.016069096968214285,0.006086,False,15.913801987238086,Basic
user_3456,0.1801417004116649,0.13323140930572308,0.9277292391822963,0.025870191007162414,0.009797,False,1.5627717222113278,Basic
user_3457,0.2595522419682472,0.05023514392885862,0.7037613181539473,0.018527082827647888,0.007016,False,6.5454175939175645,Basic
user_3458,0.3498756887982055,0.12696976156757422,0.6575337068140102,0.0675609969871318,0.025586,False,0.15231948285450425,Basic
user_3459,0.09239000490100914,0.1676925327538253,0.757219211164565,0.020460539952705276,0.007749,False,11.974646833454473,Basic
user_3460,0.042628082064558495,0.06012969273928765,0.7466342294009162,0.0034330243319593188,0.0013,False,17.91243590980408,Basic
user_3461,0.25864584844933947,0.06602064009065634,0.6815334376743336,0.025055211567735176,0.009489,False,7.3029573502015435,Basic
user_3462,0.11036603181063696,0.2428516449615578,0.7671206202642116,0.03493918904677789,0.013232,False,10.961440722722303,Basic
user_3463,0.24236623613081912,0.14898883850528788,0.8509375605222423,0.042435386201388876,0.016071,False,8.593405625568764,Basic
user_3464,0.242412916994916,0.4154380110286526,0.5451356051509545,0.1847385111749115,0.069963,False,18.493284057884985,Basic
user_3465,0.23335489420931105,0.2873202838259955,0.5512390048546687,0.12163071525405056,0.046063,False,13.983974571464165,Basic
user_3466,0.1078793016100481,0.12667752554175435,0.7590610520658015,0.018003667752338873,0.006818,False,0.8402370320288702,Basic
user_3467,0.01993534123406194,0.550577899162608,0.4872554068067537,0.022526088253531928,0.008531,False,2.065768654625393,Basic
user_3468,0.06538546077826374,0.40330110933613617,0.6233944380312942,0.04230071245038028,0.01602,False,8.93913580916517,Basic
user_3469,0.08167912277628049,0.19972836438814182,0.8423049114167014,0.01936785287091139,0.007335,False,12.003172656251456,Basic
user_3470,0.24341683152131388,0.07859376539909667,0.7589800681835781,0.02520625527961858,0.009546,False,5.51752188800215,Basic
user_3471,0.3622424724716046,0.25195556669212166,0.4846259378207878,0.18832877134465148,0.071322,False,12.818249483317551,Basic
user_3472,0.09769006208508876,0.2905159648704187,0.8157778682333439,0.034789522675286344,0.013175,False,10.953982527373284,Basic
user_3473,0.20266412541100556,0.13471974328927425,0.5301164704764758,0.05150351002068616,0.019505,False,8.266758980560834,Basic
user_3474,0.14287655321170473,0.21669887358330334,0.5064185537537698,0.061137547021026466,0.023154,False,11.063643490601175,Basic
user_3475,0.1070423170171296,0.14149584456617134,0.4107485629732011,0.03687424477160446,0.013965,False,17.4128070614842,Basic
user_3476,0.28198625214285017,0.33556244824623915,0.67296741271631,0.14060710125458176,0.05325,False,4.6208786360537735,Basic
user_3477,0.32265581033946805,0.295116353744894,0.9084716507263483,0.10481450487294351,0.039694,False,15.033026739088342,Basic
user_3478,0.2004906472540216,0.1475329656354547,0.6000263928382725,0.0492961311779,0.018669,False,0.22718596931141555,Basic
user_3479,0.26340662155480965,0.3181324802752263,0.7045431456355505,0.11893977303626627,0.045044,False,1.6111681897476218,Basic
user_3480,0.20142480708683388,0.13582502195259055,0.6014783694866243,0.04548547417875836,0.017226,False,18.044025028593516,Basic
user_3481,0.17970753505015438,0.11793448061590589,0.7168605104453972,0.029564628683112503,0.011196,False,13.256844632006842,Basic
user_3482,0.36488413138661113,0.17615419988794084,0.6192770927946437,0.10379178071346659,0.039307,False,12.033026966203535,Basic
user_3483,0.07517988489041431,0.42441918292950265,0.67277537299759,0.04742710063205301,0.017961,False,6.34705008769432,Basic
user_3484,0.07484691252642199,0.0734581748980328,0.8523075128719486,0.0064508613474696785,0.002443,False,3.502406418418736,Basic
user_3485,0.02212697419589476,0.19210672237252377,0.6893066837027628,0.006166689790328105,0.002335,False,7.21840537789792,Basic
user_3486,0.2492181040680861,0.137675968822981,0.5643317917247698,0.060799948592182525,0.023026,False,11.369413665291177,Basic
user_3487,0.2806438525781568,0.30712315789266237,0.837544256057057,0.10291065292804605,0.038973,False,12.053255175974096,Basic
user_3488,0.1897536451078008,0.017541231728415943,0.7305774833621371,0.004556002252943288,0.001725,False,3.221462632372897,Basic
user_3489,0.24333836208133316,0.08773312484157532,0.78080610312266,0.027342044092440048,0.010355,False,8.46453648471768,Basic
user_3490,0.09557570233537975,0.1867075418539504,0.6450643286068287,0.027663449446264594,0.010476,False,10.768410920111357,Basic
user_3491,0.14178976949017713,0.021985604553359614,0.8355458720553088,0.0037308948628456597,0.001413,False,18.239255379244447,Basic
user_3492,0.1362594935293324,0.5260548703830226,0.7913656672358901,0.09057755873766368,0.034303,False,10.439038987123762,Basic
user_3493,0.07380846088577112,0.3648070919656747,0.8315686383275999,0.03237958809071014,0.012263,False,11.031388792045524,Basic
user_3494,0.09045842728744913,0.1195553829040698,0.6170957349346099,0.01752530652702845,0.006637,False,14.538585009893993,Basic
user_3495,0.21864438965366545,0.08955633156213189,0.5506429023973269,0.035560232173653956,0.013467,False,7.959326969271624,Basic
user_3496,0.08830027464960019,0.03832681249892311,0.5441128880854115,0.006219790312276887,0.002356,False,7.293488981010999,Basic
user_3497,0.2523163820892715,0.17875341658967137,0.7099994977327696,0.06352457361452661,0.024058,False,11.227274960225248,Basic
user_3498,0.3378044820392186,0.2574798717335893,0.7422632349622227,0.11717925745159169,0.044377,False,14.88284840110702,Basic
user_3499,0.15314996286786084,0.1031520045532285,0.69189617882591,0.022832508908894072,0.008647,False,12.114052610644567,Basic
user_3500,0.15318653668591675,0.03444175992710318,0.7957693744823251,0.006630079128180768,0.002511,False,3.5364918414730537,Basic
user_3501,0.05573735009356571,0.18252923350800374,0.5628477311119983,0.01807539628923439,0.006845,False,7.556305333333024,Basic
user_3502,0.07120431503455683,0.10735787754114456,0.7592142147770546,0.010068757914557505,0.003813,False,9.739339168254237,Basic
user_3503,0.05073468455063953,0.15345912606018203,0.7265604724177795,0.01071583253926771,0.004058,False,9.951143308978564,Basic
user_3504,0.2014501682594862,0.15444916555094193,0.6972437228541678,0.044624009321174066,0.0169,False,6.452307640027168,Basic
user_3505,0.27857537027141593,0.1657793090775732,0.6376455664934703,0.07242586608668498,0.027429,False,9.925878202352486,Basic
user_3506,0.09128104234770694,0.3545833595760583,0.7255796997976849,0.04460810944721754,0.016894,False,12.78653244718956,Basic
user_3507,0.2673563540177261,0.38382053369552893,0.7084973237886465,0.14483732688958792,0.054852,False,8.89148155033032,Basic
user_3508,0.37519253148810155,0.4285908914178829,0.35725244123184213,0.4501133735275508,0.170463,False,8.575599909202257,Basic
user_3509,0.1686320056352767,0.16779494702138667,0.7666736473801893,0.03690696628007327,0.013977,False,15.230073668340186,Basic
user_3510,0.21106733054083532,0.03844306512122657,0.7298066530785648,0.011118116145854446,0.004211,False,14.379922535982855,Basic
user_3511,0.16149380684573866,0.2125446753924516,0.7349965823808149,0.04670041953492321,0.017686,False,8.025694110345118,Basic
user_3512,0.21081700033255568,0.32172934594233815,0.6321069105882176,0.107301493615063,0.040636,False,18.924253498857084,Basic
user_3513,0.026333091448934805,0.23083423389328417,0.9142156712515351,0.006648955144616213,0.002518,False,1.2629487599831541,Basic
user_3514,0.15711554604355468,0.2169820042765305,0.8582365892218113,0.039722433780693914,0.015043,False,6.193919001233947,Basic
user_3515,0.01139629828087978,0.34289452650708613,0.5842677257769772,0.006688249462622934,0.002533,False,0.6997795842334371,Basic
user_3516,0.2519633494526897,0.326148645978378,0.7889761002501529,0.1041571541065901,0.039446,False,15.949918265383962,Basic
user_3517,0.3117310154265622,0.31938199590559857,0.6353169361164719,0.15671119126967822,0.059348,False,14.35697429972285,Basic
user_3518,0.15851353766576332,0.18564539455591247,0.7091599439186097,0.04149601016634901,0.015715,False,12.989855437627382,Basic
user_3519,0.36971577525761384,0.3318170252679137,0.7714574917888216,0.15902106084437864,0.060223,False,4.074972241409729,Basic
user_3520,0.4296410567432704,0.09460895006294329,0.6552493170240045,0.06203423372805309,0.023493,False,13.446658118308362,Basic
user_3521,0.1544820874649051,0.30326964690589714,0.8034017760652356,0.05831419535592803,0.022084,False,6.750923391830042,Basic
user_3522,0.27576160100765107,0.19078843710371593,0.8009860450510778,0.06568419661557678,0.024875,False,16.502820534440016,Basic
user_3523,0.39175136018604095,0.15180537758137883,0.677261858353235,0.08780940845489534,0.033254,False,3.790531252983781,Basic
user_3524,0.10744353918993464,0.12900093847592609,0.9207541923988306,0.015053222133658041,0.005701,False,4.138974479338586,Basic
user_3525,0.059487297798911765,0.04842474790001318,0.7538041584769672,0.0038214931116665237,0.001447,False,18.251139516554186,Basic
user_3526,0.21109540171592475,0.10589988525231893,0.7082852440835047,0.031562112871538255,0.011953,False,9.82338280743354,Basic
user_3527,0.21585873765846175,0.27153844229346497,0.519555561477377,0.11281554798978825,0.042725,False,8.481329056769619,Basic
user_3528,0.18743781338789992,0.32587180496223617,0.931606150880439,0.06556493697381004,0.02483,False,6.683225373661367,Basic
user_3529,0.13670728240780916,0.09397874982005729,0.7429739886325671,0.017292098631379007,0.006549,False,15.79303789530917,Basic
user_3530,0.15021638008135454,0.05990097577231216,0.8945824953601952,0.010058443788612979,0.003809,False,6.701443404667768,Basic
user_3531,0.03222755754711994,0.24189707688988707,0.6711483956806318,0.011615541385661848,0.004399,False,6.766982442088587,Basic
user_3532,0.1694673162557244,0.19828740826584496,0.8404032897921339,0.03998465419433014,0.015143,False,2.3433488637516042,Basic
user_3533,0.40411897877484343,0.05512692559512796,0.6358054488912444,0.03503876368683111,0.01327,False,9.89380130331975,Basic
user_3534,0.2566728308963884,0.12538027063827425,0.8472412531662823,0.03798411477606025,0.014385,False,17.551249829315566,Basic
user_3535,0.04765803963884367,0.3934932910721563,0.5229766497523226,0.03585842479280327,0.01358,False,18.193245357814536,Basic
user_3536,0.10819153493557043,0.1088228464676439,0.5382554172915386,0.02187383613273556,0.008284,False,18.914795297249647,Basic
user_3537,0.11216864000924666,0.2771707875188439,0.714725556742096,0.043499032590909814,0.016474,False,8.98834023420254,Basic
user_3538,0.3022662279530021,0.1169869708410338,0.8468745628415199,0.04175495633865728,0.015813,False,14.724013584288501,Basic
user_3539,0.44000968120602574,0.2658529515216172,0.8863001418802433,0.13198449026369874,0.049984,False,10.498159913422315,Basic
user_3540,0.06951234224483287,0.3734770397752876,0.7924427447801562,0.032761059370477505,0.012407,False,10.411197178844887,Basic
user_3541,0.2464539221539749,0.22562417081675193,0.670746077365804,0.08290165788058892,0.031396,False,15.318577303575006,Basic
user_3542,0.26708888835972494,0.045704964146913184,0.8142244860857318,0.014992533723967114,0.005678,False,15.871801595247204,Basic
user_3543,0.028262704124381203,0.2977181836311411,0.798293511751863,0.01054038497438094,0.003992,False,0.37607183391175836,Basic
user_3544,0.10548027187279682,0.18259474246327262,0.5941520888141194,0.03241618339844776,0.012276,False,17.913007230538533,Basic
user_3545,0.3494076603758377,0.41922090520869565,0.8177396731322498,0.17912668356732853,0.067837,False,15.636687100519447,Basic
user_3546,0.018499204420064076,0.06328572420969486,0.8843983637663207,0.0013237649423515664,0.000501,False,13.701066521605782,Basic
user_3547,0.07404139257191593,0.13881031095914276,0.7214346385114786,0.014246209120151758,0.005395,False,16.188615081703492,Basic
user_3548,0.45247707701861456,0.5647734268609059,0.9117945542184176,0.2802682119360339,0.106141,False,10.208001901414935,Basic
user_3549,0.22708509844095928,0.09982572286388328,0.8510746973554876,0.02663565745042495,0.010087,False,14.692006905138637,Basic
user_3550,0.1151741004023073,0.05674230578303111,0.733591582987659,0.008908559169527968,0.003374,False,11.374331080867986,Basic
user_3551,0.13488738217700194,0.23819310620253556,0.7415832238057966,0.043325204126627506,0.016408,False,10.315683755696282,Basic
user_3552,0.268270705949243,0.23940770776428535,0.6045204921238159,0.10624300682674019,0.040235,False,4.020546724089651,Basic
user_3553,0.3712917604066441,0.1141624888057131,0.7073226024790582,0.059926815985400374,0.022695,False,16.100885563064534,Basic
user_3554,0.34022880490858204,0.3027379565806581,0.7242355064342388,0.14221917077087687,0.05386,False,16.793549315707644,Basic
user_3555,0.05938433482544394,0.1954067199600166,0.8817244277877423,0.013160685719417135,0.004984,False,18.45265986463175,Basic
user_3556,0.17396853492836728,0.23525716484565695,0.5721487351376889,0.07153270082778575,0.02709,False,2.288334652776717,Basic
user_3557,0.11238875180858075,0.2671069969797131,0.38490694206692205,0.07799241507228749,0.029537,False,5.53990969481415,Basic
user_3558,0.10905497369005013,0.261503381811764,0.8093591010837804,0.035235588733299496,0.013344,False,13.022707911677024,Basic
user_3559,0.17510469152532954,0.3313180016504145,0.778861935603024,0.07448731774376265,0.028209,False,16.2493576408863,Basic
user_3560,0.2629732007841272,0.2902446263404448,0.839335849340467,0.09093685020020963,0.034439,False,14.274779331417433,Basic
user_3561,0.07820612849687084,0.04307836474527446,0.787562312833106,0.00427774675578964,0.00162,False,8.656249892054657,Basic
user_3562,0.08969562086568673,0.13972447949127612,0.8324427635176347,0.015055298078568051,0.005702,False,13.793570578458842,Basic
user_3563,0.1642921034483095,0.2394953834544516,0.7343535447458245,0.05358073178159741,0.020292,False,1.3703732234512538,Basic
user_3564,0.3726651223232722,0.1307238332894684,0.514611491918379,0.09466600355499546,0.035851,False,12.588230500946807,Basic
user_3565,0.2281460705731246,0.1589528259506819,0.6903673542899392,0.05252922581259771,0.019893,False,0.1522443648742723,Basic
user_3566,0.07650296069541038,0.2835932016112292,0.8275074802516195,0.026218155212025952,0.009929,False,0.9034266439935926,Basic
user_3567,0.3731507673340046,0.15293873701928595,0.7711981591561895,0.07400070448337515,0.028025,False,14.38861560464676,Basic
user_3568,0.1620112107479204,0.17086111832959738,0.7057505152107927,0.03922266587655826,0.014854,False,9.074913864664023,Basic
user_3569,0.1856049773428964,0.17461505043712539,0.6921652900848533,0.046823241419890124,0.017733,False,1.1314686976551156,Basic
user_3570,0.21538303805952452,0.2563699616621431,0.8293325876787694,0.06658093752778474,0.025215,False,9.15536269107322,Basic
user_3571,0.1079232965683814,0.5223157071074958,0.6477948326656604,0.08701834302772184,0.032955,False,1.1923322789401043,Basic
user_3572,0.07893320951776248,0.17513441728995138,0.7599391394500777,0.018190827312464148,0.006889,False,6.57461262102238,Basic
user_3573,0.018302897712894915,0.15628131313061197,0.7490803041665139,0.0038185503914018944,0.001446,False,2.9900795050915305,Basic
user_3574,0.013536983676955843,0.0937051950739232,0.8204951974539221,0.0015460001473474778,0.000585,False,4.168076842445947,Basic
user_3575,0.26029307122553996,0.2473538403029498,0.835543599667888,0.07705700911056958,0.029182,False,3.716506479479179,Basic
user_3576,0.14872501414239797,0.1049584527770162,0.849803795301628,0.018368884041151376,0.006957,False,7.0635905741581455,Basic
user_3577,0.0020816440977189108,0.1368278313762527,0.8637029981868224,0.0003297740637533895,0.000125,False,2.050258017930275,Basic
user_3578,0.46707128979394147,0.2985787746571412,0.8207127424149595,0.16992251512246484,0.064352,False,10.026992548860356,Basic
user_3579,0.22030657267921244,0.15266984241981532,0.52457212313326,0.0641173410704493,0.024282,False,7.734919261321466,Basic
user_3580,0.13383846267169716,0.5642044810528871,0.8256707299726463,0.09145565857603156,0.034635,False,15.957435824981284,Basic
user_3581,0.4693562125703892,0.38974153469693784,0.3680821674964984,0.49697493320826486,0.18821,False,15.692576753138992,Basic
user_3582,0.22294942119299052,0.11944127920648467,0.7028527049607388,0.037887545822454564,0.014348,False,15.661277862573732,Basic
user_3583,0.149752089154261,0.3439547758248373,0.7943823173019616,0.06484024774027745,0.024556,False,8.92314624655985,Basic
user_3584,0.03331341364063354,0.14370215863467434,0.7112022047513415,0.006731151028029507,0.002549,False,5.524983566748955,Basic
user_3585,0.1494493148617579,0.07174598366084502,0.7970952900960143,0.013451827197353777,0.005094,False,7.892624207893677,Basic
user_3586,0.18538968569981684,0.16931871672122933,0.7485419211473712,0.041934783863447844,0.015881,False,13.060063035009474,Basic
user_3587,0.11548256152716918,0.29989689246073525,0.6677147589809627,0.05186774871991578,0.019643,False,10.065940773165885,Basic
user_3588,0.1815318943612725,0.1211249713580037,0.8240831054085106,0.026681830219263476,0.010105,False,11.861777996294462,Basic
user_3589,0.2965943787156741,0.15434296822762322,0.44311535148851694,0.10330776538621284,0.039124,False,13.180637033705237,Basic
user_3590,0.13795590706033767,0.17341899001007494,0.658888853173147,0.03630987829451195,0.013751,False,17.448902603908714,Basic
user_3591,0.04042392520691403,0.25240313590433694,0.9544933486076348,0.010689572119775649,0.004048,False,17.93554082604681,Basic
user_3592,0.08845818262765964,0.05677423009246329,0.8878314039996843,0.005656642907019398,0.002142,False,15.968929971766213,Basic
user_3593,0.4964885346464553,0.35153560184018545,0.6044218356049766,0.2887609043094875,0.109357,False,1.2361684337089582,Basic
user_3594,0.0348110511596713,0.10954630309110726,0.6163163725644047,0.0061874422472184,0.002343,False,18.607365088260917,Basic
user_3595,0.19087934481930444,0.38549446180888036,0.624256601062792,0.11787289101352727,0.04464,False,13.368983797235204,Basic
user_3596,0.16088704357675643,0.26783153444689156,0.7140029931753669,0.06035076066299215,0.022856,False,13.17445083339486,Basic
user_3597,0.2731842550280307,0.3845672437998843,0.5746828722789763,0.18280989581094528,0.069232,False,0.43901366197796654,Basic
user_3598,0.1382032778475337,0.12212827741158536,0.8329767824589553,0.020262903614586266,0.007674,False,9.108598504610773,Basic
user_3599,0.12647300614963936,0.13142598125005803,0.5103486354872159,0.03256957651898601,0.012334,False,11.90349410079758,Basic
user_3600,0.325732873088847,0.2635153450435362,0.9162467630962498,0.0936817611818543,0.035478,False,5.2916786731576675,Basic
user_3601,0.25536178234353457,0.3164930935455954,0.7574776169929953,0.106696539480677,0.040407,False,1.5815606229804118,Basic
user_3602,0.15150265164483495,0.17567477397334388,0.7241321988366313,0.0367546065854105,0.013919,False,10.116452361375291,Basic
user_3603,0.166152523065007,0.3855272638854327,0.352290940040673,0.18182791643043078,0.06886,False,8.479596606658971,Basic
user_3604,0.4205343822037387,0.08816814730906172,0.8198983575486974,0.04522235837807771,0.017126,False,0.8375261586330619,Basic
user_3605,0.18118931148915232,0.16156303685532944,0.6627717229383309,0.04416829263646407,0.016727,False,9.868943835238923,Basic
user_3606,0.3365744375387532,0.25255098939888954,0.8339213499351138,0.10193072429840148,0.038602,False,2.046619898983459,Basic
user_3607,0.3564919149702125,0.1390352381683451,0.7760592890589928,0.06386746348088,0.024187,False,8.066464735020512,Basic
user_3608,0.09288043155345352,0.02863044600567456,0.9060474650724933,0.002934954605675253,0.001112,False,5.137845294536373,Basic
user_3609,0.08420130949086743,0.11939587056532883,0.9606541469546386,0.010465044762751136,0.003963,False,18.438945416178026,Basic
user_3610,0.21546573227381532,0.12867473891056572,0.41784769458996107,0.06635192009785745,0.025128,False,0.6599315006766485,Basic
user_3611,0.34596754242295585,0.16860642370327444,0.6547973024757113,0.08908459125411441,0.033737,False,10.640441485728438,Basic
user_3612,0.10668391544921658,0.1658802143519337,0.6612898534091752,0.026760959163953324,0.010135,False,2.886486120013182,Basic
user_3613,0.2751052934005667,0.15959366812526038,0.6558254459199778,0.0669462631674551,0.025353,False,6.066588119853964,Basic
user_3614,0.25016389050976806,0.10686077655936013,0.5760408026288042,0.04640766328528795,0.017575,False,3.494118459085069,Basic
user_3615,0.01783966851018787,0.23667188017743912,0.5351341423467099,0.007889886953452722,0.002988,False,18.90779071453475,Basic
user_3616,0.2833626797753555,0.0804708830376916,0.6144807033603378,0.03710848027733412,0.014053,False,0.6148792751509455,Basic
user_3617,0.11789339208794948,0.24839878547550473,0.8391337633350143,0.034898578379026095,0.013217,False,10.285772723672677,Basic
user_3618,0.18236270119747214,0.4457272783519642,0.6416671433286926,0.12667631703252752,0.047974,False,11.552811578509353,Basic
user_3619,0.0347137407084092,0.34592743928638375,0.672426015087599,0.01785837424768153,0.006763,False,14.671190018215505,Basic
user_3620,0.12686796282624918,0.08281512554328745,0.7779630627309805,0.013505250791720592,0.005115,False,11.893686810304018,Basic
user_3621,0.15639362919209018,0.17904798238499472,0.7052857501291955,0.03970300514306622,0.015036,False,4.395591228890873,Basic
user_3622,0.22627387691561757,0.2904313465709418,0.7867666745243813,0.08352797454996148,0.031633,False,11.362738776940292,Basic
user_3623,0.13984288799941824,0.18113497840714554,0.9397171485181453,0.02695538603090458,0.010208,False,18.52437065683197,Basic
user_3624,0.15635707227237106,0.3219330024339676,0.7296014438468204,0.06899177921445755,0.026128,False,16.12058360349044,Basic
user_3625,0.24798505840122118,0.1696607689736484,0.6572773823103764,0.06401153734278144,0.024242,False,8.616445163248839,Basic
user_3626,0.20314989214431953,0.24900092321338252,0.8766611297342735,0.05770132720492287,0.021852,False,9.070756137701732,Basic
user_3627,0.06793656908426213,0.1492667043501981,0.8813602872623594,0.011505700811147091,0.004357,False,2.5252595548243537,Basic
user_3628,0.05893780982646508,0.22003521701464443,0.8845595231779003,0.01466084919751174,0.005552,False,10.828577333883297,Basic
user_3629,0.3279600264816483,0.15505723268950608,0.8801359991861007,0.057778086779823865,0.021881,False,5.324624466932576,Basic
user_3630,0.2909064122857681,0.12175560538719465,0.6105198432975002,0.05801529094871856,0.021971,False,2.0541708530692766,Basic
user_3631,0.22738126641673045,0.3420608643604674,0.6526738902833092,0.11916859811279255,0.045131,False,9.009978702870871,Basic
user_3632,0.19946744622796042,0.020663851972525637,0.5153144975093626,0.007998544194106248,0.003029,False,0.8563543964210861,Basic
user_3633,0.13309678356944815,0.02866099901598009,0.7383000519134749,0.005166851570750168,0.001957,False,2.282503125167899,Basic
user_3634,0.10352409901596568,0.05767735970593506,0.6068758018121985,0.009838910497578963,0.003726,False,4.16183573160511,Basic
user_3635,0.23736930022345742,0.3880613596296614,0.731435077685547,0.12593578868343125,0.047693,False,18.822057720704777,Basic
user_3636,0.09823543775273094,0.08810883669819945,0.5979534789149324,0.014475056084025,0.005482,False,15.361150405135499,Basic
user_3637,0.19568898123259648,0.6065570595947155,0.6069749044912814,0.19555426785068036,0.074059,False,10.293408390947414,Basic
user_3638,0.27179637640519483,0.03946644111200737,0.8573918754050226,0.012511006917094204,0.004738,False,4.418742300396728,Basic
user_3639,0.07991842146936826,0.03360696223175025,0.5269135537807226,0.005097259982535714,0.00193,False,9.859477888146303,Basic
user_3640,0.15475555265051025,0.1241855356133418,0.5956258522459703,0.032265894978490424,0.012219,False,12.330944635483363,Basic
user_3641,0.24020536826729375,0.17788771581442409,0.8020464154284974,0.05327570009100151,0.020176,False,0.08671442342835489,Basic
user_3642,0.16408419116335643,0.20919336633014332,0.8431971648839136,0.04070853857264451,0.015417,False,18.76997847755063,Basic
user_3643,0.03075529313126575,0.11817098740941162,0.7091673709298316,0.005124859809359689,0.001941,False,11.90883901003361,Basic
user_3644,0.3827476250885114,0.4257842533618939,0.5481725357369532,0.29729309870524395,0.112588,False,18.776683016789985,Basic
user_3645,0.19660032041224862,0.31730858424389297,0.8727604754926688,0.07147776633295805,0.027069,False,8.912250068864514,Basic
user_3646,0.09584319323686036,0.13586280926739172,0.36096063855357097,0.03607464108689727,0.013662,False,11.84663966068322,Basic
user_3647,0.3585570322070785,0.3188683267369826,0.6076570071633082,0.18815298688544965,0.071256,False,8.767754102150343,Basic
user_3648,0.05791297406974537,0.16114235554655884,0.7267402108307536,0.012841222928393708,0.004863,False,0.18018921276798627,Basic
user_3649,0.25304203347169174,0.10623516229980533,0.7451094809984155,0.036077867991314835,0.013663,False,16.147942605810695,Basic
user_3650,0.20394331125304024,0.2809025679780023,0.6868757499150535,0.08340402155702963,0.031586,False,8.531030599545472,Basic
user_3651,0.11119684772642452,0.13247731186759884,0.7094622209001274,0.02076369825056712,0.007863,False,8.947787646608747,Basic
user_3652,0.05443664361498257,0.23655873405924144,0.9600470199434088,0.013413367504388946,0.00508,False,6.83931864770562,Basic
user_3653,0.3136843187885044,0.15135087273124165,0.7295429665193314,0.06507690100455124,0.024645,False,8.220472883241209,Basic
user_3654,0.14582213203736874,0.32064554847827553,0.5311535669587412,0.08802956511261764,0.033338,False,13.785463616065678,Basic
user_3655,0.3286609462104148,0.2320231693717103,0.9606821662203531,0.07937792234497926,0.030061,False,13.311865145824148,Basic
user_3656,0.02421564293675472,0.2524642002121729,0.5895546033440562,0.01036983324695292,0.003927,False,15.359200157852817,Basic
user_3657,0.339626092491957,0.1694704525485097,0.7894452689007316,0.07290763509424665,0.027611,False,18.51867431435017,Basic
user_3658,0.34270414660896914,0.3530072639838572,0.7524662796655548,0.16077405249857174,0.060887,False,7.432139417936231,Basic
user_3659,0.22507484570369604,0.11210478810902955,0.6768538083460429,0.03727831265061815,0.014118,False,6.4402308393879455,Basic
user_3660,0.1348776746288096,0.2900918208628813,0.754614122599332,0.051850222590648955,0.019636,False,9.376976230757704,Basic
user_3661,0.1446849524251108,0.04849247582778084,0.784555062568095,0.00894281598942502,0.003387,False,2.9334016870749937,Basic
user_3662,0.19934058399687268,0.23142560279617047,0.8522378042069031,0.054131035475653504,0.0205,False,14.402562628543876,Basic
user_3663,0.18403263214553128,0.22669197093076668,0.7194288945360876,0.05798866352671158,0.021961,False,11.041620576769498,Basic
user_3664,0.12221874195338685,0.4209182143736827,0.7393146391660576,0.06958349246816771,0.026352,False,4.0154738004021935,Basic
user_3665,0.3350350277075216,0.28943877428376724,0.777400915207103,0.12473889066101658,0.04724,False,16.4166659881069,Basic
user_3666,0.08334015449280867,0.07218320974358781,0.5062787602258969,0.01188230738562535,0.0045,False,11.762187830404361,Basic
user_3667,0.34718377469565775,0.17487673631036044,0.8964342890667653,0.0677287405883313,0.02565,False,0.6467470861823958,Basic
user_3668,0.12629194731607427,0.12876662710740033,0.5286473970580696,0.030761880560115674,0.01165,False,3.7338208856024946,Basic
user_3669,0.20695651385157118,0.09830511071368865,0.7355055816455117,0.027661085809275714,0.010476,False,16.93077625665946,Basic
user_3670,0.28231634659810806,0.1696307098395471,0.7138687941969011,0.06708448760058235,0.025406,False,7.239865571821351,Basic
user_3671,0.09015547695570572,0.010543231930949136,0.590106821658208,0.0016107763348987279,0.00061,False,18.70268012882403,Basic
user_3672,0.10318043212294971,0.47869598469302327,0.6474315527418667,0.07628923605433215,0.028892,False,10.065293452257844,Basic
user_3673,0.15509410429247755,0.235550470905149,0.7559072931486954,0.04832932507970793,0.018303,False,3.950387791527026,Basic
user_3674,0.2138825562416663,0.07550102787939829,0.5119318724148821,0.03154394893512705,0.011946,False,11.28399663727453,Basic
user_3675,0.45302682435962355,0.11354389083853528,0.9137656859376906,0.05629279921934491,0.021319,False,1.9446678317598491,Basic
user_3676,0.0295122124313254,0.175453870855915,0.7727008074105206,0.0067012119813239825,0.002538,False,15.342779632501221,Basic
user_3677,0.11031250034219305,0.09650126025703758,0.5340443229075876,0.019933355432314195,0.007549,False,11.928963972924398,Basic
user_3678,0.18044356878692194,0.11744473955054364,0.7652158822031436,0.02769433885603112,0.010488,False,18.314985776104074,Basic
user_3679,0.24775807089466037,0.20356380457981382,0.7060544430854668,0.07143156738207407,0.027052,False,13.112048023157433,Basic
user_3680,0.1711897499123042,0.3687581170261996,0.7774981652055758,0.0811932589129081,0.030749,False,0.9338567576443243,Basic
user_3681,0.05930944385289792,0.3243677185073004,0.6679356669977358,0.028802278331644393,0.010908,False,9.05213657016945,Basic
user_3682,0.1624023346242971,0.3022784988685299,0.6811650469624608,0.07206878001431363,0.027293,False,10.094894605398096,Basic
user_3683,0.08565320046084113,0.07490773899861987,0.266922628430421,0.02403725612266568,0.009103,False,17.418743350429413,Basic
user_3684,0.29448737869690705,0.11160236811720839,0.882920768208149,0.037223599247646094,0.014097,False,8.216869039576085,Basic
user_3685,0.45931589528698036,0.25116505586534316,0.8045952724090355,0.1433815316291672,0.0543,False,11.27675788253993,Basic
user_3686,0.16763009218424646,0.11095684598358714,0.5620253702358622,0.03309406889033552,0.012533,False,3.533165989117073,Basic
user_3687,0.05359480696915417,0.20810968744323655,0.8818060120872299,0.01264858526030092,0.00479,False,4.647896675073217,Basic
user_3688,0.08359867990386463,0.02659168418071562,0.8714155358602632,0.002551055842415899,0.000966,False,10.423148525849241,Basic
user_3689,0.11903181268309289,0.2438802561881477,0.48494724822951757,0.05986116856560265,0.02267,False,13.242706711596044,Basic
user_3690,0.35792997282639927,0.4833950403794454,0.7938869803542835,0.21794232422128612,0.082537,False,8.27375331749883,Basic
user_3691,0.08690655757909081,0.36718258324859704,0.4374362304353641,0.07294908855943205,0.027627,False,8.220702729594356,Basic
user_3692,0.040198804107706654,0.34933429326500975,0.9330925709043792,0.015049761685974612,0.0057,False,4.863891453755581,Basic
user_3693,0.03268557603350902,0.2799010334805747,0.7472171178499332,0.012243732501755209,0.004637,False,13.264484546810207,Basic
user_3694,0.2109630407813377,0.22099211922842732,0.9443894794303233,0.04936646423598861,0.018696,False,0.10398463850497675,Basic
user_3695,0.05208418569840202,0.4152011286333799,0.6481352757405685,0.03336558507977761,0.012636,False,9.742604165854146,Basic
user_3696,0.06706870641442524,0.1184547164260641,0.4917512662135438,0.016155737961910464,0.006118,False,0.06773034560139202,Basic
user_3697,0.34652849558179005,0.28926645225844255,0.6334942966501309,0.15823199838334184,0.059924,False,11.275890286684145,Basic
user_3698,0.21703386025493562,0.513528640583429,0.7468600565521829,0.14922889802382114,0.056515,False,0.5872233402354423,Basic
user_3699,0.21521219942770878,0.4206874600651537,0.5564100349417923,0.16271646423801372,0.061623,False,17.861274518055133,Basic
user_3700,0.10014866430240708,0.10846838713930912,0.8627768874197348,0.012590698996962635,0.004768,False,9.081121482202454,Basic
user_3701,0.38331907613651117,0.18070462291956058,0.6536489026898445,0.105970542941445,0.040132,False,12.996431896197185,Basic
user_3702,0.3337029324299536,0.1755140931391448,0.6833031498293576,0.0857153484188435,0.032461,False,16.218371016736782,Basic
user_3703,0.1793575039927954,0.33544828600112175,0.8577706066223022,0.07014132546781798,0.026563,False,4.473020168748554,Basic
user_3704,0.08103222843674152,0.17598514917768437,0.39781995677732135,0.03584653953804136,0.013576,False,10.261024140558604,Basic
user_3705,0.40590218149503454,0.12742083054933254,0.7702754862408364,0.06714531880054168,0.025429,False,16.405542100576977,Basic
user_3706,0.06549730058684379,0.3593226864760828,0.8216324865123313,0.028643787082587573,0.010848,False,10.217698552175392,Basic
user_3707,0.17562297249344075,0.493754504995461,0.9213704756477341,0.09411483886367089,0.035642,False,7.462677427887366,Basic
user_3708,0.04272332234864991,0.3991508068213269,0.6348963542419235,0.02685957868810391,0.010172,False,7.008526344660195,Basic
user_3709,0.4367932523697231,0.04266396091511906,0.48078680380383804,0.03876007015927345,0.014679,False,7.2980588417527485,Basic
user_3710,0.1555762512972037,0.3137034601291789,0.8551206149686804,0.05707359580805683,0.021614,False,11.693194478355311,Basic
user_3711,0.06506578429223903,0.04920735540043375,0.6697887272798358,0.0047801867091419375,0.00181,False,0.867561764838784,Basic
user_3712,0.04219662676089372,0.34909209265342483,0.7656485495693631,0.01923925637573666,0.007286,False,7.892274617061902,Basic
user_3713,0.3147238597026997,0.39419144248966637,0.8335836938880363,0.1488290295884627,0.056363,False,10.651193446189598,Basic
user_3714,0.10110232189491634,0.2077434865345301,0.7945899250655126,0.026432941300450784,0.01001,False,14.941234961239443,Basic
user_3715,0.018529430048733274,0.07541505666683446,0.7657267457624459,0.0018249304009068591,0.000691,False,10.069881166551275,Basic
user_3716,0.1396203413378324,0.3316111898636533,0.6901310251440684,0.06708822793547461,0.025407,False,17.597281967175245,Basic
user_3717,0.5919144989812577,0.05425949951077138,0.7727434436620376,0.04156228659241595,0.01574,False,8.4316868550374,Basic
user_3718,0.12944421123511696,0.06351636594305,0.7265630932310878,0.011316052200581777,0.004286,False,12.365088871970674,Basic
user_3719,0.5537449886700913,0.39962833560495054,0.574979925019252,0.3848694163790175,0.145755,False,0.33404114308962585,Basic
user_3720,0.4496253794601465,0.06863425157697638,0.5297882583222316,0.05824912297412876,0.02206,False,4.530513280419699,Basic
user_3721,0.2126195609471406,0.5140473146667597,0.8297346843771066,0.1317246541676795,0.049886,False,15.493689581573214,Basic
user_3722,0.10923205387232411,0.31897758286488187,0.3675175785741778,0.0948051972118881,0.035904,False,11.138086047946917,Basic
user_3723,0.23837579901351053,0.13910563232833426,0.8519801601968963,0.03892040895163922,0.01474,False,17.97728815958158,Basic
user_3724,0.1346494437588992,0.052358517681080165,0.6964338921847694,0.010123064602271683,0.003834,False,14.304652309009454,Basic
user_3725,0.24906491788567933,0.06944703640217656,0.7482137459621733,0.023117485494293964,0.008755,False,8.54361330675549,Basic
user_3726,0.07316145135739305,0.3578905364287357,0.49665746938581024,0.05272001869735765,0.019966,False,14.795514093488709,Basic
user_3727,0.09849922348698147,0.5845957325807039,0.8805696120060791,0.06539202003782624,0.024765,False,8.887948850856219,Basic
user_3728,0.29744119005507236,0.12525615282985464,0.555293278162632,0.06709308508596876,0.025409,False,6.273208557010309,Basic
user_3729,0.20363847992841422,0.43958571036807165,0.9148502039969146,0.09784833130769917,0.037056,False,0.8948253676763256,Basic
user_3730,0.02201005569767057,0.24711326016809332,0.37905707625637025,0.014348700922955763,0.005434,False,16.446843912577595,Basic
user_3731,0.27202832773878693,0.197200891310065,0.6737542702390544,0.07961987190469573,0.030153,False,7.959892981899448,Basic
user_3732,0.17501573264442813,0.2471716086545714,0.8473249779307257,0.051053517014481756,0.019335,False,13.018235415464,Basic
user_3733,0.07767772305433186,0.24516934729346287,0.6719612383748305,0.028341213113024483,0.010733,False,2.9081302206553543,Basic
user_3734,0.34815231910343775,0.08632962413187723,0.5604955754823874,0.05362372186965749,0.020308,False,15.75028478208327,Basic
user_3735,0.14099111644812942,0.2166041076280177,0.7333269539322994,0.041644800859923635,0.015771,False,15.65980847473511,Basic
user_3736,0.17275052295657958,0.2481572387254549,0.8197665679449252,0.05229451217162007,0.019805,False,9.160804328746067,Basic
user_3737,0.31011705957834484,0.09941089762094936,0.657419752499893,0.04689395951828768,0.017759,False,12.770749454046047,Basic
user_3738,0.14648069539887093,0.4092535152054877,0.9602688542541871,0.062428078590856625,0.023642,False,9.907622995773432,Basic
user_3739,0.03062944742041106,0.19695441674183675,0.6329927766794529,0.009530290350954073,0.003609,False,10.493053469311759,Basic
user_3740,0.08105080017512115,0.036089142129845556,0.8678786094311712,0.0033703490505138842,0.001276,False,16.887229776586317,Basic
user_3741,0.2947641624678316,0.07175860943905797,0.6533971983937867,0.032372141268981136,0.01226,False,18.371398895471547,Basic
user_3742,0.06734624850438044,0.06972238421755242,0.7453975619022871,0.006299378014934677,0.002386,False,6.982479918963325,Basic
user_3743,0.21878972053250856,0.11917099441042035,0.7959637075305837,0.03275700677801969,0.012405,False,6.302929398631576,Basic
user_3744,0.1979840742830891,0.3343007839085873,0.588683730261708,0.11243088237690653,0.042579,False,5.772341285510614,Basic
user_3745,0.20389460171346338,0.26142573276527903,0.6719840181409525,0.07932226693023256,0.03004,False,14.644417082374177,Basic
user_3746,0.169794959550845,0.041560254129281646,0.6170992695985461,0.011435310356784195,0.004331,False,13.7350517329816,Basic
user_3747,0.08432235405085874,0.07248830212191376,0.7394749303914172,0.008265843810058893,0.00313,False,0.8322014449359137,Basic
user_3748,0.13222604727306053,0.5830460132083867,0.7446736116505068,0.10352706004176715,0.039207,False,1.68037692340936,Basic
user_3749,0.13129892731074577,0.02606676589938514,0.6313606830403015,0.005420892515144353,0.002053,False,12.277893105822946,Basic
user_3750,0.36770510970835085,0.22267914013424403,0.9419724481886762,0.08692425963229754,0.032919,False,5.224213860254647,Basic
user_3751,0.2777803673292343,0.02615538922948788,0.5521060392034192,0.013159525728588058,0.004984,False,1.740026005234054,Basic
user_3752,0.07419455363478068,0.073320774347121,0.6438167973824287,0.008449611981170084,0.0032,False,7.8596105242490815,Basic
user_3753,0.27236958428299507,0.4110432224060173,0.7154295483159144,0.1564873464796187,0.059264,False,16.67217375598733,Basic
user_3754,0.04934626848236064,0.17336511905454097,0.957254306119927,0.008936937296231934,0.003385,False,6.959923886755975,Basic
user_3755,0.20779105672194728,0.026901250259515213,0.7963846715285998,0.007019019097689252,0.002658,False,13.216970736884292,Basic
user_3756,0.2027773850827644,0.08441102423495435,0.5755020898704538,0.029742110528868583,0.011264,False,17.11092252194649,Basic
user_3757,0.09669453063133163,0.05653299370199119,0.7796741677734356,0.007011174048268004,0.002655,False,3.2169485455341422,Basic
user_3758,0.04329395208370382,0.3746944191714746,0.8134414149742039,0.019942434613014502,0.007552,False,11.58433290499648,Basic
user_3759,0.09072029375572224,0.12330208786300376,0.5781901878693648,0.019346578109265527,0.007327,False,17.24552559947958,Basic
user_3760,0.09158613921505321,0.19084416364399323,0.9135305664874607,0.019133109258823118,0.007246,False,3.6748487933931475,Basic
user_3761,0.10288538944742136,0.18069315528387903,0.7845690257748132,0.023695411163480177,0.008974,False,18.785539661979072,Basic
user_3762,0.27191441370605707,0.37002361771633163,0.5472014035079016,0.1838715223018934,0.069634,False,6.9365870670913505,Basic
user_3763,0.02525422032231456,0.31269002145645225,0.6121790917140871,0.012899399540647196,0.004885,False,4.132990393883766,Basic
user_3764,0.3588536738299628,0.41673545890690367,0.8127728055401965,0.18399612957591982,0.069682,False,15.918569578182636,Basic
user_3765,0.08165978922638148,0.07839242844851926,0.8592178512456257,0.0074503912771014666,0.002822,False,8.890270721104951,Basic
user_3766,0.22204063236608965,0.05414465596493305,0.8863331224220602,0.013564102870086846,0.005137,False,12.742885409645664,Basic
user_3767,0.25856670530631015,0.14517487139830043,0.8756991388228433,0.042865621908895986,0.016234,False,9.30253706743549,Basic
user_3768,0.3502050920481483,0.4312353327695879,0.7525280431320811,0.20068462668637155,0.076002,False,12.227028160816007,Basic
user_3769,0.2836526581469213,0.3667760342918706,0.8939111187875922,0.11638405081321775,0.044076,False,0.6720074849411091,Basic
user_3770,0.13406599482940684,0.25889275792519467,0.7545630063375555,0.045998432011445586,0.01742,False,6.653424304117216,Basic
user_3771,0.09939346147016663,0.1963664104547623,0.7053133147951142,0.027672151995655966,0.01048,False,12.488925326738778,Basic
user_3772,0.31014160968117993,0.0955309616343185,0.5198379776482873,0.05699492436026754,0.021585,False,6.664831058860779,Basic
user_3773,0.3242984153002904,0.24431593602833684,0.865016720955184,0.09159507436932157,0.034688,False,14.739337781791582,Basic
user_3774,0.203500142303368,0.018167728850337277,0.6761698010738787,0.005467761796668422,0.002071,False,18.25680566970162,Basic
user_3775,0.09156164591806919,0.3475375291486832,0.9090239272861345,0.03500579823256513,0.013257,False,0.7108175092555081,Basic
user_3776,0.13458234009136863,0.25684297087127095,0.8406001409825827,0.04112124941529256,0.015573,False,16.251044949655892,Basic
user_3777,0.281668883782337,0.13548499073204975,0.43397271612415594,0.08793618743957841,0.033302,False,3.2122163324385165,Basic
user_3778,0.07444809119159204,0.23661114484833526,0.7518458171836521,0.023429335757430985,0.008873,False,17.429404790076667,Basic
user_3779,0.23185098544949517,0.12417441815182914,0.6930369903780143,0.041541738198441466,0.015732,False,17.98906217587059,Basic
user_3780,0.10982176726885116,0.10298998918831595,0.7301360353917383,0.015491007258109526,0.005867,False,10.81441248772679,Basic
user_3781,0.09897891063366845,0.32863324192324544,0.43371170909287093,0.0749985753246253,0.028403,False,9.101230308274143,Basic
user_3782,0.1406027982171746,0.2756645131876779,0.7024436008935181,0.05517767102449292,0.020896,False,14.411498010872975,Basic
user_3783,0.35213739294876617,0.05575454318227649,0.7659617706488047,0.02563216629548754,0.009707,False,17.442408725360206,Basic
user_3784,0.25979146779402384,0.14302095716176952,0.6409191963769076,0.05797240057155671,0.021955,False,4.416475369184136,Basic
user_3785,0.20951932661368688,0.17924096146080634,0.543353204801079,0.06911608363588578,0.026175,False,7.266387394266983,Basic
user_3786,0.5971156146609939,0.2900831745673388,0.6200360942622912,0.27935985451084927,0.105797,False,7.933183903192729,Basic
user_3787,0.3366020664508841,0.12103351959447711,0.47658938890429237,0.08548266863219213,0.032373,False,16.070603697079676,Basic
user_3788,0.14034407645115748,0.28884437547699016,0.5278194422885115,0.07680201573982809,0.029086,False,2.601423399081551,Basic
user_3789,0.15577574601617317,0.4640245326203106,0.6579599802183975,0.10986043211129912,0.041605,False,11.837839462867692,Basic
user_3790,0.2907013736705989,0.06696355833707113,0.7462056402209409,0.02608717670466031,0.00988,False,6.667884767218817,Basic
user_3791,0.21045829252420623,0.26313724355984663,0.8063143197519402,0.0686821672671878,0.026011,False,16.824768381732213,Basic
user_3792,0.06496159494397609,0.07300389065724883,0.7417706937243476,0.006393416745004056,0.002421,False,6.456026690595055,Basic
user_3793,0.07426191667187096,0.2737084588709193,0.8073857442462017,0.02517522127423177,0.009534,False,18.580979411708594,Basic
user_3794,0.06618777855589557,0.09529321048667154,0.40363047786481776,0.015626287556225023,0.005918,False,0.2970100712640388,Basic
user_3795,0.09235929567181189,0.2967908103327953,0.7207906136060199,0.03802961593390865,0.014402,False,4.551518831236923,Basic
user_3796,0.11587316782743774,0.12203213955960435,0.8312794171501553,0.01701022579869455,0.006442,False,8.689097351624547,Basic
user_3797,0.18609435941832111,0.09393346011815734,0.79072783852149,0.022106831500102585,0.008372,False,4.870167076699741,Basic
user_3798,0.11616854150944607,0.19630620477231142,0.9585035049017746,0.023791885351521012,0.00901,False,14.010476711667549,Basic
user_3799,0.1255419058707136,0.10249514109873614,0.7531456708623099,0.017084922417851176,0.00647,False,15.476477912312664,Basic
user_3800,0.2626076071893692,0.042119467608706704,0.872672492864801,0.012674735018290788,0.0048,False,13.252651896302687,Basic
user_3801,0.15018725024426552,0.06391531711531119,0.6450837617609753,0.014880650072223757,0.005635,False,18.437571182869867,Basic
user_3802,0.3487442657465728,0.06639325837209434,0.82395202592049,0.02810147607275,0.010642,False,8.664722029184496,Basic
user_3803,0.27810666264006045,0.35957604937574317,0.9372995315997763,0.10669000856802455,0.040405,False,18.61562611216031,Basic
user_3804,0.2641299712985831,0.21169284763662571,0.7728333530259563,0.07234991289059874,0.0274,False,2.367601978548082,Basic
user_3805,0.27566238812226485,0.38820892610666496,0.6973478625799734,0.15345942162211823,0.058117,False,16.07294843080737,Basic
user_3806,0.07340703924909671,0.10100969286282546,0.7090945789277294,0.010456746827388097,0.00396,False,0.7303844882980031,Basic
user_3807,0.2582812509149414,0.12048420304241662,0.7661465528019501,0.04061730822057149,0.015382,False,10.106414762138861,Basic
user_3808,0.09810278525516848,0.42934161676378785,0.7239517353639005,0.05818013325061365,0.022034,False,9.204960644664165,Basic
user_3809,0.3696413256014554,0.0732558593409723,0.5211353728821634,0.051960381820010504,0.019678,False,16.2696927179132,Basic
user_3810,0.17060795037893947,0.1737969755192168,0.7060371355665093,0.04199658103196066,0.015905,False,13.313916364350634,Basic
user_3811,0.12378282563003057,0.3150406066718808,0.8880963631459025,0.0439103436297237,0.016629,False,8.38007388468648,Basic
user_3812,0.3970151286187417,0.3467788492411716,0.7619714071874196,0.1806845350561549,0.068427,False,17.017759526279303,Basic
user_3813,0.2401105259223216,0.08325288407182319,0.8774344975939109,0.022782206345717607,0.008628,False,16.8315185460119,Basic
user_3814,0.14350396388733044,0.23254294832715178,0.6230884530458379,0.053557138951727604,0.020283,False,0.4699048332338098,Basic
user_3815,0.33238884335950825,0.08824978399020818,0.7626564942028697,0.03846193384597205,0.014566,False,16.54935300524388,Basic
user_3816,0.4449479395171781,0.5198363451201997,0.7671421157798523,0.3015088154979488,0.114185,False,10.005121776362982,Basic
user_3817,0.14290773133080067,0.1031252685465371,0.7995313417619695,0.018432545919197626,0.006981,False,15.940255820625062,Basic
user_3818,0.029070825131432554,0.18044376488506136,0.8645736613819327,0.00606732470504169,0.002298,False,3.4451483248772954,Basic
user_3819,0.15367015897680664,0.09675781817293334,0.8417745025881467,0.01766362518128972,0.006689,False,2.8708148682057866,Basic
user_3820,0.2561191570278872,0.34736421547485646,0.9724768891256313,0.09148457001283068,0.034646,False,13.721859768356083,Basic
user_3821,0.14359105103880726,0.3081870492886614,0.8727317420853841,0.050706190906000176,0.019203,False,5.23179620861179,Basic
user_3822,0.06389219426465997,0.2856229800119689,0.6813465021043997,0.02678384473834076,0.010143,False,10.617970478600036,Basic
user_3823,0.183681616008946,0.07439385898426074,0.6468545203003812,0.021124972942950317,0.008,False,13.087495237094252,Basic
user_3824,0.11376090077274537,0.29166938699780764,0.4499172621582879,0.07374816434811879,0.027929,False,11.597742670486088,Basic
user_3825,0.31859935104563125,0.05824450606171765,0.5766600745628028,0.03217955022689127,0.012187,False,13.280343994804527,Basic
user_3826,0.04383744576858209,0.04464977014894882,0.6007946522201272,0.0032579049601244546,0.001234,False,11.78678837272596,Basic
user_3827,0.39673480417934737,0.20728536460489191,0.7822453829125529,0.10512982285631428,0.039814,False,7.203432592130446,Basic
user_3828,0.3418522439734648,0.24039887528500642,0.5441087774391296,0.15103762036639867,0.0572,False,1.719393897781532,Basic
user_3829,0.0477672481902291,0.4207711669094178,0.6686028626948651,0.030061314245714246,0.011385,False,16.251557811175445,Basic
user_3830,0.08316456698669024,0.02696743183093437,0.5457504198496037,0.004109451334147925,0.001556,False,16.074156177874162,Basic
user_3831,0.16504499140299145,0.05724871414205428,0.80449810429357,0.011744730637624675,0.004448,False,0.10790218816761254,Basic
user_3832,0.41030979128454664,0.12412707688049805,0.7049162591110202,0.07225050401281319,0.027362,False,15.976444454780346,Basic
user_3833,0.08940594135626218,0.1097570706517584,0.6647835555193401,0.014761096511270055,0.00559,False,2.868787315419028,Basic
user_3834,0.11357081312857503,0.34551922591193207,0.6961165937452186,0.05637115935888214,0.021348,False,6.324389458214797,Basic
user_3835,0.310307747330182,0.2008250043526829,0.7883750123081444,0.07904557315408366,0.029935,False,7.853624192359854,Basic
user_3836,0.18705276846454644,0.2202545611735286,0.9367856324071547,0.04397935238245191,0.016655,False,12.91298612868589,Basic
user_3837,0.1904563559776942,0.3767372001927909,0.8306943539685686,0.0863759263165438,0.032712,False,1.7558942201879835,Basic
user_3838,0.0822385030729662,0.30910144493792246,0.9178903967223635,0.027693982004993664,0.010488,False,15.706266195055765,Basic
user_3839,0.2898120604432115,0.20062231691055707,0.7980663108304534,0.07285455637669655,0.027591,False,17.912207939453083,Basic
user_3840,0.36859411280682164,0.24470528973752287,0.9483267891812441,0.09511165370305705,0.03602,False,18.101221503995458,Basic
user_3841,0.31332812608154437,0.26946356029176266,0.5645831854455156,0.14954485817152824,0.056634,False,1.744922028860072,Basic
user_3842,0.19045432269355717,0.00543562505478725,0.7499496593590732,0.001380410371958002,0.000523,False,17.468224817834702,Basic
user_3843,0.20076982333126506,0.251070140134822,0.6258292112000795,0.0805448304050301,0.030503,False,10.788749043788645,Basic
user_3844,0.10775185312352722,0.25951716314838646,0.6541536190821406,0.0427475357941696,0.016189,False,13.811642689083719,Basic
user_3845,0.2596788064861911,0.34813100756758075,0.7464572425157271,0.1211084029961433,0.045865,False,17.68133742348566,Basic
user_3846,0.27753243346288764,0.31966327344569806,0.8411174341871626,0.1054750770370503,0.039945,False,12.558913675237143,Basic
user_3847,0.2421946139258696,0.1134113876224638,0.548648294003682,0.05006418053281222,0.01896,False,8.678049467906682,Basic
user_3848,0.12842470629335573,0.10077977648839771,0.622387970931919,0.020795088916087463,0.007875,False,9.97712483402279,Basic
user_3849,0.15235982100541404,0.044067800021080274,0.6772625899146548,0.009913676354337327,0.003754,False,13.005566101743792,Basic
user_3850,0.12318575507791303,0.07428753148835826,0.8770043540708178,0.010434572664081323,0.003952,False,17.949279123861455,Basic
user_3851,0.2002562294491145,0.25755201040812,0.6783281830594429,0.07603457408882197,0.028795,False,16.906365263185773,Basic
user_3852,0.15152489220995466,0.1479111449675359,0.6244555612402555,0.03589081703963541,0.013592,False,10.964277851003843,Basic
user_3853,0.13098520370786107,0.2536929114343888,0.894004031603594,0.0371698745293893,0.014077,False,4.009195112480729,Basic
user_3854,0.6483089782822802,0.06141067054004411,0.696614805480304,0.05715222926678292,0.021644,False,6.58785336900789,Basic
user_3855,0.023295296217510683,0.037905477008844043,0.8446906031913648,0.0010453760369191828,0.000396,False,6.874342466938627,Basic
user_3856,0.23560754178494817,0.3758048258915549,0.9003644410404963,0.09834067982172483,0.037243,False,5.494306645721184,Basic
user_3857,0.053777673544928906,0.13480411770262926,0.7753579510238434,0.009349812979606935,0.003541,False,14.188166097931543,Basic
user_3858,0.1753214530670011,0.1408188883494165,0.451333827122574,0.05470135549577259,0.020716,False,15.883764430932017,Basic
user_3859,0.29466398221948037,0.015025590869770494,0.5655211229156071,0.007829062896998026,0.002965,False,6.0767869893533755,Basic
user_3860,0.09538357254666492,0.20031193997602015,0.859756714183352,0.022223110495641043,0.008416,False,16.076393744416656,Basic
user_3861,0.03607588314397016,0.15934074646407487,0.7765506235046098,0.0074024255155038425,0.002803,False,13.95431074971353,Basic
user_3862,0.23457724756694176,0.06491067548902459,0.5068274852322365,0.030042900271971793,0.011378,False,8.381213113056216,Basic
user_3863,0.10833264820083398,0.2498293023941964,0.798961925844689,0.033874793092194704,0.012829,False,13.27459756830687,Basic
user_3864,0.07666118057179941,0.3150620417231012,0.8030249604540542,0.03007755581868541,0.011391,False,14.617427914401311,Basic
user_3865,0.148839215636671,0.10207899387758729,0.7269920462243887,0.02089893205933528,0.007915,False,10.659590981127216,Basic
user_3866,0.40803709744276895,0.29808466605674694,0.707973062806946,0.1717997595102834,0.065063,False,8.419154396252981,Basic
user_3867,0.12057374136103052,0.2798669574765853,0.6129610373844973,0.055051796261420545,0.020849,False,1.9325744915170096,Basic
user_3868,0.10305088745997439,0.02278647190135349,0.8197641556429479,0.00286444111437705,0.001085,False,0.026023751270146334,Basic
user_3869,0.1495482213803843,0.06007840046102608,0.5585691663789092,0.016085058884596815,0.006092,False,17.80777490107019,Basic
user_3870,0.06268306380204004,0.08630071331573763,0.6219772549725555,0.008697413089761047,0.003294,False,5.082210803118484,Basic
user_3871,0.15494510017569083,0.11592700917252032,0.600738057581902,0.029900423025647056,0.011324,False,12.5966963910862,Basic
user_3872,0.401837331040234,0.16685911524396801,0.804686797955883,0.08332461983929175,0.031556,False,17.92386201152475,Basic
user_3873,0.07695153480785637,0.32763842331639964,0.7292111716973604,0.03457473022188803,0.013094,False,15.547534289202554,Basic
user_3874,0.08228713607858944,0.1614246320561597,0.8041316596442823,0.01651865152320631,0.006256,False,2.329073280738114,Basic
user_3875,0.21878187700365423,0.21505514046871108,0.7871523909664089,0.05977262831313303,0.022637,False,15.236336558461483,Basic
user_3876,0.2898380365519988,0.29512858508238965,0.872025665138512,0.09809285787140484,0.037149,False,13.801468880544226,Basic
user_3877,0.36878992397838317,0.1894645263466989,0.5323626087385526,0.13125002981250783,0.049706,False,6.258544951057404,Basic
user_3878,0.03286715516530437,0.10237009159458513,0.6718664093633089,0.005007861142982443,0.001897,False,13.102434168662771,Basic
user_3879,0.13254484489230142,0.08954534805366754,0.5552793683032776,0.021374419699523438,0.008095,False,15.691857287347053,Basic
user_3880,0.29586931899777125,0.12860397762947084,0.7746372048196299,0.04911973120435892,0.018602,False,5.537016268524766,Basic
user_3881,0.05634491104768503,0.3159159489781882,0.41866722361661224,0.04251647857684058,0.016101,False,16.511556218935162,Basic
user_3882,0.3561467250713795,0.11760509728775265,0.5090201141978813,0.08228490207452085,0.031162,False,1.4974732972174363,Basic
user_3883,0.2860932054680975,0.03745777558618716,0.6573196416610421,0.016303202289949265,0.006174,False,10.021634630393857,Basic
user_3884,0.05299272958745088,0.2237266634124106,0.857030086212873,0.013833687715802893,0.005239,False,4.431173472750437,Basic
user_3885,0.1325918079207327,0.0363614033967944,0.6657999865960037,0.007241250093087609,0.002742,False,13.832199396166457,Basic
user_3886,0.14168873894187076,0.13338613765447074,0.8382450150693542,0.02254628813393547,0.008539,False,3.322453837137754,Basic
user_3887,0.20485646996767606,0.08899274970081686,0.7356448752894759,0.024781985396489736,0.009385,False,6.487621994269504,Basic
user_3888,0.15869097106662042,0.20170046797157218,0.754215690354926,0.04243884546069031,0.016072,False,2.420329379099578,Basic
user_3889,0.09813728079248299,0.07723119532869258,0.7782885333758208,0.009738367169609992,0.003688,False,15.42638004015469,Basic
user_3890,0.38375617795206196,0.17109330738696302,0.6699262347173334,0.09800797507758717,0.037117,False,2.5132208958336513,Basic
user_3891,0.1260537189166875,0.19663295338940975,0.6214454639170446,0.039884939991476784,0.015105,False,13.739880513766934,Basic
user_3892,0.18061577097956355,0.021220512889857615,0.7270324337938685,0.005271785848924149,0.001996,False,13.437374141187442,Basic
user_3893,0.24814315339572746,0.05329735544964104,0.8741172744184924,0.01512997653286864,0.00573,False,2.7049993560703696,Basic
user_3894,0.1334943032084671,0.3044338461931963,0.6117156592210291,0.06643639664609274,0.02516,False,10.754970450682835,Basic
user_3895,0.24075405919591863,0.20592375703802324,0.6487181580179627,0.07642298859531145,0.028942,False,9.440707047937561,Basic
user_3896,0.13917516584209488,0.25954849166465443,0.8474185854263734,0.04262675493872836,0.016143,False,11.295586810667034,Basic
user_3897,0.43922939849586806,0.16148496210187788,0.6181088780398747,0.1147515353525794,0.043458,False,17.80732501775723,Basic
user_3898,0.11538891959329305,0.5579296078344833,0.7551044564063772,0.08525826342426418,0.032288,False,1.5302034262716857,Basic
user_3899,0.1274420799247897,0.0976104034766587,0.7835949948517132,0.0158751305497011,0.006012,False,15.589570877074589,Basic
user_3900,0.2893201300520993,0.5695013320004808,0.8592532889588895,0.19175742654283412,0.072621,False,16.38004177700092,Basic
user_3901,0.37024842381230444,0.05772120404446462,0.7722694905305564,0.027673221692765867,0.01048,False,2.3992077162553,Basic
user_3902,0.18684123996972166,0.2846854511305823,0.6710015992794583,0.07927102222661714,0.030021,False,12.46601662882428,Basic
user_3903,0.49036766985789426,0.2592933705600155,0.7623034519417407,0.166795894216719,0.063168,False,13.340339809893697,Basic
user_3904,0.04401413238641202,0.20962001623535664,0.6374493247949217,0.014473688788348883,0.005481,False,10.424659367845813,Basic
user_3905,0.14899453805251597,0.22813465351876208,0.675208801199042,0.0503411940934975,0.019065,False,9.555669207554297,Basic
user_3906,0.13193604242817217,0.0582901650785758,0.6246532523277306,0.012311748420893835,0.004663,False,6.03855009637967,Basic
user_3907,0.2110205623696581,0.24015406446550788,0.8184629431418529,0.061917825557665326,0.023449,False,13.092550138995126,Basic
user_3908,0.0931995328454415,0.08261145648433027,0.8230511375407515,0.009354642501347474,0.003543,False,5.425386503056935,Basic
user_3909,0.20443069391290927,0.10726163823999235,0.43026529191943813,0.05096290950593976,0.0193,False,8.740440553704977,Basic
user_3910,0.06639953956909542,0.16689585136280483,0.7626699800102839,0.014530279120640094,0.005503,False,16.2900141790236,Basic
user_3911,0.14687326087072913,0.2104104383765437,0.9046093574994424,0.034162444760717205,0.012938,False,1.70126024901889,Basic
user_3912,0.17513613609699044,0.09332617307901675,0.5082855171250634,0.03215670090744753,0.012178,False,10.039034882409485,Basic
user_3913,0.20688280488688468,0.02642613223469408,0.9597664868715982,0.005696294290130433,0.002157,False,9.235407149899,Basic
user_3914,0.16569536828479592,0.233606870273203,0.9099744399488889,0.04253699302361836,0.016109,False,7.191146563652093,Basic
user_3915,0.13073030395854773,0.3993722485779742,0.8453825683482987,0.06175908683711662,0.023389,False,11.353064163927526,Basic
user_3916,0.09894959391031576,0.3782656537096842,0.6142255942556779,0.06093727316939687,0.023078,False,0.29690353242267387,Basic
user_3917,0.23381447673410616,0.22993914347793237,0.8213135540032895,0.0654598968334644,0.02479,False,9.35692192405372,Basic
user_3918,0.1113159479856979,0.3182386884884567,0.7087786729673594,0.04998039958864444,0.018928,False,9.228120268203428,Basic
user_3919,0.26143568666073497,0.2905278544030311,0.7488810673917242,0.10142378064712952,0.03841,False,9.806133541203845,Basic
user_3920,0.14000908514225852,0.2530098536482218,0.5754539998945907,0.06155779288657829,0.023313,False,4.036364870025572,Basic
user_3921,0.07198191070475939,0.3425582067121601,0.8254354808230719,0.029872709399588474,0.011313,False,3.9443335108478985,Basic
user_3922,0.047196177861847564,0.093385635675984,0.7953661026090518,0.005541404212032204,0.002099,False,12.296848606985431,Basic
user_3923,0.08732333422352624,0.19698500695604768,0.7412690685080512,0.023205322237534805,0.008788,False,1.7618226119095044,Basic
user_3924,0.44626886988780345,0.5924841215517291,0.9183080365297249,0.28792867843185804,0.109042,False,5.812508928977361,Basic
user_3925,0.05780206144348395,0.190155876339009,0.7794435156506234,0.01410160124151152,0.00534,False,15.785502604176164,Basic
user_3926,0.07663181036197839,0.1961245303284754,0.7459034866814225,0.02014922585002327,0.007631,False,1.9715116454510846,Basic
user_3927,0.17485551736977717,0.13700917818870878,0.7021352108686243,0.03411993924497427,0.012922,False,8.893253797700867,Basic
user_3928,0.09838316091234668,0.3863471447876975,0.6063929542861842,0.06268221463492644,0.023738,False,12.703984208096077,Basic
user_3929,0.14839877914472974,0.12048680429245513,0.6736715153588975,0.026541265664950565,0.010051,False,2.691242859906031,Basic
user_3930,0.24954967441089196,0.22525831229167675,0.5303408166739687,0.10599436574253426,0.040141,False,5.9367944168834,Basic
user_3931,0.3646257484202708,0.026687803670873058,0.5914102648563417,0.01645399304922293,0.006231,False,10.616367435166318,Basic
user_3932,0.13478410592007165,0.07010892785573408,0.7377806358196511,0.012808101350548119,0.004851,False,6.217329243038119,Basic
user_3933,0.4940700502139956,0.6281335434783835,0.9347060132879593,0.3320209423664544,0.12574,False,2.0888177804377808,Basic
user_3934,0.3520873786119375,0.2902393076969199,0.6935486110269095,0.1473430923116464,0.055801,False,4.415720879736581,Basic
user_3935,0.08432925672408666,0.13972993533720157,0.9333025958404446,0.012625403209641721,0.004781,False,2.0788915552849336,Basic
user_3936,0.3732674925891989,0.09115070181279801,0.759979764375734,0.04476907874166449,0.016955,False,18.68755854787024,Basic
user_3937,0.09350553442522204,0.23498339338773974,0.7411210265049578,0.029647313993223758,0.011228,False,4.47732347244827,Basic
user_3938,0.05534262392957859,0.3271487957634586,0.6638868708113456,0.027271623478296675,0.010328,False,10.080525441977226,Basic
user_3939,0.08654741029673399,0.03757375473316311,0.7264488686054859,0.004476448801582401,0.001695,False,8.141916289399473,Basic
user_3940,0.1399824990129524,0.1373197100123453,0.8891577485014841,0.021618611774634894,0.008187,False,10.82075833190391,Basic
user_3941,0.026487668579664277,0.10028457912938167,0.8494923407797546,0.0031269318958096074,0.001184,False,9.463731127749234,Basic
user_3942,0.08471705612936963,0.31774662975043605,0.8516221087784875,0.03160857238205803,0.011971,False,13.81607497270059,Basic
user_3943,0.03455459765340143,0.06618768091524768,0.4258742520252305,0.005370338011189754,0.002034,False,16.58726404391556,Basic
user_3944,0.49982440161876296,0.13046969660612281,0.6986342443872225,0.0933420291940238,0.03535,False,5.4206883585037104,Basic
user_3945,0.1399455550996909,0.0811251540301272,0.7092948325845313,0.01600618556873675,0.006062,False,3.4885285449620014,Basic
user_3946,0.22646637588969282,0.13943392603859778,0.6500750641873019,0.048574537996637586,0.018396,False,18.70245710593712,Basic
user_3947,0.1162569821606997,0.027888591480049425,0.6224783609363068,0.005208604323700981,0.001973,False,16.45537673877065,Basic
user_3948,0.17409842687371715,0.21272063994301763,0.7556170911736589,0.04901203163645539,0.018561,False,6.9144474396293685,Basic
user_3949,0.05250991537501653,0.14733368740461497,0.4691665679490065,0.016489835350643196,0.006245,False,17.000949324886605,Basic
user_3950,0.09541456351496824,0.09296417512170535,0.8832719992110672,0.010042360903197807,0.003803,False,12.740379915707269,Basic
user_3951,0.20359287441227625,0.09804321870894839,0.7806942296116263,0.025568141733949102,0.009683,False,8.310992160204023,Basic
user_3952,0.04868215888316027,0.1244283379242666,0.5662672240499113,0.01069714060629226,0.004051,False,16.595017086974977,Basic
user_3953,0.10785664728688217,0.11696158866147993,0.42218621189643274,0.029880380881480012,0.011316,False,12.830371654030756,Basic
user_3954,0.190638421829146,0.17598838804291705,0.6930085868653061,0.04841231291016875,0.018334,False,15.702573234288442,Basic
user_3955,0.05785261321914943,0.16504470520099085,0.8724955390112017,0.010943629012341435,0.004144,False,7.937435117993767,Basic
user_3956,0.344840724301581,0.03149825895337165,0.7042696934315282,0.015422901955066836,0.005841,False,15.175593602892624,Basic
user_3957,0.14925970018442997,0.057105564065665596,0.7656479214545762,0.011132478953395402,0.004216,False,6.971611844687124,Basic
user_3958,0.24949272106480744,0.05541118491838798,0.5898106280872585,0.023439196657996757,0.008877,False,13.96650264351362,Basic
user_3959,0.14637504511748084,0.08406002853722735,0.9186785847917859,0.013393466086402885,0.005072,False,8.27508029507871,Basic
user_3960,0.1984225284073707,0.2512840039496969,0.5906043041478001,0.08442269563878578,0.031972,False,7.698697491537156,Basic
user_3961,0.11170746155433571,0.11905012354652034,0.7645041159862112,0.01739531131491213,0.006588,False,15.13602602855902,Basic
user_3962,0.07687947161436266,0.20773588299950257,0.7414378117012155,0.021540073446888977,0.008157,False,2.3756988493346265,Basic
user_3963,0.06366329536371386,0.1680157421899638,0.5028952806334486,0.021269708093740708,0.008055,False,17.635971408321268,Basic
user_3964,0.23692944937171184,0.014315866040752327,0.7442705014388673,0.00455728159554532,0.001726,False,9.66493391381745,Basic
user_3965,0.14552944758732675,0.06631779136811655,0.49872596244107176,0.01935169265256358,0.007329,False,12.085413576079464,Basic
user_3966,0.11287489345495272,0.1214598792754697,0.42662547748789775,0.032135377879908666,0.01217,False,7.6999683643391315,Basic
user_3967,0.04741450445661618,0.056513539995618436,0.8641368460663506,0.003100853187986459,0.001174,False,12.271618340106064,Basic
user_3968,0.15515889640046668,0.0612274358865585,0.8428428879360114,0.011271354979161888,0.004269,False,13.48717754638751,Basic
user_3969,0.1376829757778762,0.20127625419921483,0.8981160031576055,0.030856051483484213,0.011686,False,16.5010693744431,Basic
user_3970,0.2137038675436894,0.277844688546108,0.5318754474433375,0.11163606969299082,0.042278,False,16.233195577160753,Basic
user_3971,0.2134788316823412,0.17806224586655972,0.7274091153856804,0.05225741527059678,0.019791,False,6.798479300767531,Basic
user_3972,0.322790193841175,0.2698139677129609,0.6901961654499349,0.12618630368997713,0.047788,False,11.701204548488983,Basic
user_3973,0.03336476505685715,0.11280344147457144,0.8280183349442575,0.004545382829786472,0.001721,False,14.830968669466568,Basic
user_3974,0.20215627945342124,0.2521688198691895,0.4312702600286155,0.11820316665362658,0.044765,False,14.532406311935768,Basic
user_3975,0.13201114154144852,0.13516498188690415,0.4842127717376958,0.036850088632080454,0.013956,False,16.927697529015695,Basic
user_3976,0.12326519885945982,0.41219187251693257,0.8139633217257275,0.06242162487903028,0.02364,False,15.806927251079763,Basic
user_3977,0.10486319663376999,0.07696626614572409,0.6394530766619557,0.012621612117557773,0.00478,False,13.639262598202365,Basic
user_3978,0.05455637780400187,0.21052363714844835,0.5942654764823248,0.01932706431632153,0.007319,False,14.228249463376018,Basic
user_3979,0.09359008002518479,0.27121581092036634,0.8141541154684252,0.031177278313612958,0.011807,False,15.341431372008671,Basic
user_3980,0.1689766202639296,0.09536782054568363,0.9226108142492644,0.017466662810428264,0.006615,False,15.919881702394939,Basic
user_3981,0.24796292235376585,0.18607865040276556,0.6765942150693361,0.06819538936907123,0.025826,False,6.700711545999154,Basic
user_3982,0.2531168841074453,0.26820315807180634,0.7772510647405817,0.08734210959436947,0.033077,False,14.854403942887744,Basic
user_3983,0.06817867876209785,0.19682724147880795,0.7296743606445738,0.018390972730025993,0.006965,False,18.034970739840567,Basic
user_3984,0.1622803707906304,0.08247068263399125,0.40142997675505554,0.03333924652409994,0.012626,False,4.426304377151543,Basic
user_3985,0.1876959351331347,0.121975363968857,0.8159189236970739,0.028059503632543562,0.010626,False,0.9164642095721772,Basic
user_3986,0.15967561883809311,0.1922589940426871,0.8002780115906267,0.03836051148017683,0.014528,False,1.3755295377287893,Basic
user_3987,0.022027687033274086,0.21496857783425846,0.5252312119421964,0.009015573421486229,0.003414,False,4.117645427101739,Basic
user_3988,0.17744540836922756,0.2373051577146649,0.7648705171379645,0.055053384429520714,0.020849,False,17.476016965597523,Basic
user_3989,0.12566032581269038,0.4413574223121499,0.49185177427110494,0.11275981990668635,0.042703,False,2.4091255937864,Basic
user_3990,0.13215534935025983,0.36199938398607995,0.7648074507787137,0.0625518946063473,0.023689,False,14.20445784276055,Basic
user_3991,0.30894124811610985,0.02853032967670237,0.6908547065150534,0.012758392721889146,0.004832,False,16.473832791259188,Basic
user_3992,0.305910644802228,0.11713846700800114,0.765388795653716,0.046817910292188854,0.01773,False,16.672899415791374,Basic
user_3993,0.12840362004447653,0.22017844680533097,0.5247359835830415,0.05387797008417014,0.020404,False,7.918223113313271,Basic
user_3994,0.14784489677563992,0.18336098042202592,0.7932240643177226,0.03417569693437359,0.012943,False,9.409972964663856,Basic
user_3995,0.06762172879959905,0.04200452554946361,0.7752248792838773,0.003663993134076819,0.001388,False,6.141728257623958,Basic
user_3996,0.058000132785890876,0.10475683125859173,0.5599057303075967,0.010851666261550041,0.00411,False,2.799543407659402,Basic
user_3997,0.32716814554408974,0.29881854907334193,0.9218869683268849,0.10604761094728427,0.040161,False,4.0312542225948915,Basic
user_3998,0.3854467096613291,0.03189281409909681,0.6991088602970706,0.017583785522491714,0.006659,False,2.5609176993680505,Basic
user_3999,0.24800642328440411,0.024261116710108194,0.910894930321137,0.006605495957737028,0.002502,False,7.74292309517824,Basic
user_4000,0.4438131232313035,0.2698607922682725,0.45895392671858226,0.26095813562500414,0.098828,False,3.236566084578432,Basic
user_4001,0.17985903691476227,0.02897499178687038,0.5812114180080205,0.008966468923237393,0.003396,False,7.664614490297628,Basic
user_4002,0.18485828140006677,0.37013015863371923,0.5487918206812579,0.12467683088721394,0.047217,False,16.172593446059995,Basic
user_4003,0.23733126761236334,0.17701278272328852,0.8266108237100609,0.050822789760669076,0.019247,False,12.43579693536397,Basic
user_4004,0.19645926186839813,0.1330122458483941,0.6160478538310206,0.04241795093730035,0.016064,False,12.592283821817254,Basic
user_4005,0.16271460513247368,0.1026283888011625,0.2975611646972374,0.056120017463146384,0.021253,False,15.425455468463051,Basic
user_4006,0.17334891667502736,0.23428714206209936,0.6277424694890659,0.06469758577973761,0.024502,False,0.7826766388324536,Basic
user_4007,0.19020968371194058,0.1564146643009527,0.8749309851690614,0.034004492158709786,0.012878,False,15.095707000764017,Basic
user_4008,0.26350568295721594,0.1787841894868213,0.7560808842891316,0.06230900811223479,0.023597,False,3.7306280006842485,Basic
user_4009,0.077294701687358,0.3123354552799084,0.7830762854186525,0.03082953256506651,0.011676,False,6.572611187453056,Basic
user_4010,0.280585536097017,0.39546268299232223,0.7272429425406003,0.1525777734275788,0.057783,False,5.852813647526353,Basic
user_4011,0.2518093250408111,0.1259863782581117,0.7034107084940281,0.045101026314245785,0.01708,False,2.007455410199482,Basic
user_4012,0.037717603179626205,0.09044904748182347,0.8546312135899456,0.003991805151328633,0.001512,False,3.300488498386724,Basic
user_4013,0.1933840250185708,0.504335960050978,0.6920908058024455,0.14092156274664186,0.053369,False,18.170596740970257,Basic
user_4014,0.2379541449969057,0.04139668478532452,0.5840001838927508,0.016867311013736456,0.006388,False,11.405172879177359,Basic
user_4015,0.09995619083774876,0.10505386788387715,0.8220210990894258,0.012774349074587577,0.004838,False,9.005463464594996,Basic
user_4016,0.25271581099907925,0.04712829116576005,0.6946873708257402,0.01714449524078564,0.006493,False,14.398100867967722,Basic
user_4017,0.3157932468789546,0.1960377714641172,0.6167651053217295,0.10037436266643952,0.038013,False,15.461048138514268,Basic
user_4018,0.19201767111412296,0.20237812136875294,0.4792798572760556,0.08108034368591581,0.030706,False,2.094994224205387,Basic
user_4019,0.27047530329563635,0.12444438392313563,0.5463098220560187,0.061611801813069564,0.023333,False,14.07720289381799,Basic
user_4020,0.06503663678352328,0.4359622457546862,0.8530088170934785,0.0332394198750345,0.012588,False,17.71553423127597,Basic
user_4021,0.3074469516704954,0.17067680354950718,0.6720517675257703,0.07808038830899706,0.02957,False,11.123285553614616,Basic
user_4022,0.1813804233569645,0.2656197985719002,0.742111983837556,0.06492043325837038,0.024586,False,11.668982078271943,Basic
user_4023,0.3597669108978654,0.209363345725237,0.6021781824868555,0.1250825857485371,0.04737,False,16.537738511943854,Basic
user_4024,0.2661661427279773,0.07755603689001439,0.6089010719359864,0.033901715953053885,0.012839,False,12.910168628445408,Basic
user_4025,0.15197556159517445,0.25900215758699424,0.7349043520045361,0.053560709289965355,0.020284,False,18.910082721590985,Basic
user_4026,0.18089189897201702,0.35182104345675014,0.705429880479213,0.09021672941607609,0.034166,False,5.371179084438958,Basic
user_4027,0.1424182551515162,0.09476269166684483,0.7937003062024743,0.017003820075647456,0.00644,False,16.064130980752456,Basic
user_4028,0.20666319937737065,0.18477939359655257,0.5427415559645932,0.07035964031131826,0.026646,False,11.635775196666492,Basic
user_4029,0.3794590455406697,0.12240812707168526,0.9221543337413225,0.05036995366772551,0.019076,False,6.948975271133443,Basic
user_4030,0.1610925952116654,0.07807602061768557,0.6540158373325703,0.01923113794369288,0.007283,False,16.77813374122706,Basic
user_4031,0.3645784386834669,0.14270421874273131,0.822529021662976,0.06325233504537238,0.023954,False,18.92867886608997,Basic
user_4032,0.3955548174117297,0.3283327820048085,0.8464337818098983,0.15343623615599708,0.058108,False,1.0991380076839063,Basic
user_4033,0.08432538412730935,0.3689311367685519,0.5406239759525242,0.057545098272269446,0.021793,False,17.584932376659573,Basic
user_4034,0.1520154629630172,0.48248693371043644,0.887443532179029,0.08264804682446228,0.0313,False,3.8591090499209777,Basic
user_4035,0.11828903494128244,0.20182082318379485,0.7168209942169883,0.033304256708530024,0.012613,False,3.898572416223483,Basic
user_4036,0.297094279133966,0.3225634250978726,0.9416495996538246,0.10177007274220241,0.038542,False,0.7933657468145074,Basic
user_4037,0.16808126949976937,0.13717029600739183,0.8656122665939876,0.02663520190315855,0.010087,False,17.52156694451152,Basic
user_4038,0.18949123958230216,0.1460789368553123,0.858642520891005,0.03223772192513131,0.012209,False,14.428562740019059,Basic
user_4039,0.3332153943749732,0.3618382381217362,0.8254294088029027,0.1460695123409029,0.055318,False,1.0155345569132428,Basic
user_4040,0.42765071898227036,0.19697521791006703,0.7029414773123747,0.11983443327743241,0.045383,False,12.037168978639249,Basic
user_4041,0.4381554032154814,0.398499053386629,0.7721159191083429,0.22613769396082828,0.085641,False,2.2825543489501205,Basic
user_4042,0.14397122341314084,0.037073482168176373,0.7456778364928339,0.007157936474338148,0.002711,False,14.27669920759197,Basic
user_4043,0.3902437129287294,0.36169982252546723,0.673030940477935,0.20972450628758038,0.079425,False,7.772023016134181,Basic
user_4044,0.23849646741600852,0.17591233699904618,0.7009125664484013,0.059856925039530544,0.022669,False,0.9837598389629623,Basic
user_4045,0.2694352569472101,0.2693092406665376,0.6161943179387738,0.11775734106080549,0.044596,False,15.758741531925939,Basic
user_4046,0.42090952879080357,0.19573971475222454,0.7976541673576332,0.10328876156308683,0.039117,False,10.875852220314384,Basic
user_4047,0.07165694726393376,0.21549802752055483,0.4592056261294584,0.03362748606474778,0.012735,False,14.684495394095855,Basic
user_4048,0.17486182745280415,0.22577125519398544,0.5725692995420174,0.0689502114435959,0.026112,False,12.816086170271722,Basic
user_4049,0.38912913360355383,0.289071220459568,0.7462773378818022,0.15072953157927663,0.057083,False,8.253527319396774,Basic
user_4050,0.1570784103213364,0.10465206185056102,0.7136107433641236,0.02303577919082481,0.008724,False,13.274662731166156,Basic
user_4051,0.2349494307863376,0.06322007729196105,0.5998536076165429,0.024761910215116426,0.009378,False,0.28031575735762737,Basic
user_4052,0.1366970069662702,0.3177324069993241,0.8026706932023265,0.054110694984659646,0.020492,False,6.455013620658462,Basic
user_4053,0.14922617732557936,0.13712585000266922,0.6737577719539587,0.03037110258346295,0.011502,False,14.779214524511625,Basic
user_4054,0.2502028104232292,0.05498137622175764,0.4337532197055192,0.03171502648662789,0.012011,False,14.498176229460213,Basic
user_4055,0.3068227705258243,0.06972805812349003,0.43016263367533203,0.04973504042887717,0.018835,False,16.86077797698341,Basic
user_4056,0.13067360807398315,0.19736338947935558,0.8430473788239933,0.03059162136409718,0.011585,False,11.609864886805942,Basic
user_4057,0.30859510708269866,0.1515308935678833,0.7018800889216434,0.0666234775212983,0.025231,False,17.901739239789872,Basic
user_4058,0.17109805138388554,0.04248858534201214,0.8550312695172314,0.008502278708684927,0.00322,False,10.596531925704511,Basic
user_4059,0.28388423278858244,0.22265095134356416,0.7185333058472296,0.08796682629385927,0.033314,False,9.508626127444009,Basic
user_4060,0.18064212610945143,0.081952501952135,0.7513119313612163,0.019704298008153317,0.007462,False,3.747115570253596,Basic
user_4061,0.23588613200113195,0.011597134239450916,0.8265974848092736,0.0033094743068002074,0.001253,False,14.797891964318792,Basic
user_4062,0.1787680848657125,0.07397266402829361,0.726041799718109,0.01821376053814963,0.006898,False,13.149085942549062,Basic
user_4063,0.054631273340570954,0.06470595451608775,0.7548709903082116,0.004682877913334071,0.001773,False,8.754453008567395,Basic
user_4064,0.1480204266169461,0.10828072643288517,0.9383338332315699,0.017081084314939144,0.006469,False,1.6550662139907288,Basic
user_4065,0.17883977733537343,0.10140329996159853,0.5489977743637965,0.03303281804233169,0.01251,False,2.388345234906346,Basic
user_4066,0.17561129901214279,0.10987862169397652,0.8084134463040995,0.02386888488503012,0.009039,False,2.174762723130296,Basic
user_4067,0.5324561394967434,0.3121266219516751,0.8530953985144815,0.19481260413307372,0.073778,False,7.1363868536947255,Basic
user_4068,0.2976096682939584,0.27456479561517466,0.5969041720643115,0.1368949013467889,0.051844,False,3.020573906889238,Basic
user_4069,0.24813440363068287,0.17045286813014687,0.8166479473812803,0.05179125339901998,0.019614,False,16.355999886000923,Basic
user_4070,0.17488206422041036,0.3038043118750343,0.7968114106609703,0.06667816809462485,0.025252,False,17.087576289170638,Basic
user_4071,0.042514600852691625,0.21803490252894006,0.6941445512286472,0.013354087180495688,0.005057,False,16.278612227888125,Basic
user_4072,0.1595949999866105,0.18338299884941253,0.5557978339812328,0.05265765339399438,0.019942,False,11.568243830271207,Basic
user_4073,0.2941605094339252,0.21746543070228996,0.5540128532073028,0.11546616925820151,0.043728,False,11.330752571057452,Basic
user_4074,0.12319784212380551,0.12958525293067197,0.8255355902896099,0.01933850426306358,0.007324,False,16.92755764304073,Basic
user_4075,0.12152960776754079,0.26926443396958394,0.9385079233754642,0.03486768756131306,0.013205,False,7.719855052612305,Basic
user_4076,0.08299913653318594,0.08945802729181787,0.6153067491683473,0.01206705278500303,0.00457,False,1.1845420646268048,Basic
user_4077,0.09108251754828832,0.15403024674125873,0.5304568197727839,0.026447888176434915,0.010016,False,8.93746998518819,Basic
user_4078,0.6110098877682573,0.3672443446069645,0.8484766286614526,0.26446211740189435,0.100155,False,10.520498789989961,Basic
user_4079,0.2882913686844939,0.15272206015333412,0.6708317898856215,0.06563262566526143,0.024856,False,10.439590754623401,Basic
user_4080,0.2475126120047491,0.06762600506161083,0.9057609931389363,0.018479807895280125,0.006999,False,3.0210775107105787,Basic
user_4081,0.23940025127752412,0.2870696777642453,0.7978133807299526,0.08614113858060297,0.032623,False,14.884846493243153,Basic
user_4082,0.4472672663233703,0.1892637451830128,0.8426457693482625,0.1004591502163502,0.038045,False,13.90737127615373,Basic
user_4083,0.3536582547838534,0.1305077287757818,0.3955223070759852,0.11669414030238362,0.044193,False,4.367205740885294,Basic
user_4084,0.033137916827776885,0.268680244082379,0.5418171642366736,0.016432671700632003,0.006223,False,10.47335631481646,Basic
user_4085,0.10016712320006654,0.36542776180217645,0.9103118963099831,0.04021022661083481,0.015228,False,15.016235965050182,Basic
user_4086,0.2528432115361508,0.22483465786951504,0.6379718186795229,0.08910725410728011,0.033746,False,0.1460078365093681,Basic
user_4087,0.21915142544350558,0.257700265632566,0.8094424820308065,0.06977071478736332,0.026423,False,5.227941329020491,Basic
user_4088,0.1940539819294962,0.37588113811117896,0.7720268373008108,0.09448017615253514,0.035781,False,8.968719487314116,Basic
user_4089,0.07777342516720369,0.4107674927291032,0.6774782480372578,0.04715545473148517,0.017858,False,16.05560040425708,Basic
user_4090,0.16267505360117618,0.10765101430366945,0.44578332491560096,0.03928396048772336,0.014877,False,15.180378127540791,Basic
user_4091,0.27469126689703094,0.028652095581419443,0.4911177208629494,0.016025649452611083,0.006069,False,2.868857955009325,Basic
user_4092,0.14612484018748656,0.14690781737138522,0.8898315320929635,0.024124657939682246,0.009136,False,8.792095981165064,Basic
user_4093,0.06692250354783628,0.12082212658651219,0.8824232821966377,0.009163084608346927,0.00347,False,5.788097474300811,Basic
user_4094,0.3066096656625672,0.1487545260375812,0.7408207432721923,0.06156627754876263,0.023316,False,7.627239531809464,Basic
user_4095,0.06397016259050411,0.20259335996806183,0.7646093354771611,0.016949740966510283,0.006419,False,10.27187142414947,Basic
user_4096,0.3092527879708356,0.2767905694412772,0.8007542123645917,0.10689704026780242,0.040483,False,9.487470718928458,Basic
user_4097,0.15889788819795123,0.06697640840076155,0.8518440746415487,0.01249337780325912,0.004731,False,2.6899181492329585,Basic
user_4098,0.16581735076416726,0.30402347713888955,0.7323094856551658,0.06884024928910931,0.026071,False,2.312074331460872,Basic
user_4099,0.2585788980273796,0.28941531250647223,0.6178366724645044,0.12112698374095422,0.045872,False,2.475109230018849,Basic
user_4100,0.12844005449305523,0.19809930587717733,0.49631158710852513,0.051265951274954674,0.019415,False,15.984477375889512,Basic
user_4101,0.4169801208728832,0.06881960872193639,0.8236509501059593,0.034840497372832374,0.013195,False,0.37877174292028515,Basic
user_4102,0.09035382103514816,0.1471051902214684,0.8067656939412884,0.01647506349170477,0.006239,False,3.845688038235848,Basic
user_4103,0.29589808761267977,0.21346680206079777,0.6774727131518489,0.09323536914825796,0.035309,False,18.16194378423598,Basic
user_4104,0.12392329517145827,0.050570381428379815,0.7336540477355344,0.008541966508636232,0.003235,False,1.2544053314256347,Basic
user_4105,0.22353572962446755,0.25901170015770275,0.7220481948549224,0.08018629474956189,0.030367,False,0.6901075084313472,Basic
user_4106,0.1812973760658744,0.34164582450037745,0.8491473723491613,0.07294315868213243,0.027624,False,7.359257170107762,Basic
user_4107,0.2575700676474596,0.2004096179725467,0.523072419246388,0.09868522399395624,0.037373,False,2.8728106935824393,Basic
user_4108,0.07565148455112937,0.16978713022072325,0.6589694833735887,0.019492023201310577,0.007382,False,10.749507451099262,Basic
user_4109,0.35890463545198964,0.2353348938237314,0.6887776593480255,0.12262706713932728,0.04644,False,6.433038542436173,Basic
user_4110,0.27060633857869326,0.29522096184110563,0.9050531606661472,0.08826958131023065,0.033429,False,3.970418839699437,Basic
user_4111,0.2192016561245725,0.533595677010078,0.5372658268463107,0.21770425412703645,0.082447,False,18.97343261296362,Basic
user_4112,0.12598527025144218,0.13386299549247493,0.7743609790157351,0.0217789456349199,0.008248,False,6.48097832679075,Basic
user_4113,0.13663377066581348,0.13529313471025645,0.5575341901389297,0.03315601351022766,0.012557,False,12.179122524152064,Basic
user_4114,0.34371625991265015,0.14823370596943825,0.6985385309937682,0.07293847475574877,0.027623,False,16.60814775630633,Basic
user_4115,0.07799412536260875,0.17290243807207503,0.8482590297981057,0.015897708078278602,0.006021,False,17.525355910769175,Basic
user_4116,0.1494739801223,0.050757153188057985,0.6932244118344315,0.010944325642860298,0.004145,False,7.792418762299594,Basic
user_4117,0.4129275468096302,0.15004628093031713,0.7235907833794478,0.08562608053559717,0.032428,False,18.54696890135499,Basic
user_4118,0.15524320314812484,0.14139748926092424,0.6971607709732432,0.031486279871032696,0.011924,False,13.766741049571962,Basic
user_4119,0.26413597278670436,0.3051882958351544,0.6548656644892341,0.12309579166348283,0.046618,False,11.082239275011045,Basic
user_4120,0.13956164029029466,0.054705978058951006,0.8294672576216745,0.009204529728495179,0.003486,False,13.17230732152052,Basic
user_4121,0.43782845153916783,0.27218200005745774,0.8598574283127152,0.1385916079783528,0.052486,False,6.842617689756341,Basic
user_4122,0.45208524234702185,0.43172824213138766,0.7381039426043083,0.2644315464341795,0.100143,False,8.063702290420407,Basic
user_4123,0.300069128352295,0.16408520513939395,0.6079624064174387,0.08098675832906427,0.030671,False,11.139112021484854,Basic
user_4124,0.20339770471411747,0.09924873800009196,0.7742301582760023,0.02607359748158395,0.009874,False,6.209848459114444,Basic
user_4125,0.21747251452266253,0.3611959858014014,0.8120795881700328,0.09672721788849578,0.036632,False,14.60742308955275,Basic
user_4126,0.2823015768968153,0.17467750193952683,0.7406636611702659,0.06657776914289441,0.025214,False,4.770649211930451,Basic
user_4127,0.321044783531472,0.3200937847476748,0.8758059208740547,0.11733700056689259,0.044437,False,15.139304686367469,Basic
user_4128,0.2011607680455165,0.12980497976016406,0.6372276757354535,0.04097698580738926,0.015518,False,2.8909894179032833,Basic
user_4129,0.28733059551508733,0.07140499351641487,0.7806267032218476,0.02628252303584306,0.009954,False,4.130426487662003,Basic
user_4130,0.22206391066298323,0.04822139254054461,0.7876373995967865,0.013595381593928863,0.005149,False,14.308784490093995,Basic
user_4131,0.06487729329401638,0.07475577532789651,0.34785229723951466,0.01394256240323199,0.00528,False,4.999689659725331,Basic
user_4132,0.12819887005398897,0.22868399862029273,0.6276145533825941,0.046711839399743535,0.01769,False,15.11249078625137,Basic
user_4133,0.25829472943863063,0.05365268155259299,0.5201587190583769,0.026642261981825444,0.01009,False,14.893529936466065,Basic
user_4134,0.21642800719378028,0.4694819739775425,0.667164446577823,0.15229985435009133,0.057678,False,4.888723545229391,Basic
user_4135,0.24725098855487598,0.004802416582721042,0.890720121869098,0.0013330811984335188,0.000505,False,1.3885393064311202,Basic
user_4136,0.4526537399249652,0.07477396198984021,0.7910356734686342,0.04278784722222826,0.016204,False,3.160851044427882,Basic
user_4137,0.047684530670292304,0.28174803562267814,0.7837815233505283,0.01714128548031069,0.006492,False,14.298007840884704,Basic
user_4138,0.2566819781206431,0.3438368489213711,0.5477878531927175,0.16111478561912654,0.061016,False,16.09288990439679,Basic
user_4139,0.37021951192691455,0.11267507763988076,0.5615058399053349,0.07429043348364207,0.028135,False,7.278054729535318,Basic
user_4140,0.24881216314609836,0.154349749490058,0.7004041384660846,0.05483133657060672,0.020765,False,3.1201577935649008,Basic
user_4141,0.12190063738633622,0.20716777269110084,0.7940595033685656,0.03180351526531775,0.012044,False,1.4339252384244654,Basic
user_4142,0.0979758139782996,0.07676530802734047,0.7520698716394718,0.010000591464830112,0.003787,False,4.100504478650089,Basic
user_4143,0.07846413428674393,0.23766226762355422,0.6809309351459538,0.02738598456789093,0.010371,False,18.614012357970033,Basic
user_4144,0.13048158186691522,0.27327926636063266,0.9344353619334537,0.03815984756011922,0.014452,False,3.235187315978698,Basic
user_4145,0.23105330310863043,0.4080342821773577,0.6293789601070007,0.149794757458383,0.056729,False,1.6371731010697206,Basic
user_4146,0.17894202668823228,0.17401642616392196,0.6493990231037268,0.047950259958801325,0.018159,False,14.923996935745812,Basic
user_4147,0.5218818011179172,0.31747008979089847,0.8537450171234022,0.19406480733484965,0.073495,False,11.692818412914704,Basic
user_4148,0.07229730552399687,0.16417547997924214,0.684495387073838,0.0173404307169242,0.006567,False,10.161605664673829,Basic
user_4149,0.1596752973127777,0.17208609876691353,0.5322984615178256,0.05162122562904076,0.01955,False,8.509198487177319,Basic
user_4150,0.09202381365000747,0.14231294630247013,0.591432711423279,0.022143144600517882,0.008386,False,13.33498446276764,Basic
user_4151,0.04899195427987578,0.24210218529459407,0.7947650854286329,0.014923981199569,0.005652,False,13.26874487865674,Basic
user_4152,0.569580312911415,0.19608848433831497,0.7877168241849879,0.14178717127604934,0.053696,False,8.064092236409163,Basic
user_4153,0.3513819360618633,0.08309763784260465,0.6555286524816397,0.044542688953050455,0.016869,False,4.45032905559644,Basic
user_4154,0.21068901096787823,0.09982697379131186,0.8687222915432101,0.024210782410850163,0.009169,False,15.984005664514553,Basic
user_4155,0.3063895115971142,0.019968884465507493,0.5942104999752229,0.010296446728526604,0.003899,False,3.127823749414918,Basic
user_4156,0.10773805957522856,0.1805289182819909,0.5460142938888779,0.03562147652653767,0.01349,False,10.146119956991258,Basic
user_4157,0.09969368423903574,0.2882124919798137,0.43274568233356453,0.06639688468811462,0.025145,False,13.160808195414328,Basic
user_4158,0.020967717487481823,0.03857950048602854,0.7678314821164952,0.001053517712987554,0.000399,False,12.138662334934828,Basic
user_4159,0.29263684355595126,0.15956490066375723,0.7655959120992489,0.06099114184730328,0.023098,False,11.75709228020004,Basic
user_4160,0.38411340923058584,0.37046206043161284,0.6336262620870314,0.22457946195959386,0.085051,False,12.587617707775241,Basic
user_4161,0.15821832448168782,0.14835477985403084,0.89677209795814,0.026174369999689796,0.009913,False,16.637443413035463,Basic
user_4162,0.059031766567432066,0.026431389046401507,0.7260014474285339,0.00214915768249036,0.000814,False,6.942458848741564,Basic
user_4163,0.27070091260398643,0.18577120967236305,0.6970125189905809,0.07214854055517295,0.027324,False,11.921293626463493,Basic
user_4164,0.22764793228983965,0.12295081480744637,0.876335151207825,0.0319392628786933,0.012096,False,13.242366934862103,Basic
user_4165,0.26771864916073645,0.08400752587966172,0.5415715475114886,0.04152799653375724,0.015727,False,11.216204517263488,Basic
user_4166,0.11922488085829229,0.20410347069102985,0.5857471407077743,0.04154388521043106,0.015733,False,17.15705020079495,Basic
user_4167,0.15964155769433352,0.08690860276926361,0.5932948412379538,0.023385041902898918,0.008856,False,12.440796474540848,Basic
user_4168,0.31693797716786326,0.3194255888115588,0.8454876546021696,0.11973930006254796,0.045347,False,8.064152478515448,Basic
user_4169,0.07892253634976898,0.17879868642928462,0.9280475865629708,0.015205304160390346,0.005758,False,16.066154921739916,Basic
user_4170,0.2406565469193223,0.26457737066669273,0.5925165384253684,0.10746075811968214,0.040697,False,9.301791955274226,Basic
user_4171,0.1915220982654714,0.2288562353945454,0.7982815700076783,0.05490672470802299,0.020794,False,10.07310220418312,Basic
user_4172,0.2154148369016215,0.032509143991083976,0.7308919958125708,0.009581377263360417,0.003629,False,11.063310576422781,Basic
user_4173,0.32580907557161476,0.09503301621606966,0.5879263638330783,0.05266411079148462,0.019945,False,6.132909055620167,Basic
user_4174,0.4783711959239303,0.12325508695507811,0.867784048210334,0.06794511085103234,0.025732,False,13.728256819306504,Basic
user_4175,0.17248077450872848,0.11501180715172567,0.6368970524747665,0.031146832126317785,0.011796,False,1.864397555152196,Basic
user_4176,0.05479744817314257,0.19594214614733743,0.9372806023480797,0.011455619130006898,0.004338,False,16.508134830238433,Basic
user_4177,0.02100426194813684,0.12520112225141802,0.5685037184290581,0.004625751921616759,0.001752,False,14.33621729284858,Basic
user_4178,0.34444333202592736,0.1061499398136367,0.8592038899089363,0.04255408919021049,0.016116,False,6.719004236973309,Basic
user_4179,0.1413269042724031,0.21405445238790158,0.82634335384419,0.03660905961302218,0.013864,False,4.3014689955168715,Basic
user_4180,0.1583162755478475,0.10635599943629565,0.5344301950126689,0.0315062394865697,0.011932,False,7.370060965095982,Basic
user_4181,0.03273299569241272,0.30976276360119237,0.6730864649128787,0.015064131779770814,0.005705,False,15.295998972156355,Basic
user_4182,0.09517063328523595,0.34429478665705204,0.34715867953461543,0.09438552113080513,0.035745,False,0.5998450697055593,Basic
user_4183,0.11517788657195499,0.15477906436002875,0.46209964425758376,0.03857853114605626,0.01461,False,8.89056088095279,Basic
user_4184,0.32647986824043923,0.22405331021598288,0.7751695974195213,0.09436502081822518,0.035737,False,4.828094044546846,Basic
user_4185,0.16180261180622488,0.2338401134694951,0.7775566518373458,0.04866004427461711,0.018428,False,16.62407659848025,Basic
user_4186,0.4659412365269581,0.16503195367967355,0.7884524003957156,0.09752674039088968,0.036935,False,7.862989904008039,Basic
user_4187,0.08802948409210246,0.17793053844717513,0.7704689288252268,0.020329351279119334,0.007699,False,13.260068229731635,Basic
user_4188,0.0631516278462486,0.07632742175299304,0.6597676654813418,0.007305906586816495,0.002767,False,6.799957316329934,Basic
user_4189,0.15374824075105697,0.046189545076915965,0.6594113408191542,0.01076954680191814,0.004079,False,6.26429369525056,Basic
user_4190,0.16683878816803505,0.5661656428424083,0.7027898429263398,0.13440488747089682,0.050901,False,6.191584609214086,Basic
user_4191,0.09894870399297814,0.1616199797308559,0.7205539920472325,0.022194155761045737,0.008405,False,12.885317612153225,Basic
user_4192,0.2238384280791827,0.13220750689682761,0.6444723804445781,0.04591836892007583,0.01739,False,18.32057697787724,Basic
user_4193,0.1646604753746171,0.14270631985671622,0.5037751614018303,0.04664400364873503,0.017665,False,3.9547503240587667,Basic
user_4194,0.14210741776508645,0.168877053269968,0.5851886307398095,0.0410101644142204,0.015531,False,12.234123458666414,Basic
user_4195,0.3325046778380782,0.06739769177562285,0.5315379679711436,0.04216076581776784,0.015967,False,5.043254218662431,Basic
user_4196,0.31850466822034607,0.17166764541999455,0.5940914945605853,0.09203455519777254,0.034855,False,10.437650994485605,Basic
user_4197,0.283199857351997,0.08572410023441869,0.5704922830455804,0.042554568535813145,0.016116,False,10.29037816267596,Basic
user_4198,0.5065922405754154,0.05015945896872944,0.8256891971783342,0.030774767057453783,0.011655,False,8.55087436787931,Basic
user_4199,0.1312005806570299,0.3037543822432384,0.8276270446402244,0.04815303171340248,0.018236,False,9.474238802540926,Basic
user_4200,0.2553619975528557,0.3284182748078015,0.7947671590274016,0.1055221592075012,0.039962,False,16.72439181478232,Basic
user_4201,0.39642312909884686,0.20384366110816632,0.7703148269563029,0.10490300738823526,0.039728,False,1.6834859786923277,Basic
user_4202,0.26323871053459247,0.15265740300017705,0.8359439479196754,0.048071809143820234,0.018205,False,15.775379679420967,Basic
user_4203,0.36883194552011,0.06199263248367903,0.6690895463846896,0.03417309890793372,0.012942,False,8.783953294434724,Basic
user_4204,0.13969075525559677,0.37465684900843277,0.7487286038614662,0.06989995831567504,0.026472,False,6.33828667829902,Basic
user_4205,0.2409243585335497,0.033367749800011406,0.8896684290848896,0.009036067206009243,0.003422,False,3.3657735143422074,Basic
user_4206,0.18538164885234173,0.12660582787497549,0.7981473906186827,0.029406093914039717,0.011136,False,15.481322713209389,Basic
user_4207,0.06609350044505634,0.3165328801133078,0.9139684036115872,0.022890032051408483,0.008669,False,11.24880239918628,Basic
user_4208,0.1924955185911426,0.14955731411902642,0.8050496109262556,0.03576066909381757,0.013543,False,13.839138697228902,Basic
user_4209,0.09101062758302629,0.08407453396298094,0.508987881490023,0.01503312039045342,0.005693,False,5.984301874734287,Basic
user_4210,0.35855803534642416,0.3009110158246499,0.6708442124079519,0.1608332615122436,0.060909,False,7.466225983543757,Basic
user_4211,0.11004349758904583,0.5446102348905427,0.5567739785927535,0.1076393965494262,0.040764,False,17.359230847678802,Basic
user_4212,0.45810030764441506,0.19866581224577706,0.6711536668507242,0.13560064438783728,0.051354,False,18.262463423310255,Basic
user_4213,0.3351065299174949,0.2753278252467336,0.8150432694682831,0.1132015385739637,0.042871,False,14.057001400359201,Basic
user_4214,0.044255322098010225,0.17670566974826193,0.6318881003395319,0.012375872131556125,0.004687,False,14.239094290510566,Basic
user_4215,0.08632821778592689,0.3068820831458325,0.7763282462735809,0.03412549193666241,0.012924,False,13.193605264328811,Basic
user_4216,0.1454762541159513,0.18968350412127183,0.8919945529395475,0.030935666093714783,0.011716,False,11.156988786670903,Basic
user_4217,0.25588154672113583,0.5588179906207866,0.8145206232329264,0.1755525982977514,0.066484,False,11.30648826884742,Basic
user_4218,0.42061072141664524,0.01682908638722289,0.6518935267903625,0.01085835934123209,0.004112,False,18.312254916915386,Basic
user_4219,0.23045966565274095,0.22092300340646134,0.3838948864468453,0.13262443261822934,0.050226,False,14.26731900866077,Basic
user_4220,0.3561138474909413,0.020329427077548753,0.849628781246474,0.008520886596204221,0.003227,False,12.451484625832228,Basic
user_4221,0.1387557143165212,0.1276717714397635,0.8042335637735215,0.02202741671344713,0.008342,False,3.592322454705942,Basic
user_4222,0.1906399002130901,0.1752602149285313,0.465731790254658,0.07173998121758184,0.027169,False,18.564405520450578,Basic
user_4223,0.15739403048832568,0.19685391580062786,0.9470673304609207,0.03271534159054049,0.01239,False,9.885574024756643,Basic
user_4224,0.3277384423947538,0.08698955501945559,0.6457360200895036,0.04415089197399496,0.01672,False,17.930551365177436,Basic
user_4225,0.16721867247542932,0.3161655204094806,0.7731265349657902,0.06838308635690013,0.025897,False,13.557593213858667,Basic
user_4226,0.41648493211936566,0.08087869140773717,0.8708620679891939,0.038679783560480574,0.014648,False,0.761535946596825,Basic
user_4227,0.25141577782962926,0.10812534187888248,0.8262828011152166,0.03289965238884749,0.012459,False,10.240914495344299,Basic
user_4228,0.09722978141291054,0.10905805780239967,0.4349251096350327,0.024380498818157376,0.009233,False,16.960960253500847,Basic
user_4229,0.2668684536695129,0.3068383240727469,0.6814015149307956,0.12017212653270265,0.045511,False,0.9838330246601713,Basic
user_4230,0.19023462703265606,0.07572591969173965,0.828677160239092,0.017383961789301145,0.006584,False,16.467823456203426,Basic
user_4231,0.2912632296512031,0.5734453300628872,0.8429298077386317,0.19814643797043882,0.07504,False,11.654434552199032,Basic
user_4232,0.33497604106428563,0.13324277905271426,0.8161286627206106,0.05468885074896706,0.020711,False,0.8460179783902099,Basic
user_4233,0.31259592942542186,0.16505388306073565,0.9010754782197147,0.057259545096692545,0.021685,False,7.098368282704753,Basic
user_4234,0.2012635627823969,0.21570294386891115,0.8467140276380757,0.05127249764222071,0.019418,False,0.5732412906361463,Basic
user_4235,0.1598793107281055,0.20534808175392297,0.9763672917820979,0.033625573128562916,0.012734,False,0.032609657370478384,Basic
user_4236,0.19746384483295013,0.4161111457981762,0.5116744223850741,0.16058435429339338,0.060815,False,17.03207746071235,Basic
user_4237,0.08811298052654538,0.30458794134376155,0.6527108073743155,0.04111798217683304,0.015572,False,14.222987716663678,Basic
user_4238,0.4572739384517831,0.08820098659546594,0.5493180415148464,0.07342196954722009,0.027806,False,5.499968135839968,Basic
user_4239,0.1601054537321551,0.1980620917362286,0.9634980208588532,0.03291218080168123,0.012464,False,2.1605000808954156,Basic
user_4240,0.22328162706557617,0.21918045248819412,0.4381504322984719,0.11169444201117561,0.0423,False,1.0342190581304638,Basic
user_4241,0.05229360625612713,0.025249137029720918,0.8130741749075282,0.00162392124960726,0.000615,False,17.427224283625947,Basic
user_4242,0.236979422516085,0.1427131982166942,0.8733344891742516,0.038725244128161106,0.014666,False,11.88558019166138,Basic
user_4243,0.04874605702597441,0.08100856709824028,0.8469036933493717,0.004662688641427715,0.001766,False,3.0506188656331004,Basic
user_4244,0.44685222582274803,0.2257455712473939,0.9167134039504659,0.11003974693379354,0.041673,False,12.94777730551098,Basic
user_4245,0.14917192256744038,0.03668684084334895,0.6481681538468275,0.00844325125979783,0.003198,False,18.97892360651839,Basic
user_4246,0.2598509655586517,0.07536425909497135,0.5578576786348256,0.03510478791358553,0.013295,False,14.972520987424405,Basic
user_4247,0.27049142666024695,0.18665369113240474,0.4841322855307552,0.10428600759491778,0.039494,False,8.484113832777833,Basic
user_4248,0.07098431029369745,0.09649221614921864,0.8489987576049269,0.008067660112230665,0.003055,False,15.46935674167414,Basic
user_4249,0.14004636684405578,0.04214408386640667,0.8662583279831143,0.006813355368488289,0.00258,False,14.141826956297844,Basic
user_4250,0.1312001225307205,0.22013649137620195,0.7310886963005061,0.03950537710156168,0.014961,False,1.684410758085522,Basic
user_4251,0.029984815649192982,0.2715261332792647,0.8959588894229684,0.00908709221643026,0.003441,False,17.588235880798432,Basic
user_4252,0.2701316268752365,0.15084414196521154,0.665758321711158,0.06120505316243019,0.023179,False,16.797961710854928,Basic
user_4253,0.040848657579708535,0.13323564385973174,0.9212472621816405,0.00590774856746884,0.002237,False,11.220630937126016,Basic
user_4254,0.28569692457297924,0.19201604264910488,0.7637592144284435,0.07182681638031216,0.027202,False,9.654834908462899,Basic
user_4255,0.23492027724503947,0.039702064448248295,0.40358494183646915,0.023109930576057276,0.008752,False,4.327086145218352,Basic
user_4256,0.331704556479725,0.27492551235255225,0.7180110406300698,0.12700925191880033,0.0481,False,15.854699902589513,Basic
user_4257,0.022257859817739686,0.3409138812648582,0.6675114901435141,0.011367614627103053,0.004305,False,8.205841782026319,Basic
user_4258,0.4068571893791868,0.11241990494132265,0.7147129565941994,0.06399610659454093,0.024236,False,11.006827133011976,Basic
user_4259,0.013727726579710121,0.26986913328316847,0.678864240204006,0.005457187836114899,0.002067,False,3.231662214471717,Basic
user_4260,0.2623963946563413,0.04152604961388416,0.7858159052243338,0.013866206614757815,0.005251,False,4.062632405618285,Basic
user_4261,0.0525512611255225,0.658403782035952,0.7384475808353631,0.046854983310612226,0.017745,False,18.718825160261428,Basic
user_4262,0.17290988781763897,0.1471349390712774,0.7902705117055775,0.03219288260416331,0.012192,False,9.385999428051022,Basic
user_4263,0.0504179914070951,0.10985784592724462,0.5585222741718814,0.009916904281345215,0.003756,False,15.499114689665031,Basic
user_4264,0.14356085361466922,0.16863355792278195,0.7022970890128396,0.034471419435188264,0.013055,False,15.764870048173234,Basic
user_4265,0.2523033128718962,0.43242151350790897,0.7095773814582446,0.1537554370615814,0.058229,False,18.64869628124746,Basic
user_4266,0.2121362436830723,0.3623159320456628,0.6058480492174598,0.12686405601202216,0.048045,False,18.675176294201975,Basic
user_4267,0.14551591350749807,0.17982603434374775,0.957592458284995,0.027326394891231787,0.010349,False,8.682152945636757,Basic
user_4268,0.3495391440469243,0.10793131363514223,0.6377845603823702,0.0591519790966244,0.022402,False,18.056087172845388,Basic
user_4269,0.0506367467659068,0.06602176472451556,0.9753380715434957,0.003427660089288829,0.001298,False,6.943633970178423,Basic
user_4270,0.04196309927717484,0.3277617594529802,0.8256305550312368,0.016658660665322088,0.006309,False,11.5451434104666,Basic
user_4271,0.04970331976064285,0.32863622278276333,0.6562535458889738,0.02489024458340225,0.009426,False,15.612536169344155,Basic
user_4272,0.1523142725141525,0.21384899866361906,0.8185332448511542,0.03979344133450828,0.01507,False,17.36194420956117,Basic
user_4273,0.03759968095961862,0.34410311820442824,0.603616098597977,0.02143443074455436,0.008117,False,9.952945260279574,Basic
user_4274,0.19357590107911896,0.16898656385845492,0.8864203593564923,0.03690317581707167,0.013976,False,7.939329704177124,Basic
user_4275,0.12638432678022596,0.07649783562277594,0.6081014911192317,0.015898871482019232,0.006021,False,13.841843019156848,Basic
user_4276,0.11715452283788032,0.29320470610165233,0.7645015867156019,0.04493157114916292,0.017016,False,8.662623798931838,Basic
user_4277,0.0576733016145789,0.08077590364960321,0.6210017705606271,0.0075017709694580005,0.002841,False,12.764227157896025,Basic
user_4278,0.3197868781538541,0.1307879554782128,0.601932381110406,0.06948333948299676,0.026314,False,15.280159249955,Basic
user_4279,0.15541313993979175,0.09465969312727497,0.8145821281621016,0.018060008470649102,0.00684,False,15.981418086709787,Basic
user_4280,0.16204014708130424,0.23469874005882058,0.9409727727573,0.04041627925905685,0.015306,False,4.831966791967364,Basic
user_4281,0.11576073164719525,0.15202361652038868,0.6790398597685027,0.025916542045193697,0.009815,False,10.857704299753319,Basic
user_4282,0.17855582680204238,0.05973779102965306,0.5288492915865824,0.020169320141522822,0.007638,False,0.4756510035689354,Basic
user_4283,0.38453036342008895,0.4086060997402532,0.6954861483043693,0.2259160048145528,0.085557,False,15.157368020425332,Basic
user_4284,0.07864566196452916,0.27276466273183114,0.8487894199620474,0.02527335633146274,0.009571,False,2.376808287142558,Basic
user_4285,0.09607780516449352,0.18537111112817564,0.7561462777351481,0.02355370914665374,0.00892,False,16.562005509523765,Basic
user_4286,0.05858421461878571,0.06424807647690278,0.6757421022625345,0.005570058589755738,0.002109,False,7.7293824925599335,Basic
user_4287,0.2052478774530121,0.14372164685674438,0.3438494431472692,0.08578918346179798,0.032489,False,3.1780972786382367,Basic
user_4288,0.2803663808179219,0.2512113188639704,0.8487424501218591,0.08298301596706528,0.031427,False,15.120483373595276,Basic
user_4289,0.07835059638792556,0.1824510742532353,0.6580830518858034,0.021722410930344552,0.008227,False,3.8054413536354956,Basic
user_4290,0.14603903998721132,0.03429844348492246,0.8987638963419443,0.005573111892879156,0.002111,False,7.493878799826197,Basic
user_4291,0.1287156064843566,0.33795053197243025,0.36054427904796726,0.12064955738419877,0.045691,False,10.770647728118828,Basic
user_4292,0.25434441913713746,0.3138728074176505,0.5356772195953227,0.14902966556220898,0.056439,False,6.840568832216526,Basic
user_4293,0.24688936827484526,0.11818700152966087,0.9651965576084094,0.030231266280369828,0.011449,False,3.4015461070153306,Basic
user_4294,0.11770420182861792,0.27734908200285635,0.6471528783335732,0.050444266599119186,0.019104,False,7.7157821247491825,Basic
user_4295,0.050879931233454107,0.06418642133203238,0.7651894952046278,0.00426796332668155,0.001616,False,2.7406430411804354,Basic
user_4296,0.059114155188038295,0.17690996305651066,0.554825855035845,0.01884894677404147,0.007138,False,13.663953789310185,Basic
user_4297,0.09904592780201533,0.18442211861255714,0.6929701233561856,0.026359375721318384,0.009983,False,3.25859432205769,Basic
user_4298,0.1694863643061607,0.05421699761077838,0.8651094727808919,0.010621825442632689,0.004023,False,9.16526819103737,Basic
user_4299,0.07331774426246075,0.12754314026771357,0.5560138365659859,0.016818242147234076,0.006369,False,10.647186820202624,Basic
user_4300,0.21072751138263943,0.32279485876112735,0.5550602991280151,0.12254841029110407,0.046411,False,17.956271847726114,Basic
user_4301,0.1978565992211538,0.2043510805364062,0.534419684763778,0.07565628848415853,0.028652,False,1.4869087279171271,Basic
user_4302,0.472921021837272,0.10513539137587848,0.6185336556562111,0.08038485257199551,0.030443,False,17.67865022535332,Basic
user_4303,0.39262422309030404,0.25810816566182093,0.6392215708519913,0.15853582331579455,0.060039,False,3.956300789180336,Basic
user_4304,0.5734552958401723,0.06678098440661695,0.6355220044646896,0.060258982223049394,0.022821,False,15.977789028155472,Basic
user_4305,0.21672199136236506,0.2672382757084851,0.7436027405351708,0.07788622623701628,0.029496,False,1.7194098293758273,Basic
user_4306,0.20250380817781488,0.2631318773856969,0.4398080936478126,0.12115558579567874,0.045883,False,18.78534516836678,Basic
user_4307,0.07719430075098502,0.26978016795128834,0.36611071650746874,0.05688304243084935,0.021542,False,15.345022304887843,Basic
user_4308,0.3410193316836707,0.2364175976181836,0.5496676389893329,0.1466758554064642,0.055548,False,1.1960708876112327,Basic
user_4309,0.10074900436423338,0.14553341629374475,0.5743567956437776,0.02552828991408684,0.009668,False,4.068109825208294,Basic
user_4310,0.10110267396220689,0.1481726588067884,0.7121375434271962,0.02103617784474744,0.007967,False,10.422354869237353,Basic
user_4311,0.34932548974611954,0.04572977542641633,0.6733136421555692,0.023725311944774202,0.008985,False,9.947868211667044,Basic
user_4312,0.26409856755125594,0.137058403973194,0.5465722541961012,0.06622533047057129,0.02508,False,11.956114856165426,Basic
user_4313,0.0871764325295555,0.16021366223056643,0.8376464843413328,0.0166739260258921,0.006315,False,8.806626866009314,Basic
user_4314,0.09682416544113215,0.27210021595413264,0.6646420173590399,0.03963919770043468,0.015012,False,13.949121810128558,Basic
user_4315,0.11848629135322124,0.10720995238357926,0.4782847482375265,0.026559303220300912,0.010058,False,6.621226471180605,Basic
user_4316,0.18601535275656364,0.30976181199300196,0.7080658823400767,0.0813772477470057,0.030819,False,3.3513498989032735,Basic
user_4317,0.25486861559945767,0.19309965512176952,0.8228626966175451,0.059809542923650816,0.022651,False,0.641810215380174,Basic
user_4318,0.32743431449674476,0.219422253130552,0.7734492002011905,0.09289087766907607,0.035179,False,6.170546643057254,Basic
user_4319,0.16561790137924798,0.48776756675540395,0.58044086372896,0.13917531623792484,0.052707,False,8.110697819602391,Basic
user_4320,0.15455997950816466,0.316907075883982,0.7153959425280895,0.06846719172257176,0.025929,False,12.522305581244025,Basic
user_4321,0.2568832225635319,0.2077151689447594,0.6537731705694676,0.08161629197383616,0.030909,False,15.322670578256744,Basic
user_4322,0.18277737706089361,0.02129514428768916,0.6704587743350303,0.005805383963984214,0.002199,False,4.561193230474164,Basic
user_4323,0.07109919119092002,0.11317937066372416,0.793602699395763,0.010139786217732077,0.00384,False,9.37084891111704,Basic
user_4324,0.36814008443532426,0.09505726049896558,0.5603218008849743,0.06245408950893851,0.023652,False,4.440943572664062,Basic
user_4325,0.15233791850325581,0.14905093668494604,0.8257369265197206,0.02749799447778841,0.010414,False,18.072141625867474,Basic
user_4326,0.08846572613010956,0.21642907700161876,0.6115995962619751,0.031305703224199455,0.011856,False,12.303388379743547,Basic
user_4327,0.13836482284643142,0.06337283578708718,0.6677090006343511,0.013132324393749076,0.004973,False,12.88014561360406,Basic
user_4328,0.2904165240406616,0.2077478873557311,0.7330106131553574,0.08230906652623733,0.031171,False,10.093258837781553,Basic
user_4329,0.08418703977858383,0.10131322901614631,0.5018290264299865,0.016996348142625937,0.006437,False,5.354765610336922,Basic
user_4330,0.380876572861067,0.14788445052817437,0.5988160609220827,0.09406181024917785,0.035622,False,3.8081677378455465,Basic
user_4331,0.22757851489687014,0.13039890871436935,0.49926170026456573,0.05943974868022721,0.022511,False,12.476264767576822,Basic
user_4332,0.27010943300040235,0.11592547308853125,0.9569825445131701,0.032720099217876226,0.012391,False,17.51243651480917,Basic
user_4333,0.2523236902452766,0.1917831382777295,0.7435802654455118,0.06507895842026337,0.024646,False,4.044980243432737,Basic
user_4334,0.08003430003636519,0.4532842368763157,0.7787798054090376,0.04658349685487733,0.017642,False,10.86352235309549,Basic
user_4335,0.2098731123321419,0.2621837392722204,0.49762598593877655,0.11057565102862119,0.041876,False,10.057174464142948,Basic
user_4336,0.062224838334560516,0.18337981425432182,0.8257993047672655,0.013817860138563332,0.005233,False,12.191408832168717,Basic
user_4337,0.26497707901185036,0.16990865747783557,0.8467313977189402,0.053171406987610255,0.020137,False,11.16800892183479,Basic
user_4338,0.12977501671567643,0.03149895294684685,0.7278323756740701,0.005616371683682698,0.002127,False,5.183097527912095,Basic
user_4339,0.13499258100031675,0.18561488450509003,0.6348855305100128,0.03946637799618688,0.014946,False,13.137392142658582,Basic
user_4340,0.07267442900078697,0.1046342501044745,0.7185558901090503,0.010582662371766482,0.004008,False,5.180536452315068,Basic
user_4341,0.15582429396929656,0.13698430686035135,0.7496532358955897,0.02847380879492485,0.010783,False,12.406879915617106,Basic
user_4342,0.22591816439372994,0.4373879835652758,0.7546564803042352,0.13093890128009741,0.049588,False,5.698733708830617,Basic
user_4343,0.06225178001732371,0.3582719317244863,0.8209571163589999,0.027167150434129782,0.010289,False,1.5660321311766157,Basic
user_4344,0.08357126956996302,0.21605974039551393,0.6589972279661044,0.027399791746526823,0.010377,False,2.4172427980496596,Basic
user_4345,0.20465347871316425,0.10295594638379467,0.8474166472009687,0.024864147584597412,0.009416,False,15.847828701317349,Basic
user_4346,0.01600043933583041,0.047057057094251904,0.7193980822871602,0.0010466160612570819,0.000396,False,2.305749961257555,Basic
user_4347,0.03130920931834189,0.1156135081613083,0.7653534579126455,0.0047295370389028495,0.001791,False,6.279751193916557,Basic
user_4348,0.0925636830108928,0.05658371471457091,0.28812077536551345,0.018178477500533776,0.006884,False,5.465193277260746,Basic
user_4349,0.20182811015165855,0.27071676388055443,0.6699166761425298,0.08155977420206864,0.030888,False,1.0993344733007977,Basic
user_4350,0.24158196830405662,0.304452033668799,0.8196224043955116,0.08973659230572903,0.033984,False,11.390871134079589,Basic
user_4351,0.2330534503247233,0.46018798896441776,0.49012736696132,0.21881740513913622,0.082869,False,15.176923946646768,Basic
user_4352,0.2303352633829117,0.25234239693382066,0.7245943686398196,0.08021502094962968,0.030378,False,18.8542659517095,Basic
user_4353,0.23831549485559442,0.07651516497627739,0.9388012152619425,0.01942344035013969,0.007356,False,17.784609614614904,Basic
user_4354,0.11173505885471649,0.12404787198666728,0.7725425167371806,0.017941402546713107,0.006795,False,0.9371961217993559,Basic
user_4355,0.17045827770190333,0.2523698948901455,0.8520426706380592,0.05048871272441061,0.019121,False,4.8926652725304685,Basic
user_4356,0.19632576662963366,0.31443082209761547,0.6771749343730866,0.09115941696431716,0.034523,False,7.830246969070354,Basic
user_4357,0.26666752291010104,0.2715883509541818,0.6788464195397462,0.10668656520173406,0.040403,False,16.625272599900306,Basic
user_4358,0.02744320144399051,0.2060077930135135,0.8462399910564766,0.006680744732524046,0.00253,False,6.841610788662647,Basic
user_4359,0.15530747875378023,0.03371271539878182,0.716979901331831,0.007302627062212876,0.002766,False,10.83593453443741,Basic
user_4360,0.2393920717085771,0.24383933366181862,0.6635501232668248,0.08797105328223845,0.033316,False,12.53226695336634,Basic
user_4361,0.09154828258435128,0.3108629374723371,0.8662110511316835,0.03285454279016424,0.012442,False,5.661215994850629,Basic
user_4362,0.09836607795849497,0.19472019632810578,0.6361725579446561,0.030107966420284023,0.011402,False,11.056870340059477,Basic
user_4363,0.07766240179833424,0.08435685126462666,0.8734242824490195,0.007500771170439893,0.002841,False,0.9668246025318367,Basic
user_4364,0.3997570940354076,0.14818557107153482,0.9141684543271141,0.06480012845459343,0.024541,False,9.123482397353012,Basic
user_4365,0.08684988802726662,0.027230736099229297,0.6887580026193195,0.0034336971361844963,0.0013,False,7.1921790324687045,Basic
user_4366,0.12224505774579167,0.1471838464420377,0.8803119110988796,0.02043877582559899,0.00774,False,6.759337350239245,Basic
user_4367,0.1500072337209081,0.05950158800620259,0.8104515947191924,0.011013203844585198,0.004171,False,4.462965086910095,Basic
user_4368,0.07273520187278544,0.07837652945387903,0.6598127246536694,0.00863992535898497,0.003272,False,15.536950484645628,Basic
user_4369,0.18745796866816053,0.11020614655990163,0.9052988149828358,0.022820112019318654,0.008642,False,16.756537086621368,Basic
user_4370,0.1499267410135322,0.07341951267252562,0.8950616449613211,0.012298089549205487,0.004657,False,16.874441058662903,Basic
user_4371,0.4586038349288618,0.12608184274662093,0.7061512014356819,0.08188277026356458,0.03101,False,7.526032692742644,Basic
user_4372,0.10360731853898962,0.214564728413411,0.7410460285693908,0.029998779167437952,0.011361,False,4.924064662121847,Basic
user_4373,0.04964970847192113,0.28547332644091183,0.40820818697149563,0.03472166381437755,0.01315,False,1.8698335589083452,Basic
user_4374,0.4042069484232204,0.15808185065550082,0.674399736080636,0.0947476385828763,0.035882,False,12.775745716498891,Basic
user_4375,0.17119086594175523,0.3025632201598265,0.7811200098714786,0.06630998951084212,0.025112,False,6.2731875367417045,Basic
user_4376,0.13972353124122355,0.19572812737206208,0.7019633226114564,0.03895905133321871,0.014754,False,5.256659038508449,Basic
user_4377,0.1400889820367921,0.23887276078821135,0.826771290437248,0.04047484749674984,0.015328,False,7.057324280084355,Basic
user_4378,0.29873868116363395,0.18062098222702325,0.8192125730618359,0.06586626694376697,0.024944,False,10.539749892135905,Basic
user_4379,0.4510940201836517,0.11681913403216324,0.4427093583309901,0.11903162156681374,0.045079,False,3.076579990546028,Basic
user_4380,0.05221153903418821,0.2920757601937721,0.6569992958569745,0.02321117396999025,0.00879,False,18.265413432943067,Basic
user_4381,0.4907015226112197,0.14163974733912632,0.8543366366269173,0.0813529897956713,0.030809,False,13.919667796270655,Basic
user_4382,0.06104508740979876,0.3460927690362872,0.6466769018263141,0.03267050868533086,0.012373,False,0.8889276073374226,Basic
user_4383,0.40043257043279684,0.08523448330084811,0.45527129835075314,0.07496774639936721,0.028391,False,5.8289679266074215,Basic
user_4384,0.07598880540802469,0.44663913872327254,0.7240891028397284,0.04687209691037537,0.017751,False,0.9551763062082659,Basic
user_4385,0.18079213207286857,0.11818202193746705,0.912684646040409,0.023410473498653772,0.008866,False,4.360294788032793,Basic
user_4386,0.10273847399936868,0.07892249322339719,0.866701530673755,0.009355442711280396,0.003543,False,5.4452269082058935,Basic
user_4387,0.16091166407161925,0.17065008082546626,0.7651977861017071,0.035885608895282764,0.01359,False,13.64161483075941,Basic
user_4388,0.2991746916554965,0.1437543793808676,0.7392023517032199,0.05818118952990743,0.022034,False,13.65605725423927,Basic
user_4389,0.2990432647034467,0.3819879761278401,0.9013766088687653,0.1267294162448838,0.047994,False,0.8611808640113712,Basic
user_4390,0.201315453140167,0.09590080308859715,0.8390309984091875,0.023010250714087868,0.008714,False,11.174425289916263,Basic
user_4391,0.09736369891920012,0.224091441853344,0.5635470363508206,0.03871615014828328,0.014662,False,18.257301992658277,Basic
user_4392,0.24434321658530828,0.34307850394490114,0.3829868817745902,0.21888192307461496,0.082893,False,11.938935860657303,Basic
user_4393,0.09443820539783955,0.10122152840832316,0.7295033056364832,0.013103682213157622,0.004963,False,18.250399189159772,Basic
user_4394,0.20198844425191903,0.04656312139420522,0.47754331887540014,0.01969499326695167,0.007459,False,7.230623222426855,Basic
user_4395,0.2606560651096085,0.03868250223828793,0.7544471116640356,0.013364527037271978,0.005061,False,8.73578753189206,Basic
user_4396,0.07728060802700151,0.1682338882481146,0.8048075639091615,0.01615444207732169,0.006118,False,9.414243727932712,Basic
user_4397,0.09401097989243976,0.2160005977016544,0.7867700829221044,0.02580986273889074,0.009774,False,17.55499479939529,Basic
user_4398,0.09203091687959918,0.39546210438065615,0.5770463428074444,0.06307074035028096,0.023886,False,7.22534000414607,Basic
user_4399,0.15713461522570724,0.1535393608926087,0.4925180839244552,0.04898571074511385,0.018551,False,18.68494975897198,Basic
user_4400,0.21355405142492465,0.0582143963694358,0.5647773844568822,0.022012071549048638,0.008336,False,10.319394667725202,Basic
user_4401,0.1160996122926578,0.048203583070002866,0.6647958859086179,0.008418249005700876,0.003188,False,4.144293728139715,Basic
user_4402,0.41852142822164085,0.15814410116806624,0.6483428898245499,0.10208594267702654,0.038661,False,1.9700729233467966,Basic
user_4403,0.0730432593243132,0.4356569167435383,0.826972991805894,0.038479855402095364,0.014573,False,3.2845822538167644,Basic
user_4404,0.23353806464143279,0.1499236857310454,0.4479221963225028,0.078167341777208,0.029603,False,0.746372115489984,Basic
user_4405,0.4431106525444574,0.06925991951469186,0.8506824782331883,0.03607669008896531,0.013663,False,13.153894812034537,Basic
user_4406,0.02711914511850333,0.20520494260305702,0.44416168530304645,0.012529182056055839,0.004745,False,9.821179421469157,Basic
user_4407,0.08276645261223577,0.25010640792367916,0.6665814105722648,0.031054601630219846,0.011761,False,14.020553958565703,Basic
user_4408,0.04299020591407538,0.28312520684692566,0.9355466859239162,0.01301015879265739,0.004927,False,14.862980311839198,Basic
user_4409,0.12392896511622484,0.14549641961557178,0.5420862028722366,0.033262644604374024,0.012597,False,17.695899939662507,Basic
user_4410,0.05559519650418404,0.03497860506885699,0.6884854302469293,0.0028245222582965845,0.00107,False,2.2229682260877763,Basic
user_4411,0.08489542801386503,0.24222474447264916,0.7533111728483713,0.02729784728905617,0.010338,False,3.535961638258022,Basic
user_4412,0.380075727858835,0.19046595695142918,0.6655283286405919,0.10877296142826982,0.041194,False,10.417212109322968,Basic
user_4413,0.24063920773260486,0.18606521309952964,0.760071090484081,0.05890841794594853,0.022309,False,2.4609619448184423,Basic
user_4414,0.2576485024116585,0.3614311303623285,0.6126136911510551,0.15200801223987867,0.057567,False,1.7617128035991363,Basic
user_4415,0.12652250296950454,0.18060516591808762,0.8797521580170835,0.025973926216541744,0.009837,False,12.660414378097403,Basic
user_4416,0.2875117935461835,0.13815046281242457,0.8636274032940157,0.0459919256741245,0.017418,False,13.769518799602427,Basic
user_4417,0.061916007171532145,0.2506861827591942,0.8099359435656578,0.019163845749567022,0.007258,False,16.024609364999744,Basic
user_4418,0.12893638687853504,0.14777250980846962,0.8509002406556374,0.02239187696080095,0.00848,False,17.39918688930868,Basic
user_4419,0.10592493723783088,0.26156639077641836,0.8408212328700415,0.03295159832244674,0.012479,False,8.407489448437369,Basic
user_4420,0.3070551790206449,0.1864604023317554,0.7281579655000429,0.07862803805067385,0.029777,False,18.617612425984603,Basic
user_4421,0.1478678651347534,0.15432762275397252,0.7947471243941323,0.028713656718604905,0.010874,False,0.7198528613491213,Basic
user_4422,0.1552910783891772,0.27695485766662065,0.5976640839173256,0.07196118968748329,0.027253,False,16.532424818328135,Basic
user_4423,0.13943985370941686,0.26852418446418497,0.6447480688946404,0.05807380402599554,0.021993,False,6.108041303336565,Basic
user_4424,0.3051661405383232,0.1816084161603927,0.9046379577461167,0.061262894149416526,0.023201,False,17.512575540433097,Basic
user_4425,0.1290727934086089,0.10331089469044073,0.7926065703142975,0.01682376385291651,0.006371,False,4.229483353439595,Basic
user_4426,0.05620553092710101,0.22994481439875963,0.7979368210488406,0.016196984568562625,0.006134,False,14.078879434509272,Basic
user_4427,0.4850279631454756,0.07993843783378551,0.8194283294300606,0.047316374461351215,0.017919,False,8.083678744594803,Basic
user_4428,0.22978731679358785,0.04611345617377059,0.7706101291638905,0.013750516585794674,0.005207,False,7.247831960488657,Basic
user_4429,0.034326808280354545,0.14976738962793104,0.7837812904228594,0.006559274294023398,0.002484,False,1.1289695744395059,Basic
user_4430,0.16619531204406068,0.3893462075994626,0.42287001373853983,0.15301986984864083,0.05795,False,13.412322807631046,Basic
user_4431,0.039892078563215715,0.33585779906056235,0.652474370235346,0.02053424060374972,0.007777,False,3.3317024456359015,Basic
user_4432,0.11588299156399326,0.27599573202247096,0.8219822246752876,0.038909857324825554,0.014736,False,8.796870195625448,Basic
user_4433,0.3605934963048442,0.12692874465332318,0.7477987288577904,0.06120588074017798,0.023179,False,2.6848541692189425,Basic
user_4434,0.23004968851637256,0.13997100090524178,0.8535055794651633,0.037727093922166985,0.014288,False,11.485078544508053,Basic
user_4435,0.10735547529556977,0.26117750740415563,0.7092216679707593,0.03953465708980756,0.014972,False,4.390163459669933,Basic
user_4436,0.4310168741622223,0.10822335085954794,0.7033743416723216,0.066317588850255,0.025115,False,11.293534085794112,Basic
user_4437,0.04238951421406116,0.14751929373896572,0.48083900478807906,0.01300491669046725,0.004925,False,17.985699827270476,Basic
user_4438,0.14732035120521492,0.02480731810584342,0.5509810102203694,0.006632937883559078,0.002512,False,17.497451507287522,Basic
user_4439,0.19919108882402597,0.27084654131033437,0.7565078205961774,0.07131481790275579,0.027008,False,3.8088228230709635,Basic
user_4440,0.31530794980256993,0.08963312567681882,0.8278135045743289,0.03414058472757882,0.012929,False,1.8845265797459314,Basic
user_4441,0.19536913704567374,0.14322718907882537,0.7553740412649949,0.03704412754897829,0.014029,False,0.8105609443757703,Basic
user_4442,0.14151758897985364,0.30655212538399673,0.9699691805729636,0.04472566608288196,0.016938,False,15.741587773855157,Basic
user_4443,0.0429136238453365,0.3548638101291572,0.5006196439212581,0.030419285877245433,0.01152,False,4.736844062928745,Basic
user_4444,0.2367629795492973,0.07440229383033486,0.7540740704693567,0.023360714102804082,0.008847,False,5.394809922761509,Basic
user_4445,0.08858745432682572,0.1559761629195511,0.37983408998325097,0.036377806977037144,0.013777,False,4.2986602886284455,Basic
user_4446,0.5712129750895601,0.014427172071239454,0.6622783582039244,0.0124433899716895,0.004712,False,15.961595149217278,Basic
user_4447,0.04233625202611078,0.026161901797296966,0.7522136419290751,0.001472449854980373,0.000558,False,18.599137912719744,Basic
user_4448,0.4408927467003661,0.18600291156794777,0.5508549677983026,0.14887282382735098,0.05638,False,14.348546367670671,Basic
user_4449,0.3435877200811916,0.1565759672146465,0.4258965078973918,0.1263160852395363,0.047837,False,15.647979348914614,Basic
user_4450,0.5746747728871562,0.24274047892690329,0.7527593989918385,0.18531396590286892,0.070181,False,11.789508749867416,Basic
user_4451,0.3828539806745481,0.20490419165914103,0.6228208515640978,0.1259565816343404,0.047701,False,10.046723259533096,Basic
user_4452,0.22266016449115103,0.04350222845582665,0.8912822751580664,0.010867728006807015,0.004116,False,13.709982091019786,Basic
user_4453,0.13532456751526137,0.24193836241391467,0.9548245153754201,0.03428923716536614,0.012986,False,0.6794946973181859,Basic
user_4454,0.4795429501215546,0.11293244256617374,0.8426673316856312,0.06426730292758,0.024339,False,1.1666099864645374,Basic
user_4455,0.2344226858230454,0.18871724987785676,0.9299545631733035,0.04757179149328139,0.018016,False,13.05819628294749,Basic
user_4456,0.15186177016958569,0.30405683442825776,0.9471835337718082,0.04874937904015555,0.018462,False,6.366329327154103,Basic
user_4457,0.11230840264078777,0.13347946795711985,0.6610678708565816,0.02267674242310682,0.008588,False,9.287852772517219,Basic
user_4458,0.06183247888076943,0.16912210179773002,0.8627770376915183,0.012120441702597113,0.00459,False,14.857858709538291,Basic
user_4459,0.33515905307692095,0.2884562864244365,0.8840842973866682,0.10935465780568576,0.041414,False,10.966000259731745,Basic
user_4460,0.06475594966292596,0.0913495137892503,0.7168842277024574,0.008251575760883733,0.003125,False,15.299975618598097,Basic
user_4461,0.509945671423583,0.27374386980444365,0.7064660102403982,0.1975954956955612,0.074832,False,7.963949601242226,Basic
user_4462,0.3216135123023636,0.39139960038297705,0.9164905146561864,0.13734937588539406,0.052016,False,5.461043706459351,Basic
user_4463,0.38444966896438404,0.06137088291789074,0.8296743322963646,0.028437682959929322,0.01077,False,4.461901268793507,Basic
user_4464,0.25357299783697446,0.12217471860362707,0.6786532194535364,0.045649543490203,0.017288,False,2.501938070390745,Basic
user_4465,0.032705639529748205,0.18317860826499133,0.839360967619749,0.007137541251727373,0.002703,False,0.6991339232052087,Basic
user_4466,0.22600135988192865,0.2335551902131957,0.8777696123223412,0.06013399171567708,0.022773,False,1.0098312979846868,Basic
user_4467,0.12989893735622848,0.2490193333077838,0.5107239898157658,0.06333625876768839,0.023986,False,5.14897771552347,Basic
user_4468,0.2368486211510524,0.15186777021252193,0.725791607930367,0.04955922826758785,0.018769,False,5.28983929254683,Basic
user_4469,0.01725745531454458,0.1739316171443855,0.608566885400915,0.004932271509775441,0.001868,False,7.253906051631003,Basic
user_4470,0.04870026384413692,0.18669515366062706,0.795583854035245,0.011428214883419989,0.004328,False,11.240730053550605,Basic
user_4471,0.04177087607057245,0.03727917072453413,0.7814371173362942,0.001992717757836026,0.000755,False,14.426691167509153,Basic
user_4472,0.3286716681009862,0.4069849228683796,0.6499636678947212,0.2058029088370032,0.07794,False,3.7563951531163875,Basic
user_4473,0.22837420285323812,0.20316272718332676,0.6999068452298115,0.06629043019967584,0.025105,False,14.425715355380795,Basic
user_4474,0.4484876496655583,0.08284621006170649,0.6379027620297415,0.0582463413640801,0.022059,False,2.6408010280359875,Basic
user_4475,0.20239015192786783,0.019852685982038796,0.8488877097015081,0.004733238667684231,0.001793,False,18.78517879310759,Basic
user_4476,0.1785500020268195,0.2532699836103428,0.6203186776212876,0.07290020068453824,0.027608,False,5.415641878569654,Basic
user_4477,0.12228510114520708,0.2752056969404172,0.6254769170179397,0.053804633824929594,0.020376,False,15.909365279378836,Basic
user_4478,0.15760326865136684,0.22595157896028942,0.5196764615780899,0.06852476499116543,0.025951,False,3.6188507298939134,Basic
user_4479,0.08706988174711516,0.18837161139255965,0.7335325209947212,0.022359600234522842,0.008468,False,18.062212828307878,Basic
user_4480,0.04260958568560551,0.1056390199284501,0.9063114664658487,0.0049665430019739205,0.001881,False,15.705908919032026,Basic
user_4481,0.28580462525433326,0.08122817822689478,0.7060375262196744,0.03288123956035544,0.012453,False,6.828395950393649,Basic
user_4482,0.1492268202045965,0.14869807258385584,0.8046446107465003,0.02757706973474265,0.010444,False,8.007962795802236,Basic
user_4483,0.37555737389675237,0.06506339825841471,0.8976273892024504,0.027221806376072705,0.010309,False,0.07292187693654573,Basic
user_4484,0.19258253387147656,0.13944249684902074,0.44352022757210857,0.06054783458142004,0.02293,False,4.777212641946351,Basic
user_4485,0.08619623311190752,0.39822980102582217,0.7321002658271581,0.04688689563928439,0.017757,False,5.4966326630870785,Basic
user_4486,0.2732815708883309,0.09144161003813167,0.597354365992777,0.04183330407947659,0.015843,False,8.60203528023864,Basic
user_4487,0.39182447466472514,0.09953618425814788,0.8600141764211854,0.04534891886244881,0.017174,False,2.641946465908167,Basic
user_4488,0.48225820278035686,0.16943267532973255,0.8626865509677537,0.09471609057208864,0.03587,False,9.096570874322737,Basic
user_4489,0.17066353984629418,0.07748723018897614,0.6857043637979883,0.019285636339965346,0.007304,False,12.70090122296579,Basic
user_4490,0.2868494605364069,0.2307151954358079,0.8171611226616512,0.08098834796833022,0.030671,False,7.054363664723051,Basic
user_4491,0.16884146860496133,0.1248146673176277,0.492931135441968,0.04275220252511099,0.016191,False,4.4117102357449935,Basic
user_4492,0.08648711088608087,0.4627660532175203,0.7248835478392182,0.055213418870164496,0.02091,False,10.406613252124,Basic
user_4493,0.24797528694744603,0.5350222473124298,0.8237215558533756,0.16106449364812203,0.060997,False,0.5510741562452629,Basic
user_4494,0.2026374361935892,0.22683279512012466,0.7519694733515574,0.06112590693728665,0.023149,False,6.475911564752512,Basic
user_4495,0.44904599320194494,0.22215338823161176,0.7781853332871544,0.12819194168085213,0.048548,False,10.024214615252268,Basic
user_4496,0.5173552434549168,0.31736484935097853,0.631895036608617,0.2598380417437978,0.098404,False,6.381013507771926,Basic
user_4497,0.02716354183377546,0.40146742300884963,0.754169891401815,0.014459974157187193,0.005476,False,6.5631970958530275,Basic
user_4498,0.23329011997222898,0.049425609748170375,0.838645331518092,0.013748966332381582,0.005207,False,16.117636590106862,Basic
user_4499,0.08423740685460422,0.1641841159413179,0.7019677420918555,0.019702392780041073,0.007462,False,17.745843956708125,Basic
user_4500,0.11652959554595342,0.26247256264681806,0.6614863969229573,0.04623802047845578,0.017511,False,15.720460299624515,Basic
user_4501,0.09218028056458975,0.08150476924992478,0.7482776016330827,0.0100405684740705,0.003802,False,1.8784815514912945,Basic
user_4502,0.0670363308970124,0.21116291032089232,0.7393039081264143,0.01914718233442236,0.007251,False,5.50510644323893,Basic
user_4503,0.1263312233418675,0.21853707281677132,0.8159405377775877,0.03383586729210777,0.012814,False,13.514592967141631,Basic
user_4504,0.14495218665755508,0.34610654354388054,0.8295928030575269,0.06047412672611493,0.022902,False,18.513463105050505,Basic
user_4505,0.4126037779890706,0.17504077761903655,0.6427260786801863,0.11236899908599536,0.042555,False,4.603349420931533,Basic
user_4506,0.3630928175232596,0.13941178932082718,0.5916212365323643,0.08556051786976229,0.032403,False,17.06599910269671,Basic
user_4507,0.3016447267276169,0.16984785507475703,0.6225689964116778,0.08229402704695293,0.031166,False,14.041284756098294,Basic
user_4508,0.1674592428465427,0.054742843808134135,0.9690614627806783,0.009459869706377381,0.003583,False,18.685556961211113,Basic
user_4509,0.1277530160223239,0.04067271359627239,0.6153618996411424,0.008443912167402857,0.003198,False,1.7781241530929477,Basic
user_4510,0.43815520827317306,0.08785790009947951,0.594676363720311,0.06473335559480263,0.024515,False,7.500169215667709,Basic
user_4511,0.21080769376262576,0.29741445474677164,0.9093663098077801,0.06894609424236155,0.026111,False,9.084185044355507,Basic
user_4512,0.19528639741158507,0.027442232975520408,0.5584380513638443,0.00959657888933346,0.003634,False,12.769569879646987,Basic
user_4513,0.21659443394309547,0.031050711953785882,0.6223486018725364,0.010806501949108253,0.004093,False,12.42546868922745,Basic
user_4514,0.3518304435834914,0.16676187302951628,0.2954304622485868,0.19859801631227772,0.075211,False,17.220561549570384,Basic
user_4515,0.19540815326743177,0.35349070201379523,0.793824425208137,0.0870154193852282,0.032954,False,15.934789329178304,Basic
user_4516,0.046085090275639375,0.049002366849395795,0.8308776303053365,0.0027179435546297185,0.001029,False,1.0520807094074134,Basic
user_4517,0.022788372124133992,0.018199967954346138,0.64353062167585,0.0006444878121120151,0.000244,False,9.244262337187855,Basic
user_4518,0.08364913455365561,0.20318851874731964,0.7533610026519523,0.022560955086103396,0.008544,False,7.7341633741628915,Basic
user_4519,0.19467960013544203,0.06989598458424005,0.8966397284202928,0.015175908337127071,0.005747,False,18.94574714398212,Basic
user_4520,0.10000980298875964,0.08922554245496149,0.5866271861120567,0.015211413882174509,0.005761,False,8.117905690645335,Basic
user_4521,0.2629076364196457,0.09915357764220628,0.6301729577128673,0.041366790531722625,0.015666,False,12.96976366005104,Basic
user_4522,0.3082969155809473,0.43684102700363375,0.8005094328503476,0.1682387935703575,0.063714,False,5.404159229543921,Basic
user_4523,0.21574898183665012,0.03362426753973713,0.9242804225416751,0.007848701876377042,0.002972,False,11.677950162430161,Basic
user_4524,0.07110908305388484,0.3570366297910774,0.4630241031371856,0.054832021031031936,0.020766,False,3.926028683750233,Basic
user_4525,0.08470454421509672,0.14524551225961055,0.6677410869710313,0.01842473850313227,0.006978,False,11.468526457342627,Basic
user_4526,0.424388205634155,0.12749574766597568,0.658984665213065,0.08210766416006686,0.031095,False,16.49561453317164,Basic
user_4527,0.43398300208521656,0.278710560729056,0.4213438560892928,0.28707110382645856,0.108717,False,0.3655180374718551,Basic
user_4528,0.44327052969206054,0.17045081395507478,0.7233421894699675,0.1044537753890351,0.039558,False,9.587141781247574,Basic
user_4529,0.31749297635753043,0.1772829872689319,0.7506907593186436,0.0749790810488394,0.028395,False,18.66504186277156,Basic
user_4530,0.45250134369426626,0.16951247828366772,0.5760043182772208,0.13316675198846026,0.050432,False,3.025987926518081,Basic
user_4531,0.056500677762647215,0.31577630087033165,0.7478011609523046,0.023858715327259694,0.009036,False,3.48483423292888,Basic
user_4532,0.10684521609345908,0.35913163508720286,0.4558262824266694,0.08418008929325495,0.03188,False,8.945650700929317,Basic
user_4533,0.2818716807229058,0.19057314290714986,0.6395426487489569,0.0839931038171791,0.031809,False,16.548870426211277,Basic
user_4534,0.05958126924724536,0.11970691525343805,0.5167534759953704,0.013802113154118723,0.005227,False,10.692432579305173,Basic
user_4535,0.18774741727310024,0.28227623483813885,0.6599699533690968,0.08030158612205278,0.030411,False,9.665464246841097,Basic
user_4536,0.086840428810633,0.09012711956493294,0.8408422590993652,0.009308140291223234,0.003525,False,1.6483841229878022,Basic
user_4537,0.41324419232096254,0.25071531700391647,0.8678565731831617,0.11938222498881887,0.045211,False,18.277734276918938,Basic
user_4538,0.19583830240102523,0.27058450536923667,0.7120480378806161,0.07442027415068446,0.028184,False,6.595202698114285,Basic
user_4539,0.10919768656492745,0.16329508401990997,0.937370834536778,0.019022829327959,0.007204,False,4.784335890803691,Basic
user_4540,0.41034949535997617,0.28135029099242354,0.6339541925999168,0.1821140253913964,0.068969,False,7.823134950117981,Basic
user_4541,0.100402073765633,0.18869353267286115,0.4120359158849919,0.04597954026853937,0.017413,False,7.869461072410576,Basic
user_4542,0.19744303056734103,0.11932710050447567,0.7766260606508144,0.03033674189696104,0.011489,False,8.712129065833132,Basic
user_4543,0.34238108394116784,0.14677138155186872,0.7826501533724592,0.06420716138716066,0.024316,False,13.082225835704138,Basic
user_4544,0.07107114661577246,0.1883969753383963,0.8774229868293945,0.015260130241888334,0.005779,False,16.490984803674838,Basic
user_4545,0.14930109057761484,0.1384368328560059,0.6806350247800829,0.030366891754051096,0.0115,False,1.0889447224102677,Basic
user_4546,0.06449578790790983,0.1919404255724923,0.663042761351366,0.01867051372892861,0.007071,False,9.3246027286674,Basic
user_4547,0.2147831690850765,0.09999235272784385,0.7644248182494444,0.028095208175398227,0.01064,False,7.865584371695368,Basic
user_4548,0.3329005241415281,0.22012916152987788,0.4383209812588366,0.16718595820275736,0.063315,False,0.2067221435576424,Basic
user_4549,0.1540074885636262,0.5563543928673662,0.3368906298245284,0.2543340040103594,0.096319,False,15.513299567147538,Basic
user_4550,0.20604196658053606,0.1130617493417501,0.6408865902817382,0.03634881043332326,0.013766,False,1.9819508212937444,Basic
user_4551,0.3217536959165261,0.31069157168495737,0.742044561494882,0.13471719444767985,0.051019,False,2.1802121806330934,Basic
user_4552,0.10650760065714597,0.10137277714213398,0.6649069883592088,0.016238318222529063,0.00615,False,0.917669942982363,Basic
user_4553,0.10088551458419674,0.12298206330183113,0.6734067439982603,0.018424390387250925,0.006978,False,3.808011042475193,Basic
user_4554,0.19274334959033945,0.15401550294267116,0.8589294789684464,0.03456100256526618,0.013089,False,3.3595093495354664,Basic
user_4555,0.20123987878738153,0.18140604462566637,0.8086435332721921,0.045144898746725455,0.017097,False,6.609450885681403,Basic
user_4556,0.11304379791584368,0.053189473656874826,0.6258743898083317,0.00960694383606141,0.003638,False,12.526137490769566,Basic
user_4557,0.3369046839863831,0.2531174807419445,0.7598010351039463,0.11223525754887634,0.042505,False,1.0315903249411014,Basic
user_4558,0.18291591279284047,0.07608109562246483,0.8178541974123394,0.017015799510589596,0.006444,False,16.345239443320942,Basic
user_4559,0.31193653741106553,0.2459582740862106,0.565920838399405,0.13557262281249655,0.051343,False,6.204993691774561,Basic
user_4560,0.3065827105668771,0.04932448163770947,0.5224738879990352,0.028943136920601572,0.010961,False,11.525539290366577,Basic
user_4561,0.12407854304470957,0.07871429863224443,0.9581554454196658,0.010193289134621876,0.00386,False,0.22809713200433146,Basic
user_4562,0.17639308735252504,0.05638157873595921,0.9661056962934964,0.01029423672917047,0.003899,False,6.950350386298974,Basic
user_4563,0.17904561603010694,0.1170407657398907,0.8227178769959923,0.02547122967480655,0.009646,False,0.038967326201998165,Basic
user_4564,0.1151241900617622,0.07585206086064197,0.746083618572504,0.011704327576317492,0.004433,False,3.1437071979671165,Basic
user_4565,0.14771753203219704,0.16372916133018128,0.6342352962147298,0.03813358824042393,0.014442,False,8.509158178955051,Basic
user_4566,0.34012600871054266,0.19719531297465984,0.597506273511353,0.11225196740503002,0.042511,False,10.166661017045246,Basic
user_4567,0.18820040027338264,0.09776900827200206,0.6659380575742282,0.02763044742952161,0.010464,False,2.9056433947055673,Basic
user_4568,0.12966686478383432,0.12315519704458991,0.7986449967019202,0.019995302479266026,0.007572,False,14.159109274697395,Basic
user_4569,0.06503138777460223,0.38980491890595925,0.7748738310202177,0.03271442888249945,0.012389,False,3.5910696448914865,Basic
user_4570,0.05933992720400609,0.1733928752372371,0.6364966456386674,0.016165239306087386,0.006122,False,2.2010567509840886,Basic
user_4571,0.060981846612491286,0.17170195824809398,0.8310019180725587,0.012600094239536284,0.004772,False,6.335065742462312,Basic
user_4572,0.411046137183992,0.16956689379476592,0.3872677750312075,0.17997835395162964,0.06816,False,10.477144609558112,Basic
user_4573,0.2896631846682977,0.13024673589229077,0.9166140831321082,0.041159834880885274,0.015588,False,18.789134511975217,Basic
user_4574,0.2023291375098629,0.09325956397707658,0.7920656702663867,0.023822680179639316,0.009022,False,7.955598863067855,Basic
user_4575,0.3878015472740743,0.2806088529396545,0.7428417486734364,0.14649223410387532,0.055478,False,8.093931927600105,Basic
user_4576,0.2074644567744925,0.3487287496469745,0.7520245819787368,0.09620539320243017,0.036434,False,1.1273359322139118,Basic
user_4577,0.04038294994601305,0.05639013478357408,0.6617269443671691,0.0034412985745831486,0.001303,False,14.550573790026766,Basic
user_4578,0.08064776521907743,0.18811916176771531,0.358161001767345,0.04235913434625531,0.016042,False,3.453877035359824,Basic
user_4579,0.15635333180924618,0.37502286176308713,0.8504783301643329,0.06894481830003489,0.02611,False,14.151267726362184,Basic
user_4580,0.13077092311211716,0.5873880200647308,0.6862474157567804,0.11193233204988531,0.04239,False,17.301720676868886,Basic
user_4581,0.20009664711734054,0.30513442759773785,0.7280879921152652,0.08385851235507023,0.031758,False,14.596194479735864,Basic
user_4582,0.2923722106306434,0.17762417371203343,0.5865595806686564,0.08853725016379005,0.03353,False,12.206614987832083,Basic
user_4583,0.09658291903744261,0.25322794841446467,0.7483276418497309,0.03268286920322417,0.012377,False,11.474409614283964,Basic
user_4584,0.5240644489591225,0.37236686257054624,0.7529521158567594,0.25917217115675734,0.098152,False,8.619024955876268,Basic
user_4585,0.21498650961374224,0.017136897965418712,0.8767115978478996,0.004202296271927933,0.001591,False,2.7463112072111624,Basic
user_4586,0.2511536213055348,0.12817151933439713,0.6009407576392448,0.05356724572239927,0.020287,False,14.797933573313294,Basic
user_4587,0.17451688267404997,0.05157827649157944,0.531612126941555,0.01693204419319101,0.006412,False,9.069123137459282,Basic
user_4588,0.2834338430534266,0.2844508278407978,0.5123967650873773,0.15734484834403195,0.059588,False,11.887270639577242,Basic
user_4589,0.16865629588234704,0.07349515821615356,0.7714318577116198,0.016068070077885244,0.006085,False,7.106289349355405,Basic
user_4590,0.10259997471360323,0.3463532600128111,0.42466968047436543,0.08367876811830349,0.03169,False,3.813731673928252,Basic
user_4591,0.23117382433335681,0.09499356509092952,0.5113626172594022,0.0429441358987531,0.016263,False,15.323660811976989,Basic
user_4592,0.2339806440257549,0.30663314390893537,0.6279415807299575,0.11425620263600399,0.04327,False,6.505596305902013,Basic
user_4593,0.14624003064663624,0.3133036365062247,0.4311776850888559,0.10626137434485028,0.040242,False,16.466920550456823,Basic
user_4594,0.10574030750911328,0.24541080740673052,0.7622232094991139,0.03404490170051379,0.012893,False,18.348773147930956,Basic
user_4595,0.15377936253484237,0.4582646332813641,0.7552711715232447,0.09330641210115696,0.035336,False,15.769782016933693,Basic
user_4596,0.191067391345852,0.048808630254005475,0.6709490365440895,0.013899323420794927,0.005264,False,2.4346228605261633,Basic
user_4597,0.23567421651512482,0.3668169136848838,0.8715464886722136,0.09919067985562673,0.037565,False,16.245207619791426,Basic
user_4598,0.2462508533778521,0.12432215096857294,0.8106340134067406,0.03776603900584204,0.014302,False,9.867798682851415,Basic
user_4599,0.2205965229161096,0.19422065194250968,0.8705225794560933,0.0492168744477449,0.018639,False,4.586820417055283,Basic
user_4600,0.11970241155998403,0.18673878545943334,0.6712168850424318,0.033302325149140985,0.012612,False,1.7699646388967676,Basic
user_4601,0.2243767218964541,0.18626152725905976,0.679372855205683,0.061516662877503285,0.023297,False,5.291686943468378,Basic
user_4602,0.14109673118331745,0.14436973335167141,0.5173864835108589,0.03937114344290842,0.01491,False,2.6111145613480833,Basic
user_4603,0.07301110710768875,0.136521301647831,0.9259965552647731,0.010764156000818832,0.004077,False,0.4872470618272219,Basic
user_4604,0.10513064591207595,0.074795980445259,0.9278680301230614,0.008474642385075148,0.003209,False,18.767522633168046,Basic
user_4605,0.16579062145329165,0.04906599698385836,0.7523740800959663,0.010812018047115105,0.004095,False,15.7993027196575,Basic
user_4606,0.230486371096053,0.22263420960570368,0.772177233634981,0.06645385129045851,0.025167,False,14.040035998840334,Basic
user_4607,0.1449979622471159,0.3805190179870446,0.8045797192953653,0.06857553189721934,0.02597,False,3.667261652672297,Basic
user_4608,0.21706463482665192,0.1213268623604878,0.8018832222582198,0.03284240191330775,0.012438,False,0.5269923400661265,Basic
user_4609,0.17015015295096,0.03781152274612676,0.8096283182573104,0.007946407300093323,0.003009,False,9.21887376891913,Basic
user_4610,0.1724743561246268,0.1460559413866233,0.6471888782801277,0.03892357439110768,0.014741,False,14.092194168790133,Basic
user_4611,0.05183167176428644,0.18837414737449884,0.7098064646569857,0.013755505848077448,0.005209,False,18.293909903835488,Basic
user_4612,0.04104732943233442,0.05642465235259448,0.7724155287292083,0.002998491365175357,0.001136,False,16.033790083459937,Basic
user_4613,0.07173400945247556,0.22577785994677496,0.9595269889143568,0.01687909910476446,0.006392,False,16.976544763896595,Basic
user_4614,0.1353686633190184,0.16332434268087487,0.6219903042771439,0.03554556687481112,0.013462,False,4.534592207079532,Basic
user_4615,0.09047692577700457,0.09106087708210323,0.6750710060031302,0.012204506109255397,0.004622,False,2.951194334844006,Basic
user_4616,0.16975442301760824,0.021912264063757878,0.6802156856820651,0.005468418064224545,0.002071,False,4.707853631774063,Basic
user_4617,0.25246816346952583,0.2100037744672307,0.6537065668792661,0.08110560601298417,0.030716,False,2.633009991908858,Basic
user_4618,0.288879981588396,0.22314875202956955,0.6830870732291247,0.09437041030954045,0.035739,False,15.171192650524054,Basic
user_4619,0.46802912314736217,0.15058753445345663,0.9029928686255007,0.07805083977513058,0.029559,False,17.157818158350686,Basic
user_4620,0.20294099273869987,0.2997944447466474,0.614725478945609,0.0989719546663123,0.037482,False,5.839498498972689,Basic
user_4621,0.34881436234965496,0.3152115486052762,0.8270838022966164,0.13293733358903975,0.050345,False,16.6615974758426,Basic
user_4622,0.14612343230420438,0.10346443262150935,0.6637381091451571,0.02277792672705442,0.008626,False,1.0456684230193547,Basic
user_4623,0.11480884704293708,0.06600933132539945,0.7683575362506095,0.009863188510553674,0.003735,False,12.86977425291636,Basic
user_4624,0.5294790699381564,0.28510533675078237,0.6457559656988762,0.23376835299358634,0.088531,False,10.02237098802005,Basic
user_4625,0.2373560474349177,0.13201509754033863,0.7090866361227295,0.04419006106961305,0.016735,False,5.2581226167758635,Basic
user_4626,0.0663258373604766,0.1820795322301935,0.6565629711750591,0.018393631641695947,0.006966,False,14.595820811487307,Basic
user_4627,0.06234465533757285,0.4579363594875383,0.7647313294221489,0.03733322200931205,0.014139,False,4.028898347487838,Basic
user_4628,0.3051353872592735,0.265220868403639,0.39177827741475785,0.20656651237431964,0.078229,False,7.906840261123565,Basic
user_4629,0.2532970014853877,0.07307229187308088,0.8086769210652838,0.022887993883557653,0.008668,False,13.487327385384777,Basic
user_4630,0.20191163448749014,0.0738983216425225,0.6280892528908341,0.02375606785190024,0.008997,False,6.426350641695379,Basic
user_4631,0.23855875841672267,0.21565317858152253,0.76337104342428,0.06739311763812114,0.025523,False,16.25184352620479,Basic
user_4632,0.17186324593085175,0.2619992191225336,0.6981715043517626,0.06449423379367894,0.024425,False,16.44311320215315,Basic
user_4633,0.06071216141691782,0.08238930171455953,0.5404100232091019,0.009255995207154097,0.003505,False,3.8480779748323672,Basic
user_4634,0.3650393289186183,0.2607481813520817,0.6103689906214506,0.1559439332601131,0.059058,False,8.367409784636509,Basic
user_4635,0.23330172229277654,0.2542418733983728,0.8005378068722595,0.07409402333479952,0.02806,False,8.208240222505786,Basic
user_4636,0.17450792226629624,0.2892291414645876,0.7029196589159801,0.07180447423207274,0.027193,False,7.790857570715118,Basic
user_4637,0.022430526084759917,0.46931528865261035,0.4930688581770798,0.021349936524115997,0.008085,False,9.537470625539292,Basic
user_4638,0.1301162549303019,0.2298180578814152,0.7848297372419015,0.038101340441013806,0.014429,False,1.4129599676220148,Basic
user_4639,0.15622785037367207,0.0429198147889241,0.8250060045570676,0.008127541334089687,0.003078,False,16.53094991134962,Basic
user_4640,0.06953533135104933,0.08794194595390022,0.6713051657600233,0.009109228803024772,0.00345,False,5.508380788709115,Basic
user_4641,0.0675175158073411,0.16041058827580332,0.46146123201716344,0.02347006352458576,0.008888,False,0.034435475622426104,Basic
user_4642,0.24012595286952174,0.09125283050566126,0.6039812494552008,0.03627955817664529,0.013739,False,13.016974720711204,Basic
user_4643,0.08850342715333727,0.2001191451664709,0.6802383442569594,0.026036800682818433,0.00986,False,12.358969591456603,Basic
user_4644,0.1590652012364848,0.05642006872737517,0.42555373411529257,0.021088922188766034,0.007987,False,18.680082052084895,Basic
user_4645,0.09980187504830508,0.10802227451473195,0.9229277922118404,0.01168111485484279,0.004424,False,13.66569707374146,Basic
user_4646,0.02984620620749284,0.05296717651420989,0.8427184193113637,0.0018759163633371206,0.00071,False,6.321416054969286,Basic
user_4647,0.17281276661847256,0.33793812942263934,0.5855425221188002,0.09973660474746703,0.037771,False,18.099733484169768,Basic
user_4648,0.046119796518299234,0.14333381668296627,0.572155965414368,0.01155371412552191,0.004376,False,6.941570185984994,Basic
user_4649,0.07742523229917772,0.3496355423830661,0.7283206248222519,0.03716853836957388,0.014076,False,15.603649032244352,Basic
user_4650,0.042218384553655786,0.24660383048482085,0.7183921265665665,0.014492385095548515,0.005488,False,6.377807315658528,Basic
user_4651,0.08630444571670629,0.1628725287003138,0.4624804809313352,0.03039398178200285,0.011511,False,0.9254579563137915,Basic
user_4652,0.010093110261583639,0.22215469062067883,0.7125409477767929,0.003146811133533483,0.001192,False,13.941912358892736,Basic
user_4653,0.1988881847077952,0.07164276723824213,0.581191000976318,0.024516724965666984,0.009285,False,6.654007684285446,Basic
user_4654,0.054624212438163615,0.11194599468769023,0.8247672158043039,0.0074141669046079665,0.002808,False,6.438866281670428,Basic
user_4655,0.18732796243566496,0.3375718492600372,0.7700237463731735,0.08212298256432742,0.031101,False,13.601180910463503,Basic
user_4656,0.23638568846935984,0.288258417412985,0.6737470617380666,0.10113612114533792,0.038301,False,6.118719360331137,Basic
user_4657,0.08216852162360654,0.10928368798881116,0.7255090992978689,0.01237707299371769,0.004687,False,2.2422413800474668,Basic
user_4658,0.06946291162404024,0.09237156727306707,0.5070747596712648,0.012653751526151448,0.004792,False,7.685694786206502,Basic
user_4659,0.17374041162304923,0.38447630523661164,0.7027703721946346,0.09505106386673029,0.035997,False,15.653036751427836,Basic
user_4660,0.11389727439805476,0.0918348745127707,0.7934212546431825,0.013183087597515806,0.004993,False,2.4738852721227444,Basic
user_4661,0.06413548862614213,0.25417367040744715,0.6848162121683163,0.02380427369829115,0.009015,False,10.535134739512902,Basic
user_4662,0.19389804850072315,0.21880154942596972,0.8472751875927345,0.05007250780371354,0.018963,False,2.512926584930563,Basic
user_4663,0.13269649742367878,0.06799486725497322,0.7409745236966739,0.012176775906557982,0.004611,False,0.9344741203501529,Basic
user_4664,0.20767567935271847,0.15025075339825697,0.7687751699117062,0.040588495188813786,0.015371,False,7.195485716740563,Basic
user_4665,0.18005626129118737,0.20263652762848858,0.6946465335425613,0.05252451974350569,0.019892,False,12.499783010275033,Basic
user_4666,0.2702076660761676,0.24512716596943723,0.9189449049292129,0.0720774869670442,0.027297,False,5.224759330729221,Basic
user_4667,0.2279761083672594,0.05408089211640137,0.5830852940180982,0.02114467891440957,0.008008,False,8.468891807010936,Basic
user_4668,0.19380871297600785,0.09523150471917022,0.5973760669981198,0.030896275200876247,0.011701,False,9.33528757011933,Basic
user_4669,0.2230537555569127,0.24562224279757086,0.6296965163416346,0.0870053466749465,0.03295,False,15.984515345496028,Basic
user_4670,0.30888999359520464,0.34205121775017655,0.6271147816363792,0.1684798406192676,0.063805,False,15.560604959701678,Basic
user_4671,0.05777585452054259,0.25371495429955515,0.8786664825599906,0.016682778483355202,0.006318,False,0.04459698716752358,Basic
user_4672,0.13336870969691839,0.0232556272986144,0.7193338442888431,0.004311729568452254,0.001633,False,7.864460890164217,Basic
user_4673,0.17388918764952258,0.2633155979270751,0.7060623350268304,0.0648494235530174,0.024559,False,12.465729607240375,Basic
user_4674,0.24221461486052123,0.13552666757700868,0.4601537104509609,0.07133820470191213,0.027017,False,16.195527240670287,Basic
user_4675,0.20410806707071394,0.03673590477024932,0.8073060696423467,0.00928779653306858,0.003517,False,0.9290578830380636,Basic
user_4676,0.4955213421514443,0.20316260418482715,0.7105573879899658,0.1416794871212708,0.053656,False,11.936718049807412,Basic
user_4677,0.15350690344995901,0.3359103559877285,0.7135380330660983,0.07226602674965323,0.027368,False,15.99837045375619,Basic
user_4678,0.10436166761768803,0.36983551157718525,0.5956441815201928,0.06479816630447076,0.02454,False,4.846444391084112,Basic
user_4679,0.13585638790174728,0.23224684876079416,0.41453716264231294,0.07611432898581881,0.028825,False,3.8998702959664766,Basic
user_4680,0.12941200044508694,0.19928179279939198,0.7952593089040579,0.03242898909789932,0.012281,False,8.889138364525452,Basic
user_4681,0.11513299841477583,0.15966623030932173,0.8022882127735859,0.02291302744875825,0.008677,False,18.289012053697313,Basic
user_4682,0.3159426892707627,0.3782745391332308,0.5758419642938916,0.2075449213274349,0.0786,False,13.16484149565115,Basic
user_4683,0.2512363313577717,0.365157493828209,0.5906458293663112,0.1553229102042823,0.058823,False,8.065215882962557,Basic
user_4684,0.060459096254150274,0.20742756259335962,0.7330472276988492,0.017107878590528907,0.006479,False,0.39639319893917635,Basic
user_4685,0.3354425465591505,0.0125268399454944,0.5909497030072888,0.007110647607185114,0.002693,False,10.577791405319797,Basic
user_4686,0.17434501778856654,0.3303238168120705,0.837449247687014,0.06876871867417483,0.026044,False,6.626972034141401,Basic
user_4687,0.257270379825853,0.04019993929244475,0.832148107380525,0.012428380908417044,0.004707,False,3.5285592009076945,Basic
user_4688,0.17344330058859841,0.13122289727024689,0.8314095141296542,0.02737487607316571,0.010367,False,9.502813941842346,Basic
user_4689,0.11750548587754617,0.167048034566307,0.8173679161732784,0.02401496324751969,0.009095,False,6.486270045376894,Basic
user_4690,0.07116570020459002,0.030311384644281736,0.5902950026888747,0.0036543269086726816,0.001384,False,0.7357689730466463,Basic
user_4691,0.24426832847103847,0.13474493265296278,0.8494946457925944,0.03874529360732176,0.014673,False,13.784614384401698,Basic
user_4692,0.21058817369448696,0.08072855956295574,0.6610333524513923,0.025718036556407427,0.00974,False,13.919075479287583,Basic
user_4693,0.4000723075659778,0.14411075984411223,0.9355346490896388,0.06162756696614473,0.023339,False,11.757797545415782,Basic
user_4694,0.08239506452251427,0.27409698862542237,0.8070697179478968,0.027983008854108118,0.010597,False,15.975592416428398,Basic
user_4695,0.2069663266840361,0.2558430607788034,0.6839037610508419,0.07742448793618073,0.029322,False,3.860449331839117,Basic
user_4696,0.30778576229452503,0.09372935900980614,0.5121349153650545,0.05633000474425155,0.021333,False,5.437829480668482,Basic
user_4697,0.15951718773801593,0.3226463604005777,0.8563327669192314,0.06010238313099712,0.022761,False,8.714459874656644,Basic
user_4698,0.09366586064113802,0.3404997233275412,0.7019400296604167,0.04543578979100645,0.017207,False,1.143328495756414,Basic
user_4699,0.058683083056339486,0.23877054368203338,0.4409209159125141,0.031778468973969624,0.012035,False,16.787369818255172,Basic
user_4700,0.09602823029242676,0.17127887514686654,0.5175058293620796,0.03178245796207897,0.012036,False,9.321943550223784,Basic
user_4701,0.17474345717478573,0.11954946810071099,0.6428117148602047,0.03249861020947348,0.012308,False,6.168601603271557,Basic
user_4702,0.3211938125510453,0.06344263097352473,0.6732288392047867,0.03026813370729196,0.011463,False,9.081305499897553,Basic
user_4703,0.04270887630660412,0.32203420931438576,0.6289204022522799,0.021868775703329957,0.008282,False,6.177466612988532,Basic
user_4704,0.22587123826340605,0.14311208935221315,0.7068213485521964,0.045732779433812626,0.01732,False,5.43900498822101,Basic
user_4705,0.23385546102894839,0.5048292476600393,0.7172399659117399,0.1645991328750958,0.062336,False,8.512350345883657,Basic
user_4706,0.11864389301262745,0.11186480516624854,0.5695929316342917,0.023300984332692124,0.008824,False,9.156188775316293,Basic
user_4707,0.25460677941895515,0.4808997172987471,0.8572839224679752,0.14282354426108332,0.054089,False,8.233562474073274,Basic
user_4708,0.14216505467820784,0.24466822021859078,0.8076036189037635,0.04306973135238097,0.016311,False,10.410688110917757,Basic
user_4709,0.05510695736178652,0.13419657252023673,0.7063057757422193,0.010470202926203445,0.003965,False,14.884201043412187,Basic
user_4710,0.19529733766406135,0.2359465631843557,0.6880709824815919,0.06696945052776249,0.025362,False,1.0880956416289433,Basic
user_4711,0.12519451872469836,0.19853771411775545,0.8102527769882129,0.030676641010803637,0.011618,False,15.418855045637322,Basic
user_4712,0.19769815732142645,0.128092308941035,0.7428598181280139,0.03408935687018891,0.01291,False,4.342153454767446,Basic
user_4713,0.12573305557665582,0.07219765787509239,0.8627001745921131,0.010522348780565974,0.003985,False,4.789765414584283,Basic
user_4714,0.25438687261302095,0.03028735407607664,0.8020988563408107,0.009605680424836126,0.003638,False,11.389863292269535,Basic
user_4715,0.41374868802160375,0.3329462683455217,0.8926371437655529,0.1543248369976294,0.058445,False,18.537754752740824,Basic
user_4716,0.18384448078318497,0.285583792049532,0.8209833533284773,0.06395136241993046,0.024219,False,0.3305873374974748,Basic
user_4717,0.2758225396217956,0.1363095724158134,0.5573338732287108,0.06745911964884661,0.025548,False,12.78953820267142,Basic
user_4718,0.056661910223296884,0.14126798841622734,0.729351029957664,0.0109748444141234,0.004156,False,13.241046912404004,Basic
user_4719,0.2778149714968475,0.361434503699041,0.7620064674798642,0.13177305000469652,0.049904,False,10.899384124145712,Basic
user_4720,0.3212177965289479,0.3146895888658234,0.7432654960905918,0.13599971592621846,0.051505,False,0.18411217352818476,Basic
user_4721,0.39409322061318997,0.05847959092395085,0.5502702797873338,0.04188198267998146,0.015861,False,11.520684138945532,Basic
user_4722,0.11069015086474235,0.28156556116400366,0.6359274883397071,0.049009572655727855,0.018561,False,2.1854048720002246,Basic
user_4723,0.12493509648534416,0.29094945382921295,0.8388469736939723,0.043333050277859164,0.016411,False,1.483286095890601,Basic
user_4724,0.1891186170426155,0.22402345516871633,0.5311936162838303,0.07975812345602104,0.030205,False,13.225170113194011,Basic
user_4725,0.34251541175564054,0.06513122899392797,0.5984077972047878,0.03727967753964898,0.014118,False,13.304456556745839,Basic
user_4726,0.025292894556817144,0.042693552115561514,0.8143029347054245,0.0013260955670084994,0.000502,False,16.90832549567974,Basic
user_4727,0.07001914824360429,0.19117916527636722,0.7850758668581284,0.01705083913500746,0.006457,False,0.06422890927700786,Basic
user_4728,0.12178999906709559,0.1974129569295096,0.8815448249050682,0.027273625981375015,0.010329,False,7.19643722828396,Basic
user_4729,0.18493213060695082,0.0864727804713106,0.742913677415388,0.021525509649656323,0.008152,False,0.23316798015048823,Basic
user_4730,0.19164875846943827,0.4139713186044356,0.8148778854888222,0.09736070970303026,0.036872,False,6.9285883776906445,Basic
user_4731,0.13317911918948802,0.33238029369256905,0.7860371661918972,0.056315549256245837,0.021327,False,9.34150082835783,Basic
user_4732,0.05999524647903479,0.06492017581709263,0.8286953884611978,0.00470004057442769,0.00178,False,10.064854069450522,Basic
user_4733,0.25240613477656937,0.053718050617348724,0.8345179966546039,0.01624742135988817,0.006153,False,6.762721557765289,Basic
user_4734,0.18773458188520042,0.17444362906758504,0.7301697966590155,0.04485135089863719,0.016986,False,13.780725994023273,Basic
user_4735,0.19829556049134892,0.2694297695503725,0.8133081198953022,0.06569063539280016,0.024878,False,7.896303532273146,Basic
user_4736,0.3845559610416044,0.2708660080460099,0.6499119041137893,0.16027270369769833,0.060697,False,9.825404303951565,Basic
user_4737,0.17165556630892878,0.30066815960758,0.6155445491077818,0.08384667410882292,0.031754,False,15.201664418737181,Basic
user_4738,0.18768190097680915,0.20340435577274327,0.8652971333075806,0.0441181585942245,0.016708,False,3.3117525603536087,Basic
user_4739,0.39120443316283116,0.3396839410321748,0.7782872583710833,0.17074140964883847,0.064662,False,6.097009418674575,Basic
user_4740,0.09015394081754859,0.41883687951844495,0.6189653564132099,0.06100469898206203,0.023103,False,9.907162412692578,Basic
user_4741,0.27382767697988025,0.203155492391521,0.7103331455639917,0.07831479763358787,0.029659,False,14.584746274333728,Basic
user_4742,0.10942796570060599,0.29415700896807406,0.8541881158450195,0.037683740256802524,0.014271,False,8.081753122291126,Basic
user_4743,0.10945709373825474,0.04332389460955771,0.5308821222082849,0.008932505720213577,0.003383,False,1.3825686731306615,Basic
user_4744,0.19531034106941925,0.5989066200829621,0.6766286103530664,0.17287571711769595,0.06547,False,18.78778010556931,Basic
user_4745,0.21158501228980964,0.27183923381502334,0.8546587681573018,0.06729832977857896,0.025487,False,13.45030373097497,Basic
user_4746,0.08157894479009198,0.07731252184733456,0.8312348974446705,0.007587595240232684,0.002874,False,13.731967583004817,Basic
user_4747,0.1468335629992856,0.20634202770639534,0.8065275607743445,0.03756590177220774,0.014227,False,8.836993318907911,Basic
user_4748,0.160259454011197,0.14687818045697162,0.676897751919574,0.034774257913311984,0.013169,False,10.393761081910274,Basic
user_4749,0.23541717610591448,0.38933275683523355,0.4855942781061319,0.18874937846703585,0.071482,False,18.886920431886715,Basic
user_4750,0.0658483965258768,0.29713841123956014,0.9874892290635735,0.019813976041972565,0.007504,False,11.307198369871566,Basic
user_4751,0.08940492944376507,0.03590746356504262,0.7364854002439039,0.0043589516444915745,0.001651,False,4.159659855614145,Basic
user_4752,0.22523806509434344,0.35083816859577255,0.7886986002734759,0.1001930398105873,0.037944,False,18.323215054665816,Basic
user_4753,0.2296490988952695,0.2458548288227901,0.6377992193296966,0.08852368925371562,0.033525,False,10.217490966476069,Basic
user_4754,0.08894483480646369,0.1612039364598937,0.7993160103514537,0.017938158766859284,0.006793,False,0.39279362862366574,Basic
user_4755,0.09358540480157998,0.291251728668556,0.7349997312516846,0.0370842461128373,0.014044,False,10.89367808181596,Basic
user_4756,0.2551452701173949,0.2808309023299459,0.7805438240310082,0.09179840289075081,0.034765,False,1.33903645711771,Basic
user_4757,0.29651114366500936,0.15015890768084553,0.6837820896942766,0.06511400359702745,0.024659,False,10.024177896719372,Basic
user_4758,0.29591822989854943,0.24838132423083387,0.7626078966885885,0.09638054120000812,0.0365,False,15.681301993499076,Basic
user_4759,0.09752094782149565,0.3255918373754744,0.6186375061972862,0.0513257348054689,0.019438,False,10.238461051892164,Basic
user_4760,0.03642788991594912,0.12673091544556583,0.43418942515912196,0.010632547845002574,0.004027,False,7.09561334428363,Basic
user_4761,0.11074389149360994,0.11821851229692529,0.653567293831033,0.02003156862639972,0.007586,False,16.769585265882366,Basic
user_4762,0.04289316905536471,0.14209413566969364,0.9343400650505442,0.006523179312369944,0.00247,False,17.62421148066328,Basic
user_4763,0.1665786084171369,0.1392833361396398,0.8041433676117736,0.028852596743717533,0.010927,False,6.602328665595511,Basic
user_4764,0.1922824742692073,0.23520864456879453,0.7090169951161596,0.06378761081712128,0.024157,False,9.480064895562936,Basic
user_4765,0.27569278423317567,0.22189053627405955,0.7577270326363607,0.08073305703182647,0.030575,False,18.675523625705,Basic
user_4766,0.11420634622534832,0.1084630476469708,0.7158870674325613,0.017303243675921422,0.006553,False,3.383916071866484,Basic
user_4767,0.44141414527505585,0.05578985042324318,0.7422774394639219,0.03317685252213039,0.012564,False,5.664911484109154,Basic
user_4768,0.4851047797270863,0.22562504405105954,0.8114456369414856,0.1348849292083828,0.051083,False,8.140026657816206,Basic
user_4769,0.3355216287265236,0.18472320219449556,0.6564895020072761,0.09440917101396262,0.035754,False,1.916877650900208,Basic
user_4770,0.2119875219809437,0.328919852994062,0.49048093121145847,0.14216027602607553,0.053838,False,5.168808801960651,Basic
user_4771,0.24351489310641183,0.03731156604203044,0.8209612626492984,0.0110674186831142,0.004191,False,10.349085050237647,Basic
user_4772,0.19049512263266663,0.164968990496739,0.678335015514523,0.04632782822132037,0.017545,False,4.341463147418393,Basic
user_4773,0.16320510265610094,0.03171417860566197,0.5990085539694646,0.008640804443762303,0.003272,False,13.039414722673023,Basic
