nodo,arranque,H,hub,share_hub,hub_cambia,b,g,n,hub_mas_rico,cmea_dudoso,n_controles,b_controles,controles,d
Afghanistan,1950,20,France,0.902232,False,0.216484,1.999367,20,True,False,5,0.138571,Iceland; Venezuela; Netherlands; Uruguay; Finland,0.077913
Afghanistan,1950,10,France,0.902232,False,0.080379,1.999367,10,True,False,5,0.063949,Iceland; Venezuela; Netherlands; Uruguay; Finland,0.01643
Afghanistan,1950,30,France,0.902232,False,0.393233,1.999367,30,True,False,5,0.290875,Iceland; Venezuela; Netherlands; Uruguay; Finland,0.102358
Afghanistan,1960,20,United States,0.273629,True,0.280872,2.677977,20,True,False,5,0.271581,Switzerland; Luxembourg; New Zealand; Denmark; Sweden,0.009292
Afghanistan,1960,10,United States,0.273629,False,0.155059,2.677977,10,True,False,5,0.134623,Switzerland; Luxembourg; New Zealand; Denmark; Sweden,0.020436
Afghanistan,1960,30,United States,0.273629,False,0.280563,2.677977,30,True,False,5,0.263325,Switzerland; Luxembourg; New Zealand; Denmark; Sweden,0.017238
Afghanistan,1970,20,Former USSR,0.293883,True,0.066325,2.125445,20,True,False,5,0.139709,Czechia; Croatia; Russia; Hungary; Portugal,-0.073384
Afghanistan,1970,10,Former USSR,0.293883,False,0.160548,2.125445,10,True,False,5,0.223046,Czechia; Croatia; Russia; Hungary; Portugal,-0.062497
Afghanistan,1970,30,Former USSR,0.293883,False,0.159852,2.125445,30,True,False,5,0.330123,Czechia; Croatia; Russia; Hungary; Portugal,-0.170271
Afghanistan,1980,20,Former USSR,0.510115,False,0.174741,2.15068,20,True,False,5,0.300805,Syria; Hungary; Belarus; Cyprus; Serbia,-0.126064
Afghanistan,1980,10,Former USSR,0.510115,False,0.018833,2.15068,10,True,False,5,0.023027,Syria; Hungary; Belarus; Cyprus; Serbia,-0.004195
Afghanistan,1980,30,Former USSR,0.510115,False,0.171251,2.15068,30,True,False,5,0.22744,Syria; Hungary; Belarus; Cyprus; Serbia,-0.056189
Afghanistan,1990,20,Czechoslovakia,0.216729,True,0.120827,2.85401,20,True,False,5,0.087264,Oman; Argentina; Mauritius; Barbados; Chile,0.033564
Afghanistan,1990,10,Czechoslovakia,0.216729,False,0.352802,2.85401,10,True,False,5,0.435279,Oman; Argentina; Mauritius; Barbados; Chile,-0.082477
Afghanistan,1990,30,Czechoslovakia,0.216729,False,-0.063171,2.85401,29,True,False,5,-0.154615,Oman; Argentina; Mauritius; Barbados; Chile,0.091444
Algeria,1970,20,France,0.674172,False,-0.040544,1.687092,20,True,False,5,-0.058603,Australia; New Zealand; Netherlands; Belgium; Canada,0.01806
Algeria,1970,10,France,0.674172,False,-0.054396,1.687092,10,True,False,5,-0.069511,Australia; New Zealand; Netherlands; Belgium; Canada,0.015116
Algeria,1970,30,France,0.674172,False,0.014188,1.687092,30,True,False,5,0.002561,Australia; New Zealand; Netherlands; Belgium; Canada,0.011627
Algeria,1980,20,United States,0.598856,True,0.118873,1.768869,20,True,False,5,0.051607,Qatar; Switzerland; Canada; Luxembourg; Iceland,0.067266
Algeria,1980,10,United States,0.598856,False,0.099126,1.768869,10,True,False,5,-0.052483,Qatar; Switzerland; Canada; Luxembourg; Iceland,0.151609
Algeria,1980,30,United States,0.598856,False,-0.037565,1.768869,30,True,False,5,0.013623,Qatar; Switzerland; Canada; Luxembourg; Iceland,-0.051188
Algeria,1990,20,United States,0.234316,False,-0.220066,2.057246,20,True,False,5,-0.165498,Luxembourg; Switzerland; Norway; Japan; Denmark,-0.054568
Algeria,1990,10,United States,0.234316,False,-0.044386,2.057246,10,True,False,5,-0.013708,Luxembourg; Switzerland; Norway; Japan; Denmark,-0.030678
Algeria,1990,30,United States,0.234316,False,-0.308124,2.057246,29,True,False,5,-0.245835,Luxembourg; Switzerland; Norway; Japan; Denmark,-0.062288
Angola,1980,20,United States,0.503451,False,0.1168,3.085325,20,True,False,5,0.049534,Qatar; Switzerland; Canada; Luxembourg; Iceland,0.067266
Angola,1980,10,United States,0.503451,False,0.188634,3.085325,10,True,False,5,0.037025,Qatar; Switzerland; Canada; Luxembourg; Iceland,0.151609
Angola,1980,30,United States,0.503451,False,-0.19212,3.085325,30,True,False,5,-0.140932,Qatar; Switzerland; Canada; Luxembourg; Iceland,-0.051188
Angola,1990,20,United States,0.542706,False,-0.426765,3.381219,20,True,False,5,-0.372198,Luxembourg; Switzerland; Norway; Japan; Denmark,-0.054568
Angola,1990,10,United States,0.542706,False,-0.034853,3.381219,10,True,False,5,-0.004175,Luxembourg; Switzerland; Norway; Japan; Denmark,-0.030678
Angola,1990,30,United States,0.542706,False,-0.638522,3.381219,29,True,False,5,-0.576234,Luxembourg; Switzerland; Norway; Japan; Denmark,-0.062288
Argentina,1900,20,United Kingdom,0.312891,False,-0.022038,0.479528,20,True,False,3,0.017746,New Zealand; Switzerland; Australia,-0.039784
Argentina,1900,10,United Kingdom,0.312891,False,-0.127844,0.479528,10,True,False,3,-0.042926,New Zealand; Switzerland; Australia,-0.084918
Argentina,1900,30,United Kingdom,0.312891,False,-0.074933,0.479528,30,True,False,3,-0.017835,New Zealand; Switzerland; Australia,-0.057097
Argentina,1910,20,United Kingdom,0.361127,False,-0.031143,0.299769,20,True,False,4,-0.023634,Switzerland; Australia; New Zealand; Canada,-0.007509
Argentina,1910,10,United Kingdom,0.361127,False,0.151707,0.299769,10,True,False,4,0.087684,Switzerland; Australia; New Zealand; Canada,0.064023
Argentina,1910,30,United Kingdom,0.361127,False,0.005592,0.299769,30,True,False,4,-0.017495,Switzerland; Australia; New Zealand; Canada,0.023088
Argentina,1920,20,United Kingdom,0.545987,False,0.082148,0.215693,20,True,False,5,0.042432,Switzerland; Belgium; Denmark; Australia; New Zealand,0.039717
Argentina,1920,10,United Kingdom,0.545987,False,0.002651,0.215693,10,True,False,5,-0.019299,Switzerland; Belgium; Denmark; Australia; New Zealand,0.021951
Argentina,1920,30,United Kingdom,0.545987,False,0.09214,0.215693,30,True,False,5,0.018358,Switzerland; Belgium; Denmark; Australia; New Zealand,0.073782
Argentina,1930,20,United Kingdom,0.308127,False,0.036006,0.34931,20,True,False,5,-0.020373,Denmark; Belgium; Australia; New Zealand; Switzerland,0.056379
Argentina,1930,10,United Kingdom,0.308127,False,0.059192,0.34931,10,True,False,5,0.035081,Denmark; Belgium; Australia; New Zealand; Switzerland,0.024111
Argentina,1930,30,United Kingdom,0.308127,False,0.01477,0.34931,30,True,False,5,0.026952,Denmark; Belgium; Australia; New Zealand; Switzerland,-0.012182
Argentina,1940,20,United Kingdom,0.383157,False,-0.070175,0.545439,20,True,False,3,0.019636,Australia; New Zealand; Canada,-0.089811
Argentina,1940,10,United Kingdom,0.383157,False,-0.124588,0.545439,10,True,False,3,-0.019727,Australia; New Zealand; Canada,-0.104861
Argentina,1940,30,United Kingdom,0.383157,False,-0.030431,0.545439,30,True,False,3,0.038874,Australia; New Zealand; Canada,-0.069305
Argentina,1950,20,United Kingdom,0.32445,False,0.039518,0.382585,20,True,False,5,0.083523,Denmark; Sweden; Australia; Switzerland; Canada,-0.044005
Argentina,1950,10,United Kingdom,0.32445,False,0.02998,0.382585,10,True,False,5,0.042407,Denmark; Sweden; Australia; Switzerland; Canada,-0.012427
Argentina,1950,30,United Kingdom,0.32445,False,0.021329,0.382585,30,True,False,5,0.083621,Denmark; Sweden; Australia; Switzerland; Canada,-0.062292
Argentina,1960,20,United Kingdom,0.247526,False,-0.015022,0.459231,20,True,False,5,0.043539,Australia; Canada; Netherlands; Sweden; Denmark,-0.05856
Argentina,1960,10,United Kingdom,0.247526,False,0.000597,0.459231,10,True,False,5,0.050314,Australia; Canada; Netherlands; Sweden; Denmark,-0.049717
Argentina,1960,30,United Kingdom,0.247526,False,0.083876,0.459231,30,True,False,5,0.128361,Australia; Canada; Netherlands; Sweden; Denmark,-0.044485
Argentina,1970,20,Italy,0.157282,True,0.205431,0.280059,20,True,False,5,0.180785,Finland; Japan; Austria; Iceland; Venezuela,0.024646
Argentina,1970,10,Italy,0.157282,False,0.061979,0.280059,10,True,False,5,0.074249,Finland; Japan; Austria; Iceland; Venezuela,-0.012269
Argentina,1970,30,Italy,0.157282,False,0.219115,0.280059,30,True,False,5,0.163425,Finland; Japan; Austria; Iceland; Venezuela,0.05569
Argentina,1980,20,Brazil,0.116672,True,0.013646,-0.458046,20,False,False,5,-0.25318,Azerbaijan; Iraq; Montenegro; Uzbekistan; Oman,0.266826
Argentina,1980,10,Brazil,0.116672,False,0.091965,-0.458046,10,False,False,5,0.061685,Azerbaijan; Iraq; Montenegro; Uzbekistan; Oman,0.03028
Argentina,1980,30,Brazil,0.116672,False,0.043091,-0.458046,30,False,False,5,-0.080659,Azerbaijan; Iraq; Montenegro; Uzbekistan; Oman,0.123749
Argentina,1990,20,United States,0.141687,True,-0.019804,1.138828,20,True,False,5,0.048278,Luxembourg; Switzerland; Norway; Denmark; Hong Kong,-0.068082
Argentina,1990,10,United States,0.141687,False,-0.085254,1.138828,10,True,False,5,-0.050537,Luxembourg; Switzerland; Norway; Denmark; Hong Kong,-0.034717
Argentina,1990,30,United States,0.141687,False,-0.059404,1.138828,29,True,False,5,0.026192,Luxembourg; Switzerland; Norway; Denmark; Hong Kong,-0.085595
Australia,1920,20,United Kingdom,0.546747,False,0.094202,-0.098503,20,False,False,5,0.06991,Netherlands; Switzerland; Belgium; Denmark; Canada,0.024292
Australia,1920,10,United Kingdom,0.546747,False,0.041051,-0.098503,10,False,False,5,0.072162,Netherlands; Switzerland; Belgium; Denmark; Canada,-0.031111
Australia,1920,30,United Kingdom,0.546747,False,0.055715,-0.098503,30,False,False,5,-0.027831,Netherlands; Switzerland; Belgium; Denmark; Canada,0.083547
Australia,1930,20,United Kingdom,0.377596,False,-0.061195,0.123913,20,True,False,5,-0.175303,Denmark; Netherlands; Belgium; New Zealand; Switzerland,0.114108
Australia,1930,10,United Kingdom,0.377596,False,-0.040976,0.123913,10,True,False,5,-0.092155,Denmark; Netherlands; Belgium; New Zealand; Switzerland,0.05118
Australia,1930,30,United Kingdom,0.377596,False,-0.069727,0.123913,30,True,False,5,-0.083509,Denmark; Netherlands; Belgium; New Zealand; Switzerland,0.013782
Australia,1940,20,United Kingdom,0.503648,False,-0.04792,0.046441,20,True,False,2,0.062837,New Zealand; Canada,-0.110757
Australia,1940,10,United Kingdom,0.503648,False,-0.060048,0.046441,10,True,False,2,0.067219,New Zealand; Canada,-0.127267
Australia,1940,30,United Kingdom,0.503648,False,-0.040523,0.046441,30,True,False,2,0.043173,New Zealand; Canada,-0.083696
Australia,1950,20,United Kingdom,0.443678,False,0.000869,-0.041456,20,False,False,5,0.041167,Denmark; Sweden; Switzerland; Canada; New Zealand,-0.040298
Australia,1950,10,United Kingdom,0.443678,False,0.015706,-0.041456,10,False,False,5,0.030578,Denmark; Sweden; Switzerland; Canada; New Zealand,-0.014872
Australia,1950,30,United Kingdom,0.443678,False,-0.019815,-0.041456,30,False,False,5,0.029698,Denmark; Sweden; Switzerland; Canada; New Zealand,-0.049513
Australia,1960,20,United Kingdom,0.31828,False,-0.04007,-0.013517,20,False,False,5,0.023268,Canada; Netherlands; Sweden; Denmark; Germany,-0.063338
Australia,1960,10,United Kingdom,0.31828,False,-0.03501,-0.013517,10,False,False,5,0.014851,Canada; Netherlands; Sweden; Denmark; Germany,-0.049861
Australia,1960,30,United Kingdom,0.31828,False,-0.028275,-0.013517,30,False,False,5,0.023397,Canada; Netherlands; Sweden; Denmark; Germany,-0.051672
Australia,1970,20,Japan,0.275019,True,0.086365,-0.166363,20,False,False,5,0.085562,Austria; Finland; Iceland; Norway; Italy,0.000803
Australia,1970,10,Japan,0.275019,False,0.050633,-0.166363,10,False,False,5,0.067922,Austria; Finland; Iceland; Norway; Italy,-0.017289
Australia,1970,30,Japan,0.275019,False,0.08977,-0.166363,30,False,False,5,0.07162,Austria; Finland; Iceland; Norway; Italy,0.01815
Australia,1980,20,Japan,0.334618,False,0.032566,-0.034511,20,False,False,5,-0.012586,Austria; Germany; Belgium; Netherlands; Finland,0.045152
Australia,1980,10,Japan,0.334618,False,0.043048,-0.034511,10,False,False,5,-0.003279,Austria; Germany; Belgium; Netherlands; Finland,0.046327
Australia,1980,30,Japan,0.334618,False,-0.051119,-0.034511,30,False,False,5,-0.026492,Austria; Germany; Belgium; Netherlands; Finland,-0.024627
Australia,1990,20,Japan,0.299963,False,-0.143323,0.092894,20,True,False,5,-0.00284,Denmark; Hong Kong; Canada; Norway; Netherlands,-0.140483
Australia,1990,10,Japan,0.299963,False,-0.079494,0.092894,10,True,False,5,0.000474,Denmark; Hong Kong; Canada; Norway; Netherlands,-0.079968
Australia,1990,30,Japan,0.299963,False,-0.155201,0.092894,29,True,False,5,-0.007102,Denmark; Hong Kong; Canada; Norway; Netherlands,-0.148098
Austria,1920,20,Czechoslovakia,0.232395,False,0.061212,-0.27923,18,False,False,5,0.027576,Spain; Finland; Japan; Greece; Ireland,0.033637
Austria,1920,10,Czechoslovakia,0.232395,False,0.011574,-0.27923,10,False,False,5,-0.074489,Spain; Finland; Japan; Greece; Ireland,0.086064
Austria,1920,30,Hungary,0.23106,False,0.065202,-0.428753,24,False,False,5,0.044092,Greece; Japan; Costa Rica; Finland; Mexico,0.021109
Austria,1930,20,Germany,0.165969,True,0.05354,0.174215,20,True,False,5,0.148911,Argentina; Norway; Canada; Sweden; France,-0.095371
Austria,1930,10,Germany,0.165969,False,0.135162,0.174215,10,True,False,5,0.041199,Argentina; Norway; Canada; Sweden; France,0.093963
Austria,1930,30,Germany,0.165969,False,-0.020965,0.174215,30,True,False,5,0.071624,Argentina; Norway; Canada; Sweden; France,-0.092588
Austria,1940,20,Germany,0.18528,False,-0.115531,0.346475,20,True,False,5,0.04997,Switzerland; Canada; New Zealand; Denmark; Sweden,-0.165501
Austria,1940,10,Germany,0.18528,False,-0.097142,0.346475,10,True,False,5,0.379579,Switzerland; Canada; New Zealand; Denmark; Sweden,-0.476721
Austria,1940,30,Germany,0.18528,False,-0.09104,0.346475,30,True,False,5,-0.0644,Switzerland; Canada; New Zealand; Denmark; Sweden,-0.02664
Austria,1960,20,Germany,0.203691,False,-0.055147,0.159138,20,True,False,5,-0.045236,Venezuela; France; Netherlands; Norway; Belgium,-0.009911
Austria,1960,10,Germany,0.203691,False,-0.014258,0.159138,10,True,False,5,-0.001088,Venezuela; France; Netherlands; Norway; Belgium,-0.01317
Austria,1960,30,Germany,0.203691,False,-0.062363,0.159138,30,True,False,5,-0.078795,Venezuela; France; Netherlands; Norway; Belgium,0.016432
Austria,1970,20,Italy,0.127621,True,-0.000588,-0.043246,20,False,False,5,-0.014773,Finland; Japan; Iceland; Venezuela; Norway,0.014185
Austria,1970,10,Italy,0.127621,False,-0.025156,-0.043246,10,False,False,5,-0.008322,Finland; Japan; Iceland; Venezuela; Norway,-0.016834
Austria,1970,30,Italy,0.127621,False,0.001081,-0.043246,30,False,False,5,-0.033479,Finland; Japan; Iceland; Venezuela; Norway,0.03456
Austria,1980,20,Italy,0.129698,False,0.001818,-0.05188,20,False,False,5,-0.065001,Finland; Slovenia; New Zealand; Japan; Germany,0.066819
Austria,1980,10,Italy,0.129698,False,0.01079,-0.05188,10,False,False,5,-0.004426,Finland; Slovenia; New Zealand; Japan; Germany,0.015216
Austria,1980,30,Italy,0.129698,False,-0.015452,-0.05188,30,False,False,5,-0.060572,Finland; Slovenia; New Zealand; Japan; Germany,0.04512
Austria,1990,20,Italy,0.131523,False,-0.026898,-0.039945,20,False,False,5,0.059273,United Arab Emirates; Sweden; Iceland; Belgium; Australia,-0.086172
Austria,1990,10,Italy,0.131523,False,-0.007702,-0.039945,10,False,False,5,0.012408,Sweden; Iceland; Belgium; Australia; Singapore,-0.02011
Austria,1990,30,Italy,0.131523,False,-0.065256,-0.039945,29,False,False,5,0.05854,United Arab Emirates; Sweden; Iceland; Belgium; Australia,-0.123795
Bangladesh,1980,20,United Kingdom,0.143802,False,-0.004759,3.163407,20,True,False,5,-0.064609,Slovenia; New Zealand; Finland; Austria; Japan,0.05985
Bangladesh,1980,10,United Kingdom,0.143802,False,0.05898,3.163407,10,True,False,5,0.015848,Slovenia; New Zealand; Finland; Austria; Japan,0.043132
Bangladesh,1980,30,United Kingdom,0.143802,False,-0.107383,3.163407,30,True,False,5,-0.151581,Slovenia; New Zealand; Finland; Austria; Japan,0.044198
Bangladesh,1990,20,United States,0.309231,True,-0.178149,3.559459,20,True,False,5,-0.110067,Luxembourg; Switzerland; Norway; Denmark; Hong Kong,-0.068082
Bangladesh,1990,10,United States,0.309231,False,-0.065543,3.559459,10,True,False,5,-0.030827,Luxembourg; Switzerland; Norway; Denmark; Hong Kong,-0.034717
Bangladesh,1990,30,United States,0.309231,False,-0.322349,3.559459,29,True,False,5,-0.236754,Luxembourg; Switzerland; Norway; Denmark; Hong Kong,-0.085595
Belgium,1900,20,United Kingdom,0.289973,False,0.048642,0.230028,20,True,False,3,0.088426,New Zealand; Switzerland; Australia,-0.039784
Belgium,1900,10,United Kingdom,0.289973,False,-0.026931,0.230028,10,True,False,3,0.057987,New Zealand; Switzerland; Australia,-0.084918
Belgium,1900,30,United Kingdom,0.289973,False,-0.040055,0.230028,30,True,False,3,0.017042,New Zealand; Switzerland; Australia,-0.057097
Belgium,1910,20,United Kingdom,0.244008,False,-0.059664,0.196577,20,True,False,4,-0.052155,Switzerland; Australia; New Zealand; Canada,-0.007509
Belgium,1910,10,United Kingdom,0.244008,False,0.145265,0.196577,10,True,False,4,0.081242,Switzerland; Australia; New Zealand; Canada,0.064023
Belgium,1910,30,United Kingdom,0.244008,False,-0.04016,0.196577,30,True,False,4,-0.063248,Switzerland; Australia; New Zealand; Canada,0.023088
Belgium,1920,20,France,0.268321,True,0.046066,-0.195156,20,False,False,5,0.046399,Argentina; Canada; Sweden; Denmark; Norway,-0.000332
Belgium,1920,10,France,0.268321,False,0.060835,-0.195156,10,False,False,5,0.000315,Argentina; Canada; Sweden; Denmark; Norway,0.06052
Belgium,1920,30,France,0.268321,False,-0.011871,-0.195156,30,False,False,5,0.139653,Argentina; Canada; Sweden; Denmark; Norway,-0.151523
Belgium,1930,20,United Kingdom,0.2708,True,0.163139,0.113651,20,True,False,4,0.133451,Denmark; Australia; New Zealand; Switzerland,0.029689
Belgium,1930,10,United Kingdom,0.2708,False,0.078182,0.113651,10,True,False,4,0.067589,Denmark; Australia; New Zealand; Switzerland,0.010593
Belgium,1930,30,United Kingdom,0.2708,False,0.064957,0.113651,30,True,False,4,0.096423,Denmark; Australia; New Zealand; Switzerland,-0.031467
Belgium,1940,20,France,0.165717,True,0.134465,-0.30617,20,False,False,5,-0.019085,Japan; Ireland; Uruguay; Chile; Venezuela,0.15355
Belgium,1940,10,France,0.165717,False,0.016278,-0.30617,10,False,False,5,-0.033376,Japan; Ireland; Uruguay; Chile; Venezuela,0.049654
Belgium,1940,30,France,0.165717,False,0.151851,-0.30617,30,False,False,5,-0.022385,Japan; Ireland; Uruguay; Chile; Venezuela,0.174236
Belgium,1950,20,Netherlands,0.27015,True,0.021529,0.093185,20,True,False,5,0.007989,Norway; Venezuela; Sweden; Denmark; Iceland,0.01354
Belgium,1950,10,Netherlands,0.27015,False,0.045132,0.093185,10,True,False,5,0.02703,Norway; Venezuela; Sweden; Denmark; Iceland,0.018102
Belgium,1950,30,Netherlands,0.27015,False,-0.006169,0.093185,30,True,False,5,-0.030708,Norway; Venezuela; Sweden; Denmark; Iceland,0.024539
Belgium,1960,20,Netherlands,0.235685,False,-0.033735,0.133761,20,True,False,5,-0.073578,Australia; Canada; Venezuela; Sweden; Denmark,0.039843
Belgium,1960,10,Netherlands,0.235685,False,-0.010014,0.133761,10,True,False,5,-0.02329,Australia; Canada; Venezuela; Sweden; Denmark,0.013275
Belgium,1960,30,Netherlands,0.235685,False,-0.055466,0.133761,30,True,False,5,-0.097047,Australia; Canada; Venezuela; Sweden; Denmark,0.041581
Belgium,1970,20,Germany,0.223912,True,-0.001645,-0.006965,20,False,False,5,0.033592,New Zealand; Norway; Iceland; Austria; Japan,-0.035237
Belgium,1970,10,Germany,0.223912,False,-0.014143,-0.006965,10,False,False,5,0.008984,New Zealand; Norway; Iceland; Austria; Japan,-0.023127
Belgium,1970,30,Germany,0.223912,False,-0.00686,-0.006965,30,False,False,5,0.03478,New Zealand; Norway; Iceland; Austria; Japan,-0.041641
Belgium,1980,20,Germany,0.231582,False,-0.003159,-0.015543,20,False,False,5,0.010945,Japan; Austria; Australia; Finland; Sweden,-0.014105
Belgium,1980,10,Germany,0.231582,False,0.012849,-0.015543,10,False,False,5,0.031956,Japan; Austria; Australia; Finland; Sweden,-0.019107
Belgium,1980,30,Germany,0.231582,False,0.011543,-0.015543,30,False,False,5,0.021423,Japan; Austria; Australia; Finland; Sweden,-0.00988
Belgium,1990,20,Germany,0.198373,False,0.034295,-0.037466,20,False,False,5,0.091967,United Arab Emirates; Sweden; Iceland; Austria; Australia,-0.057672
Belgium,1990,10,Germany,0.198373,False,0.024045,-0.037466,10,False,False,5,0.035402,Sweden; Iceland; Austria; Australia; Singapore,-0.011357
Belgium,1990,30,Germany,0.198373,False,0.068694,-0.037466,29,False,False,5,0.098899,United Arab Emirates; Sweden; Iceland; Austria; Australia,-0.030204
Bolivia,1900,20,Peru,1.0,False,0.091468,-0.203867,20,False,False,5,0.023344,Ecuador; Philippines; Indonesia; Taiwan; Colombia,0.068124
Bolivia,1900,10,Peru,1.0,False,0.128586,-0.203867,10,False,False,5,-0.003573,Ecuador; Indonesia; Taiwan; Colombia; India,0.132159
Bolivia,1900,30,Peru,1.0,False,0.137667,-0.203867,30,False,False,5,0.056717,Ecuador; Philippines; Indonesia; Taiwan; Colombia,0.08095
Bolivia,1910,20,Germany,0.787942,True,-0.082442,1.113984,20,True,False,5,-0.03101,Austria; France; Argentina; Denmark; Netherlands,-0.051432
Bolivia,1910,10,Germany,0.787942,False,-0.162979,1.113984,10,True,False,5,-0.128922,Austria; France; Argentina; Denmark; Netherlands,-0.034057
Bolivia,1910,30,Germany,0.787942,False,0.00404,1.113984,30,True,False,5,-0.000399,Austria; France; Argentina; Denmark; Netherlands,0.004439
Bolivia,1920,20,United States,0.467202,True,-0.077258,1.661828,20,True,False,1,-0.048059,New Zealand,-0.029199
Bolivia,1920,10,United States,0.467202,False,-0.020622,1.661828,10,True,False,1,-0.13944,New Zealand,0.118817
Bolivia,1920,30,United States,0.467202,False,-0.025815,1.661828,30,True,False,1,-0.028103,New Zealand,0.002288
Bolivia,1930,20,United Kingdom,0.806731,True,-0.025771,1.421663,20,True,False,5,-0.100922,Denmark; Netherlands; Belgium; Australia; New Zealand,0.07515
Bolivia,1930,10,United Kingdom,0.806731,False,0.026502,1.421663,10,True,False,5,0.004124,Denmark; Netherlands; Belgium; Australia; New Zealand,0.022378
Bolivia,1930,30,United Kingdom,0.806731,False,0.010771,1.421663,30,True,False,5,0.016854,Denmark; Netherlands; Belgium; Australia; New Zealand,-0.006083
Bolivia,1940,20,United Kingdom,0.383134,False,0.031701,1.429726,20,True,False,4,0.116449,Australia; New Zealand; Canada; United States,-0.084748
Bolivia,1940,10,United Kingdom,0.383134,False,-0.072245,1.429726,10,True,False,4,0.032705,Australia; New Zealand; Canada; United States,-0.10495
Bolivia,1940,30,United Kingdom,0.383134,False,0.107265,1.429726,30,True,False,4,0.171929,Australia; New Zealand; Canada; United States,-0.064663
Bolivia,1950,20,United States,0.551771,True,0.158341,1.677241,20,True,False,2,0.158956,Luxembourg; New Zealand,-0.000615
Bolivia,1950,10,United States,0.551771,False,0.156916,1.677241,10,True,False,2,0.17296,Luxembourg; New Zealand,-0.016045
Bolivia,1950,30,United States,0.551771,False,0.108235,1.677241,30,True,False,2,0.094887,Luxembourg; New Zealand,0.013348
Bolivia,1960,20,United Kingdom,0.503736,True,-0.057122,1.686941,20,True,False,5,0.001438,Australia; Canada; Netherlands; Sweden; Denmark,-0.05856
Bolivia,1960,10,United Kingdom,0.503736,False,-0.034966,1.686941,10,True,False,5,0.01475,Australia; Canada; Netherlands; Sweden; Denmark,-0.049717
Bolivia,1960,30,United Kingdom,0.503736,False,0.05234,1.686941,30,True,False,5,0.096825,Australia; Canada; Netherlands; Sweden; Denmark,-0.044485
Bolivia,1970,20,United Kingdom,0.489635,False,0.139906,1.60599,20,True,False,5,0.182563,Germany; Norway; New Zealand; Iceland; Austria,-0.042657
Bolivia,1970,10,United Kingdom,0.489635,False,-0.026734,1.60599,10,True,False,5,0.016238,Germany; Norway; New Zealand; Iceland; Austria,-0.042972
Bolivia,1970,30,United Kingdom,0.489635,False,0.179434,1.60599,30,True,False,5,0.212839,Germany; Norway; New Zealand; Iceland; Austria,-0.033405
Bolivia,1980,20,United States,0.280701,True,0.142937,2.068421,20,True,False,5,0.075671,Qatar; Switzerland; Canada; Luxembourg; Iceland,0.067266
Bolivia,1980,10,United States,0.280701,False,0.20216,2.068421,10,True,False,5,0.05055,Qatar; Switzerland; Canada; Luxembourg; Iceland,0.151609
Bolivia,1980,30,United States,0.280701,False,0.124155,2.068421,30,True,False,5,0.175343,Qatar; Switzerland; Canada; Luxembourg; Iceland,-0.051188
Bolivia,1990,20,Argentina,0.388859,True,0.037445,1.195609,20,True,False,5,0.103043,Mauritius; Barbados; Oman; Czechoslovakia; Chile,-0.065598
Bolivia,1990,10,Argentina,0.388859,False,0.084177,1.195609,10,True,False,5,0.045695,Mauritius; Barbados; Oman; Czechoslovakia; Chile,0.038482
Bolivia,1990,30,Argentina,0.388859,False,0.00401,1.195609,29,True,False,5,0.057092,Mauritius; Barbados; Oman; Czechoslovakia; Chile,-0.053082
Botswana,1970,20,United Kingdom,0.462702,False,-0.387718,2.639867,20,True,False,5,-0.350442,Germany; Belgium; Norway; New Zealand; Iceland,-0.037277
Botswana,1970,10,United Kingdom,0.462702,False,-0.287576,2.639867,10,True,False,5,-0.24795,Germany; Belgium; Norway; New Zealand; Iceland,-0.039626
Botswana,1970,30,United Kingdom,0.462702,False,-0.498145,2.639867,30,True,False,5,-0.471862,Germany; Belgium; Norway; New Zealand; Iceland,-0.026282
Botswana,1980,20,United States,0.428222,True,-0.310227,2.420555,20,True,False,5,-0.377493,Qatar; Switzerland; Canada; Luxembourg; Iceland,0.067266
Botswana,1980,10,United States,0.428222,False,-0.181917,2.420555,10,True,False,5,-0.333527,Qatar; Switzerland; Canada; Luxembourg; Iceland,0.151609
Botswana,1980,30,United States,0.428222,False,-0.361982,2.420555,30,True,False,5,-0.310794,Qatar; Switzerland; Canada; Luxembourg; Iceland,-0.051188
Botswana,1990,20,Zimbabwe,0.416292,True,-0.451645,-1.002032,20,False,False,5,-0.169652,Cape Verde; India; Cote d'Ivoire; North Korea; Djibouti,-0.281993
Botswana,1990,10,Zimbabwe,0.416292,False,-0.116844,-1.002032,10,False,False,5,-0.12789,Cape Verde; India; Cote d'Ivoire; North Korea; Djibouti,0.011046
Botswana,1990,30,Zimbabwe,0.416292,False,-0.555498,-1.002032,29,False,False,5,-0.187035,Cape Verde; India; Cote d'Ivoire; North Korea; Djibouti,-0.368463
Brazil,1900,20,United States,0.617064,False,-0.000649,2.242924,20,True,False,1,0.001785,New Zealand,-0.002434
Brazil,1900,10,United States,0.617064,False,0.03435,2.242924,10,True,False,1,0.03864,New Zealand,-0.00429
Brazil,1900,30,United States,0.617064,False,-0.052431,2.242924,30,True,False,1,-0.095268,New Zealand,0.042837
Brazil,1910,20,United States,0.380884,False,-0.066273,2.241908,20,True,False,3,-0.12805,New Zealand; Australia; Switzerland,0.061777
Brazil,1910,10,United States,0.380884,False,-0.007885,2.241908,10,True,False,3,-0.074529,New Zealand; Australia; Switzerland,0.066644
Brazil,1910,30,United States,0.380884,False,-0.137934,2.241908,30,True,False,3,-0.126113,New Zealand; Australia; Switzerland,-0.011821
Brazil,1920,20,United States,0.355495,False,-0.096576,2.086492,20,True,False,1,-0.067377,New Zealand,-0.029199
Brazil,1920,10,United States,0.355495,False,0.019551,2.086492,10,True,False,1,-0.099266,New Zealand,0.118817
Brazil,1920,30,United States,0.355495,False,-0.031787,2.086492,30,True,False,1,-0.034075,New Zealand,0.002288
Brazil,1930,20,United States,0.348392,False,0.053705,1.898769,20,True,False,5,-0.141716,Denmark; Switzerland; Netherlands; Belgium; Australia,0.19542
Brazil,1930,10,United States,0.348392,False,-0.069341,1.898769,10,True,False,5,-0.077947,Denmark; Switzerland; Netherlands; Belgium; Australia,0.008605
Brazil,1930,30,United States,0.348392,False,-0.016688,1.898769,30,True,False,5,-0.139988,Denmark; Switzerland; Netherlands; Belgium; Australia,0.123299
Brazil,1940,20,United States,0.268268,False,-0.136997,2.1594,20,True,False,0,,,
Brazil,1940,10,United States,0.268268,False,-0.052646,2.1594,10,True,False,0,,,
Brazil,1940,30,United States,0.268268,False,-0.170402,2.1594,30,True,False,0,,,
Brazil,1950,20,United States,0.501634,False,-0.096751,1.926168,20,True,False,2,-0.096136,Luxembourg; New Zealand,-0.000615
Brazil,1950,10,United States,0.501634,False,-0.085955,1.926168,10,True,False,2,-0.069911,Luxembourg; New Zealand,-0.016045
Brazil,1950,30,United States,0.501634,False,-0.186825,1.926168,30,True,False,2,-0.200173,Luxembourg; New Zealand,0.013348
Brazil,1960,20,United States,0.47174,False,-0.122243,1.66635,20,True,False,5,-0.131535,Switzerland; Luxembourg; New Zealand; Denmark; Sweden,0.009292
Brazil,1960,10,United States,0.47174,False,0.066459,1.66635,10,True,False,5,0.046023,Switzerland; Luxembourg; New Zealand; Denmark; Sweden,0.020436
Brazil,1960,30,United States,0.47174,False,-0.131072,1.66635,30,True,False,5,-0.148311,Switzerland; Luxembourg; New Zealand; Denmark; Sweden,0.017238
Brazil,1970,20,United States,0.317528,False,-0.06363,1.528442,20,True,False,5,-0.076338,Switzerland; Luxembourg; Denmark; Sweden; Canada,0.012708
Brazil,1970,10,United States,0.317528,False,-0.143572,1.528442,10,True,False,5,-0.1577,Switzerland; Luxembourg; Denmark; Sweden; Canada,0.014127
Brazil,1970,30,United States,0.317528,False,-0.005136,1.528442,30,True,False,5,-0.013146,Switzerland; Luxembourg; Denmark; Sweden; Canada,0.008011
Brazil,1980,20,United States,0.220112,False,0.082313,1.376052,20,True,False,5,0.015047,Qatar; Switzerland; Canada; Luxembourg; Iceland,0.067266
Brazil,1980,10,United States,0.220112,False,0.078597,1.376052,10,True,False,5,-0.073013,Qatar; Switzerland; Canada; Luxembourg; Iceland,0.151609
Brazil,1980,30,United States,0.220112,False,0.042117,1.376052,30,True,False,5,0.093305,Qatar; Switzerland; Canada; Luxembourg; Iceland,-0.051188
Brazil,1990,20,United States,0.28102,False,-0.049333,1.53597,20,True,False,5,0.018749,Luxembourg; Switzerland; Norway; Denmark; Hong Kong,-0.068082
Brazil,1990,10,United States,0.28102,False,-0.019097,1.53597,10,True,False,5,0.01562,Luxembourg; Switzerland; Norway; Denmark; Hong Kong,-0.034717
Brazil,1990,30,United States,0.28102,False,-0.105388,1.53597,29,True,False,5,-0.019793,Luxembourg; Switzerland; Norway; Denmark; Hong Kong,-0.085595
Bulgaria,1920,20,Belgium,0.32407,False,-0.075791,1.394898,18,True,False,5,-0.040665,Denmark; United Kingdom; Netherlands; Switzerland; Canada,-0.035126
Bulgaria,1920,10,Belgium,0.32407,False,0.011313,1.394898,8,True,False,5,0.03232,Denmark; United Kingdom; Netherlands; Switzerland; Canada,-0.021008
Bulgaria,1920,30,Belgium,0.32407,False,-0.108561,1.394898,26,True,False,5,-0.0177,Denmark; United Kingdom; Netherlands; Switzerland; Canada,-0.090861
Bulgaria,1930,20,Germany,0.297069,True,0.049912,1.077524,18,True,False,5,0.065149,Argentina; Norway; Canada; Sweden; Uruguay,-0.015237
Bulgaria,1930,10,Germany,0.297069,False,0.050654,1.077524,10,True,False,5,-0.051767,Argentina; Norway; Canada; Sweden; Uruguay,0.102421
Bulgaria,1930,30,Germany,0.297069,False,-0.054253,1.077524,28,True,False,5,0.018807,Argentina; Norway; Canada; Sweden; Uruguay,-0.073059
Bulgaria,1940,20,Germany,0.711574,False,-0.173567,1.361879,18,True,False,5,-0.003668,Switzerland; Canada; New Zealand; Denmark; Sweden,-0.169899
Bulgaria,1940,10,Germany,0.711574,False,-0.1393,1.361879,8,True,False,5,0.210794,Switzerland; Canada; New Zealand; Denmark; Sweden,-0.350094
Bulgaria,1940,30,Germany,0.711574,False,-0.172596,1.361879,28,True,False,5,-0.125629,Switzerland; Canada; New Zealand; Denmark; Sweden,-0.046968
Bulgaria,1950,20,Former USSR,0.386199,True,-0.130131,0.424529,20,True,True,5,-0.093146,Israel; Syria; Hungary; Slovenia; South Africa,-0.036986
Bulgaria,1950,10,Former USSR,0.386199,False,-0.034414,0.424529,10,True,True,5,-0.021146,Israel; Syria; Hungary; South Africa; Lebanon,-0.013268
Bulgaria,1950,30,Former USSR,0.386199,False,-0.153969,0.424529,30,True,True,5,-0.092898,Israel; Syria; Hungary; Slovenia; South Africa,-0.06107
Bulgaria,1960,20,Former USSR,0.434062,False,-0.080177,0.233456,20,True,True,5,-0.011296,Hungary; Puerto Rico; Saudi Arabia; Russia; Chile,-0.068881
Bulgaria,1960,10,Former USSR,0.434062,False,-0.074443,0.233456,10,True,True,5,-0.014144,Hungary; Puerto Rico; Saudi Arabia; Russia; Chile,-0.060299
Bulgaria,1960,30,Former USSR,0.434062,False,-0.073352,0.233456,30,True,True,5,-0.01993,Hungary; Puerto Rico; Saudi Arabia; Russia; Chile,-0.053422
Bulgaria,1970,20,Italy,0.154319,True,0.065414,0.699501,20,True,True,5,0.040769,Finland; Japan; Austria; Iceland; Venezuela,0.024646
Bulgaria,1970,10,Italy,0.154319,False,-0.011802,0.699501,10,True,True,5,0.000468,Finland; Japan; Austria; Iceland; Venezuela,-0.012269
Bulgaria,1970,30,Italy,0.154319,False,0.218635,0.699501,30,True,True,5,0.162945,Finland; Japan; Austria; Iceland; Venezuela,0.05569
Bulgaria,1980,20,Poland,0.195792,True,0.142202,-0.126367,20,False,True,5,0.251233,Ukraine; Taiwan; Gabon; Chile; Malta,-0.109031
Bulgaria,1980,10,Poland,0.195792,False,0.000726,-0.126367,10,False,True,5,0.060372,Ukraine; Taiwan; Gabon; Chile; Malta,-0.059646
Bulgaria,1980,30,Poland,0.195792,False,0.192771,-0.126367,30,False,True,5,0.216061,Ukraine; Taiwan; Gabon; Chile; Malta,-0.023289
Bulgaria,1990,20,Czechoslovakia,0.122178,True,0.062908,0.39877,20,True,True,5,0.029345,Oman; Argentina; Mauritius; Barbados; Chile,0.033564
Bulgaria,1990,10,Czechoslovakia,0.122178,False,0.097376,0.39877,10,True,True,5,0.179854,Oman; Argentina; Mauritius; Barbados; Chile,-0.082477
Bulgaria,1990,30,Czechoslovakia,0.122178,False,0.035542,0.39877,29,True,True,5,-0.055902,Oman; Argentina; Mauritius; Barbados; Chile,0.091444
Cambodia,1960,20,France,0.433292,False,0.239128,2.477499,20,True,False,5,0.207872,Venezuela; Norway; Belgium; Netherlands; Iceland,0.031255
Cambodia,1960,10,France,0.433292,False,0.12496,2.477499,10,True,False,5,0.095111,Venezuela; Norway; Belgium; Netherlands; Iceland,0.029848
Cambodia,1960,30,France,0.433292,False,0.178724,2.477499,30,True,False,5,0.145946,Venezuela; Norway; Belgium; Netherlands; Iceland,0.032778
Cambodia,1970,20,France,0.145675,False,-0.042117,2.936018,20,True,False,5,-0.060177,Australia; New Zealand; Netherlands; Belgium; Canada,0.01806
Cambodia,1970,10,France,0.145675,False,0.013016,2.936018,10,True,False,5,-0.002099,Australia; New Zealand; Netherlands; Belgium; Canada,0.015116
Cambodia,1970,30,France,0.145675,False,0.015009,2.936018,30,True,False,5,0.003382,Australia; New Zealand; Netherlands; Belgium; Canada,0.011627
Cambodia,1980,20,Australia,0.518945,True,0.111492,2.827892,20,True,False,5,0.097233,Netherlands; Belgium; Germany; France; Austria,0.01426
Cambodia,1980,10,Australia,0.518945,False,0.004419,2.827892,10,True,False,5,-0.008304,Netherlands; Belgium; Germany; France; Austria,0.012723
Cambodia,1980,30,Australia,0.518945,False,0.081002,2.827892,30,True,False,5,0.044567,Netherlands; Belgium; Germany; France; Austria,0.036435
Cambodia,1990,20,Malaysia,0.26925,True,0.065857,1.898395,20,True,False,5,-0.043334,Hungary; Seychelles; Syria; Turkey; Former USSR,0.109191
Cambodia,1990,10,Malaysia,0.26925,False,0.188549,1.898395,10,True,False,5,0.003773,Hungary; Seychelles; Syria; Turkey; Former USSR,0.184776
Cambodia,1990,30,Malaysia,0.26925,False,0.032412,1.898395,29,True,False,5,-0.108462,Hungary; Seychelles; Syria; Turkey; Former USSR,0.140875
Cameroon,1960,20,France,0.644723,False,0.147076,2.254139,20,True,False,5,0.090348,Venezuela; Germany; Norway; Iceland; United Kingdom,0.056728
Cameroon,1960,10,France,0.644723,False,0.101873,2.254139,10,True,False,5,0.055915,Venezuela; Germany; Norway; Iceland; United Kingdom,0.045959
Cameroon,1960,30,France,0.644723,False,0.074511,2.254139,30,True,False,5,0.023854,Venezuela; Germany; Norway; Iceland; United Kingdom,0.050657
Cameroon,1970,20,France,0.40116,False,-0.049248,2.505694,20,True,False,5,-0.058377,Australia; New Zealand; Belgium; Canada; Germany,0.009129
Cameroon,1970,10,France,0.40116,False,0.05225,2.505694,10,True,False,5,0.040255,Australia; New Zealand; Belgium; Canada; Germany,0.011995
Cameroon,1970,30,France,0.40116,False,0.099952,2.505694,30,True,False,5,0.091704,Australia; New Zealand; Belgium; Canada; Germany,0.008248
Cameroon,1980,20,France,0.277193,False,0.207616,2.384798,20,True,False,5,0.250968,Sweden; Norway; Australia; Belgium; Denmark,-0.043352
Cameroon,1980,10,France,0.277193,False,-0.019263,2.384798,10,True,False,5,0.001264,Sweden; Norway; Australia; Belgium; Denmark,-0.020528
Cameroon,1980,30,France,0.277193,False,0.184772,2.384798,30,True,False,5,0.270466,Sweden; Norway; Australia; Belgium; Denmark,-0.085694
Cameroon,1990,20,France,0.281838,False,0.004286,2.783863,20,True,False,5,0.104357,United Arab Emirates; Australia; Belgium; Austria; Iceland,-0.100071
Cameroon,1990,10,France,0.281838,False,0.07364,2.783863,10,True,False,5,0.096435,Australia; Belgium; Austria; Iceland; Sweden,-0.022796
Cameroon,1990,30,France,0.281838,False,-0.056386,2.783863,29,True,False,5,0.050425,United Arab Emirates; Australia; Belgium; Austria; Iceland,-0.106811
Canada,1920,20,United States,0.510873,False,-0.062139,0.543497,20,True,False,1,-0.03294,New Zealand,-0.029199
Canada,1920,10,United States,0.510873,False,-0.072641,0.543497,10,True,False,1,-0.191458,New Zealand,0.118817
Canada,1920,30,United States,0.510873,False,-0.087587,0.543497,30,True,False,1,-0.089875,New Zealand,0.002288
Canada,1930,20,United States,0.474938,False,-0.042563,0.385121,20,True,False,5,-0.237983,Denmark; Switzerland; Netherlands; Belgium; Australia,0.19542
Canada,1930,10,United States,0.474938,False,0.026379,0.385121,10,True,False,5,0.017773,Denmark; Switzerland; Netherlands; Belgium; Australia,0.008605
Canada,1930,30,United States,0.474938,False,-0.058098,0.385121,30,True,False,5,-0.181397,Denmark; Switzerland; Netherlands; Belgium; Australia,0.123299
Canada,1940,20,United Kingdom,0.381379,True,-0.105162,0.119703,20,True,False,1,0.011189,New Zealand,-0.116351
Canada,1940,10,United Kingdom,0.381379,False,-0.14154,0.119703,10,True,False,1,-0.028545,New Zealand,-0.112995
Canada,1940,30,United Kingdom,0.381379,False,-0.084026,0.119703,30,True,False,1,-0.00066,New Zealand,-0.083366
Canada,1950,20,United States,0.565472,True,-0.014678,0.284539,20,True,False,2,-0.014063,Luxembourg; New Zealand,-0.000615
Canada,1950,10,United States,0.565472,False,-0.020235,0.284539,10,True,False,2,-0.00419,Luxembourg; New Zealand,-0.016045
Canada,1950,30,United States,0.565472,False,-0.042779,0.284539,30,True,False,2,-0.056127,Luxembourg; New Zealand,0.013348
Canada,1960,20,United States,0.617757,False,-0.045765,0.250836,20,True,False,5,-0.055057,Switzerland; Luxembourg; New Zealand; Denmark; Sweden,0.009292
Canada,1960,10,United States,0.617757,False,-0.002153,0.250836,10,True,False,5,-0.022589,Switzerland; Luxembourg; New Zealand; Denmark; Sweden,0.020436
Canada,1960,30,United States,0.617757,False,-0.042891,0.250836,30,True,False,5,-0.060129,Switzerland; Luxembourg; New Zealand; Denmark; Sweden,0.017238
Canada,1970,20,United States,0.692439,False,-0.014045,0.1907,20,True,False,5,-0.037118,Switzerland; Luxembourg; Denmark; Sweden; Netherlands,0.023073
Canada,1970,10,United States,0.692439,False,-0.037901,0.1907,10,True,False,5,-0.059579,Switzerland; Luxembourg; Denmark; Sweden; Netherlands,0.021677
Canada,1970,30,United States,0.692439,False,0.016627,0.1907,30,True,False,5,0.008229,Switzerland; Luxembourg; Denmark; Sweden; Netherlands,0.008398
Canada,1980,20,United States,0.688923,False,0.043503,0.152884,20,True,False,5,-0.013937,Qatar; Switzerland; Luxembourg; Iceland; Denmark,0.05744
Canada,1980,10,United States,0.688923,False,0.020851,0.152884,10,True,False,5,-0.126885,Qatar; Switzerland; Luxembourg; Iceland; Denmark,0.147735
Canada,1980,30,United States,0.688923,False,0.025829,0.152884,30,True,False,5,0.085691,Qatar; Switzerland; Luxembourg; Iceland; Denmark,-0.059861
Canada,1990,20,United States,0.746482,False,-0.013468,0.229996,20,True,False,5,0.054614,Luxembourg; Switzerland; Norway; Denmark; Hong Kong,-0.068082
Canada,1990,10,United States,0.746482,False,0.011971,0.229996,10,True,False,5,0.046687,Luxembourg; Switzerland; Norway; Denmark; Hong Kong,-0.034717
Canada,1990,30,United States,0.746482,False,-0.019909,0.229996,29,True,False,5,0.065686,Luxembourg; Switzerland; Norway; Denmark; Hong Kong,-0.085595
Chile,1900,20,United Kingdom,0.483897,False,-0.072927,0.771256,20,True,False,3,-0.033143,New Zealand; Switzerland; Australia,-0.039784
Chile,1900,10,United Kingdom,0.483897,False,-0.06642,0.771256,10,True,False,3,0.018498,New Zealand; Switzerland; Australia,-0.084918
Chile,1900,30,United Kingdom,0.483897,False,-0.098943,0.771256,30,True,False,3,-0.041846,New Zealand; Switzerland; Australia,-0.057097
Chile,1910,20,United Kingdom,0.238421,False,-0.022548,0.56633,20,True,False,4,-0.015039,Switzerland; Australia; New Zealand; Canada,-0.007509
Chile,1910,10,United Kingdom,0.238421,False,0.072478,0.56633,10,True,False,4,0.008455,Switzerland; Australia; New Zealand; Canada,0.064023
Chile,1910,30,United Kingdom,0.238421,False,0.043307,0.56633,30,True,False,4,0.020219,Switzerland; Australia; New Zealand; Canada,0.023088
Chile,1920,20,United States,0.442105,True,-0.051927,0.906481,20,True,False,1,-0.022728,New Zealand,-0.029199
Chile,1920,10,United States,0.442105,False,-0.058921,0.906481,10,True,False,1,-0.177738,New Zealand,0.118817
Chile,1920,30,United States,0.442105,False,0.025514,0.906481,30,True,False,1,0.023227,New Zealand,0.002288
Chile,1930,20,Brazil,0.290826,True,0.014213,-1.04459,20,False,False,4,-0.135733,El Salvador; India; South Korea; Turkey,0.149946
Chile,1930,10,Brazil,0.290826,False,0.016859,-1.04459,10,False,False,5,-0.052208,El Salvador; Indonesia; India; South Korea; Turkey,0.069067
Chile,1930,30,Brazil,0.290826,False,0.079104,-1.04459,30,False,False,4,-0.127479,El Salvador; India; South Korea; Turkey,0.206583
Chile,1940,20,United States,0.215643,True,-0.00674,1.037319,20,True,False,0,,,
Chile,1940,10,United States,0.215643,False,0.020612,1.037319,10,True,False,0,,,
Chile,1940,30,United States,0.215643,False,0.013301,1.037319,30,True,False,0,,,
Chile,1950,20,United States,0.464632,False,0.036342,0.965088,20,True,False,2,0.036958,Luxembourg; New Zealand,-0.000615
Chile,1950,10,United States,0.464632,False,0.005108,0.965088,10,True,False,2,0.021152,Luxembourg; New Zealand,-0.016045
Chile,1950,30,United States,0.464632,False,0.105655,0.965088,30,True,False,2,0.092307,Luxembourg; New Zealand,0.013348
Chile,1960,20,United States,0.43543,False,0.129664,0.986616,20,True,False,5,0.120372,Switzerland; Luxembourg; New Zealand; Denmark; Sweden,0.009292
Chile,1960,10,United States,0.43543,False,0.056187,0.986616,10,True,False,5,0.035751,Switzerland; Luxembourg; New Zealand; Denmark; Sweden,0.020436
Chile,1960,30,United States,0.43543,False,0.151533,0.986616,30,True,False,5,0.134295,Switzerland; Luxembourg; New Zealand; Denmark; Sweden,0.017238
Chile,1970,20,United States,0.218492,False,0.113788,1.121737,20,True,False,5,0.10108,Switzerland; Luxembourg; Denmark; Sweden; Canada,0.012708
Chile,1970,10,United States,0.218492,False,0.142786,1.121737,10,True,False,5,0.128659,Switzerland; Luxembourg; Denmark; Sweden; Canada,0.014127
Chile,1970,30,United States,0.218492,False,0.007403,1.121737,30,True,False,5,-0.000607,Switzerland; Luxembourg; Denmark; Sweden; Canada,0.008011
Chile,1980,20,Japan,0.152503,True,-0.042444,0.981551,20,True,False,5,-0.082048,Austria; Germany; Belgium; Australia; Netherlands,0.039603
Chile,1980,10,Japan,0.152503,False,0.112958,0.981551,10,True,False,5,0.060136,Austria; Germany; Belgium; Australia; Netherlands,0.052822
Chile,1980,30,Japan,0.152503,False,-0.118054,0.981551,30,True,False,5,-0.088228,Austria; Germany; Belgium; Australia; Netherlands,-0.029827
Chile,1990,20,United States,0.193847,True,-0.078476,1.180117,20,True,False,5,-0.010393,Luxembourg; Switzerland; Norway; Denmark; Hong Kong,-0.068082
Chile,1990,10,United States,0.193847,False,-0.111397,1.180117,10,True,False,5,-0.07668,Luxembourg; Switzerland; Norway; Denmark; Hong Kong,-0.034717
Chile,1990,30,United States,0.193847,False,-0.109365,1.180117,29,True,False,5,-0.02377,Luxembourg; Switzerland; Norway; Denmark; Hong Kong,-0.085595
China,1930,10,Japan,0.266165,False,0.110452,1.280085,9,True,False,5,0.038382,Greece; Hungary; Spain; Chile; Finland,0.072071
China,1950,20,United States,0.49819,False,0.048427,2.79455,20,True,False,2,0.049042,Luxembourg; New Zealand,-0.000615
China,1950,10,United States,0.49819,False,-0.096422,2.79455,10,True,False,2,-0.080377,Luxembourg; New Zealand,-0.016045
China,1950,30,United States,0.49819,False,0.028358,2.79455,30,True,False,2,0.01501,Luxembourg; New Zealand,0.013348
China,1960,20,Former USSR,0.41785,True,-0.020226,1.877788,20,True,False,5,0.048655,Hungary; Puerto Rico; Saudi Arabia; Russia; Chile,-0.068881
China,1960,10,Former USSR,0.41785,False,-0.003631,1.877788,10,True,False,5,0.056668,Hungary; Puerto Rico; Saudi Arabia; Russia; Chile,-0.060299
China,1960,30,Former USSR,0.41785,False,-0.153491,1.877788,30,True,False,5,-0.100069,Hungary; Puerto Rico; Saudi Arabia; Russia; Chile,-0.053422
China,1970,20,Japan,0.214344,True,-0.085103,2.447605,20,True,False,5,-0.085906,Austria; Finland; Iceland; Norway; Italy,0.000803
China,1970,10,Japan,0.214344,False,0.022316,2.447605,10,True,False,5,0.039605,Austria; Finland; Iceland; Norway; Italy,-0.017289
China,1970,30,Japan,0.214344,False,-0.139961,2.447605,30,True,False,5,-0.15811,Austria; Finland; Iceland; Norway; Italy,0.01815
China,1980,20,Japan,0.284513,False,-0.130729,2.353413,20,True,False,5,-0.170332,Austria; Germany; Belgium; Australia; Netherlands,0.039603
China,1980,10,Japan,0.284513,False,-0.10813,2.353413,10,True,False,5,-0.160952,Austria; Germany; Belgium; Australia; Netherlands,0.052822
China,1980,30,Japan,0.284513,False,-0.277313,2.353413,30,True,False,5,-0.247487,Austria; Germany; Belgium; Australia; Netherlands,-0.029827
China,1990,20,United States,0.257091,True,-0.235799,2.432606,20,True,False,5,-0.167717,Luxembourg; Switzerland; Norway; Denmark; Hong Kong,-0.068082
China,1990,10,United States,0.257091,False,-0.119658,2.432606,10,True,False,5,-0.084941,Luxembourg; Switzerland; Norway; Denmark; Hong Kong,-0.034717
China,1990,30,United States,0.257091,False,-0.382741,2.432606,29,True,False,5,-0.297146,Luxembourg; Switzerland; Norway; Denmark; Hong Kong,-0.085595
Colombia,1900,20,United States,0.647797,False,-0.067233,2.079031,20,True,False,1,-0.064799,New Zealand,-0.002434
Colombia,1900,10,United States,0.647797,False,0.051005,2.079031,10,True,False,1,0.055296,New Zealand,-0.00429
Colombia,1900,30,United States,0.647797,False,-0.165454,2.079031,30,True,False,1,-0.208291,New Zealand,0.042837
Colombia,1910,20,United States,0.702276,False,-0.16823,2.002264,20,True,False,3,-0.230007,New Zealand; Australia; Switzerland,0.061777
Colombia,1910,10,United States,0.702276,False,-0.084789,2.002264,10,True,False,3,-0.151432,New Zealand; Australia; Switzerland,0.066644
Colombia,1910,30,United States,0.702276,False,-0.277132,2.002264,30,True,False,3,-0.26531,New Zealand; Australia; Switzerland,-0.011821
Colombia,1920,20,France,0.846289,True,-0.07619,1.118196,20,True,False,5,-0.070233,Argentina; Canada; Sweden; Germany; Denmark,-0.005957
Colombia,1920,10,France,0.846289,False,0.023586,1.118196,10,True,False,5,-0.018102,Argentina; Canada; Sweden; Germany; Denmark,0.041689
Colombia,1920,30,France,0.846289,False,-0.207287,1.118196,30,True,False,5,-0.066109,Argentina; Canada; Sweden; Germany; Denmark,-0.141178
Colombia,1930,20,United States,0.828567,True,0.085143,1.331146,20,True,False,4,-0.024997,Denmark; Switzerland; Australia; New Zealand,0.11014
Colombia,1930,10,United States,0.828567,False,-0.075767,1.331146,10,True,False,4,-0.039463,Denmark; Switzerland; Australia; New Zealand,-0.036304
Colombia,1930,30,United States,0.828567,False,0.076074,1.331146,30,True,False,4,0.00462,Denmark; Switzerland; Australia; New Zealand,0.071454
Colombia,1940,20,United States,0.543524,False,-0.013378,1.597821,20,True,False,1,-0.082936,United Kingdom,0.069558
Colombia,1940,10,United States,0.543524,False,0.026928,1.597821,10,True,False,1,-0.078288,United Kingdom,0.105216
Colombia,1940,30,United States,0.543524,False,0.009117,1.597821,30,True,False,1,-0.041621,United Kingdom,0.050738
Colombia,1950,20,United States,0.890497,False,0.03736,1.519542,20,True,False,2,0.037976,Luxembourg; New Zealand,-0.000615
Colombia,1950,10,United States,0.890497,False,-0.003738,1.519542,10,True,False,2,0.012306,Luxembourg; New Zealand,-0.016045
Colombia,1950,30,United States,0.890497,False,0.016609,1.519542,30,True,False,2,0.003261,Luxembourg; New Zealand,0.013348
Colombia,1960,20,United States,0.726686,False,0.001881,1.530263,20,True,False,5,-0.007411,Switzerland; Luxembourg; New Zealand; Denmark; Sweden,0.009292
Colombia,1960,10,United States,0.726686,False,0.070284,1.530263,10,True,False,5,0.049849,Switzerland; Luxembourg; New Zealand; Denmark; Sweden,0.020436
Colombia,1960,30,United States,0.726686,False,-0.00437,1.530263,30,True,False,5,-0.021608,Switzerland; Luxembourg; New Zealand; Denmark; Sweden,0.017238
Colombia,1970,20,United States,0.46892,False,-0.006822,1.557044,20,True,False,5,-0.018254,Switzerland; Luxembourg; Denmark; Canada; Australia,0.011432
Colombia,1970,10,United States,0.46892,False,-0.034237,1.557044,10,True,False,5,-0.047238,Switzerland; Luxembourg; Denmark; Canada; Australia,0.013001
Colombia,1970,30,United States,0.46892,False,0.003545,1.557044,30,True,False,5,0.003741,Switzerland; Luxembourg; Denmark; Canada; Australia,-0.000197
Colombia,1980,20,United States,0.394549,False,0.032551,1.501152,20,True,False,5,-0.034715,Qatar; Switzerland; Canada; Luxembourg; Iceland,0.067266
Colombia,1980,10,United States,0.394549,False,0.055359,1.501152,10,True,False,5,-0.096251,Qatar; Switzerland; Canada; Luxembourg; Iceland,0.151609
Colombia,1980,30,United States,0.394549,False,0.043925,1.501152,30,True,False,5,0.095112,Qatar; Switzerland; Canada; Luxembourg; Iceland,-0.051188
Colombia,1990,20,United States,0.492203,False,0.028679,1.545952,20,True,False,5,0.096761,Luxembourg; Switzerland; Norway; Denmark; Hong Kong,-0.068082
Colombia,1990,10,United States,0.492203,False,0.011368,1.545952,10,True,False,5,0.046085,Luxembourg; Switzerland; Norway; Denmark; Hong Kong,-0.034717
Colombia,1990,30,United States,0.492203,False,-0.044038,1.545952,29,True,False,5,0.041557,Luxembourg; Switzerland; Norway; Denmark; Hong Kong,-0.085595
Costa Rica,1920,20,United States,0.726433,False,-0.023833,1.392801,20,True,False,1,0.005367,New Zealand,-0.029199
Costa Rica,1920,10,United States,0.726433,False,0.066268,1.392801,10,True,False,1,-0.052549,New Zealand,0.118817
Costa Rica,1920,30,United States,0.726433,False,0.075274,1.392801,30,True,False,1,0.072987,New Zealand,0.002288
Costa Rica,1930,20,United Kingdom,0.535252,True,0.055827,1.239047,20,True,False,5,-0.000551,Denmark; Belgium; Australia; New Zealand; Switzerland,0.056379
Costa Rica,1930,10,United Kingdom,0.535252,False,0.023969,1.239047,10,True,False,5,-0.000142,Denmark; Belgium; Australia; New Zealand; Switzerland,0.024111
Costa Rica,1930,30,United Kingdom,0.535252,False,-0.00887,1.239047,30,True,False,5,0.003312,Denmark; Belgium; Australia; New Zealand; Switzerland,-0.012182
Costa Rica,1940,20,United States,0.388296,True,-0.051575,1.686045,20,True,False,0,,,
Costa Rica,1940,10,United States,0.388296,False,0.024076,1.686045,10,True,False,0,,,
Costa Rica,1940,30,United States,0.388296,False,-0.078094,1.686045,30,True,False,0,,,
Costa Rica,1950,20,United States,0.707293,False,-0.064865,1.565987,20,True,False,2,-0.06425,Luxembourg; New Zealand,-0.000615
Costa Rica,1950,10,United States,0.707293,False,-0.071121,1.565987,10,True,False,2,-0.055076,Luxembourg; New Zealand,-0.016045
Costa Rica,1950,30,United States,0.707293,False,-0.092588,1.565987,30,True,False,2,-0.105936,Luxembourg; New Zealand,0.013348
Costa Rica,1960,20,United States,0.454508,False,-0.052187,1.441746,20,True,False,4,-0.064518,Luxembourg; New Zealand; Denmark; Sweden,0.012331
Costa Rica,1960,10,United States,0.454508,False,0.009375,1.441746,10,True,False,4,-0.014051,Luxembourg; New Zealand; Denmark; Sweden,0.023426
Costa Rica,1960,30,United States,0.454508,False,0.014327,1.441746,30,True,False,4,-0.005384,Luxembourg; New Zealand; Denmark; Sweden,0.019711
Costa Rica,1970,20,United States,0.492802,False,0.082384,1.35542,20,True,False,5,0.059311,Switzerland; Luxembourg; Denmark; Sweden; Netherlands,0.023073
Costa Rica,1970,10,United States,0.492802,False,-0.032107,1.35542,10,True,False,5,-0.053784,Switzerland; Luxembourg; Denmark; Sweden; Netherlands,0.021677
Costa Rica,1970,30,United States,0.492802,False,0.095203,1.35542,30,True,False,5,0.086804,Switzerland; Luxembourg; Denmark; Sweden; Netherlands,0.008398
Costa Rica,1980,20,United States,0.409062,False,0.067822,1.439907,20,True,False,5,0.000556,Qatar; Switzerland; Canada; Luxembourg; Iceland,0.067266
Costa Rica,1980,10,United States,0.409062,False,0.120517,1.439907,10,True,False,5,-0.031092,Qatar; Switzerland; Canada; Luxembourg; Iceland,0.151609
Costa Rica,1980,30,United States,0.409062,False,0.03897,1.439907,30,True,False,5,0.090157,Qatar; Switzerland; Canada; Luxembourg; Iceland,-0.051188
Costa Rica,1990,20,United States,0.533946,False,-0.018697,1.544516,20,True,False,5,0.03587,Luxembourg; Switzerland; Norway; Japan; Denmark,-0.054568
Costa Rica,1990,10,United States,0.533946,False,-0.005188,1.544516,10,True,False,5,0.025489,Luxembourg; Switzerland; Norway; Japan; Denmark,-0.030678
Costa Rica,1990,30,United States,0.533946,False,-0.075689,1.544516,29,True,False,5,-0.013401,Luxembourg; Switzerland; Norway; Japan; Denmark,-0.062288
Cuba,1910,20,United States,0.895962,False,-0.011672,1.562116,20,True,False,3,-0.073449,New Zealand; Australia; Switzerland,0.061777
Cuba,1910,10,United States,0.895962,False,-0.058218,1.562116,10,True,False,3,-0.124862,New Zealand; Australia; Switzerland,0.066644
Cuba,1910,30,United States,0.895962,False,0.041165,1.562116,30,True,False,3,0.052986,New Zealand; Australia; Switzerland,-0.011821
Cuba,1920,20,United States,0.782941,False,0.09121,1.505493,20,True,False,1,0.120409,New Zealand,-0.029199
Cuba,1920,10,United States,0.782941,False,0.065443,1.505493,10,True,False,1,-0.053374,New Zealand,0.118817
Cuba,1920,30,United States,0.782941,False,0.146262,1.505493,30,True,False,1,0.143975,New Zealand,0.002288
Cuba,1930,20,United States,0.759202,False,0.112067,1.632046,20,True,False,5,-0.083354,Denmark; Switzerland; Netherlands; Belgium; Australia,0.19542
Cuba,1930,10,United States,0.759202,False,0.051741,1.632046,10,True,False,5,0.043135,Denmark; Switzerland; Netherlands; Belgium; Australia,0.008605
Cuba,1930,30,United States,0.759202,False,0.084906,1.632046,30,True,False,5,-0.038394,Denmark; Switzerland; Netherlands; Belgium; Australia,0.123299
Cuba,1940,20,United States,0.759078,False,-0.02825,1.909799,20,True,False,0,,,
Cuba,1940,10,United States,0.759078,False,-0.012201,1.909799,10,True,False,0,,,
Cuba,1940,30,United States,0.759078,False,0.010134,1.909799,30,True,False,0,,,
Cuba,1950,20,United States,0.658363,False,0.060714,1.804427,20,True,True,2,0.061329,Luxembourg; New Zealand,-0.000615
Cuba,1950,10,United States,0.658363,False,0.016183,1.804427,10,True,True,2,0.032227,Luxembourg; New Zealand,-0.016045
Cuba,1950,30,United States,0.658363,False,0.086371,1.804427,30,True,True,2,0.073023,Luxembourg; New Zealand,0.013348
Cuba,1960,20,United States,0.663369,False,0.08068,1.835893,20,True,True,5,0.071388,Switzerland; Luxembourg; New Zealand; Denmark; Sweden,0.009292
Cuba,1960,10,United States,0.663369,False,0.097482,1.835893,10,True,True,5,0.077046,Switzerland; Luxembourg; New Zealand; Denmark; Sweden,0.020436
Cuba,1960,30,United States,0.663369,False,0.037392,1.835893,30,True,True,5,0.020154,Switzerland; Luxembourg; New Zealand; Denmark; Sweden,0.017238
Cuba,1970,20,Japan,0.247014,True,-0.001132,1.635831,20,True,True,5,-0.001935,Austria; Finland; Iceland; Norway; Italy,0.000803
Cuba,1970,10,Japan,0.247014,False,-0.028825,1.635831,10,True,True,5,-0.011536,Austria; Finland; Iceland; Norway; Italy,-0.017289
Cuba,1970,30,Japan,0.247014,False,0.225414,1.635831,30,True,True,5,0.207264,Austria; Finland; Iceland; Norway; Italy,0.01815
Cuba,1980,20,Spain,0.113899,True,0.367249,1.13242,20,True,True,5,0.138194,Croatia; Latvia; Ireland; Greece; Lithuania,0.229056
Cuba,1980,10,Spain,0.113899,False,0.010235,1.13242,10,True,True,5,-0.047706,Croatia; Latvia; Ireland; Greece; Lithuania,0.057941
Cuba,1980,30,Spain,0.113899,False,0.32467,1.13242,30,True,True,5,0.16539,Croatia; Latvia; Ireland; Greece; Lithuania,0.15928
Cuba,1990,20,China,0.134643,True,0.211779,-0.033854,20,False,True,5,-0.041312,Albania; Philippines; Tajikistan; Honduras; Bolivia,0.253091
Cuba,1990,10,China,0.134643,False,0.329382,-0.033854,10,False,True,5,0.06933,Albania; Philippines; Tajikistan; Honduras; Bolivia,0.260052
Cuba,1990,30,China,0.134643,False,0.214242,-0.033854,29,False,True,5,-0.075406,Albania; Philippines; Tajikistan; Honduras; Bolivia,0.289648
Cyprus,1960,20,United Kingdom,0.500349,False,-0.163311,1.284322,20,True,False,5,-0.104751,Australia; Canada; Netherlands; Sweden; Denmark,-0.05856
Cyprus,1960,10,United Kingdom,0.500349,False,-0.160725,1.284322,10,True,False,5,-0.111008,Australia; Canada; Netherlands; Sweden; Denmark,-0.049717
Cyprus,1960,30,United Kingdom,0.500349,False,-0.238676,1.284322,30,True,False,5,-0.194191,Australia; Canada; Netherlands; Sweden; Denmark,-0.044485
Cyprus,1970,20,United Kingdom,0.507167,False,-0.133283,0.920773,20,True,False,5,-0.096006,Germany; Belgium; Norway; New Zealand; Iceland,-0.037277
Cyprus,1970,10,United Kingdom,0.507167,False,0.02918,0.920773,10,True,False,5,0.068806,Germany; Belgium; Norway; New Zealand; Iceland,-0.039626
Cyprus,1970,30,United Kingdom,0.507167,False,-0.215706,0.920773,30,True,False,5,-0.189423,Germany; Belgium; Norway; New Zealand; Iceland,-0.026282
Cyprus,1980,20,United Kingdom,0.418752,False,-0.150423,0.720459,20,True,False,5,-0.215717,Slovenia; New Zealand; Italy; Finland; Austria,0.065294
Cyprus,1980,10,United Kingdom,0.418752,False,-0.077632,0.720459,10,True,False,5,-0.128064,Slovenia; New Zealand; Italy; Finland; Austria,0.050432
Cyprus,1980,30,United Kingdom,0.418752,False,-0.183844,0.720459,30,True,False,5,-0.224258,Slovenia; New Zealand; Italy; Finland; Austria,0.040414
Cyprus,1990,20,United Kingdom,0.250853,False,-0.098124,0.481977,20,True,False,5,0.001681,United Arab Emirates; Italy; Germany; Singapore; Sweden,-0.099805
Cyprus,1990,10,United Kingdom,0.250853,False,-0.061975,0.481977,10,True,False,5,-0.040088,Italy; Germany; Singapore; Sweden; Iceland,-0.021886
Cyprus,1990,30,United Kingdom,0.250853,False,-0.071476,0.481977,29,True,False,5,0.054043,United Arab Emirates; Italy; Germany; Singapore; Sweden,-0.125519
Denmark,1900,20,United Kingdom,0.645319,False,-0.050446,0.398608,20,True,False,4,-0.032768,New Zealand; Switzerland; Australia; Belgium,-0.017678
Denmark,1900,10,United Kingdom,0.645319,False,-0.075222,0.398608,10,True,False,4,-0.0048,New Zealand; Switzerland; Australia; Belgium,-0.070422
Denmark,1900,30,United Kingdom,0.645319,False,-0.112332,0.398608,30,True,False,4,-0.059495,New Zealand; Switzerland; Australia; Belgium,-0.052837
Denmark,1910,20,United Kingdom,0.599508,False,-0.080357,0.255136,20,True,False,5,-0.062417,Switzerland; Australia; New Zealand; Canada; Belgium,-0.01794
Denmark,1910,10,United Kingdom,0.599508,False,0.046782,0.255136,10,True,False,5,-0.033489,Switzerland; Australia; New Zealand; Canada; Belgium,0.080272
Denmark,1910,30,United Kingdom,0.599508,False,-0.105041,0.255136,30,True,False,5,-0.115479,Switzerland; Australia; New Zealand; Canada; Belgium,0.010438
Denmark,1920,20,United Kingdom,0.310858,False,-0.024387,0.087744,20,True,False,5,-0.078986,Netherlands; Switzerland; Belgium; Australia; New Zealand,0.054598
Denmark,1920,10,United Kingdom,0.310858,False,0.003348,0.087744,10,True,False,5,-0.011372,Netherlands; Switzerland; Belgium; Australia; New Zealand,0.014721
Denmark,1920,30,United Kingdom,0.310858,False,0.051302,0.087744,30,True,False,5,-0.051102,Netherlands; Switzerland; Belgium; Australia; New Zealand,0.102404
Denmark,1930,20,United Kingdom,0.588961,False,0.111855,0.001436,20,True,False,5,0.075166,Netherlands; United States; Belgium; Australia; New Zealand,0.036689
Denmark,1930,10,United Kingdom,0.588961,False,0.042902,0.001436,10,True,False,5,0.019725,Netherlands; United States; Belgium; Australia; New Zealand,0.023177
Denmark,1930,30,United Kingdom,0.588961,False,0.01697,0.001436,30,True,False,5,0.047032,Netherlands; United States; Belgium; Australia; New Zealand,-0.030061
Denmark,1940,20,United Kingdom,0.484135,False,-0.185155,0.399383,20,True,False,4,-0.100407,Australia; New Zealand; Canada; United States,-0.084748
Denmark,1940,10,United Kingdom,0.484135,False,-0.153511,0.399383,10,True,False,4,-0.048561,Australia; New Zealand; Canada; United States,-0.10495
Denmark,1940,30,United Kingdom,0.484135,False,-0.19939,0.399383,30,True,False,4,-0.134727,Australia; New Zealand; Canada; United States,-0.064663
Denmark,1950,20,United Kingdom,0.4554,False,-0.063541,0.017192,20,True,False,5,-0.050594,Australia; Canada; New Zealand; Luxembourg; Netherlands,-0.012947
Denmark,1950,10,United Kingdom,0.4554,False,-0.005359,0.017192,10,True,False,5,0.001399,Australia; Canada; New Zealand; Luxembourg; Netherlands,-0.006758
Denmark,1950,30,United Kingdom,0.4554,False,-0.079308,0.017192,30,True,False,5,-0.05025,Australia; Canada; New Zealand; Luxembourg; Netherlands,-0.029058
Denmark,1960,20,United Kingdom,0.301998,False,-0.050249,-0.064902,20,False,False,5,-0.023471,Australia; Canada; Netherlands; New Zealand; Venezuela,-0.026778
Denmark,1960,10,United Kingdom,0.301998,False,-0.057216,-0.064902,10,False,False,5,-0.030836,Australia; Canada; Netherlands; New Zealand; Venezuela,-0.02638
Denmark,1960,30,United Kingdom,0.301998,False,-0.043027,-0.064902,30,False,False,5,-0.053714,Australia; Canada; Netherlands; New Zealand; Venezuela,0.010688
Denmark,1970,20,United Kingdom,0.25543,False,0.00028,-0.161751,20,False,False,5,0.027096,Germany; Belgium; New Zealand; Iceland; Austria,-0.026816
Denmark,1970,10,United Kingdom,0.25543,False,0.006531,-0.161751,10,False,False,5,0.041592,Germany; Belgium; New Zealand; Iceland; Austria,-0.035061
Denmark,1970,30,United Kingdom,0.25543,False,-0.003333,-0.161751,30,False,False,5,0.001819,Germany; Belgium; New Zealand; Iceland; Austria,-0.005152
Denmark,1980,20,United Kingdom,0.186855,False,0.00042,-0.177204,20,False,False,5,-0.05943,Slovenia; New Zealand; Finland; Austria; Japan,0.05985
Denmark,1980,10,United Kingdom,0.186855,False,0.012351,-0.177204,10,False,False,5,-0.030781,Slovenia; New Zealand; Finland; Austria; Japan,0.043132
Denmark,1980,30,United Kingdom,0.186855,False,-0.005443,-0.177204,30,False,False,5,-0.049641,Slovenia; New Zealand; Finland; Austria; Japan,0.044198
Denmark,1990,20,United Kingdom,0.147007,False,-0.019993,-0.151305,20,False,False,5,0.074188,United Arab Emirates; Italy; Germany; Singapore; Iceland,-0.09418
Denmark,1990,10,United Kingdom,0.147007,False,-0.032445,-0.151305,10,False,False,5,-0.009835,Italy; Germany; Singapore; Iceland; Finland,-0.02261
Denmark,1990,30,United Kingdom,0.147007,False,-0.019597,-0.151305,29,False,False,5,0.096805,United Arab Emirates; Italy; Germany; Singapore; Iceland,-0.116402
Dominican Republic,1950,20,United Kingdom,0.439182,False,0.041327,1.866564,20,True,False,5,0.080063,Denmark; Sweden; Australia; Switzerland; New Zealand,-0.038736
Dominican Republic,1950,10,United Kingdom,0.439182,False,-0.022666,1.866564,10,True,False,5,-0.011242,Denmark; Sweden; Australia; Switzerland; New Zealand,-0.011424
Dominican Republic,1950,30,United Kingdom,0.439182,False,-0.021474,1.866564,30,True,False,5,0.023025,Denmark; Sweden; Australia; Switzerland; New Zealand,-0.044499
Dominican Republic,1960,20,United States,0.532862,True,-0.037956,2.165668,20,True,False,5,-0.047248,Switzerland; Luxembourg; New Zealand; Denmark; Sweden,0.009292
Dominican Republic,1960,10,United States,0.532862,False,0.101388,2.165668,10,True,False,5,0.080952,Switzerland; Luxembourg; New Zealand; Denmark; Sweden,0.020436
Dominican Republic,1960,30,United States,0.532862,False,-0.038982,2.165668,30,True,False,5,-0.05622,Switzerland; Luxembourg; New Zealand; Denmark; Sweden,0.017238
Dominican Republic,1970,20,United States,0.879051,False,-0.01713,2.166157,20,True,False,5,-0.029838,Switzerland; Luxembourg; Denmark; Sweden; Canada,0.012708
Dominican Republic,1970,10,United States,0.879051,False,-0.088778,2.166157,10,True,False,5,-0.102905,Switzerland; Luxembourg; Denmark; Sweden; Canada,0.014127
Dominican Republic,1970,30,United States,0.879051,False,-0.02594,2.166157,30,True,False,5,-0.033951,Switzerland; Luxembourg; Denmark; Sweden; Canada,0.008011
Dominican Republic,1980,20,United States,0.748103,False,0.000541,2.063263,20,True,False,5,-0.056899,Qatar; Switzerland; Luxembourg; Iceland; Denmark,0.05744
Dominican Republic,1980,10,United States,0.748103,False,0.08602,2.063263,10,True,False,5,-0.061715,Qatar; Switzerland; Luxembourg; Iceland; Denmark,0.147735
Dominican Republic,1980,30,United States,0.748103,False,-0.128987,2.063263,30,True,False,5,-0.069125,Qatar; Switzerland; Luxembourg; Iceland; Denmark,-0.059861
Dominican Republic,1990,20,United States,0.82985,False,-0.227085,2.181113,20,True,False,5,-0.159003,Luxembourg; Switzerland; Norway; Denmark; Hong Kong,-0.068082
Dominican Republic,1990,10,United States,0.82985,False,-0.131927,2.181113,10,True,False,5,-0.097211,Luxembourg; Switzerland; Norway; Denmark; Hong Kong,-0.034717
Dominican Republic,1990,30,United States,0.82985,False,-0.335349,2.181113,29,True,False,5,-0.249754,Luxembourg; Switzerland; Norway; Denmark; Hong Kong,-0.085595
Ecuador,1900,20,United Kingdom,0.556474,False,-0.113027,1.886264,20,True,False,4,-0.095349,New Zealand; Switzerland; Australia; Belgium,-0.017678
Ecuador,1900,10,United Kingdom,0.556474,False,-0.077905,1.886264,10,True,False,4,-0.007483,New Zealand; Switzerland; Australia; Belgium,-0.070422
Ecuador,1900,30,United Kingdom,0.556474,False,-0.164673,1.886264,30,True,False,4,-0.111836,New Zealand; Switzerland; Australia; Belgium,-0.052837
Ecuador,1910,20,United Kingdom,0.587476,False,-0.106221,1.698193,20,True,False,5,-0.088281,Switzerland; Australia; New Zealand; Canada; Belgium,-0.01794
Ecuador,1910,10,United Kingdom,0.587476,False,-0.040876,1.698193,10,True,False,5,-0.121148,Switzerland; Australia; New Zealand; Canada; Belgium,0.080272
Ecuador,1910,30,United Kingdom,0.587476,False,-0.069222,1.698193,30,True,False,5,-0.07966,Switzerland; Australia; New Zealand; Canada; Belgium,0.010438
Ecuador,1920,20,United States,0.53295,True,-0.07109,1.802182,20,True,False,1,-0.04189,New Zealand,-0.029199
Ecuador,1920,10,United States,0.53295,False,0.029062,1.802182,10,True,False,1,-0.089755,New Zealand,0.118817
Ecuador,1920,30,United States,0.53295,False,-0.003675,1.802182,30,True,False,1,-0.005963,New Zealand,0.002288
Ecuador,1930,20,United States,0.363352,False,0.10872,1.558413,20,True,False,5,-0.09894,United Kingdom; Denmark; Switzerland; Netherlands; Belgium,0.207659
Ecuador,1930,10,United States,0.363352,False,0.042995,1.558413,10,True,False,5,0.026194,United Kingdom; Denmark; Switzerland; Netherlands; Belgium,0.016801
Ecuador,1930,30,United States,0.363352,False,0.027495,1.558413,30,True,False,5,-0.10975,United Kingdom; Denmark; Switzerland; Netherlands; Belgium,0.137245
Ecuador,1940,20,United States,0.343104,False,-0.130669,1.928712,20,True,False,1,-0.200227,United Kingdom,0.069558
Ecuador,1940,10,United States,0.343104,False,-0.068421,1.928712,10,True,False,1,-0.173638,United Kingdom,0.105216
Ecuador,1940,30,United States,0.343104,False,-0.102896,1.928712,30,True,False,1,-0.153634,United Kingdom,0.050738
Ecuador,1950,20,United States,0.507871,False,0.011719,1.648604,20,True,False,2,0.012334,Luxembourg; New Zealand,-0.000615
Ecuador,1950,10,United States,0.507871,False,-0.022086,1.648604,10,True,False,2,-0.006041,Luxembourg; New Zealand,-0.016045
Ecuador,1950,30,United States,0.507871,False,-0.018981,1.648604,30,True,False,2,-0.032329,Luxembourg; New Zealand,0.013348
Ecuador,1960,20,United States,0.498556,False,-0.025314,1.634051,20,True,False,5,-0.034606,Switzerland; Luxembourg; New Zealand; Denmark; Sweden,0.009292
Ecuador,1960,10,United States,0.498556,False,0.055592,1.634051,10,True,False,5,0.035156,Switzerland; Luxembourg; New Zealand; Denmark; Sweden,0.020436
Ecuador,1960,30,United States,0.498556,False,-0.009419,1.634051,30,True,False,5,-0.026657,Switzerland; Luxembourg; New Zealand; Denmark; Sweden,0.017238
Ecuador,1970,20,United States,0.414092,False,0.005955,1.638945,20,True,False,5,-0.017118,Switzerland; Luxembourg; Denmark; Sweden; Netherlands,0.023073
Ecuador,1970,10,United States,0.414092,False,-0.074588,1.638945,10,True,False,5,-0.096265,Switzerland; Luxembourg; Denmark; Sweden; Netherlands,0.021677
Ecuador,1970,30,United States,0.414092,False,0.057091,1.638945,30,True,False,5,0.048693,Switzerland; Luxembourg; Denmark; Sweden; Netherlands,0.008398
Ecuador,1980,20,United States,0.447123,False,0.115401,1.539877,20,True,False,5,0.048135,Qatar; Switzerland; Canada; Luxembourg; Iceland,0.067266
Ecuador,1980,10,United States,0.447123,False,0.131501,1.539877,10,True,False,5,-0.020108,Qatar; Switzerland; Canada; Luxembourg; Iceland,0.151609
Ecuador,1980,30,United States,0.447123,False,0.10346,1.539877,30,True,False,5,0.154648,Qatar; Switzerland; Canada; Luxembourg; Iceland,-0.051188
Ecuador,1990,20,United States,0.588754,False,0.019606,1.731601,20,True,False,5,0.087688,Luxembourg; Switzerland; Norway; Denmark; Hong Kong,-0.068082
Ecuador,1990,10,United States,0.588754,False,0.020914,1.731601,10,True,False,5,0.05563,Luxembourg; Switzerland; Norway; Denmark; Hong Kong,-0.034717
Ecuador,1990,30,United States,0.588754,False,-0.046894,1.731601,29,True,False,5,0.038701,Luxembourg; Switzerland; Norway; Denmark; Hong Kong,-0.085595
Egypt,1950,20,United Kingdom,0.302221,False,0.033789,2.0825,20,True,False,5,0.077794,Denmark; Sweden; Australia; Switzerland; Canada,-0.044005
Egypt,1950,10,United Kingdom,0.302221,False,0.0607,2.0825,10,True,False,5,0.073127,Denmark; Sweden; Australia; Switzerland; Canada,-0.012427
Egypt,1950,30,United Kingdom,0.302221,False,-0.000444,2.0825,30,True,False,5,0.061847,Denmark; Sweden; Australia; Switzerland; Canada,-0.062292
Egypt,1960,20,Former USSR,0.180863,True,0.016731,1.343337,20,True,False,5,0.085611,Hungary; Puerto Rico; Saudi Arabia; Russia; Chile,-0.068881
Egypt,1960,10,Former USSR,0.180863,False,0.046301,1.343337,10,True,False,5,0.1066,Hungary; Puerto Rico; Saudi Arabia; Russia; Chile,-0.060299
Egypt,1960,30,Former USSR,0.180863,False,-0.114473,1.343337,30,True,False,5,-0.061051,Hungary; Puerto Rico; Saudi Arabia; Russia; Chile,-0.053422
Egypt,1970,20,Former USSR,0.27769,False,-0.22163,1.509327,20,True,False,5,-0.148245,Czechia; Croatia; Russia; Hungary; Portugal,-0.073384
Egypt,1970,10,Former USSR,0.27769,False,-0.111157,1.509327,10,True,False,5,-0.04866,Czechia; Croatia; Russia; Hungary; Portugal,-0.062497
Egypt,1970,30,Former USSR,0.27769,False,-0.416674,1.509327,30,True,False,5,-0.246403,Czechia; Croatia; Russia; Hungary; Portugal,-0.170271
Egypt,1980,20,Italy,0.260328,True,-0.042076,1.796815,20,True,False,5,-0.103611,Finland; Slovenia; New Zealand; Austria; Japan,0.061535
Egypt,1980,10,Italy,0.260328,False,-0.017737,1.796815,10,True,False,5,-0.032806,Finland; Slovenia; New Zealand; Austria; Japan,0.015068
Egypt,1980,30,Italy,0.260328,False,-0.143254,1.796815,30,True,False,5,-0.183901,Finland; Slovenia; New Zealand; Austria; Japan,0.040647
Egypt,1990,20,Italy,0.272455,False,-0.199607,1.81684,20,True,False,5,-0.113832,Germany; Sweden; Iceland; United Arab Emirates; Austria,-0.085775
Egypt,1990,10,Italy,0.272455,False,-0.108273,1.81684,10,True,False,5,-0.119014,Germany; Sweden; Iceland; Austria; Belgium,0.01074
Egypt,1990,30,Italy,0.272455,False,-0.291962,1.81684,29,True,False,5,-0.163614,Germany; Sweden; Iceland; United Arab Emirates; Austria,-0.128347
El Salvador,1920,20,United States,0.438838,False,-0.030682,1.916814,20,True,False,1,-0.001483,New Zealand,-0.029199
El Salvador,1920,10,United States,0.438838,False,0.037389,1.916814,10,True,False,1,-0.081428,New Zealand,0.118817
El Salvador,1920,30,United States,0.438838,False,0.018077,1.916814,30,True,False,1,0.015789,New Zealand,0.002288
El Salvador,1930,20,Germany,0.387966,True,-0.134315,1.375184,20,True,False,5,-0.075458,Argentina; Norway; Canada; France; Austria,-0.058857
El Salvador,1930,10,Germany,0.387966,False,0.118707,1.375184,10,True,False,5,0.00831,Argentina; Norway; Canada; France; Austria,0.110397
El Salvador,1930,30,Germany,0.387966,False,-0.117721,1.375184,30,True,False,5,-0.046564,Argentina; Norway; Canada; France; Austria,-0.071158
El Salvador,1940,20,United States,0.525713,True,-0.094246,2.079971,20,True,False,1,-0.163804,United Kingdom,0.069558
El Salvador,1940,10,United States,0.525713,False,-0.059799,2.079971,10,True,False,1,-0.165015,United Kingdom,0.105216
El Salvador,1940,30,United States,0.525713,False,-0.082788,2.079971,30,True,False,1,-0.133526,United Kingdom,0.050738
El Salvador,1950,20,United States,0.817872,False,-0.007849,1.886067,20,True,False,2,-0.007233,Luxembourg; New Zealand,-0.000615
El Salvador,1950,10,United States,0.817872,False,-0.019841,1.886067,10,True,False,2,-0.003797,Luxembourg; New Zealand,-0.016045
El Salvador,1950,30,United States,0.817872,False,0.012388,1.886067,30,True,False,2,-0.00096,Luxembourg; New Zealand,0.013348
El Salvador,1960,20,United States,0.426292,False,0.032714,1.842497,20,True,False,5,0.023422,Switzerland; Luxembourg; New Zealand; Denmark; Sweden,0.009292
El Salvador,1960,10,United States,0.426292,False,0.021576,1.842497,10,True,False,5,0.00114,Switzerland; Luxembourg; New Zealand; Denmark; Sweden,0.020436
El Salvador,1960,30,United States,0.426292,False,0.154725,1.842497,30,True,False,5,0.137487,Switzerland; Luxembourg; New Zealand; Denmark; Sweden,0.017238
El Salvador,1970,20,United States,0.299397,False,0.175613,1.929774,20,True,False,5,0.162905,Switzerland; Luxembourg; Denmark; Sweden; Canada,0.012708
El Salvador,1970,10,United States,0.299397,False,-0.010208,1.929774,10,True,False,5,-0.024335,Switzerland; Luxembourg; Denmark; Sweden; Canada,0.014127
El Salvador,1970,30,United States,0.299397,False,0.147672,1.929774,30,True,False,5,0.139661,Switzerland; Luxembourg; Denmark; Sweden; Canada,0.008011
El Salvador,1980,20,United States,0.446262,False,0.025883,2.167167,20,True,False,5,-0.041383,Qatar; Switzerland; Canada; Luxembourg; Iceland,0.067266
El Salvador,1980,10,United States,0.446262,False,0.146577,2.167167,10,True,False,5,-0.005033,Qatar; Switzerland; Canada; Luxembourg; Iceland,0.151609
El Salvador,1980,30,United States,0.446262,False,-0.060985,2.167167,30,True,False,5,-0.009797,Qatar; Switzerland; Canada; Luxembourg; Iceland,-0.051188
El Salvador,1990,20,United States,0.505309,False,-0.14957,2.292415,20,True,False,5,-0.081487,Luxembourg; Switzerland; Norway; Denmark; Hong Kong,-0.068082
El Salvador,1990,10,United States,0.505309,False,-0.126362,2.292415,10,True,False,5,-0.091646,Luxembourg; Switzerland; Norway; Denmark; Hong Kong,-0.034717
El Salvador,1990,30,United States,0.505309,False,-0.179894,2.292415,29,True,False,5,-0.094299,Luxembourg; Switzerland; Norway; Denmark; Hong Kong,-0.085595
Ethiopia,1950,20,United States,0.499677,False,0.001513,3.233868,20,True,False,2,0.002128,Luxembourg; New Zealand,-0.000615
Ethiopia,1950,10,United States,0.499677,False,0.017299,3.233868,10,True,False,2,0.033343,Luxembourg; New Zealand,-0.016045
Ethiopia,1950,30,United States,0.499677,False,0.02879,3.233868,30,True,False,2,0.015442,Luxembourg; New Zealand,0.013348
Ethiopia,1960,20,United States,0.389094,False,0.047678,3.216842,20,True,False,5,0.038386,Switzerland; Luxembourg; New Zealand; Denmark; Sweden,0.009292
Ethiopia,1960,10,United States,0.389094,False,0.004363,3.216842,10,True,False,5,-0.016073,Switzerland; Luxembourg; New Zealand; Denmark; Sweden,0.020436
Ethiopia,1960,30,United States,0.389094,False,0.121206,3.216842,30,True,False,5,0.103967,Switzerland; Luxembourg; New Zealand; Denmark; Sweden,0.017238
Ethiopia,1970,20,United States,0.476807,False,0.147313,3.249986,20,True,False,5,0.134605,Switzerland; Luxembourg; Denmark; Sweden; Canada,0.012708
Ethiopia,1970,10,United States,0.476807,False,0.081737,3.249986,10,True,False,5,0.06761,Switzerland; Luxembourg; Denmark; Sweden; Canada,0.014127
Ethiopia,1970,30,United States,0.476807,False,0.279124,3.249986,30,True,False,5,0.271114,Switzerland; Luxembourg; Denmark; Sweden; Canada,0.008011
Ethiopia,1980,20,United States,0.276713,False,0.270037,3.41301,20,True,False,5,0.202771,Qatar; Switzerland; Canada; Luxembourg; Iceland,0.067266
Ethiopia,1980,10,United States,0.276713,False,0.139568,3.41301,10,True,False,5,-0.012041,Qatar; Switzerland; Canada; Luxembourg; Iceland,0.151609
Ethiopia,1980,30,United States,0.276713,False,0.269766,3.41301,30,True,False,5,0.320954,Qatar; Switzerland; Canada; Luxembourg; Iceland,-0.051188
Ethiopia,1990,20,United States,0.171237,False,0.089624,3.885501,20,True,False,5,0.157706,Luxembourg; Switzerland; Norway; Denmark; Hong Kong,-0.068082
Ethiopia,1990,10,United States,0.171237,False,0.12695,3.885501,10,True,False,5,0.161666,Luxembourg; Switzerland; Norway; Denmark; Hong Kong,-0.034717
Ethiopia,1990,30,United States,0.171237,False,-0.088128,3.885501,29,True,False,5,-0.002532,Luxembourg; Switzerland; Norway; Denmark; Hong Kong,-0.085595
Finland,1920,20,United Kingdom,0.340375,False,-0.097948,0.813938,20,True,False,5,-0.152546,Netherlands; Switzerland; Belgium; Australia; New Zealand,0.054598
Finland,1920,10,United Kingdom,0.340375,False,-0.072349,0.813938,10,True,False,5,-0.08707,Netherlands; Switzerland; Belgium; Australia; New Zealand,0.014721
Finland,1920,30,United Kingdom,0.340375,False,-0.073536,0.813938,30,True,False,5,-0.17594,Netherlands; Switzerland; Belgium; Australia; New Zealand,0.102404
Finland,1930,20,United Kingdom,0.434832,False,-0.020671,0.680622,20,True,False,5,-0.028332,Denmark; United States; Australia; New Zealand; Switzerland,0.007661
Finland,1930,10,United Kingdom,0.434832,False,-0.063348,0.680622,10,True,False,5,-0.081202,Denmark; United States; Australia; New Zealand; Switzerland,0.017854
Finland,1930,30,United Kingdom,0.434832,False,-0.100487,0.680622,30,True,False,5,-0.05473,Denmark; United States; Australia; New Zealand; Switzerland,-0.045757
Finland,1940,20,United Kingdom,0.426973,False,-0.179973,0.767203,20,True,False,3,-0.090162,Australia; New Zealand; Canada,-0.089811
Finland,1940,10,United Kingdom,0.426973,False,-0.124341,0.767203,10,True,False,3,-0.01948,Australia; New Zealand; Canada,-0.104861
Finland,1940,30,United Kingdom,0.426973,False,-0.21316,0.767203,30,True,False,3,-0.143855,Australia; New Zealand; Canada,-0.069305
Finland,1950,20,United Kingdom,0.234076,False,-0.101939,0.445555,20,True,False,5,-0.074523,Sweden; Australia; Switzerland; Canada; New Zealand,-0.027416
Finland,1950,10,United Kingdom,0.234076,False,-0.049363,0.445555,10,True,False,5,-0.038704,Sweden; Australia; Switzerland; Canada; New Zealand,-0.010659
Finland,1950,30,United Kingdom,0.234076,False,-0.152471,0.445555,30,True,False,5,-0.114856,Sweden; Australia; Switzerland; Canada; New Zealand,-0.037615
Finland,1960,20,United Kingdom,0.238187,False,-0.10492,0.282715,20,True,False,5,-0.04636,Australia; Canada; Netherlands; Sweden; Denmark,-0.05856
Finland,1960,10,United Kingdom,0.238187,False,-0.04756,0.282715,10,True,False,5,0.002157,Australia; Canada; Netherlands; Sweden; Denmark,-0.049717
Finland,1960,30,United Kingdom,0.238187,False,-0.128307,0.282715,30,True,False,5,-0.083822,Australia; Canada; Netherlands; Sweden; Denmark,-0.044485
Finland,1970,20,United Kingdom,0.224147,False,-0.054301,0.086597,20,True,False,5,-0.017025,Germany; Belgium; Norway; New Zealand; Iceland,-0.037277
Finland,1970,10,United Kingdom,0.224147,False,-0.020056,0.086597,10,True,False,5,0.01957,Germany; Belgium; Norway; New Zealand; Iceland,-0.039626
Finland,1970,30,United Kingdom,0.224147,False,-0.02748,0.086597,30,True,False,5,-0.001197,Germany; Belgium; Norway; New Zealand; Iceland,-0.026282
Finland,1980,20,Former USSR,0.182082,True,-0.268386,-0.720756,20,False,False,5,-0.142322,Syria; Hungary; Belarus; Cyprus; Serbia,-0.126064
Finland,1980,10,Former USSR,0.182082,False,-0.062057,-0.720756,10,False,False,5,-0.057862,Syria; Hungary; Belarus; Cyprus; Serbia,-0.004195
Finland,1980,30,Former USSR,0.182082,False,-0.199181,-0.720756,30,False,False,5,-0.142992,Syria; Hungary; Belarus; Cyprus; Serbia,-0.056189
Finland,1990,20,Former USSR,0.173371,False,-0.043677,-1.017041,20,False,False,5,0.004269,Turkey; Seychelles; Malaysia; Hungary; Syria,-0.047946
Finland,1990,10,Former USSR,0.173371,False,-0.287769,-1.017041,10,False,False,5,0.065398,Turkey; Seychelles; Malaysia; Hungary; Syria,-0.353167
Finland,1990,30,Former USSR,0.173371,False,0.122925,-1.017041,29,False,False,5,0.033621,Turkey; Seychelles; Malaysia; Hungary; Syria,0.089304
France,1900,20,United Kingdom,0.40339,False,0.004643,0.512899,20,True,False,2,0.050292,New Zealand; Australia,-0.045649
France,1900,10,United Kingdom,0.40339,False,-0.036016,0.512899,10,True,False,2,0.051154,New Zealand; Australia,-0.087169
France,1900,30,United Kingdom,0.40339,False,-0.095702,0.512899,30,True,False,2,-0.039114,New Zealand; Australia,-0.056588
France,1910,20,United Kingdom,0.27211,False,-0.106809,0.4212,20,True,False,3,-0.103418,Australia; New Zealand; Canada,-0.003391
France,1910,10,United Kingdom,0.27211,False,0.08943,0.4212,10,True,False,3,0.035968,Australia; New Zealand; Canada,0.053462
France,1910,30,United Kingdom,0.27211,False,-0.091441,0.4212,30,True,False,3,-0.134814,Australia; New Zealand; Canada,0.043372
France,1920,20,United Kingdom,0.29349,False,0.006693,0.257601,20,True,False,5,-0.053386,Netherlands; Denmark; Australia; New Zealand; Canada,0.060079
France,1920,10,United Kingdom,0.29349,False,-0.068999,0.257601,10,True,False,5,-0.089227,Netherlands; Denmark; Australia; New Zealand; Canada,0.020228
France,1920,30,United Kingdom,0.29349,False,0.163208,0.257601,30,True,False,5,0.096554,Netherlands; Denmark; Australia; New Zealand; Canada,0.066654
France,1930,20,United Kingdom,0.186061,False,0.221849,0.229714,20,True,False,4,0.168696,Denmark; Netherlands; Australia; New Zealand,0.053153
France,1930,10,United Kingdom,0.186061,False,0.070573,0.229714,10,True,False,4,0.062146,Denmark; Netherlands; Australia; New Zealand,0.008427
France,1930,30,United Kingdom,0.186061,False,0.032831,0.229714,30,True,False,4,0.056674,Denmark; Netherlands; Australia; New Zealand,-0.023843
France,1940,20,United Kingdom,0.213046,False,-0.286626,0.879732,20,True,False,3,-0.196815,Australia; New Zealand; Canada,-0.089811
France,1940,10,United Kingdom,0.213046,False,-0.10489,0.879732,10,True,False,3,-2.9e-05,Australia; New Zealand; Canada,-0.104861
France,1940,30,United Kingdom,0.213046,False,-0.318733,0.879732,30,True,False,3,-0.249428,Australia; New Zealand; Canada,-0.069305
France,1950,20,United Kingdom,0.226224,False,-0.106849,0.261835,20,True,False,5,-0.095774,Denmark; Australia; Canada; New Zealand; Luxembourg,-0.011075
France,1950,10,United Kingdom,0.226224,False,-0.056874,0.261835,10,True,False,5,-0.059697,Denmark; Australia; Canada; New Zealand; Luxembourg,0.002823
France,1950,30,United Kingdom,0.226224,False,-0.14822,0.261835,30,True,False,5,-0.123915,Denmark; Australia; Canada; New Zealand; Luxembourg,-0.024305
France,1960,20,Germany,0.122369,True,-0.042777,0.018547,20,True,False,5,-0.045747,Venezuela; Netherlands; Norway; Australia; Iceland,0.00297
France,1960,10,Germany,0.122369,False,-0.039559,0.018547,10,True,False,5,-0.035476,Venezuela; Netherlands; Norway; Australia; Iceland,-0.004083
France,1960,30,Germany,0.122369,False,-0.028151,0.018547,30,True,False,5,-0.04803,Venezuela; Netherlands; Norway; Australia; Iceland,0.019879
France,1970,20,Belgium,0.125466,True,0.012977,-0.060438,20,False,False,5,0.035807,Germany; New Zealand; Norway; Iceland; Austria,-0.02283
France,1970,10,Belgium,0.125466,False,0.014819,-0.060438,10,False,False,5,0.020567,Germany; New Zealand; Norway; Iceland; Austria,-0.005748
France,1970,30,Belgium,0.125466,False,0.022671,-0.060438,30,False,False,5,0.042042,Germany; New Zealand; Norway; Iceland; Austria,-0.019371
France,1980,20,Italy,0.143255,True,0.041456,-0.121974,20,False,False,5,-0.020079,Finland; Slovenia; New Zealand; Austria; Japan,0.061535
France,1980,10,Italy,0.143255,False,0.021289,-0.121974,10,False,False,5,0.00622,Finland; Slovenia; New Zealand; Austria; Japan,0.015068
France,1980,30,Italy,0.143255,False,0.043513,-0.121974,30,False,False,5,0.002866,Finland; Slovenia; New Zealand; Austria; Japan,0.040647
France,1990,20,Italy,0.147407,False,0.020864,-0.059386,20,False,False,5,0.104821,Germany; Sweden; United Arab Emirates; Iceland; Austria,-0.083957
France,1990,10,Italy,0.147407,False,0.028206,-0.059386,10,False,False,5,0.027604,Germany; Sweden; Iceland; Austria; Australia,0.000601
France,1990,30,Italy,0.147407,False,-0.008021,-0.059386,29,False,False,5,0.117753,Germany; Sweden; United Arab Emirates; Iceland; Austria,-0.125774
Germany,1900,20,United Kingdom,0.161691,False,0.028681,0.465952,20,True,False,3,0.0429,New Zealand; Australia; Belgium,-0.014219
Germany,1900,10,United Kingdom,0.161691,False,-0.049931,0.465952,10,True,False,3,0.017159,New Zealand; Australia; Belgium,-0.06709
Germany,1900,30,United Kingdom,0.161691,False,-0.021584,0.465952,30,True,False,3,0.029493,New Zealand; Australia; Belgium,-0.051077
Germany,1910,20,Netherlands,0.130568,True,0.116954,0.138499,20,True,False,5,0.018981,Denmark; Argentina; Belgium; Canada; Austria,0.097972
Germany,1910,10,Netherlands,0.130568,False,0.095455,0.138499,10,True,False,5,0.030786,Denmark; Argentina; Belgium; Canada; Austria,0.064669
Germany,1910,30,Netherlands,0.130568,False,0.037418,0.138499,30,True,False,5,-0.043098,Denmark; Argentina; Belgium; Canada; Austria,0.080517
Germany,1920,20,Netherlands,0.296474,False,-0.104009,0.409234,20,True,False,5,-0.119494,United Kingdom; Belgium; Australia; New Zealand; Canada,0.015484
Germany,1920,10,Netherlands,0.296474,False,-0.023479,0.409234,10,True,False,5,-0.080764,United Kingdom; Belgium; Australia; New Zealand; Canada,0.057285
Germany,1920,30,Netherlands,0.296474,False,-0.140359,0.409234,30,True,False,5,0.006278,United Kingdom; Belgium; Australia; New Zealand; Canada,-0.146637
Germany,1930,20,United Kingdom,0.113966,True,0.12762,0.370129,20,True,False,4,0.08511,Belgium; Australia; New Zealand; Switzerland,0.04251
Germany,1930,10,United Kingdom,0.113966,False,-0.057756,0.370129,10,True,False,4,-0.077169,Belgium; Australia; New Zealand; Switzerland,0.019413
Germany,1930,30,United Kingdom,0.113966,False,0.036815,0.370129,30,True,False,4,0.056285,Belgium; Australia; New Zealand; Switzerland,-0.01947
Germany,1940,20,Italy,0.101296,True,0.235388,-0.759135,20,False,False,5,0.126818,Venezuela; Ireland; Japan; France; Guatemala,0.108571
Germany,1940,10,Italy,0.101296,False,0.300307,-0.759135,10,False,False,5,0.343735,Venezuela; Ireland; Japan; France; Guatemala,-0.043428
Germany,1940,30,Italy,0.101296,False,0.197628,-0.759135,30,False,False,5,0.039773,Venezuela; Ireland; Japan; France; Guatemala,0.157854
Germany,1990,20,France,0.120009,True,-0.054606,0.053574,20,True,False,5,-0.003421,Australia; Belgium; Austria; Iceland; Sweden,-0.051186
Germany,1990,10,France,0.120009,False,-0.040791,0.053574,10,True,False,5,-0.017995,Australia; Belgium; Austria; Iceland; Sweden,-0.022796
Germany,1990,30,France,0.120009,False,-0.092006,0.053574,29,True,False,5,-0.028163,Australia; Belgium; Austria; Iceland; Sweden,-0.063842
Ghana,1960,20,United Kingdom,0.23407,False,0.188647,1.859206,20,True,False,5,0.222852,Australia; Canada; Sweden; Denmark; New Zealand,-0.034205
Ghana,1960,10,United Kingdom,0.23407,False,0.11121,1.859206,10,True,False,5,0.148082,Australia; Canada; Sweden; Denmark; New Zealand,-0.036872
Ghana,1960,30,United Kingdom,0.23407,False,0.316659,1.859206,30,True,False,5,0.337805,Australia; Canada; Sweden; Denmark; New Zealand,-0.021146
Ghana,1970,20,United Kingdom,0.237493,False,0.292866,2.070572,20,True,False,5,0.330143,Germany; Belgium; Norway; New Zealand; Iceland,-0.037277
Ghana,1970,10,United Kingdom,0.237493,False,0.17931,2.070572,10,True,False,5,0.218936,Germany; Belgium; Norway; New Zealand; Iceland,-0.039626
Ghana,1970,30,United Kingdom,0.237493,False,0.278047,2.070572,30,True,False,5,0.30433,Germany; Belgium; Norway; New Zealand; Iceland,-0.026282
Ghana,1980,20,United States,0.190755,True,0.095684,2.900011,20,True,False,5,0.028418,Qatar; Switzerland; Canada; Luxembourg; Iceland,0.067266
Ghana,1980,10,United States,0.190755,False,0.157784,2.900011,10,True,False,5,0.006175,Qatar; Switzerland; Canada; Luxembourg; Iceland,0.151609
Ghana,1980,30,United States,0.190755,False,0.048467,2.900011,30,True,False,5,0.099655,Qatar; Switzerland; Canada; Luxembourg; Iceland,-0.051188
Ghana,1990,20,United States,0.205131,False,-0.034719,3.056422,20,True,False,5,0.033364,Luxembourg; Switzerland; Norway; Denmark; Hong Kong,-0.068082
Ghana,1990,10,United States,0.205131,False,-0.002143,3.056422,10,True,False,5,0.032573,Luxembourg; Switzerland; Norway; Denmark; Hong Kong,-0.034717
Ghana,1990,30,United States,0.205131,False,-0.154909,3.056422,29,True,False,5,-0.069314,Luxembourg; Switzerland; Norway; Denmark; Hong Kong,-0.085595
Greece,1900,20,United Kingdom,0.439528,False,0.065053,1.224155,20,True,False,3,0.104837,New Zealand; Switzerland; Australia,-0.039784
Greece,1900,10,United Kingdom,0.439528,False,-0.135971,1.224155,10,True,False,3,-0.051052,New Zealand; Switzerland; Australia,-0.084918
Greece,1900,30,United Kingdom,0.439528,False,-0.093402,1.224155,30,True,False,3,-0.036305,New Zealand; Switzerland; Australia,-0.057097
Greece,1910,20,United Kingdom,0.322985,False,-0.116764,1.122424,20,True,False,5,-0.098823,Switzerland; Australia; New Zealand; Canada; Belgium,-0.01794
Greece,1910,10,United Kingdom,0.322985,False,0.286394,1.122424,10,True,False,5,0.206122,Switzerland; Australia; New Zealand; Canada; Belgium,0.080272
Greece,1910,30,United Kingdom,0.322985,False,-0.163515,1.122424,30,True,False,5,-0.173953,Switzerland; Australia; New Zealand; Canada; Belgium,0.010438
Greece,1920,20,United Kingdom,0.38916,False,-0.044711,0.9051,20,True,False,5,-0.084427,Switzerland; Belgium; Denmark; Australia; New Zealand,0.039717
Greece,1920,10,United Kingdom,0.38916,False,-0.071775,0.9051,10,True,False,5,-0.093725,Switzerland; Belgium; Denmark; Australia; New Zealand,0.021951
Greece,1920,30,United Kingdom,0.38916,False,0.209413,0.9051,30,True,False,5,0.135631,Switzerland; Belgium; Denmark; Australia; New Zealand,0.073782
Greece,1930,20,Germany,0.255866,True,0.201393,0.4698,20,True,False,5,0.304903,Argentina; Norway; Canada; Sweden; Austria,-0.103509
Greece,1930,10,Germany,0.255866,False,0.050472,0.4698,10,True,False,5,-0.044858,Argentina; Norway; Canada; Sweden; Austria,0.09533
Greece,1930,30,Germany,0.255866,False,0.134949,0.4698,30,True,False,5,0.230933,Argentina; Norway; Canada; Sweden; Austria,-0.095985
Greece,1940,20,Germany,0.394672,False,-0.183168,1.295889,20,True,False,5,-0.017668,Switzerland; Canada; New Zealand; Denmark; Sweden,-0.165501
Greece,1940,10,Germany,0.394672,False,-0.250591,1.295889,10,True,False,5,0.226131,Switzerland; Canada; New Zealand; Denmark; Sweden,-0.476721
Greece,1940,30,Germany,0.394672,False,-0.168228,1.295889,30,True,False,5,-0.141588,Switzerland; Canada; New Zealand; Denmark; Sweden,-0.02664
Greece,1950,20,United States,0.3035,True,-0.234405,1.56363,20,True,False,2,-0.23379,Luxembourg; New Zealand,-0.000615
Greece,1950,10,United States,0.3035,False,-0.15335,1.56363,10,True,False,2,-0.137306,Luxembourg; New Zealand,-0.016045
Greece,1950,30,United States,0.3035,False,-0.323704,1.56363,30,True,False,2,-0.337052,Luxembourg; New Zealand,0.013348
Greece,1960,20,Germany,0.193664,True,-0.187107,0.827806,20,True,False,5,-0.19053,Venezuela; Netherlands; Norway; Belgium; Australia,0.003422
Greece,1960,10,Germany,0.193664,False,-0.13651,0.827806,10,True,False,5,-0.131396,Venezuela; Netherlands; Norway; Belgium; Australia,-0.005114
Greece,1960,30,Germany,0.193664,False,-0.153915,0.827806,30,True,False,5,-0.183165,Venezuela; Netherlands; Norway; Belgium; Australia,0.029249
Greece,1970,20,United States,0.132577,True,-0.014142,0.815244,20,True,False,5,-0.02685,Switzerland; Luxembourg; Denmark; Sweden; Canada,0.012708
Greece,1970,10,United States,0.132577,False,-0.058994,0.815244,10,True,False,5,-0.073121,Switzerland; Luxembourg; Denmark; Sweden; Canada,0.014127
Greece,1970,30,United States,0.132577,False,0.003558,0.815244,30,True,False,5,-0.004453,Switzerland; Luxembourg; Denmark; Sweden; Canada,0.008011
Greece,1980,20,Italy,0.111939,True,0.042557,0.400777,20,True,False,5,-0.018978,Finland; Slovenia; New Zealand; Austria; Japan,0.061535
Greece,1980,10,Italy,0.111939,False,0.035677,0.400777,10,True,False,5,0.020609,Finland; Slovenia; New Zealand; Austria; Japan,0.015068
Greece,1980,30,Italy,0.111939,False,-0.031125,0.400777,30,True,False,5,-0.071772,Finland; Slovenia; New Zealand; Austria; Japan,0.040647
Greece,1990,20,Italy,0.201642,False,-0.101924,0.492118,20,True,False,5,-0.02622,United Arab Emirates; Sweden; Iceland; Austria; Belgium,-0.075704
Greece,1990,10,Italy,0.201642,False,-0.008725,0.492118,10,True,False,5,-0.014135,Sweden; Iceland; Austria; Belgium; Australia,0.00541
Greece,1990,30,Italy,0.201642,False,-0.069308,0.492118,29,True,False,5,0.043862,United Arab Emirates; Sweden; Iceland; Austria; Belgium,-0.11317
Guatemala,1920,20,United States,0.855482,False,-0.182843,1.56105,20,True,False,1,-0.153643,New Zealand,-0.029199
Guatemala,1920,10,United States,0.855482,False,-0.020841,1.56105,10,True,False,1,-0.139658,New Zealand,0.118817
Guatemala,1920,30,United States,0.855482,False,-0.074429,1.56105,30,True,False,1,-0.076716,New Zealand,0.002288
Guatemala,1930,20,Germany,0.476291,True,-0.119182,0.881523,20,True,False,5,-0.02381,Argentina; Norway; Canada; Sweden; France,-0.095371
Guatemala,1930,10,Germany,0.476291,False,-0.027169,0.881523,10,True,False,5,-0.121132,Argentina; Norway; Canada; Sweden; France,0.093963
Guatemala,1930,30,Germany,0.476291,False,0.013407,0.881523,30,True,False,5,0.105995,Argentina; Norway; Canada; Sweden; France,-0.092588
Guatemala,1940,20,United States,0.568334,True,0.18103,1.36614,20,True,False,1,0.111472,United Kingdom,0.069558
Guatemala,1940,10,United States,0.568334,False,0.263563,1.36614,10,True,False,1,0.158346,United Kingdom,0.105216
Guatemala,1940,30,United States,0.568334,False,0.157206,1.36614,30,True,False,1,0.106468,United Kingdom,0.050738
Guatemala,1950,20,United States,0.810962,False,0.044083,1.609073,20,True,False,2,0.044699,Luxembourg; New Zealand,-0.000615
Guatemala,1950,10,United States,0.810962,False,0.036888,1.609073,10,True,False,2,0.052933,Luxembourg; New Zealand,-0.016045
Guatemala,1950,30,United States,0.810962,False,0.001475,1.609073,30,True,False,2,-0.011873,Luxembourg; New Zealand,0.013348
Guatemala,1960,20,United States,0.636276,False,-0.038111,1.655875,20,True,False,4,-0.053457,Switzerland; Luxembourg; New Zealand; Denmark,0.015346
Guatemala,1960,10,United States,0.636276,False,0.030238,1.655875,10,True,False,4,0.003855,Switzerland; Luxembourg; New Zealand; Denmark,0.026383
Guatemala,1960,30,United States,0.636276,False,0.034972,1.655875,30,True,False,4,0.013565,Switzerland; Luxembourg; New Zealand; Denmark,0.021406
Guatemala,1970,20,United States,0.334844,False,0.095971,1.615201,20,True,False,5,0.083263,Switzerland; Luxembourg; Denmark; Sweden; Canada,0.012708
Guatemala,1970,10,United States,0.334844,False,-0.044715,1.615201,10,True,False,5,-0.058842,Switzerland; Luxembourg; Denmark; Sweden; Canada,0.014127
Guatemala,1970,30,United States,0.334844,False,0.166078,1.615201,30,True,False,5,0.158068,Switzerland; Luxembourg; Denmark; Sweden; Canada,0.008011
Guatemala,1980,20,United States,0.318238,False,0.187402,1.63166,20,True,False,5,0.120136,Qatar; Switzerland; Canada; Luxembourg; Iceland,0.067266
Guatemala,1980,10,United States,0.318238,False,0.213839,1.63166,10,True,False,5,0.062229,Qatar; Switzerland; Canada; Luxembourg; Iceland,0.151609
Guatemala,1980,30,United States,0.318238,False,0.175477,1.63166,30,True,False,5,0.226665,Qatar; Switzerland; Canada; Luxembourg; Iceland,-0.051188
Guatemala,1990,20,United States,0.473784,False,0.046401,1.957844,20,True,False,5,0.114484,Luxembourg; Switzerland; Norway; Denmark; Hong Kong,-0.068082
Guatemala,1990,10,United States,0.473784,False,0.029224,1.957844,10,True,False,5,0.063941,Luxembourg; Switzerland; Norway; Denmark; Hong Kong,-0.034717
Guatemala,1990,30,United States,0.473784,False,0.02467,1.957844,29,True,False,5,0.110266,Luxembourg; Switzerland; Norway; Denmark; Hong Kong,-0.085595
Honduras,1920,20,France,1.0,False,0.142524,1.084368,20,True,False,5,0.127131,Argentina; Canada; Sweden; Denmark; Belgium,0.015393
Honduras,1920,10,France,1.0,False,0.107673,1.084368,10,True,False,5,0.056361,Argentina; Canada; Sweden; Denmark; Belgium,0.051312
Honduras,1920,30,France,1.0,False,0.057026,1.084368,30,True,False,5,0.178748,Argentina; Canada; Sweden; Denmark; Belgium,-0.121722
Honduras,1930,20,United States,0.771191,True,0.30436,1.450849,20,True,False,5,0.10894,Denmark; Switzerland; Netherlands; Belgium; Australia,0.19542
Honduras,1930,10,United States,0.771191,False,0.227012,1.450849,10,True,False,5,0.218406,Denmark; Switzerland; Netherlands; Belgium; Australia,0.008605
Honduras,1930,30,United States,0.771191,False,0.262936,1.450849,30,True,False,5,0.139637,Denmark; Switzerland; Netherlands; Belgium; Australia,0.123299
Honduras,1940,20,United States,0.795681,False,-0.001589,2.189963,20,True,False,1,-0.071147,United Kingdom,0.069558
Honduras,1940,10,United States,0.795681,False,-0.00773,2.189963,10,True,False,1,-0.112946,United Kingdom,0.105216
Honduras,1940,30,United States,0.795681,False,0.043811,2.189963,30,True,False,1,-0.006928,United Kingdom,0.050738
Honduras,1950,20,United States,0.606991,False,0.086167,2.060465,20,True,False,2,0.086782,Luxembourg; New Zealand,-0.000615
Honduras,1950,10,United States,0.606991,False,0.049773,2.060465,10,True,False,2,0.065817,Luxembourg; New Zealand,-0.016045
Honduras,1950,30,United States,0.606991,False,0.083544,2.060465,30,True,False,2,0.070196,Luxembourg; New Zealand,0.013348
Honduras,1960,20,United States,0.542507,False,0.038475,2.170842,20,True,False,5,0.029183,Switzerland; Luxembourg; New Zealand; Denmark; Sweden,0.009292
Honduras,1960,10,United States,0.542507,False,0.074468,2.170842,10,True,False,5,0.054032,Switzerland; Luxembourg; New Zealand; Denmark; Sweden,0.020436
Honduras,1960,30,United States,0.542507,False,0.075674,2.170842,30,True,False,5,0.058436,Switzerland; Luxembourg; New Zealand; Denmark; Sweden,0.017238
Honduras,1970,20,United States,0.5381,False,0.042346,2.309912,20,True,False,5,0.019272,Switzerland; Luxembourg; Denmark; Sweden; Netherlands,0.023073
Honduras,1970,10,United States,0.5381,False,-0.073063,2.309912,10,True,False,5,-0.094741,Switzerland; Luxembourg; Denmark; Sweden; Netherlands,0.021677
Honduras,1970,30,United States,0.5381,False,0.103992,2.309912,30,True,False,5,0.095594,Switzerland; Luxembourg; Denmark; Sweden; Netherlands,0.008398
Honduras,1980,20,United States,0.585375,False,0.137304,2.277345,20,True,False,5,0.079864,Qatar; Switzerland; Luxembourg; Iceland; Denmark,0.05744
Honduras,1980,10,United States,0.585375,False,0.143847,2.277345,10,True,False,5,-0.003889,Qatar; Switzerland; Luxembourg; Iceland; Denmark,0.147735
Honduras,1980,30,United States,0.585375,False,0.113733,2.277345,30,True,False,5,0.173595,Qatar; Switzerland; Luxembourg; Iceland; Denmark,-0.059861
Honduras,1990,20,United States,0.554603,False,0.012239,2.500232,20,True,False,5,0.072321,Luxembourg; Norway; Denmark; Hong Kong; Canada,-0.060083
Honduras,1990,10,United States,0.554603,False,0.032664,2.500232,10,True,False,5,0.066226,Luxembourg; Norway; Denmark; Hong Kong; Canada,-0.033562
Honduras,1990,30,United States,0.554603,False,-0.035638,2.500232,29,True,False,5,0.036017,Luxembourg; Norway; Denmark; Hong Kong; Canada,-0.071656
Hungary,1920,20,Austria,0.678063,False,-0.087232,0.428753,17,True,False,5,-0.05228,Norway; Chile; Sweden; Uruguay; Argentina,-0.034953
Hungary,1920,30,Austria,0.678063,False,-0.065202,0.428753,24,True,False,5,0.054657,Norway; Chile; Sweden; Uruguay; Argentina,-0.119859
Hungary,1930,20,Austria,0.329139,False,-0.016218,0.285347,17,True,False,5,0.095041,Uruguay; Ireland; Italy; Norway; Finland,-0.111259
Hungary,1930,10,Austria,0.329139,False,-0.064707,0.285347,10,True,False,5,-0.016938,Uruguay; Ireland; Italy; Norway; Finland,-0.047769
Hungary,1930,30,Austria,0.329139,False,0.075696,0.285347,27,True,False,5,0.117306,Uruguay; Ireland; Italy; Norway; Finland,-0.04161
Hungary,1940,20,Germany,0.462016,True,0.008374,0.561422,17,True,False,5,0.082959,Norway; France; Belgium; Argentina; Finland,-0.074585
Hungary,1940,30,Germany,0.462016,False,0.063186,0.561422,27,True,False,5,0.018581,Norway; France; Belgium; Argentina; Finland,0.044605
Hungary,1950,20,Former USSR,0.156781,True,-0.029006,0.080441,20,True,False,5,-0.019068,Israel; Syria; Slovenia; South Africa; Lebanon,-0.009938
Hungary,1950,10,Former USSR,0.156781,False,0.007072,0.080441,10,True,False,5,0.004935,Israel; Syria; South Africa; Lebanon; Namibia,0.002137
Hungary,1950,30,Former USSR,0.156781,False,-0.017317,0.080441,30,True,False,5,-0.013674,Israel; Syria; Slovenia; South Africa; Lebanon,-0.003643
Hungary,1960,20,Former USSR,0.173476,False,0.007005,0.03199,20,True,True,5,0.111535,Puerto Rico; Saudi Arabia; Russia; Chile; Spain,-0.10453
Hungary,1960,10,Former USSR,0.173476,False,-0.01852,0.03199,10,True,True,5,0.06445,Puerto Rico; Saudi Arabia; Russia; Chile; Spain,-0.08297
Hungary,1960,30,Former USSR,0.173476,False,-0.008176,0.03199,30,True,True,5,0.082416,Puerto Rico; Saudi Arabia; Russia; Chile; Spain,-0.090592
Hungary,1970,20,Former USSR,0.293943,False,-0.032625,0.078958,20,True,False,5,0.035092,Czechia; Croatia; Russia; Portugal; Barbados,-0.067717
Hungary,1970,10,Former USSR,0.293943,False,-0.020442,0.078958,10,True,False,5,0.027849,Czechia; Croatia; Russia; Portugal; Barbados,-0.048291
Hungary,1970,30,Former USSR,0.293943,False,-0.13662,0.078958,30,True,False,5,0.029692,Czechia; Croatia; Russia; Portugal; Barbados,-0.166312
Hungary,1980,20,Former USSR,0.319708,False,-0.162804,0.009804,20,True,False,5,-0.07275,Syria; Belarus; Cyprus; Serbia; Former Yugoslavia,-0.090054
Hungary,1980,10,Former USSR,0.319708,False,0.003631,0.009804,10,True,False,5,-0.001246,Syria; Belarus; Cyprus; Serbia; Former Yugoslavia,0.004877
Hungary,1980,30,Former USSR,0.319708,False,-0.179191,0.009804,30,True,False,5,-0.162058,Syria; Belarus; Cyprus; Serbia; Former Yugoslavia,-0.017132
Hungary,1990,20,Former USSR,0.300662,False,-0.159067,-0.054872,20,False,False,5,-0.135763,Turkey; Seychelles; Malaysia; Syria; Thailand,-0.023304
Hungary,1990,10,Former USSR,0.300662,False,-0.309921,-0.054872,10,False,False,5,0.052912,Turkey; Seychelles; Malaysia; Syria; Thailand,-0.362834
Hungary,1990,30,Former USSR,0.300662,False,-0.062369,-0.054872,29,False,False,5,-0.176841,Turkey; Seychelles; Malaysia; Syria; Thailand,0.114473
Iceland,1950,20,United Kingdom,0.268296,False,-0.060916,0.275737,20,True,False,5,-0.0335,Sweden; Australia; Switzerland; Canada; New Zealand,-0.027416
Iceland,1950,10,United Kingdom,0.268296,False,-0.044466,0.275737,10,True,False,5,-0.033807,Sweden; Australia; Switzerland; Canada; New Zealand,-0.010659
Iceland,1950,30,United Kingdom,0.268296,False,-0.1142,0.275737,30,True,False,5,-0.076586,Sweden; Australia; Switzerland; Canada; New Zealand,-0.037615
Iceland,1960,20,Former USSR,0.193163,True,-0.060868,-0.581021,20,False,False,5,0.008013,Hungary; Puerto Rico; Saudi Arabia; Russia; Chile,-0.068881
Iceland,1960,10,Former USSR,0.193163,False,-0.017135,-0.581021,10,False,False,5,0.043164,Hungary; Puerto Rico; Saudi Arabia; Russia; Chile,-0.060299
Iceland,1960,30,Former USSR,0.193163,False,-0.134575,-0.581021,30,False,False,5,-0.081153,Hungary; Puerto Rico; Saudi Arabia; Russia; Chile,-0.053422
Iceland,1970,20,United States,0.250504,True,-0.09842,0.388422,20,True,False,5,-0.11509,Switzerland; Luxembourg; Canada; Netherlands; Australia,0.01667
Iceland,1970,10,United States,0.250504,False,-0.095832,0.388422,10,True,False,5,-0.106031,Switzerland; Luxembourg; Canada; Netherlands; Australia,0.010199
Iceland,1970,30,United States,0.250504,False,-0.038362,0.388422,30,True,False,5,-0.040776,Switzerland; Luxembourg; Canada; Netherlands; Australia,0.002414
Iceland,1980,20,United States,0.275132,False,0.070686,0.187302,20,True,False,5,0.018683,Qatar; Switzerland; Canada; Luxembourg; Denmark,0.052003
Iceland,1980,10,United States,0.275132,False,0.022932,0.187302,10,True,False,5,-0.124388,Qatar; Switzerland; Canada; Luxembourg; Denmark,0.147319
Iceland,1980,30,United States,0.275132,False,0.046406,0.187302,30,True,False,5,0.110382,Qatar; Switzerland; Canada; Luxembourg; Denmark,-0.063976
Iceland,1990,20,United Kingdom,0.242251,True,-0.002145,-0.050076,20,False,False,5,0.045529,Italy; Germany; Singapore; Sweden; Finland,-0.047673
Iceland,1990,10,United Kingdom,0.242251,False,0.034886,-0.050076,10,False,False,5,0.06087,Italy; Germany; Singapore; Sweden; Finland,-0.025984
Iceland,1990,30,United Kingdom,0.242251,False,-0.01512,-0.050076,29,False,False,5,0.057579,Italy; Germany; Singapore; Sweden; Finland,-0.072699
India,1950,20,United Kingdom,0.264084,False,0.040912,2.423586,20,True,False,5,0.08121,Denmark; Sweden; Switzerland; Canada; New Zealand,-0.040298
India,1950,10,United Kingdom,0.264084,False,0.008538,2.423586,10,True,False,5,0.02341,Denmark; Sweden; Switzerland; Canada; New Zealand,-0.014872
India,1950,30,United Kingdom,0.264084,False,0.074248,2.423586,30,True,False,5,0.123761,Denmark; Sweden; Switzerland; Canada; New Zealand,-0.049513
India,1960,20,United Kingdom,0.302753,False,0.073676,2.45546,20,True,False,5,0.137015,Canada; Netherlands; Sweden; Denmark; Germany,-0.063338
India,1960,10,United Kingdom,0.302753,False,0.051153,2.45546,10,True,False,5,0.101013,Canada; Netherlands; Sweden; Denmark; Germany,-0.049861
India,1960,30,United Kingdom,0.302753,False,0.055178,2.45546,30,True,False,5,0.10685,Canada; Netherlands; Sweden; Denmark; Germany,-0.051672
India,1970,20,United States,0.17376,True,0.018165,2.9266,20,True,False,5,0.005456,Switzerland; Luxembourg; Denmark; Sweden; Canada,0.012708
India,1970,10,United States,0.17376,False,0.051217,2.9266,10,True,False,5,0.03709,Switzerland; Luxembourg; Denmark; Sweden; Canada,0.014127
India,1970,30,United States,0.17376,False,-0.028529,2.9266,30,True,False,5,-0.03654,Switzerland; Luxembourg; Denmark; Sweden; Canada,0.008011
India,1980,20,United States,0.138826,False,-0.063623,2.942193,20,True,False,5,-0.130889,Qatar; Switzerland; Canada; Luxembourg; Iceland,0.067266
India,1980,10,United States,0.138826,False,-0.01963,2.942193,10,True,False,5,-0.171239,Qatar; Switzerland; Canada; Luxembourg; Iceland,0.151609
India,1980,30,United States,0.138826,False,-0.122062,2.942193,30,True,False,5,-0.070874,Qatar; Switzerland; Canada; Luxembourg; Iceland,-0.051188
India,1990,20,United States,0.211152,False,-0.112678,2.862905,20,True,False,5,-0.044596,Luxembourg; Switzerland; Norway; Denmark; Hong Kong,-0.068082
India,1990,10,United States,0.211152,False,-0.039874,2.862905,10,True,False,5,-0.005157,Luxembourg; Switzerland; Norway; Denmark; Hong Kong,-0.034717
India,1990,30,United States,0.211152,False,-0.247127,2.862905,29,True,False,5,-0.161532,Luxembourg; Switzerland; Norway; Denmark; Hong Kong,-0.085595
Indonesia,1950,20,United States,0.352746,False,0.069064,2.451818,20,True,False,2,0.069679,Luxembourg; New Zealand,-0.000615
Indonesia,1950,10,United States,0.352746,False,-0.036166,2.451818,10,True,False,2,-0.020121,Luxembourg; New Zealand,-0.016045
Indonesia,1950,30,United States,0.352746,False,0.008945,2.451818,30,True,False,2,-0.004403,Luxembourg; New Zealand,0.013348
Indonesia,1960,20,United States,0.312952,False,-0.0219,2.462792,20,True,False,5,-0.031192,Switzerland; Luxembourg; New Zealand; Denmark; Sweden,0.009292
Indonesia,1960,10,United States,0.312952,False,0.156201,2.462792,10,True,False,5,0.135765,Switzerland; Luxembourg; New Zealand; Denmark; Sweden,0.020436
Indonesia,1960,30,United States,0.312952,False,-0.077069,2.462792,30,True,False,5,-0.094307,Switzerland; Luxembourg; New Zealand; Denmark; Sweden,0.017238
Indonesia,1970,20,Japan,0.33073,True,-0.025322,2.065538,20,True,False,5,-0.026125,Austria; Finland; Iceland; Norway; Italy,0.000803
Indonesia,1970,10,Japan,0.33073,False,-0.061692,2.065538,10,True,False,5,-0.044403,Austria; Finland; Iceland; Norway; Italy,-0.017289
Indonesia,1970,30,Japan,0.33073,False,-0.085481,2.065538,30,True,False,5,-0.103631,Austria; Finland; Iceland; Norway; Italy,0.01815
Indonesia,1980,20,Japan,0.468092,False,-0.084366,2.000117,20,True,False,5,-0.123969,Austria; Germany; Belgium; Australia; Netherlands,0.039603
Indonesia,1980,10,Japan,0.468092,False,0.038393,2.000117,10,True,False,5,-0.014429,Austria; Germany; Belgium; Australia; Netherlands,0.052822
Indonesia,1980,30,Japan,0.468092,False,-0.147134,2.000117,30,True,False,5,-0.117307,Austria; Germany; Belgium; Australia; Netherlands,-0.029827
Indonesia,1990,20,Japan,0.451205,False,-0.141297,1.911318,20,True,False,5,-0.000813,Denmark; Hong Kong; Canada; Norway; Netherlands,-0.140483
Indonesia,1990,10,Japan,0.451205,False,-0.117559,1.911318,10,True,False,5,-0.037591,Denmark; Hong Kong; Canada; Norway; Netherlands,-0.079968
Indonesia,1990,30,Japan,0.451205,False,-0.248265,1.911318,29,True,False,5,-0.100166,Denmark; Hong Kong; Canada; Norway; Netherlands,-0.148098
Iran,1950,20,United Kingdom,0.252183,False,-0.126771,1.488113,20,True,False,5,-0.086473,Denmark; Sweden; Switzerland; Canada; New Zealand,-0.040298
Iran,1950,10,United Kingdom,0.252183,False,0.038546,1.488113,10,True,False,5,0.053418,Denmark; Sweden; Switzerland; Canada; New Zealand,-0.014872
Iran,1950,30,United Kingdom,0.252183,False,-0.284055,1.488113,30,True,False,5,-0.234541,Denmark; Sweden; Switzerland; Canada; New Zealand,-0.049513
Iran,1960,20,United Kingdom,0.180447,False,-0.282803,1.355925,20,True,False,5,-0.224243,Australia; Canada; Netherlands; Sweden; Denmark,-0.05856
Iran,1960,10,United Kingdom,0.180447,False,-0.152973,1.355925,10,True,False,5,-0.103256,Australia; Canada; Netherlands; Sweden; Denmark,-0.049717
Iran,1960,30,United Kingdom,0.180447,False,-0.061432,1.355925,30,True,False,5,-0.016947,Australia; Canada; Netherlands; Sweden; Denmark,-0.044485
Iran,1970,20,Japan,0.344137,True,0.318133,0.750448,20,True,False,5,0.311737,Austria; Finland; Iceland; Norway; Germany,0.006395
Iran,1970,10,Japan,0.344137,False,-0.01716,0.750448,10,True,False,5,-0.001014,Austria; Finland; Iceland; Norway; Germany,-0.016146
Iran,1970,30,Japan,0.344137,False,0.333404,0.750448,30,True,False,5,0.306543,Austria; Finland; Iceland; Norway; Germany,0.026861
Iran,1980,20,Japan,0.222125,False,0.105205,1.230414,20,True,False,5,0.059271,Austria; Germany; Belgium; Australia; Finland,0.045934
Iran,1980,10,Japan,0.222125,False,0.178692,1.230414,10,True,False,5,0.136731,Austria; Germany; Belgium; Australia; Finland,0.041961
Iran,1980,30,Japan,0.222125,False,-0.095563,1.230414,30,True,False,5,-0.070945,Austria; Germany; Belgium; Australia; Finland,-0.024619
Iran,1990,20,Japan,0.158121,False,-0.306702,1.547527,20,True,False,5,-0.1636,Denmark; Hong Kong; Canada; Norway; Australia,-0.143103
Iran,1990,10,Japan,0.158121,False,-0.133587,1.547527,10,True,False,5,-0.052424,Denmark; Hong Kong; Canada; Norway; Australia,-0.081163
Iran,1990,30,Japan,0.158121,False,-0.348353,1.547527,29,True,False,5,-0.194174,Denmark; Hong Kong; Canada; Norway; Australia,-0.154179
Iraq,1950,20,France,0.48411,False,-0.083686,1.159337,20,True,False,5,-0.153191,Iceland; Belgium; Venezuela; Norway; Argentina,0.069505
Iraq,1950,10,France,0.48411,False,-0.173279,1.159337,10,True,False,5,-0.203414,Iceland; Belgium; Venezuela; Norway; Argentina,0.030134
Iraq,1950,30,France,0.48411,False,-0.046586,1.159337,30,True,False,5,-0.129019,Iceland; Belgium; Venezuela; Norway; Argentina,0.082433
Iraq,1960,20,France,0.246305,False,0.027495,1.009184,20,True,False,5,-0.00376,Venezuela; Norway; Belgium; Netherlands; Iceland,0.031255
Iraq,1960,10,France,0.246305,False,0.055433,1.009184,10,True,False,5,0.025584,Venezuela; Norway; Belgium; Netherlands; Iceland,0.029848
Iraq,1960,30,France,0.246305,False,0.134062,1.009184,30,True,False,5,0.101284,Venezuela; Norway; Belgium; Netherlands; Iceland,0.032778
Iraq,1970,20,Italy,0.237423,True,0.146011,1.050654,20,True,False,5,0.121366,Finland; Japan; Austria; Iceland; Venezuela,0.024646
Iraq,1970,10,Italy,0.237423,False,-0.155308,1.050654,10,True,False,5,-0.143038,Finland; Japan; Austria; Iceland; Venezuela,-0.012269
Iraq,1970,30,Italy,0.237423,False,0.584359,1.050654,30,True,False,5,0.528669,Finland; Japan; Austria; Iceland; Venezuela,0.05569
Iraq,1980,20,France,0.167988,True,0.717269,1.12939,20,True,False,5,0.760755,Sweden; Norway; Netherlands; Australia; Belgium,-0.043486
Iraq,1980,10,France,0.167988,False,0.393375,1.12939,10,True,False,5,0.405085,Sweden; Norway; Netherlands; Australia; Belgium,-0.01171
Iraq,1980,30,France,0.167988,False,0.362953,1.12939,30,True,False,5,0.453296,Sweden; Norway; Netherlands; Australia; Belgium,-0.090343
Iraq,1990,20,United States,0.155587,True,-0.346854,2.822275,20,True,False,5,-0.278771,Luxembourg; Switzerland; Norway; Denmark; Hong Kong,-0.068082
Iraq,1990,10,United States,0.155587,False,0.091728,2.822275,10,True,False,5,0.126445,Luxembourg; Switzerland; Norway; Denmark; Hong Kong,-0.034717
Iraq,1990,30,United States,0.155587,False,-0.573307,2.822275,29,True,False,5,-0.487712,Luxembourg; Switzerland; Norway; Denmark; Hong Kong,-0.085595
Ireland,1930,20,United Kingdom,0.949879,False,0.099926,0.611236,20,True,False,5,0.024775,Denmark; Netherlands; Belgium; Australia; New Zealand,0.07515
Ireland,1930,10,United Kingdom,0.949879,False,0.066405,0.611236,10,True,False,5,0.044027,Denmark; Netherlands; Belgium; Australia; New Zealand,0.022378
Ireland,1930,30,United Kingdom,0.949879,False,0.04447,0.611236,30,True,False,5,0.050553,Denmark; Netherlands; Belgium; Australia; New Zealand,-0.006083
Ireland,1940,20,United Kingdom,0.900534,False,-0.082933,0.888141,20,True,False,3,0.006878,Australia; New Zealand; Canada,-0.089811
Ireland,1940,10,United Kingdom,0.900534,False,-0.056472,0.888141,10,True,False,3,0.048389,Australia; New Zealand; Canada,-0.104861
Ireland,1940,30,United Kingdom,0.900534,False,-0.095072,0.888141,30,True,False,3,-0.025767,Australia; New Zealand; Canada,-0.069305
Ireland,1950,20,United Kingdom,0.909938,False,-0.028292,0.686538,20,True,False,5,-0.006572,Denmark; Sweden; Australia; Canada; New Zealand,-0.02172
Ireland,1950,10,United Kingdom,0.909938,False,0.012462,0.686538,10,True,False,5,0.012986,Denmark; Sweden; Australia; Canada; New Zealand,-0.000524
Ireland,1950,30,United Kingdom,0.909938,False,-0.077455,0.686538,30,True,False,5,-0.043004,Denmark; Sweden; Australia; Canada; New Zealand,-0.034451
Ireland,1960,20,United Kingdom,0.850407,False,-0.088874,0.663699,20,True,False,5,-0.030313,Australia; Canada; Netherlands; Sweden; Denmark,-0.05856
Ireland,1960,10,United Kingdom,0.850407,False,-0.045673,0.663699,10,True,False,5,0.004044,Australia; Canada; Netherlands; Sweden; Denmark,-0.049717
Ireland,1960,30,United Kingdom,0.850407,False,-0.105335,0.663699,30,True,False,5,-0.06085,Australia; Canada; Netherlands; Sweden; Denmark,-0.044485
Ireland,1970,20,United Kingdom,0.707088,False,-0.055264,0.540928,20,True,False,5,-0.012607,Germany; Norway; New Zealand; Iceland; Austria,-0.042657
Ireland,1970,10,United Kingdom,0.707088,False,-0.047843,0.540928,10,True,False,5,-0.004871,Germany; Norway; New Zealand; Iceland; Austria,-0.042972
Ireland,1970,30,United Kingdom,0.707088,False,-0.158064,0.540928,30,True,False,5,-0.124659,Germany; Norway; New Zealand; Iceland; Austria,-0.033405
Ireland,1980,20,United Kingdom,0.554588,False,-0.152783,0.404471,20,True,False,5,-0.218076,Slovenia; New Zealand; Italy; Finland; Austria,0.065294
Ireland,1980,10,United Kingdom,0.554588,False,0.023409,0.404471,10,True,False,5,-0.027023,Slovenia; New Zealand; Italy; Finland; Austria,0.050432
Ireland,1980,30,United Kingdom,0.554588,False,-0.295217,0.404471,30,True,False,5,-0.335631,Slovenia; New Zealand; Italy; Finland; Austria,0.040414
Ireland,1990,20,United Kingdom,0.402127,False,-0.285591,0.266816,20,True,False,5,-0.181616,Germany; Singapore; United Arab Emirates; Sweden; Iceland,-0.103976
Ireland,1990,10,United Kingdom,0.402127,False,-0.192599,0.266816,10,True,False,5,-0.174555,Germany; Singapore; Sweden; Iceland; Finland,-0.018044
Ireland,1990,30,United Kingdom,0.402127,False,-0.285468,0.266816,29,True,False,5,-0.147207,Germany; Singapore; United Arab Emirates; Sweden; Iceland,-0.138261
Israel,1950,20,United Kingdom,0.56295,False,-0.198969,0.861208,20,True,False,5,-0.171553,Sweden; Australia; Switzerland; Canada; New Zealand,-0.027416
Israel,1950,10,United Kingdom,0.56295,False,-0.114771,0.861208,10,True,False,5,-0.104112,Sweden; Australia; Switzerland; Canada; New Zealand,-0.010659
Israel,1950,30,United Kingdom,0.56295,False,-0.266777,0.861208,30,True,False,5,-0.229162,Sweden; Australia; Switzerland; Canada; New Zealand,-0.037615
Israel,1960,20,United Kingdom,0.26254,False,-0.171044,0.536659,20,True,False,5,-0.112484,Australia; Canada; Netherlands; Sweden; Denmark,-0.05856
Israel,1960,10,United Kingdom,0.26254,False,-0.105628,0.536659,10,True,False,5,-0.055911,Australia; Canada; Netherlands; Sweden; Denmark,-0.049717
Israel,1960,30,United Kingdom,0.26254,False,-0.157521,0.536659,30,True,False,5,-0.113036,Australia; Canada; Netherlands; Sweden; Denmark,-0.044485
Israel,1970,20,United States,0.235245,True,-0.004734,0.549536,20,True,False,5,-0.017442,Switzerland; Luxembourg; Denmark; Sweden; Canada,0.012708
Israel,1970,10,United States,0.235245,False,-0.014319,0.549536,10,True,False,5,-0.028447,Switzerland; Luxembourg; Denmark; Sweden; Canada,0.014127
Israel,1970,30,United States,0.235245,False,0.000334,0.549536,30,True,False,5,-0.007677,Switzerland; Luxembourg; Denmark; Sweden; Canada,0.008011
Israel,1980,20,United States,0.238432,False,0.020367,0.511876,20,True,False,5,-0.045279,Qatar; Canada; Luxembourg; Iceland; Denmark,0.065646
Israel,1980,10,United States,0.238432,False,0.037064,0.511876,10,True,False,5,-0.112054,Qatar; Canada; Luxembourg; Iceland; Denmark,0.149118
Israel,1980,30,United States,0.238432,False,0.035775,0.511876,30,True,False,5,0.082958,Qatar; Canada; Luxembourg; Iceland; Denmark,-0.047183
Israel,1990,20,United States,0.36539,False,0.027492,0.560715,20,True,False,5,0.095574,Luxembourg; Switzerland; Norway; Denmark; Hong Kong,-0.068082
Israel,1990,10,United States,0.36539,False,-0.004423,0.560715,10,True,False,5,0.030294,Luxembourg; Switzerland; Norway; Denmark; Hong Kong,-0.034717
Israel,1990,30,United States,0.36539,False,-0.003611,0.560715,29,True,False,5,0.081984,Luxembourg; Switzerland; Norway; Denmark; Hong Kong,-0.085595
Italy,1900,20,Germany,0.209914,False,-0.055863,0.341123,20,True,False,5,-0.000509,Argentina; Austria; Denmark; Canada; Netherlands,-0.055354
Italy,1900,10,Germany,0.209914,False,-0.017903,0.341123,10,True,False,5,0.015154,Argentina; Austria; Denmark; Canada; Netherlands,-0.033057
Italy,1900,30,Germany,0.209914,False,-0.052454,0.341123,30,True,False,5,0.005848,Argentina; Austria; Denmark; Canada; Netherlands,-0.058302
Italy,1910,20,Germany,0.202976,False,-0.043124,0.328504,20,True,False,5,-0.015394,Austria; Denmark; Netherlands; Uruguay; Chile,-0.02773
Italy,1910,10,Germany,0.202976,False,-0.099853,0.328504,10,True,False,5,-0.057322,Austria; Denmark; Netherlands; Uruguay; Chile,-0.04253
Italy,1910,30,Germany,0.202976,False,0.015078,0.328504,30,True,False,5,-0.015156,Austria; Denmark; Netherlands; Uruguay; Chile,0.030234
Italy,1920,20,France,0.31655,True,0.0229,0.35084,20,True,False,5,0.007507,Argentina; Canada; Sweden; Denmark; Belgium,0.015393
Italy,1920,10,France,0.31655,False,0.054598,0.35084,10,True,False,5,0.003286,Argentina; Canada; Sweden; Denmark; Belgium,0.051312
Italy,1920,30,France,0.31655,False,-0.018955,0.35084,30,True,False,5,0.102767,Argentina; Canada; Sweden; Denmark; Belgium,-0.121722
Italy,1930,20,Germany,0.163309,True,0.04886,0.252377,20,True,False,5,0.142871,Norway; Canada; Sweden; Austria; Uruguay,-0.094011
Italy,1930,10,Germany,0.163309,False,0.107264,0.252377,10,True,False,5,0.0012,Norway; Canada; Sweden; Austria; Uruguay,0.106064
Italy,1930,30,Germany,0.163309,False,-0.043791,0.252377,30,True,False,5,0.061611,Norway; Canada; Sweden; Austria; Uruguay,-0.105403
Italy,1940,20,Germany,0.386463,False,-0.235388,0.759135,20,True,False,5,-0.093619,Canada; New Zealand; Denmark; Sweden; Australia,-0.14177
Italy,1940,10,Germany,0.386463,False,-0.300307,0.759135,10,True,False,5,0.16744,Canada; New Zealand; Denmark; Sweden; Australia,-0.467746
Italy,1940,30,Germany,0.386463,False,-0.197628,0.759135,30,True,False,5,-0.201635,Canada; New Zealand; Denmark; Sweden; Australia,0.004008
Italy,1950,20,United Kingdom,0.123139,True,-0.201297,0.596976,20,True,False,5,-0.179578,Denmark; Sweden; Australia; Canada; New Zealand,-0.02172
Italy,1950,10,United Kingdom,0.123139,False,-0.129218,0.596976,10,True,False,5,-0.128693,Denmark; Sweden; Australia; Canada; New Zealand,-0.000524
Italy,1950,30,United Kingdom,0.123139,False,-0.225741,0.596976,30,True,False,5,-0.19129,Denmark; Sweden; Australia; Canada; New Zealand,-0.034451
Italy,1960,20,United States,0.12676,True,-0.085218,0.568773,20,True,False,4,-0.097549,Luxembourg; New Zealand; Denmark; Sweden,0.012331
Italy,1960,10,United States,0.12676,False,-0.058748,0.568773,10,True,False,4,-0.082173,Luxembourg; New Zealand; Denmark; Sweden,0.023426
Italy,1960,30,United States,0.12676,False,-0.093219,0.568773,30,True,False,4,-0.11293,Luxembourg; New Zealand; Denmark; Sweden,0.019711
Italy,1970,20,France,0.166999,True,-0.039292,0.180587,20,True,False,5,-0.048421,Australia; New Zealand; Belgium; Canada; Germany,0.009129
Italy,1970,10,France,0.166999,False,-0.006392,0.180587,10,True,False,5,-0.018387,Australia; New Zealand; Belgium; Canada; Germany,0.011995
Italy,1970,30,France,0.166999,False,-0.059364,0.180587,30,True,False,5,-0.067612,Australia; New Zealand; Belgium; Canada; Germany,0.008248
Italy,1980,20,France,0.192085,False,-0.041456,0.121974,20,True,False,5,0.001896,Sweden; Norway; Australia; Belgium; Denmark,-0.043352
Italy,1980,10,France,0.192085,False,-0.021289,0.121974,10,True,False,5,-0.000761,Sweden; Norway; Australia; Belgium; Denmark,-0.020528
Italy,1980,30,France,0.192085,False,-0.043513,0.121974,30,True,False,5,0.042181,Sweden; Norway; Australia; Belgium; Denmark,-0.085694
Italy,1990,20,France,0.185468,False,-0.020864,0.059386,20,True,False,5,0.033581,Netherlands; Australia; Belgium; Austria; Iceland,-0.054446
Italy,1990,10,France,0.185468,False,-0.028206,0.059386,10,True,False,5,0.005808,Netherlands; Australia; Belgium; Austria; Iceland,-0.034014
Italy,1990,30,France,0.185468,False,0.008021,0.059386,29,True,False,5,0.071933,Netherlands; Australia; Belgium; Austria; Iceland,-0.063911
Japan,1900,20,United States,0.318413,False,-0.044546,1.394898,20,True,False,1,-0.042112,New Zealand,-0.002434
Japan,1900,10,United States,0.318413,False,0.025835,1.394898,10,True,False,1,0.030125,New Zealand,-0.00429
Japan,1900,30,United States,0.318413,False,-0.088629,1.394898,30,True,False,1,-0.131466,New Zealand,0.042837
Japan,1910,20,United States,0.406859,False,-0.10385,1.403536,20,True,False,3,-0.165627,New Zealand; Australia; Switzerland,0.061777
Japan,1910,10,United States,0.406859,False,-0.107576,1.403536,10,True,False,3,-0.17422,New Zealand; Australia; Switzerland,0.066644
Japan,1910,30,United States,0.406859,False,-0.177552,1.403536,30,True,False,3,-0.165731,New Zealand; Australia; Switzerland,-0.011821
Japan,1920,20,United States,0.320619,False,-0.123375,1.17709,20,True,False,1,-0.094175,New Zealand,-0.029199
Japan,1920,10,United States,0.320619,False,0.015339,1.17709,10,True,False,1,-0.103478,New Zealand,0.118817
Japan,1920,30,United States,0.320619,False,0.04353,1.17709,30,True,False,1,0.041243,New Zealand,0.002288
Japan,1930,20,United States,0.5337,False,0.204387,0.943204,20,True,False,5,0.009828,Denmark; Switzerland; Netherlands; Belgium; New Zealand,0.194559
Japan,1930,10,United States,0.5337,False,-0.096471,0.943204,10,True,False,5,-0.100754,Denmark; Switzerland; Netherlands; Belgium; New Zealand,0.004283
Japan,1930,30,United States,0.5337,False,0.1951,0.943204,30,True,False,5,0.078397,Denmark; Switzerland; Netherlands; Belgium; New Zealand,0.116703
Japan,1940,20,United States,0.430772,False,0.133948,1.09298,20,True,False,0,,,
Japan,1940,10,United States,0.430772,False,0.3801,1.09298,10,True,False,0,,,
Japan,1940,30,United States,0.430772,False,-0.126593,1.09298,30,True,False,0,,,
Japan,1960,20,United States,0.357373,False,-0.27913,0.917268,20,True,False,5,-0.288422,Switzerland; Luxembourg; New Zealand; Denmark; Sweden,0.009292
Japan,1960,10,United States,0.357373,False,-0.194318,0.917268,10,True,False,5,-0.214754,Switzerland; Luxembourg; New Zealand; Denmark; Sweden,0.020436
Japan,1960,30,United States,0.357373,False,-0.275539,0.917268,30,True,False,5,-0.292777,Switzerland; Luxembourg; New Zealand; Denmark; Sweden,0.017238
Japan,1970,20,United States,0.370817,False,-0.060679,0.404715,20,True,False,5,-0.083752,Switzerland; Luxembourg; Denmark; Sweden; Netherlands,0.023073
Japan,1970,10,United States,0.370817,False,-0.031931,0.404715,10,True,False,5,-0.053609,Switzerland; Luxembourg; Denmark; Sweden; Netherlands,0.021677
Japan,1970,30,United States,0.370817,False,-0.075378,0.404715,30,True,False,5,-0.083776,Switzerland; Luxembourg; Denmark; Sweden; Netherlands,0.008398
Japan,1980,20,United States,0.280572,False,-0.034951,0.29845,20,True,False,5,-0.102217,Qatar; Switzerland; Canada; Luxembourg; Iceland,0.067266
Japan,1980,10,United States,0.280572,False,-0.019306,0.29845,10,True,False,5,-0.170915,Qatar; Switzerland; Canada; Luxembourg; Iceland,0.151609
Japan,1980,30,United States,0.280572,False,0.010378,0.29845,30,True,False,5,0.061566,Qatar; Switzerland; Canada; Luxembourg; Iceland,-0.051188
Japan,1990,20,United States,0.371275,False,0.07538,0.196556,20,True,False,5,0.143462,Luxembourg; Switzerland; Norway; Denmark; Hong Kong,-0.068082
Japan,1990,10,United States,0.371275,False,0.040114,0.196556,10,True,False,5,0.07483,Luxembourg; Switzerland; Norway; Denmark; Hong Kong,-0.034717
Japan,1990,30,United States,0.371275,False,0.068461,0.196556,29,True,False,5,0.154056,Luxembourg; Switzerland; Norway; Denmark; Hong Kong,-0.085595
Jordan,1950,20,Syria,1.0,False,-0.119028,0.471949,20,True,False,5,0.00096,Hungary; Slovenia; South Africa; Former USSR; Namibia,-0.119987
Jordan,1950,10,Syria,1.0,False,0.031203,0.471949,10,True,False,5,-0.033673,Hungary; South Africa; Former USSR; Namibia; Poland,0.064877
Jordan,1950,30,Syria,1.0,False,0.01027,0.471949,30,True,False,5,0.090783,Hungary; Slovenia; South Africa; Former USSR; Namibia,-0.080513
Jordan,1960,20,Syria,0.221557,False,0.156866,0.264505,20,True,False,5,0.229627,Poland; Namibia; Croatia; Portugal; Greece,-0.07276
Jordan,1960,10,Syria,0.221557,False,-0.04901,0.264505,10,True,False,5,0.10675,Poland; Namibia; Croatia; Portugal; Greece,-0.15576
Jordan,1960,30,Syria,0.221557,False,0.058831,0.264505,30,True,False,5,0.078477,Poland; Namibia; Croatia; Portugal; Greece,-0.019646
Jordan,1970,20,Saudi Arabia,0.215865,True,-0.305571,1.39059,20,True,False,5,-0.195463,Venezuela; Israel; Italy; Slovenia; Finland,-0.110108
Jordan,1970,10,Saudi Arabia,0.215865,False,0.04588,1.39059,10,True,False,5,-0.086949,Venezuela; Israel; Italy; Slovenia; Finland,0.132829
Jordan,1970,30,Saudi Arabia,0.215865,False,-0.184965,1.39059,30,True,False,5,-0.109164,Venezuela; Israel; Italy; Slovenia; Finland,-0.075801
Jordan,1980,20,Saudi Arabia,0.319356,False,0.034712,0.965888,20,True,False,5,0.094213,Hong Kong; Trinidad and Tobago; Israel; New Zealand; Slovenia,-0.059502
Jordan,1980,10,Saudi Arabia,0.319356,False,-0.293639,0.965888,10,True,False,5,0.012771,Hong Kong; Trinidad and Tobago; Israel; New Zealand; Slovenia,-0.306409
Jordan,1980,30,Saudi Arabia,0.319356,False,0.116049,0.965888,30,True,False,5,0.057964,Hong Kong; Trinidad and Tobago; Israel; New Zealand; Slovenia,0.058085
Jordan,1990,20,Iraq,0.180643,True,0.248787,-1.03597,20,False,False,5,-0.109526,Sao Tome and Principe; Nicaragua; Djibouti; North Korea; Cape Verde,0.358313
Jordan,1990,10,Iraq,0.180643,False,-0.098055,-1.03597,10,False,False,5,-0.076757,Sao Tome and Principe; Nicaragua; Djibouti; North Korea; Cape Verde,-0.021298
Jordan,1990,30,Iraq,0.180643,False,0.445202,-1.03597,29,False,False,5,-0.072798,Sao Tome and Principe; Nicaragua; Djibouti; North Korea; Cape Verde,0.518
Kenya,1970,20,United Kingdom,0.264584,False,0.074858,2.479545,20,True,False,5,0.112134,Germany; Belgium; Norway; New Zealand; Iceland,-0.037277
Kenya,1970,10,United Kingdom,0.264584,False,0.039121,2.479545,10,True,False,5,0.078747,Germany; Belgium; Norway; New Zealand; Iceland,-0.039626
Kenya,1970,30,United Kingdom,0.264584,False,0.109633,2.479545,30,True,False,5,0.135915,Germany; Belgium; Norway; New Zealand; Iceland,-0.026282
Kenya,1980,20,United Kingdom,0.223247,False,0.103214,2.545094,20,True,False,5,0.043364,Slovenia; New Zealand; Finland; Austria; Japan,0.05985
Kenya,1980,10,United Kingdom,0.223247,False,0.096261,2.545094,10,True,False,5,0.053129,Slovenia; New Zealand; Finland; Austria; Japan,0.043132
Kenya,1980,30,United Kingdom,0.223247,False,0.09887,2.545094,30,True,False,5,0.054672,Slovenia; New Zealand; Finland; Austria; Japan,0.044198
Kenya,1990,20,United Kingdom,0.210951,False,0.033164,2.713642,20,True,False,5,0.130043,Italy; Germany; Singapore; Sweden; United Arab Emirates,-0.09688
Kenya,1990,10,United Kingdom,0.210951,False,0.043005,2.713642,10,True,False,5,0.064891,Italy; Germany; Singapore; Sweden; Iceland,-0.021886
Kenya,1990,30,United Kingdom,0.210951,False,-0.066542,2.713642,29,True,False,5,0.053899,Italy; Germany; Singapore; Sweden; United Arab Emirates,-0.120441
Laos,1960,20,Myanmar,0.835106,False,-0.016153,0.182221,20,True,False,5,0.063633,Eswatini; Mongolia; Chad; Lesotho; Bangladesh,-0.079786
Laos,1960,10,Myanmar,0.835106,False,-0.004921,0.182221,10,True,False,5,0.067144,Eswatini; Mongolia; Chad; Lesotho; Bangladesh,-0.072065
Laos,1960,30,Myanmar,0.835106,False,-0.045649,0.182221,30,True,False,5,-0.020762,Eswatini; Mongolia; Chad; Lesotho; Bangladesh,-0.024887
Laos,1970,20,Thailand,0.338319,True,0.108114,1.150971,20,True,False,5,-0.274391,Mozambique; Dominican Republic; Cote d'Ivoire; Angola; Philippines,0.382505
Laos,1970,10,Thailand,0.338319,False,0.090753,1.150971,10,True,False,5,-0.118045,Mozambique; Dominican Republic; Cote d'Ivoire; Angola; Philippines,0.208798
Laos,1970,30,Thailand,0.338319,False,0.188592,1.150971,30,True,False,5,-0.361845,Mozambique; Dominican Republic; Cote d'Ivoire; Angola; Philippines,0.550437
Laos,1980,20,Japan,0.344661,True,-0.034162,2.908232,20,True,False,5,-0.073765,Austria; Germany; Belgium; Australia; Netherlands,0.039603
Laos,1980,10,Japan,0.344661,False,0.006645,2.908232,10,True,False,5,-0.046177,Austria; Germany; Belgium; Australia; Netherlands,0.052822
Laos,1980,30,Japan,0.344661,False,-0.181115,2.908232,30,True,False,5,-0.151288,Austria; Germany; Belgium; Australia; Netherlands,-0.029827
Laos,1990,20,Thailand,0.413865,True,-0.152233,1.670969,20,True,False,5,-0.029192,Gabon; Bulgaria; Poland; Brazil; Bahrain,-0.123041
Laos,1990,10,Thailand,0.413865,False,-0.038696,1.670969,10,True,False,5,-0.008425,Gabon; Bulgaria; Poland; Brazil; Bahrain,-0.030271
Laos,1990,30,Thailand,0.413865,False,-0.25464,1.670969,29,True,False,5,-0.104613,Gabon; Bulgaria; Poland; Brazil; Bahrain,-0.150028
Lebanon,1950,20,Syria,0.22802,False,0.008191,-0.186411,20,False,False,5,0.083576,Hungary; South Africa; Former USSR; Namibia; Poland,-0.075385
Lebanon,1950,10,Syria,0.22802,False,-0.020522,-0.186411,10,False,False,5,-0.085399,Hungary; South Africa; Former USSR; Namibia; Poland,0.064877
Lebanon,1950,30,Syria,0.22802,False,0.20094,-0.186411,30,False,False,5,0.227093,Hungary; South Africa; Former USSR; Namibia; Poland,-0.026153
Lebanon,1960,20,Netherlands,0.315485,True,0.291206,0.832428,20,True,False,5,0.266168,Australia; Germany; Canada; Venezuela; France,0.025039
Lebanon,1960,10,Netherlands,0.315485,False,0.071979,0.832428,10,True,False,5,0.059022,Australia; Germany; Canada; Venezuela; France,0.012957
Lebanon,1960,30,Netherlands,0.315485,False,0.402361,0.832428,30,True,False,5,0.377629,Australia; Germany; Canada; Venezuela; France,0.024732
Lebanon,1970,20,Saudi Arabia,0.213853,True,0.287029,0.665141,20,True,False,5,0.397138,Venezuela; Israel; Italy; Slovenia; Finland,-0.110108
Lebanon,1970,10,Saudi Arabia,0.213853,False,0.588833,0.665141,10,True,False,5,0.456003,Venezuela; Israel; Italy; Slovenia; Finland,0.132829
Lebanon,1970,30,Saudi Arabia,0.213853,False,0.176002,0.665141,30,True,False,5,0.251803,Venezuela; Israel; Italy; Slovenia; Finland,-0.075801
Lebanon,1980,20,Saudi Arabia,0.414466,False,-0.158918,1.579805,20,True,False,5,-0.099416,Hong Kong; Trinidad and Tobago; Israel; New Zealand; Slovenia,-0.059502
Lebanon,1980,10,Saudi Arabia,0.414466,False,-0.285554,1.579805,10,True,False,5,0.020855,Hong Kong; Trinidad and Tobago; Israel; New Zealand; Slovenia,-0.306409
Lebanon,1980,30,Saudi Arabia,0.414466,False,-0.143137,1.579805,30,True,False,5,-0.201223,Hong Kong; Trinidad and Tobago; Israel; New Zealand; Slovenia,0.058085
Lebanon,1990,20,Saudi Arabia,0.175808,False,-0.118828,1.346513,20,True,False,5,-0.227066,Slovenia; Greece; Taiwan; Cyprus; Portugal,0.108238
Lebanon,1990,10,Saudi Arabia,0.175808,False,-0.178032,1.346513,10,True,False,5,-0.235027,Slovenia; Greece; Taiwan; Cyprus; Portugal,0.056995
Lebanon,1990,30,Saudi Arabia,0.175808,False,-0.049243,1.346513,29,True,False,5,-0.281872,Slovenia; Greece; Taiwan; Cyprus; Portugal,0.232629
Libya,1960,20,Italy,0.409543,False,-0.461746,1.737677,20,True,False,5,-0.477697,Finland; Trinidad and Tobago; Austria; Iceland; Belgium,0.015951
Libya,1960,10,Italy,0.409543,False,-0.569709,1.737677,10,True,False,5,-0.631734,Finland; Trinidad and Tobago; Austria; Iceland; Belgium,0.062025
Libya,1960,30,Italy,0.409543,False,-0.182243,1.737677,30,True,False,5,-0.200961,Finland; Trinidad and Tobago; Austria; Iceland; Belgium,0.018718
Libya,1970,20,Italy,0.245073,False,0.241559,0.9459,20,True,False,5,0.216914,Finland; Japan; Austria; Iceland; Venezuela,0.024646
Libya,1970,10,Italy,0.245073,False,-0.058481,0.9459,10,True,False,5,-0.046212,Finland; Japan; Austria; Iceland; Venezuela,-0.012269
Libya,1970,30,Italy,0.245073,False,0.242858,0.9459,30,True,False,5,0.187168,Finland; Japan; Austria; Iceland; Venezuela,0.05569
Libya,1980,20,United States,0.464859,True,0.136319,1.498975,20,True,False,5,0.069053,Qatar; Switzerland; Canada; Luxembourg; Iceland,0.067266
Libya,1980,10,United States,0.464859,False,0.361755,1.498975,10,True,False,5,0.210146,Qatar; Switzerland; Canada; Luxembourg; Iceland,0.151609
Libya,1980,30,United States,0.464859,False,-0.146994,1.498975,30,True,False,5,-0.095806,Qatar; Switzerland; Canada; Luxembourg; Iceland,-0.051188
Libya,1990,20,Italy,0.404411,True,-0.409735,1.507201,20,True,False,5,-0.333064,United Kingdom; Sweden; United Arab Emirates; Iceland; Austria,-0.076671
Libya,1990,10,Italy,0.404411,False,-0.168216,1.507201,10,True,False,5,-0.182436,United Kingdom; Sweden; Iceland; Austria; Belgium,0.01422
Libya,1990,30,Italy,0.404411,False,-0.316342,1.507201,29,True,False,5,-0.199339,United Kingdom; Sweden; United Arab Emirates; Iceland; Austria,-0.117003
Luxembourg,1950,20,Netherlands,0.27015,False,0.067733,-0.263015,20,False,False,5,0.052284,Norway; Venezuela; Belgium; Sweden; Denmark,0.015449
Luxembourg,1950,10,Netherlands,0.27015,False,0.055092,-0.263015,10,False,False,5,0.029723,Norway; Venezuela; Belgium; Sweden; Denmark,0.025369
Luxembourg,1950,30,Netherlands,0.27015,False,0.081476,-0.263015,30,False,False,5,0.055945,Norway; Venezuela; Belgium; Sweden; Denmark,0.025531
Luxembourg,1960,20,Netherlands,0.235138,False,0.055813,-0.185342,20,False,False,5,0.01597,Australia; Canada; Venezuela; Sweden; Denmark,0.039843
Luxembourg,1960,10,Netherlands,0.235138,False,0.049731,-0.185342,10,False,False,5,0.036456,Australia; Canada; Venezuela; Sweden; Denmark,0.013275
Luxembourg,1960,30,Netherlands,0.235138,False,0.013159,-0.185342,30,False,False,5,-0.028422,Australia; Canada; Venezuela; Sweden; Denmark,0.041581
Luxembourg,1970,20,Germany,0.224712,True,0.001499,-0.204425,20,False,False,5,0.026303,Belgium; New Zealand; Norway; Iceland; Austria,-0.024804
Luxembourg,1970,10,Germany,0.224712,False,0.034102,-0.204425,10,False,False,5,0.056821,Belgium; New Zealand; Norway; Iceland; Austria,-0.02272
Luxembourg,1970,30,Germany,0.224712,False,-0.066882,-0.204425,30,False,False,5,-0.039279,Belgium; New Zealand; Norway; Iceland; Austria,-0.027603
Luxembourg,1980,20,Germany,0.231557,False,-0.121205,-0.117921,20,False,False,5,-0.100587,Japan; Belgium; Austria; Australia; Finland,-0.020617
Luxembourg,1980,10,Germany,0.231557,False,-0.079296,-0.117921,10,False,False,5,-0.063627,Japan; Belgium; Austria; Australia; Finland,-0.015669
Luxembourg,1980,30,Germany,0.231557,False,-0.109628,-0.117921,30,False,False,5,-0.099422,Japan; Belgium; Austria; Australia; Finland,-0.010206
Luxembourg,1990,20,Germany,0.198802,False,0.001465,-0.374762,20,False,False,5,0.044882,Sweden; United Arab Emirates; Iceland; Austria; Belgium,-0.043417
Luxembourg,1990,10,Germany,0.198802,False,0.010789,-0.374762,10,False,False,5,-0.007207,Sweden; Iceland; Austria; Belgium; Australia,0.017995
Luxembourg,1990,30,Germany,0.198802,False,0.049184,-0.374762,29,False,False,5,0.06182,Sweden; United Arab Emirates; Iceland; Austria; Belgium,-0.012636
Malaysia,1970,20,Japan,0.2309,False,-0.104326,1.506544,20,True,False,5,-0.105129,Austria; Finland; Iceland; Norway; Italy,0.000803
Malaysia,1970,10,Japan,0.2309,False,-0.099653,1.506544,10,True,False,5,-0.082364,Austria; Finland; Iceland; Norway; Italy,-0.017289
Malaysia,1970,30,Japan,0.2309,False,-0.1758,1.506544,30,True,False,5,-0.19395,Austria; Finland; Iceland; Norway; Italy,0.01815
Malaysia,1980,20,Japan,0.236927,False,-0.120057,1.266741,20,True,False,5,-0.15966,Austria; Germany; Belgium; Australia; Netherlands,0.039603
Malaysia,1980,10,Japan,0.236927,False,0.024907,1.266741,10,True,False,5,-0.027915,Austria; Germany; Belgium; Australia; Netherlands,0.052822
Malaysia,1980,30,Japan,0.236927,False,-0.212193,1.266741,30,True,False,5,-0.182367,Austria; Germany; Belgium; Australia; Netherlands,-0.029827
Malaysia,1990,20,Singapore,0.243013,True,0.029787,0.992062,20,True,False,5,-0.047857,Finland; United Arab Emirates; Italy; Germany; Sweden,0.077644
Malaysia,1990,10,Singapore,0.243013,False,-0.006005,0.992062,10,True,False,5,-0.155139,Finland; Italy; Germany; Sweden; Iceland,0.149134
Malaysia,1990,30,Singapore,0.243013,False,0.042426,0.992062,29,True,False,5,-0.117286,Finland; United Arab Emirates; Italy; Germany; Sweden,0.159712
Malta,1970,20,United Kingdom,0.446906,False,-0.322967,1.442435,20,True,False,5,-0.28569,Germany; Belgium; Norway; New Zealand; Iceland,-0.037277
Malta,1970,10,United Kingdom,0.446906,False,-0.289843,1.442435,10,True,False,5,-0.250217,Germany; Belgium; Norway; New Zealand; Iceland,-0.039626
Malta,1970,30,United Kingdom,0.446906,False,-0.357541,1.442435,30,True,False,5,-0.331258,Germany; Belgium; Norway; New Zealand; Iceland,-0.026282
Malta,1980,20,United Kingdom,0.340584,False,-0.132356,0.801101,20,True,False,5,-0.192206,Slovenia; New Zealand; Finland; Austria; Japan,0.05985
Malta,1980,10,United Kingdom,0.340584,False,-0.021467,0.801101,10,True,False,5,-0.064599,Slovenia; New Zealand; Finland; Austria; Japan,0.043132
Malta,1980,30,United Kingdom,0.340584,False,-0.154169,0.801101,30,True,False,5,-0.198367,Slovenia; New Zealand; Finland; Austria; Japan,0.044198
Malta,1990,20,Italy,0.278604,True,-0.090648,0.625833,20,True,False,5,-0.010683,Sweden; United Arab Emirates; Iceland; Austria; Belgium,-0.079965
Malta,1990,10,Italy,0.278604,False,-0.082738,0.625833,10,True,False,5,-0.088148,Sweden; Iceland; Austria; Belgium; Australia,0.00541
Malta,1990,30,Italy,0.278604,False,-0.161907,0.625833,29,True,False,5,-0.047479,Sweden; United Arab Emirates; Iceland; Austria; Belgium,-0.114429
Mexico,1900,20,United States,0.737773,False,0.007103,1.50774,20,True,False,1,0.009537,New Zealand,-0.002434
Mexico,1900,10,United States,0.737773,False,-0.020692,1.50774,10,True,False,1,-0.016402,New Zealand,-0.00429
Mexico,1900,30,United States,0.737773,False,-0.012627,1.50774,30,True,False,1,-0.055465,New Zealand,0.042837
Mexico,1910,20,United States,0.69409,False,-0.023018,1.528505,20,True,False,3,-0.084795,New Zealand; Australia; Switzerland,0.061777
Mexico,1910,10,United States,0.69409,False,0.007523,1.528505,10,True,False,3,-0.059121,New Zealand; Australia; Switzerland,0.066644
Mexico,1910,30,United States,0.69409,False,-0.022891,1.528505,30,True,False,3,-0.01107,New Zealand; Australia; Switzerland,-0.011821
Mexico,1920,20,United States,0.744354,False,0.036195,1.40198,20,True,False,1,0.065394,New Zealand,-0.029199
Mexico,1920,10,United States,0.744354,False,0.083192,1.40198,10,True,False,1,-0.035625,New Zealand,0.118817
Mexico,1920,30,United States,0.744354,False,0.072794,1.40198,30,True,False,1,0.070506,New Zealand,0.002288
Mexico,1930,20,United States,0.492571,False,0.051419,1.454397,20,True,False,5,-0.098274,Denmark; Switzerland; Netherlands; Australia; New Zealand,0.149692
Mexico,1930,10,United States,0.492571,False,-0.032387,1.454397,10,True,False,5,-0.012838,Denmark; Switzerland; Netherlands; Australia; New Zealand,-0.019548
Mexico,1930,30,United States,0.492571,False,-0.004838,1.454397,30,True,False,5,-0.094604,Denmark; Switzerland; Netherlands; Australia; New Zealand,0.089766
Mexico,1940,20,United States,0.391151,False,-0.097884,1.654827,20,True,False,0,,,
Mexico,1940,10,United States,0.391151,False,-0.028545,1.654827,10,True,False,0,,,
Mexico,1940,30,United States,0.391151,False,-0.129951,1.654827,30,True,False,0,,,
Mexico,1950,20,United States,0.644489,False,-0.080407,1.488052,20,True,False,2,-0.079792,Luxembourg; New Zealand,-0.000615
Mexico,1950,10,United States,0.644489,False,-0.056886,1.488052,10,True,False,2,-0.040841,Luxembourg; New Zealand,-0.016045
Mexico,1950,30,United States,0.644489,False,-0.105638,1.488052,30,True,False,2,-0.118986,Luxembourg; New Zealand,0.013348
Mexico,1960,20,United States,0.584563,False,-0.059206,1.333226,20,True,False,5,-0.068498,Switzerland; Luxembourg; New Zealand; Denmark; Sweden,0.009292
Mexico,1960,10,United States,0.584563,False,-0.018627,1.333226,10,True,False,5,-0.039063,Switzerland; Luxembourg; New Zealand; Denmark; Sweden,0.020436
Mexico,1960,30,United States,0.584563,False,-0.052421,1.333226,30,True,False,5,-0.069659,Switzerland; Luxembourg; New Zealand; Denmark; Sweden,0.017238
Mexico,1970,20,United States,0.642275,False,-0.002523,1.246254,20,True,False,5,-0.025596,Switzerland; Luxembourg; Denmark; Sweden; Netherlands,0.023073
Mexico,1970,10,United States,0.642275,False,-0.031728,1.246254,10,True,False,5,-0.053406,Switzerland; Luxembourg; Denmark; Sweden; Netherlands,0.021677
Mexico,1970,30,United States,0.642275,False,0.036479,1.246254,30,True,False,5,0.028081,Switzerland; Luxembourg; Denmark; Sweden; Netherlands,0.008398
Mexico,1980,20,United States,0.730026,False,0.112748,1.103183,20,True,False,5,0.055308,Qatar; Switzerland; Luxembourg; Iceland; Denmark,0.05744
Mexico,1980,10,United States,0.730026,False,0.147072,1.103183,10,True,False,5,-0.000663,Qatar; Switzerland; Luxembourg; Iceland; Denmark,0.147735
Mexico,1980,30,United States,0.730026,False,0.069768,1.103183,30,True,False,5,0.129629,Qatar; Switzerland; Luxembourg; Iceland; Denmark,-0.059861
Mexico,1990,20,United States,0.741431,False,-0.022266,1.300033,20,True,False,5,0.045816,Luxembourg; Switzerland; Norway; Denmark; Hong Kong,-0.068082
Mexico,1990,10,United States,0.741431,False,0.009588,1.300033,10,True,False,5,0.044304,Luxembourg; Switzerland; Norway; Denmark; Hong Kong,-0.034717
Mexico,1990,30,United States,0.741431,False,-0.05035,1.300033,29,True,False,5,0.035246,Luxembourg; Switzerland; Norway; Denmark; Hong Kong,-0.085595
Mongolia,1960,20,Romania,1.0,False,0.279498,0.630816,20,True,True,5,0.057386,Saint Lucia; Thailand; Madagascar; Libya; Haiti,0.222112
Mongolia,1960,10,Romania,1.0,False,0.169911,0.630816,10,True,True,5,0.079487,Saint Lucia; Thailand; Madagascar; Libya; Haiti,0.090424
Mongolia,1960,30,Romania,1.0,False,0.222283,0.630816,30,True,True,5,-0.065137,Saint Lucia; Thailand; Madagascar; Libya; Haiti,0.28742
Mongolia,1970,20,United States,0.327761,True,-0.08919,2.9853,20,True,True,5,-0.101898,Switzerland; Luxembourg; Denmark; Sweden; Canada,0.012708
Mongolia,1970,10,United States,0.327761,False,-0.016524,2.9853,10,True,True,5,-0.030652,Switzerland; Luxembourg; Denmark; Sweden; Canada,0.014127
Mongolia,1970,30,United States,0.327761,False,-0.051822,2.9853,30,True,True,5,-0.059833,Switzerland; Luxembourg; Denmark; Sweden; Canada,0.008011
Mongolia,1980,20,Romania,0.164138,True,-0.104247,1.168738,20,True,True,5,-0.237291,Kyrgyzstan; Guatemala; Tajikistan; Seychelles; Namibia,0.133044
Mongolia,1980,10,Romania,0.164138,False,-0.077923,1.168738,10,True,True,5,-0.189248,Kyrgyzstan; Guatemala; Tajikistan; Seychelles; Namibia,0.111324
Mongolia,1980,30,Romania,0.164138,False,-0.124209,1.168738,30,True,True,5,-0.414149,Kyrgyzstan; Guatemala; Tajikistan; Seychelles; Namibia,0.28994
Mongolia,1990,20,Japan,0.194697,True,-0.396781,2.760652,20,True,True,5,-0.256297,Denmark; Hong Kong; Canada; Norway; Netherlands,-0.140483
Mongolia,1990,10,Japan,0.194697,False,-0.084682,2.760652,10,True,True,5,-0.004713,Denmark; Hong Kong; Canada; Norway; Netherlands,-0.079968
Mongolia,1990,30,Japan,0.194697,False,-0.64613,2.760652,29,True,True,5,-0.498032,Denmark; Hong Kong; Canada; Norway; Netherlands,-0.148098
Morocco,1960,20,France,0.536837,False,0.090902,1.783412,20,True,False,5,0.059647,Venezuela; Norway; Belgium; Netherlands; Iceland,0.031255
Morocco,1960,10,France,0.536837,False,0.099349,1.783412,10,True,False,5,0.069501,Venezuela; Norway; Belgium; Netherlands; Iceland,0.029848
Morocco,1960,30,France,0.536837,False,0.050748,1.783412,30,True,False,5,0.01797,Venezuela; Norway; Belgium; Netherlands; Iceland,0.032778
Morocco,1970,20,France,0.423236,False,-0.040824,1.989778,20,True,False,5,-0.059213,Australia; New Zealand; Netherlands; Canada; Germany,0.018389
Morocco,1970,10,France,0.423236,False,-0.021178,1.989778,10,True,False,5,-0.039122,Australia; New Zealand; Netherlands; Canada; Germany,0.017944
Morocco,1970,30,France,0.423236,False,-0.031026,1.989778,30,True,False,5,-0.044025,Australia; New Zealand; Netherlands; Canada; Germany,0.012999
Morocco,1980,20,France,0.309146,False,0.008646,1.894676,20,True,False,5,0.056727,Sweden; Norway; Netherlands; Australia; Denmark,-0.048081
Morocco,1980,10,France,0.309146,False,0.002961,1.894676,10,True,False,5,0.022688,Sweden; Norway; Netherlands; Australia; Denmark,-0.019727
Morocco,1980,30,France,0.309146,False,-0.026443,1.894676,30,True,False,5,0.069389,Sweden; Norway; Netherlands; Australia; Denmark,-0.095833
Morocco,1990,20,France,0.334601,False,-0.052897,1.902607,20,True,False,5,0.060527,Netherlands; Australia; Austria; United Arab Emirates; Iceland,-0.113424
Morocco,1990,10,France,0.334601,False,0.000146,1.902607,10,True,False,5,0.031886,Netherlands; Australia; Austria; Iceland; Sweden,-0.03174
Morocco,1990,30,France,0.334601,False,-0.136028,1.902607,29,True,False,5,-0.016024,Netherlands; Australia; Austria; United Arab Emirates; Iceland,-0.120004
Mozambique,1980,20,United States,0.169781,False,0.286453,2.816201,20,True,False,5,0.219188,Qatar; Switzerland; Canada; Luxembourg; Iceland,0.067266
Mozambique,1980,10,United States,0.169781,False,0.195888,2.816201,10,True,False,5,0.044279,Qatar; Switzerland; Canada; Luxembourg; Iceland,0.151609
Mozambique,1980,30,United States,0.169781,False,0.397552,2.816201,30,True,False,5,0.44874,Qatar; Switzerland; Canada; Luxembourg; Iceland,-0.051188
Mozambique,1990,20,Singapore,0.171851,True,0.480311,2.805823,20,True,False,5,0.338825,Finland; United Kingdom; Italy; Germany; Sweden,0.141485
Mozambique,1990,10,Singapore,0.171851,False,0.372476,2.805823,10,True,False,5,0.23032,Finland; United Kingdom; Italy; Germany; Sweden,0.142156
Mozambique,1990,30,Singapore,0.171851,False,0.561131,2.805823,29,True,False,5,0.34012,Finland; United Kingdom; Italy; Germany; Sweden,0.221011
Myanmar,1950,20,India,0.341716,False,-0.057219,0.391889,20,True,False,5,0.019176,Niger; Gambia; Cape Verde; Romania; Democratic Republic of Congo,-0.076395
Myanmar,1950,10,India,0.341716,False,-0.040767,0.391889,10,True,False,5,-0.00891,Niger; Gambia; Cape Verde; Romania; Democratic Republic of Congo,-0.031858
Myanmar,1950,30,India,0.341716,False,-0.055787,0.391889,30,True,False,5,0.00961,Niger; Gambia; Cape Verde; Romania; Democratic Republic of Congo,-0.065397
Myanmar,1960,20,India,0.210752,False,-0.008105,0.267158,20,True,False,5,-0.058248,Gambia; Cape Verde; Sierra Leone; Democratic Republic of Congo; Afghanistan,0.050143
Myanmar,1960,10,India,0.210752,False,0.005531,0.267158,10,True,False,5,0.031142,Gambia; Cape Verde; Sierra Leone; Democratic Republic of Congo; Afghanistan,-0.025612
Myanmar,1960,30,India,0.210752,False,-0.016891,0.267158,30,True,False,5,-0.128809,Gambia; Cape Verde; Sierra Leone; Democratic Republic of Congo; Afghanistan,0.111918
Myanmar,1970,20,India,0.176163,False,-0.019303,0.28173,20,True,False,5,-0.219943,Uganda; Sudan; Gambia; Guinea-Bissau; Central African Republic,0.20064
Myanmar,1970,10,India,0.176163,False,-0.03667,0.28173,10,True,False,5,-0.084079,Uganda; Sudan; Gambia; Guinea-Bissau; Central African Republic,0.047409
Myanmar,1970,30,India,0.176163,False,0.0841,0.28173,30,True,False,5,-0.207279,Uganda; Sudan; Gambia; Guinea-Bissau; Central African Republic,0.291379
Myanmar,1980,20,Indonesia,0.185895,True,0.247795,0.766963,20,True,False,5,0.019438,Cote d'Ivoire; Djibouti; Honduras; Eswatini; Saint Lucia,0.228357
Myanmar,1980,10,Indonesia,0.185895,False,0.093897,0.766963,10,True,False,5,0.016046,Cote d'Ivoire; Djibouti; Honduras; Eswatini; Saint Lucia,0.077852
Myanmar,1980,30,Indonesia,0.185895,False,0.069059,0.766963,30,True,False,5,-0.161232,Cote d'Ivoire; Djibouti; Honduras; Eswatini; Saint Lucia,0.230291
Myanmar,1990,20,China,0.221754,True,-0.039486,0.938478,20,True,False,5,-0.284244,Albania; Cuba; Philippines; Tajikistan; Honduras,0.244758
Myanmar,1990,10,China,0.221754,False,0.074804,0.938478,10,True,False,5,-0.227408,Albania; Cuba; Philippines; Tajikistan; Honduras,0.302212
Myanmar,1990,30,China,0.221754,False,-0.032457,0.938478,29,True,False,5,-0.299484,Albania; Cuba; Philippines; Tajikistan; Honduras,0.267027
Nepal,1970,20,India,0.723655,False,0.05584,0.270914,20,True,False,5,-0.1448,Uganda; Sudan; Gambia; Guinea-Bissau; Central African Republic,0.20064
Nepal,1970,10,India,0.723655,False,0.012709,0.270914,10,True,False,5,-0.0347,Uganda; Sudan; Gambia; Guinea-Bissau; Central African Republic,0.047409
Nepal,1970,30,India,0.723655,False,0.082139,0.270914,30,True,False,5,-0.20924,Uganda; Sudan; Gambia; Guinea-Bissau; Central African Republic,0.291379
Nepal,1980,20,India,0.435304,False,0.060357,0.364012,20,True,False,5,-0.135462,Mauritania; Sierra Leone; Lesotho; Kenya; Ghana,0.195819
Nepal,1980,10,India,0.435304,False,0.039436,0.364012,10,True,False,5,-0.087063,Mauritania; Sierra Leone; Lesotho; Kenya; Ghana,0.126499
Nepal,1980,30,India,0.435304,False,0.103032,0.364012,30,True,False,5,-0.139432,Mauritania; Sierra Leone; Lesotho; Kenya; Ghana,0.242464
Nepal,1990,20,United States,0.305279,True,-0.023633,3.302472,20,True,False,5,0.01868,Luxembourg; Norway; Japan; Denmark; Hong Kong,-0.042313
Nepal,1990,10,United States,0.305279,False,-0.008093,3.302472,10,True,False,5,0.01984,Luxembourg; Norway; Japan; Denmark; Hong Kong,-0.027933
Nepal,1990,30,United States,0.305279,False,-0.086562,3.302472,29,True,False,5,-0.032581,Luxembourg; Norway; Japan; Denmark; Hong Kong,-0.053982
Netherlands,1900,20,United Kingdom,0.524629,False,-0.010718,0.315006,20,True,False,3,0.029066,New Zealand; Switzerland; Australia,-0.039784
Netherlands,1900,10,United Kingdom,0.524629,False,-0.0276,0.315006,10,True,False,3,0.057318,New Zealand; Switzerland; Australia,-0.084918
Netherlands,1900,30,United Kingdom,0.524629,False,-0.11872,0.315006,30,True,False,3,-0.061623,New Zealand; Switzerland; Australia,-0.057097
Netherlands,1910,20,United Kingdom,0.438723,False,-0.133934,0.250409,20,True,False,4,-0.126425,Switzerland; Australia; New Zealand; Canada,-0.007509
Netherlands,1910,10,United Kingdom,0.438723,False,0.047678,0.250409,10,True,False,4,-0.016345,Switzerland; Australia; New Zealand; Canada,0.064023
Netherlands,1910,30,United Kingdom,0.438723,False,-0.09236,0.250409,30,True,False,4,-0.115448,Switzerland; Australia; New Zealand; Canada,0.023088
Netherlands,1920,20,United Kingdom,0.319918,False,0.05002,0.008611,20,True,False,5,0.006093,Switzerland; Denmark; Australia; New Zealand; Canada,0.043927
Netherlands,1920,10,United Kingdom,0.319918,False,-0.0328,0.008611,10,True,False,5,-0.046192,Switzerland; Denmark; Australia; New Zealand; Canada,0.013391
Netherlands,1920,30,United Kingdom,0.319918,False,0.194415,0.008611,30,True,False,5,0.156704,Switzerland; Denmark; Australia; New Zealand; Canada,0.037711
Netherlands,1930,20,United Kingdom,0.258558,False,0.227452,0.040194,20,True,False,4,0.197763,Denmark; Australia; New Zealand; Switzerland,0.029689
Netherlands,1930,10,United Kingdom,0.258558,False,0.094369,0.040194,10,True,False,4,0.083776,Denmark; Australia; New Zealand; Switzerland,0.010593
Netherlands,1930,30,United Kingdom,0.258558,False,0.060094,0.040194,30,True,False,4,0.09156,Denmark; Australia; New Zealand; Switzerland,-0.031467
Netherlands,1940,20,United Kingdom,0.261239,False,-0.232532,0.633114,20,True,False,3,-0.142721,Australia; New Zealand; Canada,-0.089811
Netherlands,1940,10,United Kingdom,0.261239,False,-0.061063,0.633114,10,True,False,3,0.043798,Australia; New Zealand; Canada,-0.104861
Netherlands,1940,30,United Kingdom,0.261239,False,-0.249813,0.633114,30,True,False,3,-0.180508,Australia; New Zealand; Canada,-0.069305
Netherlands,1950,20,United Kingdom,0.238442,False,-0.072899,0.135864,20,True,False,5,-0.044453,Denmark; Australia; Switzerland; Canada; New Zealand,-0.028447
Netherlands,1950,10,United Kingdom,0.238442,False,-0.053265,0.135864,10,True,False,5,-0.044516,Denmark; Australia; Switzerland; Canada; New Zealand,-0.008749
Netherlands,1950,30,United Kingdom,0.238442,False,-0.103071,0.135864,30,True,False,5,-0.06406,Denmark; Australia; Switzerland; Canada; New Zealand,-0.039011
Netherlands,1960,20,Belgium,0.153481,True,0.033735,-0.133761,20,False,False,5,0.003592,Norway; Iceland; France; Venezuela; Austria,0.030143
Netherlands,1960,10,Belgium,0.153481,False,0.010014,-0.133761,10,False,False,5,-0.005893,Norway; Iceland; France; Venezuela; Austria,0.015907
Netherlands,1960,30,Belgium,0.153481,False,0.055466,-0.133761,30,False,False,5,0.023579,Norway; Iceland; France; Venezuela; Austria,0.031888
Netherlands,1970,20,Belgium,0.18839,False,0.046296,-0.092908,20,False,False,5,0.069127,Germany; New Zealand; Norway; Iceland; Austria,-0.02283
Netherlands,1970,10,Belgium,0.18839,False,0.029745,-0.092908,10,False,False,5,0.035493,Germany; New Zealand; Norway; Iceland; Austria,-0.005748
Netherlands,1970,30,Belgium,0.18839,False,0.023755,-0.092908,30,False,False,5,0.043126,Germany; New Zealand; Norway; Iceland; Austria,-0.019371
Netherlands,1980,20,Belgium,0.214664,False,-0.023646,-0.005162,20,False,False,5,-0.011731,Australia; Germany; Japan; Austria; Sweden,-0.011915
Netherlands,1980,10,Belgium,0.214664,False,0.004003,-0.005162,10,False,False,5,0.028468,Australia; Germany; Japan; Austria; Sweden,-0.024466
Netherlands,1980,30,Belgium,0.214664,False,-0.050694,-0.005162,30,False,False,5,-0.031893,Australia; Germany; Japan; Austria; Sweden,-0.018801
Netherlands,1990,20,Belgium,0.179537,False,-0.057935,-0.019452,20,False,False,5,0.034902,Australia; Austria; Iceland; Sweden; United Arab Emirates,-0.092837
Netherlands,1990,10,Belgium,0.179537,False,-0.04472,-0.019452,10,False,False,5,-0.038802,Australia; Austria; Iceland; Sweden; Canada,-0.005918
Netherlands,1990,30,Belgium,0.179537,False,-0.059421,-0.019452,29,False,False,5,0.040644,Australia; Austria; Iceland; Sweden; United Arab Emirates,-0.100066
New Zealand,1920,20,United Kingdom,0.799331,False,0.10675,-0.119593,20,False,False,4,0.086806,Switzerland; Belgium; Denmark; Argentina,0.019945
New Zealand,1920,10,United Kingdom,0.799331,False,0.140499,-0.119593,10,False,False,4,0.157785,Switzerland; Belgium; Denmark; Argentina,-0.017286
New Zealand,1920,30,United Kingdom,0.799331,False,0.060856,-0.119593,30,False,False,4,-0.025263,Switzerland; Belgium; Denmark; Argentina,0.086119
New Zealand,1930,20,United Kingdom,0.862116,False,-0.065499,0.141864,20,True,False,5,-0.237077,Denmark; Netherlands; Belgium; Switzerland; France,0.171578
New Zealand,1930,10,United Kingdom,0.862116,False,-0.062587,0.141864,10,True,False,5,-0.140399,Denmark; Netherlands; Belgium; Switzerland; France,0.077812
New Zealand,1930,30,United Kingdom,0.862116,False,-0.102709,0.141864,30,True,False,5,-0.1436,Denmark; Netherlands; Belgium; Switzerland; France,0.04089
New Zealand,1940,20,United Kingdom,0.703846,False,-0.116351,0.118497,20,True,False,1,-0.011189,Canada,-0.105162
New Zealand,1940,10,United Kingdom,0.703846,False,-0.112995,0.118497,10,True,False,1,0.028545,Canada,-0.14154
New Zealand,1940,30,United Kingdom,0.703846,False,-0.083366,0.118497,30,True,False,1,0.00066,Canada,-0.084026
New Zealand,1950,20,United Kingdom,0.702036,False,0.019406,-0.113796,20,False,False,5,0.07781,Denmark; Sweden; Switzerland; Luxembourg; Netherlands,-0.058404
New Zealand,1950,10,United Kingdom,0.702036,False,0.00348,-0.113796,10,False,False,5,0.029028,Denmark; Sweden; Switzerland; Luxembourg; Netherlands,-0.025548
New Zealand,1950,30,United Kingdom,0.702036,False,0.044077,-0.113796,30,False,False,5,0.118362,Denmark; Sweden; Switzerland; Luxembourg; Netherlands,-0.074285
New Zealand,1960,20,United Kingdom,0.59615,False,0.042983,-0.093298,20,False,False,5,0.089678,Canada; Netherlands; Sweden; Denmark; Venezuela,-0.046696
New Zealand,1960,10,United Kingdom,0.59615,False,0.011092,-0.093298,10,False,False,5,0.054575,Canada; Netherlands; Sweden; Denmark; Venezuela,-0.043482
New Zealand,1960,30,United Kingdom,0.59615,False,0.067625,-0.093298,30,False,False,5,0.079272,Canada; Netherlands; Sweden; Denmark; Venezuela,-0.011647
New Zealand,1970,20,United Kingdom,0.421168,False,0.060388,-0.051626,20,False,False,5,0.119089,Germany; Belgium; Norway; Iceland; Austria,-0.0587
New Zealand,1970,10,United Kingdom,0.421168,False,0.042112,-0.051626,10,False,False,5,0.100951,Germany; Belgium; Norway; Iceland; Austria,-0.058839
New Zealand,1970,30,United Kingdom,0.421168,False,0.092299,-0.051626,30,False,False,5,0.14697,Germany; Belgium; Norway; Iceland; Austria,-0.054672
New Zealand,1980,20,United Kingdom,0.187405,False,0.07928,0.010582,20,True,False,5,0.024532,Slovenia; Italy; Finland; Austria; Germany,0.054748
New Zealand,1980,10,United Kingdom,0.187405,False,0.056309,0.010582,10,True,False,5,0.009222,Slovenia; Italy; Finland; Austria; Germany,0.047088
New Zealand,1980,30,United Kingdom,0.187405,False,0.060098,0.010582,30,True,False,5,0.02961,Slovenia; Italy; Finland; Austria; Germany,0.030487
New Zealand,1990,20,Australia,0.180593,True,0.041582,0.251891,20,True,False,5,-0.013584,Belgium; Austria; Iceland; France; Netherlands,0.055166
New Zealand,1990,10,Australia,0.180593,False,0.034082,0.251891,10,True,False,5,-0.012834,Belgium; Austria; Iceland; France; Netherlands,0.046917
New Zealand,1990,30,Australia,0.180593,False,0.045716,0.251891,29,True,False,5,-0.026136,Belgium; Austria; Iceland; France; Netherlands,0.071852
Nicaragua,1920,20,United States,0.670395,False,0.011637,1.640955,20,True,False,1,0.040837,New Zealand,-0.029199
Nicaragua,1920,10,United States,0.670395,False,-0.006695,1.640955,10,True,False,1,-0.125513,New Zealand,0.118817
Nicaragua,1920,30,United States,0.670395,False,0.088102,1.640955,30,True,False,1,0.085814,New Zealand,0.002288
Nicaragua,1930,20,United States,0.552191,False,0.167681,1.462635,20,True,False,5,0.017751,United Kingdom; Denmark; Switzerland; Belgium; Australia,0.14993
Nicaragua,1930,10,United States,0.552191,False,0.13983,1.462635,10,True,False,5,0.150098,United Kingdom; Denmark; Switzerland; Belgium; Australia,-0.010268
Nicaragua,1930,30,United States,0.552191,False,0.08733,1.462635,30,True,False,5,-0.02395,United Kingdom; Denmark; Switzerland; Belgium; Australia,0.111281
Nicaragua,1940,20,United States,0.411946,False,-0.059027,1.854758,20,True,False,1,-0.128585,United Kingdom,0.069558
Nicaragua,1940,10,United States,0.411946,False,0.045033,1.854758,10,True,False,1,-0.060183,United Kingdom,0.105216
Nicaragua,1940,30,United States,0.411946,False,-0.078031,1.854758,30,True,False,1,-0.128769,United Kingdom,0.050738
Nicaragua,1950,20,United States,0.719164,False,-0.046683,1.731942,20,True,False,2,-0.046068,Luxembourg; New Zealand,-0.000615
Nicaragua,1950,10,United States,0.719164,False,-0.056928,1.731942,10,True,False,2,-0.040884,Luxembourg; New Zealand,-0.016045
Nicaragua,1950,30,United States,0.719164,False,-0.00105,1.731942,30,True,False,2,-0.014398,Luxembourg; New Zealand,0.013348
Nicaragua,1960,20,United States,0.33761,False,0.036047,1.677999,20,True,False,5,0.026755,Switzerland; Luxembourg; New Zealand; Denmark; Sweden,0.009292
Nicaragua,1960,10,United States,0.33761,False,-0.043955,1.677999,10,True,False,5,-0.064391,Switzerland; Luxembourg; New Zealand; Denmark; Sweden,0.020436
Nicaragua,1960,30,United States,0.33761,False,0.264022,1.677999,30,True,False,5,0.246784,Switzerland; Luxembourg; New Zealand; Denmark; Sweden,0.017238
Nicaragua,1970,20,United States,0.346545,False,0.358766,1.695789,20,True,False,5,0.346058,Switzerland; Luxembourg; Denmark; Sweden; Canada,0.012708
Nicaragua,1970,10,United States,0.346545,False,0.089766,1.695789,10,True,False,5,0.075638,Switzerland; Luxembourg; Denmark; Sweden; Canada,0.014127
Nicaragua,1970,30,United States,0.346545,False,0.491032,1.695789,30,True,False,5,0.483021,Switzerland; Luxembourg; Denmark; Sweden; Canada,0.008011
Nicaragua,1980,20,United States,0.370098,False,0.321245,2.184495,20,True,False,5,0.253979,Qatar; Switzerland; Canada; Luxembourg; Iceland,0.067266
Nicaragua,1980,10,United States,0.370098,False,0.239944,2.184495,10,True,False,5,0.088334,Qatar; Switzerland; Canada; Luxembourg; Iceland,0.151609
Nicaragua,1980,30,United States,0.370098,False,0.218803,2.184495,30,True,False,5,0.26999,Qatar; Switzerland; Canada; Luxembourg; Iceland,-0.051188
Nicaragua,1990,20,Canada,0.175149,True,-0.066439,2.610823,20,True,False,5,-0.051725,Hong Kong; Denmark; Netherlands; Australia; Belgium,-0.014714
Nicaragua,1990,10,Canada,0.175149,False,-0.002294,2.610823,10,True,False,5,0.023543,Hong Kong; Denmark; Netherlands; Australia; Belgium,-0.025837
Nicaragua,1990,30,Canada,0.175149,False,-0.146948,2.610823,29,True,False,5,-0.124999,Hong Kong; Denmark; Netherlands; Australia; Belgium,-0.021949
Nigeria,1960,20,United Kingdom,0.565596,False,-0.05406,2.350421,20,True,False,5,0.001534,Australia; Canada; Sweden; Denmark; Germany,-0.055594
Nigeria,1960,10,United Kingdom,0.565596,False,0.107391,2.350421,10,True,False,5,0.153627,Australia; Canada; Sweden; Denmark; Germany,-0.046236
Nigeria,1960,30,United Kingdom,0.565596,False,0.065924,2.350421,30,True,False,5,0.113437,Australia; Canada; Sweden; Denmark; Germany,-0.047513
Nigeria,1970,20,United Kingdom,0.336127,False,0.190024,2.233117,20,True,False,5,0.227301,Germany; Belgium; Norway; New Zealand; Iceland,-0.037277
Nigeria,1970,10,United Kingdom,0.336127,False,-0.007673,2.233117,10,True,False,5,0.031953,Germany; Belgium; Norway; New Zealand; Iceland,-0.039626
Nigeria,1970,30,United Kingdom,0.336127,False,0.21426,2.233117,30,True,False,5,0.240542,Germany; Belgium; Norway; New Zealand; Iceland,-0.026282
Nigeria,1980,20,United States,0.556235,True,0.127594,2.839734,20,True,False,5,0.060328,Qatar; Switzerland; Canada; Luxembourg; Iceland,0.067266
Nigeria,1980,10,United States,0.556235,False,0.200665,2.839734,10,True,False,5,0.049056,Qatar; Switzerland; Canada; Luxembourg; Iceland,0.151609
Nigeria,1980,30,United States,0.556235,False,-0.028797,2.839734,30,True,False,5,0.02239,Qatar; Switzerland; Canada; Luxembourg; Iceland,-0.051188
Nigeria,1990,20,United States,0.44158,False,-0.176675,3.039122,20,True,False,5,-0.122108,Luxembourg; Switzerland; Norway; Japan; Denmark,-0.054568
Nigeria,1990,10,United States,0.44158,False,0.015901,3.039122,10,True,False,5,0.046579,Luxembourg; Switzerland; Norway; Japan; Denmark,-0.030678
Nigeria,1990,30,United States,0.44158,False,-0.315545,3.039122,29,True,False,5,-0.253256,Luxembourg; Switzerland; Norway; Japan; Denmark,-0.062288
Norway,1910,20,United Kingdom,0.371902,False,-0.092692,0.663325,20,True,False,4,-0.085183,Switzerland; Australia; New Zealand; Canada,-0.007509
Norway,1910,10,United Kingdom,0.371902,False,-0.030372,0.663325,10,True,False,4,-0.094396,Switzerland; Australia; New Zealand; Canada,0.064023
Norway,1910,30,United Kingdom,0.371902,False,-0.115236,0.663325,30,True,False,4,-0.138324,Switzerland; Australia; New Zealand; Canada,0.023088
Norway,1920,20,United Kingdom,0.459794,False,-0.025865,0.457177,20,True,False,5,-0.054235,Netherlands; Switzerland; Belgium; Denmark; Australia,0.028371
Norway,1920,10,United Kingdom,0.459794,False,0.037877,0.457177,10,True,False,5,0.050586,Netherlands; Switzerland; Belgium; Denmark; Australia,-0.012709
Norway,1920,30,United Kingdom,0.459794,False,0.002333,0.457177,30,True,False,5,-0.098161,Netherlands; Switzerland; Belgium; Denmark; Australia,0.100494
Norway,1930,20,United Kingdom,0.310896,False,0.027818,0.41409,20,True,False,5,-0.047333,Denmark; Netherlands; Belgium; Australia; New Zealand,0.07515
Norway,1930,10,United Kingdom,0.310896,False,-0.01724,0.41409,10,True,False,5,-0.039618,Denmark; Netherlands; Belgium; Australia; New Zealand,0.022378
Norway,1930,30,United Kingdom,0.310896,False,-0.074146,0.41409,30,True,False,5,-0.068063,Denmark; Netherlands; Belgium; Australia; New Zealand,-0.006083
Norway,1940,20,United Kingdom,0.252047,False,-0.202195,0.644857,20,True,False,3,-0.112384,Australia; New Zealand; Canada,-0.089811
Norway,1940,10,United Kingdom,0.252047,False,-0.132014,0.644857,10,True,False,3,-0.027153,Australia; New Zealand; Canada,-0.104861
Norway,1940,30,United Kingdom,0.252047,False,-0.20754,0.644857,30,True,False,3,-0.138235,Australia; New Zealand; Canada,-0.069305
Norway,1950,20,United Kingdom,0.213964,False,-0.056901,0.215791,20,True,False,5,-0.04013,Australia; Switzerland; Canada; New Zealand; Luxembourg,-0.016772
Norway,1950,10,United Kingdom,0.213964,False,-0.027204,0.215791,10,True,False,5,-0.019892,Australia; Switzerland; Canada; New Zealand; Luxembourg,-0.007312
Norway,1950,30,United Kingdom,0.213964,False,-0.098468,0.215791,30,True,False,5,-0.071,Australia; Switzerland; Canada; New Zealand; Luxembourg,-0.027469
Norway,1960,20,United Kingdom,0.22717,False,-0.09055,0.14954,20,True,False,5,-0.063772,Australia; Canada; Netherlands; New Zealand; Venezuela,-0.026778
Norway,1960,10,United Kingdom,0.22717,False,-0.049092,0.14954,10,True,False,5,-0.022712,Australia; Canada; Netherlands; New Zealand; Venezuela,-0.02638
Norway,1960,30,United Kingdom,0.22717,False,-0.128834,0.14954,30,True,False,5,-0.139521,Australia; Canada; Netherlands; New Zealand; Venezuela,0.010688
Norway,1970,20,United Kingdom,0.238796,False,-0.099032,0.043976,20,True,False,5,-0.072215,Germany; Belgium; New Zealand; Iceland; Austria,-0.026816
Norway,1970,10,United Kingdom,0.238796,False,-0.076777,0.043976,10,True,False,5,-0.041716,Germany; Belgium; New Zealand; Iceland; Austria,-0.035061
Norway,1970,30,United Kingdom,0.238796,False,-0.155298,0.043976,30,True,False,5,-0.150146,Germany; Belgium; New Zealand; Iceland; Austria,-0.005152
Norway,1980,20,United Kingdom,0.239056,False,-0.101342,-0.164585,20,False,False,5,-0.166635,Slovenia; New Zealand; Italy; Finland; Austria,0.065294
Norway,1980,10,United Kingdom,0.239056,False,0.009477,-0.164585,10,False,False,5,-0.040955,Slovenia; New Zealand; Italy; Finland; Austria,0.050432
Norway,1980,30,United Kingdom,0.239056,False,-0.2047,-0.164585,30,False,False,5,-0.245114,Slovenia; New Zealand; Italy; Finland; Austria,0.040414
Norway,1990,20,United Kingdom,0.265637,False,-0.226975,-0.229885,20,False,False,5,-0.130618,Italy; Germany; Singapore; United Arab Emirates; Iceland,-0.096357
Norway,1990,10,United Kingdom,0.265637,False,-0.174651,-0.229885,10,False,False,5,-0.152041,Italy; Germany; Singapore; Iceland; Finland,-0.02261
Norway,1990,30,United Kingdom,0.265637,False,-0.251019,-0.229885,29,False,False,5,-0.131405,Italy; Germany; Singapore; United Arab Emirates; Iceland,-0.119614
Pakistan,1980,20,Japan,0.106629,False,-0.014976,2.421606,20,True,False,5,-0.054579,Austria; Germany; Belgium; Australia; Netherlands,0.039603
Pakistan,1980,10,Japan,0.106629,False,-0.014576,2.421606,10,True,False,5,-0.067399,Austria; Germany; Belgium; Australia; Netherlands,0.052822
Pakistan,1980,30,Japan,0.106629,False,-0.079972,2.421606,30,True,False,5,-0.050146,Austria; Germany; Belgium; Australia; Netherlands,-0.029827
Pakistan,1990,20,Japan,0.128596,False,-0.120601,2.430818,20,True,False,5,0.019883,Denmark; Hong Kong; Canada; Norway; Netherlands,-0.140483
Pakistan,1990,10,Japan,0.128596,False,-0.048631,2.430818,10,True,False,5,0.031337,Denmark; Hong Kong; Canada; Norway; Netherlands,-0.079968
Pakistan,1990,30,Japan,0.128596,False,-0.17855,2.430818,29,True,False,5,-0.030452,Denmark; Hong Kong; Canada; Norway; Netherlands,-0.148098
Panama,1920,20,United States,0.929626,False,-0.033765,1.454973,20,True,False,1,-0.004566,New Zealand,-0.029199
Panama,1920,10,United States,0.929626,False,0.053325,1.454973,10,True,False,1,-0.065492,New Zealand,0.118817
Panama,1920,30,United States,0.929626,False,0.049525,1.454973,30,True,False,1,0.047238,New Zealand,0.002288
Panama,1930,20,United States,0.81903,False,0.122978,1.334593,20,True,False,5,-0.072442,Denmark; Switzerland; Netherlands; Belgium; Australia,0.19542
Panama,1930,10,United States,0.81903,False,-0.006619,1.334593,10,True,False,5,-0.015225,Denmark; Switzerland; Netherlands; Belgium; Australia,0.008605
Panama,1930,30,United States,0.81903,False,0.182156,1.334593,30,True,False,5,0.058857,Denmark; Switzerland; Netherlands; Belgium; Australia,0.123299
Panama,1940,20,United States,0.643402,False,0.106313,1.609438,20,True,False,1,0.036755,United Kingdom,0.069558
Panama,1940,10,United States,0.643402,False,0.054691,1.609438,10,True,False,1,-0.050525,United Kingdom,0.105216
Panama,1940,30,United States,0.643402,False,0.036135,1.609438,30,True,False,1,-0.014603,United Kingdom,0.050738
Panama,1950,20,United States,0.527157,False,-0.09779,1.835629,20,True,False,2,-0.097175,Luxembourg; New Zealand,-0.000615
Panama,1950,10,United States,0.527157,False,-0.033468,1.835629,10,True,False,2,-0.017423,Luxembourg; New Zealand,-0.016045
Panama,1950,30,United States,0.527157,False,-0.116285,1.835629,30,True,False,2,-0.129633,Luxembourg; New Zealand,0.013348
Panama,1960,20,United States,0.354572,False,-0.054217,1.658763,20,True,False,5,-0.063508,Switzerland; Luxembourg; New Zealand; Denmark; Sweden,0.009292
Panama,1960,10,United States,0.354572,False,-0.04662,1.658763,10,True,False,5,-0.067056,Switzerland; Luxembourg; New Zealand; Denmark; Sweden,0.020436
Panama,1960,30,United States,0.354572,False,-0.060214,1.658763,30,True,False,5,-0.077452,Switzerland; Luxembourg; New Zealand; Denmark; Sweden,0.017238
Panama,1970,20,United States,0.473693,False,0.003427,1.524049,20,True,False,5,-0.019646,Switzerland; Luxembourg; Denmark; Sweden; Netherlands,0.023073
Panama,1970,10,United States,0.473693,False,0.038119,1.524049,10,True,False,5,0.016442,Switzerland; Luxembourg; Denmark; Sweden; Netherlands,0.021677
Panama,1970,30,United States,0.473693,False,0.002918,1.524049,30,True,False,5,-0.00548,Switzerland; Luxembourg; Denmark; Sweden; Netherlands,0.008398
Panama,1980,20,United States,0.208601,False,0.048106,1.434802,20,True,False,5,-0.01754,Qatar; Canada; Luxembourg; Iceland; Denmark,0.065646
Panama,1980,10,United States,0.208601,False,0.09673,1.434802,10,True,False,5,-0.052388,Qatar; Canada; Luxembourg; Iceland; Denmark,0.149118
Panama,1980,30,United States,0.208601,False,-0.00803,1.434802,30,True,False,5,0.039153,Qatar; Canada; Luxembourg; Iceland; Denmark,-0.047183
Panama,1990,20,Norway,0.163989,True,0.152545,1.423127,20,True,False,5,-0.080622,Japan; Denmark; Hong Kong; Canada; Netherlands,0.233167
Panama,1990,10,Norway,0.163989,False,0.124313,1.423127,10,True,False,5,-0.047833,Japan; Denmark; Hong Kong; Canada; Netherlands,0.172145
Panama,1990,30,Norway,0.163989,False,0.026933,1.423127,29,True,False,5,-0.210296,Japan; Denmark; Hong Kong; Canada; Netherlands,0.237229
Paraguay,1940,20,Argentina,0.283326,False,0.160898,0.9389,20,True,False,5,0.274555,Austria; Netherlands; Norway; Sweden; Denmark,-0.113657
Paraguay,1940,10,Argentina,0.283326,False,0.131328,0.9389,10,True,False,5,0.058769,Austria; Netherlands; Norway; Sweden; Denmark,0.072559
Paraguay,1940,30,Argentina,0.283326,False,0.165086,0.9389,30,True,False,5,0.349836,Austria; Netherlands; Norway; Sweden; Denmark,-0.18475
Paraguay,1950,20,United Kingdom,0.307684,True,0.099213,1.60456,20,True,False,5,0.143219,Denmark; Sweden; Australia; Switzerland; Canada,-0.044005
Paraguay,1950,10,United Kingdom,0.307684,False,0.074264,1.60456,10,True,False,5,0.086691,Denmark; Sweden; Australia; Switzerland; Canada,-0.012427
Paraguay,1950,30,United Kingdom,0.307684,False,0.047797,1.60456,30,True,False,5,0.110088,Denmark; Sweden; Australia; Switzerland; Canada,-0.062292
Paraguay,1960,20,Argentina,0.31823,True,-0.032847,1.306514,20,True,False,5,0.070032,Israel; Czechoslovakia; Slovenia; Trinidad and Tobago; Italy,-0.10288
Paraguay,1960,10,Argentina,0.31823,False,0.023119,1.306514,10,True,False,5,0.091429,Israel; Czechoslovakia; Slovenia; Trinidad and Tobago; Italy,-0.06831
Paraguay,1960,30,Argentina,0.31823,False,-0.193636,1.306514,30,True,False,5,-0.008537,Israel; Czechoslovakia; Slovenia; Trinidad and Tobago; Italy,-0.185099
Paraguay,1970,20,Argentina,0.282112,False,-0.288867,1.401866,20,True,False,5,-0.122481,Greece; Trinidad and Tobago; Puerto Rico; Czechoslovakia; Spain,-0.166386
Paraguay,1970,10,Argentina,0.282112,False,-0.157031,1.401866,10,True,False,5,-0.076626,Greece; Trinidad and Tobago; Puerto Rico; Czechoslovakia; Spain,-0.080406
Paraguay,1970,30,Argentina,0.282112,False,-0.22142,1.401866,30,True,False,5,-0.063514,Greece; Trinidad and Tobago; Puerto Rico; Czechoslovakia; Spain,-0.157906
Paraguay,1980,20,United States,0.158309,True,0.129807,1.773703,20,True,False,5,0.062541,Qatar; Switzerland; Canada; Luxembourg; Iceland,0.067266
Paraguay,1980,10,United States,0.158309,False,0.119264,1.773703,10,True,False,5,-0.032345,Qatar; Switzerland; Canada; Luxembourg; Iceland,0.151609
Paraguay,1980,30,United States,0.158309,False,0.138765,1.773703,30,True,False,5,0.189952,Qatar; Switzerland; Canada; Luxembourg; Iceland,-0.051188
Paraguay,1990,20,Brazil,0.25975,True,0.117299,0.42989,20,True,False,5,0.18358,Bahrain; North Macedonia; Poland; Costa Rica; Colombia,-0.066281
Paraguay,1990,10,Brazil,0.25975,False,0.089967,0.42989,10,True,False,5,0.112817,Bahrain; North Macedonia; Poland; Costa Rica; Colombia,-0.02285
Paraguay,1990,30,Brazil,0.25975,False,0.071458,0.42989,29,True,False,5,0.161729,Bahrain; North Macedonia; Poland; Costa Rica; Colombia,-0.090271
Peru,1900,20,United Kingdom,0.512398,False,-0.16258,1.83773,20,True,False,3,-0.122796,New Zealand; Switzerland; Australia,-0.039784
Peru,1900,10,United Kingdom,0.512398,False,-0.168816,1.83773,10,True,False,3,-0.083898,New Zealand; Switzerland; Australia,-0.084918
Peru,1900,30,United Kingdom,0.512398,False,-0.266772,1.83773,30,True,False,3,-0.209675,New Zealand; Switzerland; Australia,-0.057097
Peru,1910,20,United Kingdom,0.493753,False,-0.218998,1.604954,20,True,False,5,-0.201058,Switzerland; Australia; New Zealand; Canada; Belgium,-0.01794
Peru,1910,10,United Kingdom,0.493753,False,-0.071695,1.604954,10,True,False,5,-0.151966,Switzerland; Australia; New Zealand; Canada; Belgium,0.080272
Peru,1910,30,United Kingdom,0.493753,False,-0.193391,1.604954,30,True,False,5,-0.203829,Switzerland; Australia; New Zealand; Canada; Belgium,0.010438
Peru,1920,20,United States,0.42931,True,-0.163102,1.575245,20,True,False,0,,,
Peru,1920,10,United States,0.42931,False,-0.104049,1.575245,10,True,False,0,,,
Peru,1920,30,United States,0.42931,False,-0.039852,1.575245,30,True,False,0,,,
Peru,1930,20,United Kingdom,0.289826,True,0.028155,1.218029,20,True,False,5,-0.046995,Denmark; Netherlands; Belgium; Australia; New Zealand,0.07515
Peru,1930,10,United Kingdom,0.289826,False,-0.025951,1.218029,10,True,False,5,-0.048329,Denmark; Netherlands; Belgium; Australia; New Zealand,0.022378
Peru,1930,30,United Kingdom,0.289826,False,-0.043178,1.218029,30,True,False,5,-0.037095,Denmark; Netherlands; Belgium; Australia; New Zealand,-0.006083
Peru,1940,20,Germany,0.170042,True,-0.150435,1.127911,20,True,False,5,0.015066,Switzerland; Canada; New Zealand; Denmark; Sweden,-0.165501
Peru,1940,10,Germany,0.170042,False,-0.42597,1.127911,10,True,False,5,0.050752,Switzerland; Canada; New Zealand; Denmark; Sweden,-0.476721
Peru,1940,30,Germany,0.170042,False,-0.017204,1.127911,30,True,False,5,0.009436,Switzerland; Canada; New Zealand; Denmark; Sweden,-0.02664
Peru,1950,20,United States,0.258766,True,-0.038596,1.415099,20,True,False,2,-0.037981,Luxembourg; New Zealand,-0.000615
Peru,1950,10,United States,0.258766,False,-0.022399,1.415099,10,True,False,2,-0.006354,Luxembourg; New Zealand,-0.016045
Peru,1950,30,United States,0.258766,False,-0.004784,1.415099,30,True,False,2,-0.018132,Luxembourg; New Zealand,0.013348
Peru,1960,20,United States,0.416916,False,0.055793,1.304437,20,True,False,5,0.046501,Switzerland; Luxembourg; New Zealand; Denmark; Sweden,0.009292
Peru,1960,10,United States,0.416916,False,0.028274,1.304437,10,True,False,5,0.007838,Switzerland; Luxembourg; New Zealand; Denmark; Sweden,0.020436
Peru,1960,30,United States,0.416916,False,0.142903,1.304437,30,True,False,5,0.125664,Switzerland; Luxembourg; New Zealand; Denmark; Sweden,0.017238
Peru,1970,20,United States,0.406568,False,0.158896,1.38686,20,True,False,5,0.146188,Switzerland; Luxembourg; Denmark; Sweden; Canada,0.012708
Peru,1970,10,United States,0.406568,False,0.049049,1.38686,10,True,False,5,0.034922,Switzerland; Luxembourg; Denmark; Sweden; Canada,0.014127
Peru,1970,30,United States,0.406568,False,0.258598,1.38686,30,True,False,5,0.250588,Switzerland; Luxembourg; Denmark; Sweden; Canada,0.008011
Peru,1980,20,United States,0.350344,False,0.230565,1.552702,20,True,False,5,0.163299,Qatar; Switzerland; Canada; Luxembourg; Iceland,0.067266
Peru,1980,10,United States,0.350344,False,0.181403,1.552702,10,True,False,5,0.029794,Qatar; Switzerland; Canada; Luxembourg; Iceland,0.151609
Peru,1980,30,United States,0.350344,False,0.16267,1.552702,30,True,False,5,0.213858,Qatar; Switzerland; Canada; Luxembourg; Iceland,-0.051188
Peru,1990,20,United States,0.25697,False,-0.072431,2.033684,20,True,False,5,-0.004349,Luxembourg; Switzerland; Norway; Denmark; Hong Kong,-0.068082
Peru,1990,10,United States,0.25697,False,-0.040906,2.033684,10,True,False,5,-0.006189,Luxembourg; Switzerland; Norway; Denmark; Hong Kong,-0.034717
Peru,1990,30,United States,0.25697,False,-0.186363,2.033684,29,True,False,5,-0.100768,Luxembourg; Switzerland; Norway; Denmark; Hong Kong,-0.085595
Philippines,1950,20,United States,0.757781,False,-0.026129,2.146295,20,True,False,2,-0.025514,Luxembourg; New Zealand,-0.000615
Philippines,1950,10,United States,0.757781,False,-0.09162,2.146295,10,True,False,2,-0.075576,Luxembourg; New Zealand,-0.016045
Philippines,1950,30,United States,0.757781,False,-0.010402,2.146295,30,True,False,2,-0.02375,Luxembourg; New Zealand,0.013348
Philippines,1960,20,United States,0.547799,False,0.029426,2.044202,20,True,False,4,0.01408,Switzerland; Luxembourg; New Zealand; Denmark,0.015346
Philippines,1960,10,United States,0.547799,False,0.065141,2.044202,10,True,False,4,0.038758,Switzerland; Luxembourg; New Zealand; Denmark,0.026383
Philippines,1960,30,United States,0.547799,False,0.069217,2.044202,30,True,False,4,0.047811,Switzerland; Luxembourg; New Zealand; Denmark,0.021406
Philippines,1970,20,United States,0.43311,False,0.063516,2.13808,20,True,False,5,0.050808,Switzerland; Luxembourg; Denmark; Sweden; Canada,0.012708
Philippines,1970,10,United States,0.43311,False,-0.034171,2.13808,10,True,False,5,-0.048298,Switzerland; Luxembourg; Denmark; Sweden; Canada,0.014127
Philippines,1970,30,United States,0.43311,False,0.116422,2.13808,30,True,False,5,0.108411,Switzerland; Luxembourg; Denmark; Sweden; Canada,0.008011
Philippines,1980,20,United States,0.344724,False,0.149879,2.08595,20,True,False,5,0.082613,Qatar; Switzerland; Canada; Luxembourg; Iceland,0.067266
Philippines,1980,10,United States,0.344724,False,0.182153,2.08595,10,True,False,5,0.030544,Qatar; Switzerland; Canada; Luxembourg; Iceland,0.151609
Philippines,1980,30,United States,0.344724,False,0.098681,2.08595,30,True,False,5,0.149869,Qatar; Switzerland; Canada; Luxembourg; Iceland,-0.051188
Philippines,1990,20,United States,0.394047,False,-0.024526,2.382221,20,True,False,5,0.043556,Luxembourg; Switzerland; Norway; Denmark; Hong Kong,-0.068082
Philippines,1990,10,United States,0.394047,False,0.018952,2.382221,10,True,False,5,0.053669,Luxembourg; Switzerland; Norway; Denmark; Hong Kong,-0.034717
Philippines,1990,30,United States,0.394047,False,-0.130177,2.382221,29,True,False,5,-0.044582,Luxembourg; Switzerland; Norway; Denmark; Hong Kong,-0.085595
Poland,1930,10,Germany,0.258714,False,0.127327,0.75616,9,True,False,5,0.046364,Argentina; Norway; Canada; Sweden; France,0.080963
Poland,1950,20,Sweden,0.197465,False,0.004474,1.011854,20,True,True,5,-0.023596,Australia; Switzerland; Canada; Netherlands; New Zealand,0.028071
Poland,1950,10,Sweden,0.197465,False,-0.014963,1.011854,10,True,True,5,-0.011544,Australia; Switzerland; Canada; Netherlands; New Zealand,-0.003419
Poland,1950,30,Sweden,0.197465,False,-0.031931,1.011854,30,True,True,5,-0.060493,Australia; Switzerland; Canada; Netherlands; New Zealand,0.028562
Poland,1960,20,Former USSR,0.174893,True,-0.044392,0.186168,20,True,True,5,0.024489,Hungary; Puerto Rico; Saudi Arabia; Russia; Chile,-0.068881
Poland,1960,10,Former USSR,0.174893,False,-5.5e-05,0.186168,10,True,True,5,0.060244,Hungary; Puerto Rico; Saudi Arabia; Russia; Chile,-0.060299
Poland,1960,30,Former USSR,0.174893,False,-0.014117,0.186168,30,True,True,5,0.039305,Hungary; Puerto Rico; Saudi Arabia; Russia; Chile,-0.053422
Poland,1970,20,Former USSR,0.167874,False,0.009771,0.151771,20,True,True,5,0.077488,Czechia; Croatia; Russia; Portugal; Barbados,-0.067717
Poland,1970,10,Former USSR,0.167874,False,-0.07098,0.151771,10,True,True,5,-0.02269,Czechia; Croatia; Russia; Portugal; Barbados,-0.048291
Poland,1970,30,Former USSR,0.167874,False,-0.118533,0.151771,30,True,True,5,0.047779,Czechia; Croatia; Russia; Portugal; Barbados,-0.166312
Poland,1980,20,Former USSR,0.362577,False,-0.198377,0.174063,20,True,False,5,-0.072313,Syria; Hungary; Belarus; Cyprus; Serbia,-0.126064
Poland,1980,10,Former USSR,0.362577,False,0.029183,0.174063,10,True,False,5,0.033377,Syria; Hungary; Belarus; Cyprus; Serbia,-0.004195
Poland,1980,30,Former USSR,0.362577,False,-0.216023,0.174063,30,True,False,5,-0.159834,Syria; Hungary; Belarus; Cyprus; Serbia,-0.056189
Poland,1990,20,Former USSR,0.228579,False,-0.203416,0.107825,20,True,False,5,-0.15547,Turkey; Seychelles; Malaysia; Hungary; Syria,-0.047946
Poland,1990,10,Former USSR,0.228579,False,-0.414414,0.107825,10,True,False,5,-0.061247,Turkey; Seychelles; Malaysia; Hungary; Syria,-0.353167
Poland,1990,30,Former USSR,0.228579,False,-0.141773,0.107825,29,True,False,5,-0.231077,Turkey; Seychelles; Malaysia; Hungary; Syria,0.089304
Portugal,1900,20,United Kingdom,0.5318,False,0.067731,1.308374,20,True,False,4,0.085408,New Zealand; Switzerland; Australia; Belgium,-0.017678
Portugal,1900,10,United Kingdom,0.5318,False,0.031963,1.308374,10,True,False,4,0.102384,New Zealand; Switzerland; Australia; Belgium,-0.070422
Portugal,1900,30,United Kingdom,0.5318,False,-0.01506,1.308374,30,True,False,4,0.037777,New Zealand; Switzerland; Australia; Belgium,-0.052837
Portugal,1910,20,United Kingdom,0.444749,False,-0.076714,1.389528,20,True,False,5,-0.058774,Switzerland; Australia; New Zealand; Canada; Belgium,-0.01794
Portugal,1910,10,United Kingdom,0.444749,False,0.059708,1.389528,10,True,False,5,-0.020563,Switzerland; Australia; New Zealand; Canada; Belgium,0.080272
Portugal,1910,30,United Kingdom,0.444749,False,-0.082379,1.389528,30,True,False,5,-0.092817,Switzerland; Australia; New Zealand; Canada; Belgium,0.010438
Portugal,1920,20,France,0.428263,True,-0.001077,0.957736,20,True,False,5,-0.01055,Argentina; Canada; Sweden; Germany; Belgium,0.009472
Portugal,1920,10,France,0.428263,False,0.072794,0.957736,10,True,False,5,0.033408,Argentina; Canada; Sweden; Germany; Belgium,0.039386
Portugal,1920,30,France,0.428263,False,-0.124943,0.957736,30,True,False,5,-0.003771,Argentina; Canada; Sweden; Germany; Belgium,-0.121171
Portugal,1930,20,United Kingdom,0.35249,True,0.060454,1.158192,20,True,False,5,-0.014696,Denmark; Netherlands; Belgium; Australia; New Zealand,0.07515
Portugal,1930,10,United Kingdom,0.35249,False,0.051071,1.158192,10,True,False,5,0.028693,Denmark; Netherlands; Belgium; Australia; New Zealand,0.022378
Portugal,1930,30,United Kingdom,0.35249,False,-0.013994,1.158192,30,True,False,5,-0.007911,Denmark; Netherlands; Belgium; Australia; New Zealand,-0.006083
Portugal,1940,20,United Kingdom,0.294103,False,-0.152516,1.443578,20,True,False,3,-0.062705,Australia; New Zealand; Canada,-0.089811
Portugal,1940,10,United Kingdom,0.294103,False,-0.136836,1.443578,10,True,False,3,-0.031975,Australia; New Zealand; Canada,-0.104861
Portugal,1940,30,United Kingdom,0.294103,False,-0.216094,1.443578,30,True,False,3,-0.146789,Australia; New Zealand; Canada,-0.069305
Portugal,1950,20,United Kingdom,0.243395,False,-0.151653,1.179975,20,True,False,5,-0.124237,Sweden; Australia; Switzerland; Canada; New Zealand,-0.027416
Portugal,1950,10,United Kingdom,0.243395,False,-0.05266,1.179975,10,True,False,5,-0.042001,Sweden; Australia; Switzerland; Canada; New Zealand,-0.010659
Portugal,1950,30,United Kingdom,0.243395,False,-0.253048,1.179975,30,True,False,5,-0.215433,Sweden; Australia; Switzerland; Canada; New Zealand,-0.037615
Portugal,1960,20,United Kingdom,0.225655,False,-0.221739,1.000192,20,True,False,5,-0.163179,Australia; Canada; Netherlands; Sweden; Denmark,-0.05856
Portugal,1960,10,United Kingdom,0.225655,False,-0.144802,1.000192,10,True,False,5,-0.095085,Australia; Canada; Netherlands; Sweden; Denmark,-0.049717
Portugal,1960,30,United Kingdom,0.225655,False,-0.220164,1.000192,30,True,False,5,-0.175679,Australia; Canada; Netherlands; Sweden; Denmark,-0.044485
Portugal,1970,20,United Kingdom,0.288641,False,-0.057269,0.585335,20,True,False,5,-0.014612,Germany; Norway; New Zealand; Iceland; Austria,-0.042657
Portugal,1970,10,United Kingdom,0.288641,False,-0.051086,0.585335,10,True,False,5,-0.008114,Germany; Norway; New Zealand; Iceland; Austria,-0.042972
Portugal,1970,30,United Kingdom,0.288641,False,-0.098993,0.585335,30,True,False,5,-0.065588,Germany; Norway; New Zealand; Iceland; Austria,-0.033405
Portugal,1980,20,United Kingdom,0.207078,False,-0.06216,0.477427,20,True,False,5,-0.12201,Slovenia; New Zealand; Finland; Austria; Japan,0.05985
Portugal,1980,10,United Kingdom,0.207078,False,0.020341,0.477427,10,True,False,5,-0.022791,Slovenia; New Zealand; Finland; Austria; Japan,0.043132
Portugal,1980,30,United Kingdom,0.207078,False,-0.062564,0.477427,30,True,False,5,-0.106762,Slovenia; New Zealand; Finland; Austria; Japan,0.044198
Portugal,1990,20,France,0.177752,True,-0.044106,0.445856,20,True,False,5,0.01034,Netherlands; Australia; Belgium; Austria; Iceland,-0.054446
Portugal,1990,10,France,0.177752,False,-0.05329,0.445856,10,True,False,5,-0.019277,Netherlands; Australia; Belgium; Austria; Iceland,-0.034014
Portugal,1990,30,France,0.177752,False,-0.029909,0.445856,29,True,False,5,0.034002,Netherlands; Australia; Belgium; Austria; Iceland,-0.063911
Romania,1900,20,Belgium,0.375812,False,-0.028648,2.30833,15,True,False,5,0.036536,Australia; Netherlands; Switzerland; Canada; Denmark,-0.065184
Romania,1900,10,Belgium,0.375812,False,0.025894,2.30833,10,True,False,5,0.078578,Australia; Netherlands; Switzerland; Canada; Denmark,-0.052684
Romania,1900,30,Belgium,0.375812,False,0.088342,2.30833,25,True,False,5,0.135416,Australia; Netherlands; Switzerland; Canada; Denmark,-0.047074
Romania,1910,20,Belgium,0.297831,False,0.177972,2.176728,15,True,False,5,0.175282,Canada; Netherlands; Denmark; Argentina; Switzerland,0.00269
Romania,1910,30,Belgium,0.297831,False,0.10885,2.176728,25,True,False,5,0.11674,Canada; Netherlands; Denmark; Argentina; Switzerland,-0.00789
Romania,1920,20,Spain,0.181414,True,-0.145602,1.826214,20,True,False,5,0.027394,Czechoslovakia; Finland; Japan; Uruguay; Greece,-0.172996
Romania,1920,10,Spain,0.181414,False,-0.067618,1.826214,10,True,False,5,-0.00612,Czechoslovakia; Finland; Japan; Uruguay; Greece,-0.061498
Romania,1920,30,Spain,0.181414,False,-0.102944,1.826214,30,True,False,5,0.023105,Finland; Japan; Uruguay; Greece; Ireland,-0.126049
Romania,1930,20,Spain,0.532849,False,-0.054815,1.777443,20,True,False,5,0.014884,Chile; Greece; Japan; Finland; Italy,-0.0697
Romania,1930,10,Spain,0.532849,False,-0.20576,1.777443,10,True,False,5,0.071362,Chile; Greece; Japan; Finland; Italy,-0.277123
Romania,1930,30,Spain,0.532849,False,-0.15341,1.777443,30,True,False,5,-0.095834,Chile; Greece; Japan; Finland; Italy,-0.057576
Romania,1940,20,Germany,0.456502,True,-0.309155,2.616079,20,True,False,5,-0.143654,Switzerland; Canada; New Zealand; Denmark; Sweden,-0.165501
Romania,1940,10,Germany,0.456502,False,-0.391164,2.616079,10,True,False,5,0.085558,Switzerland; Canada; New Zealand; Denmark; Sweden,-0.476721
Romania,1940,30,Germany,0.456502,False,-0.292251,2.616079,30,True,False,5,-0.265611,Switzerland; Canada; New Zealand; Denmark; Sweden,-0.02664
Romania,1950,20,Czechoslovakia,0.271855,True,-0.185842,1.702409,20,True,True,5,-0.205068,Ireland; Lebanon; Trinidad and Tobago; Chile; Italy,0.019225
Romania,1950,10,Czechoslovakia,0.271855,False,-0.10096,1.702409,10,True,True,5,-0.091042,Ireland; Lebanon; Trinidad and Tobago; Chile; Italy,-0.009918
Romania,1950,30,Czechoslovakia,0.271855,False,-0.316164,1.702409,30,True,True,5,-0.362715,Ireland; Lebanon; Trinidad and Tobago; Chile; Italy,0.046551
Romania,1960,20,Former USSR,0.498253,True,-0.26507,1.284138,20,True,False,5,-0.16054,Puerto Rico; Saudi Arabia; Russia; Chile; Spain,-0.10453
Romania,1960,10,Former USSR,0.498253,False,-0.154823,1.284138,10,True,False,5,-0.071853,Puerto Rico; Saudi Arabia; Russia; Chile; Spain,-0.08297
Romania,1960,30,Former USSR,0.498253,False,-0.30457,1.284138,30,True,False,5,-0.213978,Puerto Rico; Saudi Arabia; Russia; Chile; Spain,-0.090592
Romania,1970,20,Former USSR,0.336026,False,-0.166665,0.887177,20,True,False,5,-0.093281,Czechia; Croatia; Russia; Hungary; Portugal,-0.073384
Romania,1970,10,Former USSR,0.336026,False,-0.15792,0.887177,10,True,False,5,-0.095423,Czechia; Croatia; Russia; Hungary; Portugal,-0.062497
Romania,1970,30,Former USSR,0.336026,False,-0.242284,0.887177,30,True,False,5,-0.072013,Czechia; Croatia; Russia; Hungary; Portugal,-0.170271
Romania,1980,20,Former USSR,0.213909,False,-0.171443,0.596601,20,True,False,5,-0.045379,Syria; Hungary; Belarus; Cyprus; Serbia,-0.126064
Romania,1980,10,Former USSR,0.213909,False,-0.026468,0.596601,10,True,False,5,-0.022274,Syria; Hungary; Belarus; Cyprus; Serbia,-0.004195
Romania,1980,30,Former USSR,0.213909,False,-0.240663,0.596601,30,True,False,5,-0.184474,Syria; Hungary; Belarus; Cyprus; Serbia,-0.056189
Romania,1990,20,Former USSR,0.268265,False,-0.260281,0.556665,20,True,False,5,-0.212335,Turkey; Seychelles; Malaysia; Hungary; Syria,-0.047946
Romania,1990,10,Former USSR,0.268265,False,-0.339741,0.556665,10,True,False,5,0.013426,Turkey; Seychelles; Malaysia; Hungary; Syria,-0.353167
Romania,1990,30,Former USSR,0.268265,False,-0.227507,0.556665,29,True,False,5,-0.31681,Turkey; Seychelles; Malaysia; Hungary; Syria,0.089304
Saudi Arabia,1950,20,France,0.294674,False,-0.151201,0.791041,20,True,False,5,-0.220706,Iceland; Belgium; Venezuela; Norway; Argentina,0.069505
Saudi Arabia,1950,10,France,0.294674,False,-0.053857,0.791041,10,True,False,5,-0.083992,Iceland; Belgium; Venezuela; Norway; Argentina,0.030134
Saudi Arabia,1950,30,France,0.294674,False,-0.265153,0.791041,30,True,False,5,-0.347585,Iceland; Belgium; Venezuela; Norway; Argentina,0.082433
Saudi Arabia,1960,20,Japan,0.173502,True,-0.033814,0.086971,20,True,False,5,-0.313155,Uruguay; Ireland; Chile; Slovenia; Czechoslovakia,0.279341
Saudi Arabia,1960,10,Japan,0.173502,False,0.037379,0.086971,10,True,False,5,-0.194853,Uruguay; Ireland; Chile; Slovenia; Czechoslovakia,0.232232
Saudi Arabia,1960,30,Japan,0.173502,False,0.121093,0.086971,30,True,False,5,-0.161911,Uruguay; Ireland; Chile; Slovenia; Czechoslovakia,0.283004
Saudi Arabia,1970,20,Japan,0.292904,False,0.181828,0.093586,20,True,False,5,0.175433,Austria; Finland; Iceland; Norway; Germany,0.006395
Saudi Arabia,1970,10,Japan,0.292904,False,-0.132308,0.093586,10,True,False,5,-0.116162,Austria; Finland; Iceland; Norway; Germany,-0.016146
Saudi Arabia,1970,30,Japan,0.292904,False,0.205294,0.093586,30,True,False,5,0.178433,Austria; Finland; Iceland; Norway; Germany,0.026861
Saudi Arabia,1980,20,Japan,0.206806,False,0.182237,0.153941,20,True,False,5,0.142634,Austria; Germany; Belgium; Australia; Netherlands,0.039603
Saudi Arabia,1980,10,Japan,0.206806,False,0.396217,0.153941,10,True,False,5,0.343395,Austria; Germany; Belgium; Australia; Netherlands,0.052822
Saudi Arabia,1980,30,Japan,0.206806,False,-0.026416,0.153941,30,True,False,5,0.00341,Austria; Germany; Belgium; Australia; Netherlands,-0.029827
Saudi Arabia,1990,20,Japan,0.211433,False,-0.273517,0.587382,20,True,False,5,-0.133034,Denmark; Hong Kong; Canada; Norway; Netherlands,-0.140483
Saudi Arabia,1990,10,Japan,0.211433,False,-0.140295,0.587382,10,True,False,5,-0.060327,Denmark; Hong Kong; Canada; Norway; Netherlands,-0.079968
Saudi Arabia,1990,30,Japan,0.211433,False,-0.377555,0.587382,29,True,False,5,-0.229457,Denmark; Hong Kong; Canada; Norway; Netherlands,-0.148098
Senegal,1960,20,France,0.887184,False,0.290236,1.693049,20,True,False,5,0.248815,Venezuela; Germany; Norway; Belgium; Netherlands,0.041421
Senegal,1960,10,France,0.887184,False,0.169381,1.693049,10,True,False,5,0.13508,Venezuela; Germany; Norway; Belgium; Netherlands,0.034301
Senegal,1960,30,France,0.887184,False,0.347299,1.693049,30,True,False,5,0.297085,Venezuela; Germany; Norway; Belgium; Netherlands,0.050214
Senegal,1970,20,France,0.651869,False,0.181848,2.185522,20,True,False,5,0.163788,Australia; New Zealand; Netherlands; Belgium; Canada,0.01806
Senegal,1970,10,France,0.651869,False,0.123225,2.185522,10,True,False,5,0.10811,Australia; New Zealand; Netherlands; Belgium; Canada,0.015116
Senegal,1970,30,France,0.651869,False,0.239078,2.185522,30,True,False,5,0.227451,Australia; New Zealand; Netherlands; Belgium; Canada,0.011627
Senegal,1980,20,France,0.471794,False,0.141163,2.459798,20,True,False,5,0.184649,Sweden; Norway; Netherlands; Australia; Belgium,-0.043486
Senegal,1980,10,France,0.471794,False,0.059901,2.459798,10,True,False,5,0.071611,Sweden; Norway; Netherlands; Australia; Belgium,-0.01171
Senegal,1980,30,France,0.471794,False,0.160235,2.459798,30,True,False,5,0.250578,Sweden; Norway; Netherlands; Australia; Belgium,-0.090343
Senegal,1990,20,France,0.379986,False,0.076844,2.688245,20,True,False,5,0.187395,United Arab Emirates; Netherlands; Australia; Belgium; Austria,-0.110551
Senegal,1990,10,France,0.379986,False,0.074278,2.688245,10,True,False,5,0.108292,Netherlands; Australia; Belgium; Austria; Iceland,-0.034014
Senegal,1990,30,France,0.379986,False,0.044645,2.688245,29,True,False,5,0.160089,United Arab Emirates; Netherlands; Australia; Belgium; Austria,-0.115443
Singapore,1970,20,Malaysia,0.136867,False,-0.094763,-0.760163,20,False,False,5,-0.259164,El Salvador; Romania; Jordan; Bolivia; Algeria,0.164401
Singapore,1970,10,Malaysia,0.136867,False,-0.043283,-0.760163,10,False,False,5,-0.10215,El Salvador; Romania; Jordan; Bolivia; Algeria,0.058867
Singapore,1970,30,Malaysia,0.136867,False,-0.10485,-0.760163,30,False,False,5,-0.418035,El Salvador; Romania; Jordan; Bolivia; Algeria,0.313185
Singapore,1980,20,United States,0.164355,True,-0.21863,0.701224,20,True,False,5,-0.285896,Qatar; Switzerland; Canada; Luxembourg; Iceland,0.067266
Singapore,1980,10,United States,0.164355,False,-0.078172,0.701224,10,True,False,5,-0.229782,Qatar; Switzerland; Canada; Luxembourg; Iceland,0.151609
Singapore,1980,30,United States,0.164355,False,-0.273488,0.701224,30,True,False,5,-0.2223,Qatar; Switzerland; Canada; Luxembourg; Iceland,-0.051188
Singapore,1990,20,United States,0.289888,False,-0.166653,0.387822,20,True,False,5,-0.09857,Luxembourg; Switzerland; Norway; Denmark; Hong Kong,-0.068082
Singapore,1990,10,United States,0.289888,False,-0.135448,0.387822,10,True,False,5,-0.100731,Luxembourg; Switzerland; Norway; Denmark; Hong Kong,-0.034717
Singapore,1990,30,United States,0.289888,False,-0.246385,0.387822,29,True,False,5,-0.160789,Luxembourg; Switzerland; Norway; Denmark; Hong Kong,-0.085595
South Africa,1920,20,United Kingdom,0.461156,False,-0.066456,1.30127,16,True,False,5,-0.105297,New Zealand; Netherlands; Switzerland; Denmark; Canada,0.038841
South Africa,1920,30,United Kingdom,0.461156,False,-0.089577,1.30127,26,True,False,5,-0.15615,New Zealand; Netherlands; Switzerland; Denmark; Canada,0.066573
South Africa,1930,20,United Kingdom,0.381396,False,-0.105094,1.332762,20,True,False,5,-0.174335,Denmark; Netherlands; Australia; New Zealand; Switzerland,0.069241
South Africa,1930,10,United Kingdom,0.381396,False,-0.122294,1.332762,10,True,False,5,-0.149643,Denmark; Netherlands; Australia; New Zealand; Switzerland,0.027348
South Africa,1930,30,United Kingdom,0.381396,False,-0.127962,1.332762,30,True,False,5,-0.114808,Denmark; Netherlands; Australia; New Zealand; Switzerland,-0.013154
South Africa,1940,20,United Kingdom,0.367815,False,-0.093296,1.209357,20,True,False,3,-0.003485,Australia; New Zealand; Canada,-0.089811
South Africa,1940,10,United Kingdom,0.367815,False,-0.074862,1.209357,10,True,False,3,0.029999,Australia; New Zealand; Canada,-0.104861
South Africa,1940,30,United Kingdom,0.367815,False,-0.07806,1.209357,30,True,False,3,-0.008755,Australia; New Zealand; Canada,-0.069305
South Africa,1950,20,United States,0.259252,True,-0.007753,1.352011,20,True,False,2,-0.007137,Luxembourg; New Zealand,-0.000615
South Africa,1950,10,United States,0.259252,False,-0.019513,1.352011,10,True,False,2,-0.003469,Luxembourg; New Zealand,-0.016045
South Africa,1950,30,United States,0.259252,False,0.016923,1.352011,30,True,False,2,0.003575,Luxembourg; New Zealand,0.013348
South Africa,1960,20,United Kingdom,0.373862,True,0.011371,1.031231,20,True,False,5,0.069931,Australia; Canada; Netherlands; Sweden; Denmark,-0.05856
South Africa,1960,10,United Kingdom,0.373862,False,-0.028227,1.031231,10,True,False,5,0.02149,Australia; Canada; Netherlands; Sweden; Denmark,-0.049717
South Africa,1960,30,United Kingdom,0.373862,False,0.087796,1.031231,30,True,False,5,0.132281,Australia; Canada; Netherlands; Sweden; Denmark,-0.044485
South Africa,1970,20,United Kingdom,0.38081,False,0.137716,1.007103,20,True,False,5,0.180373,Germany; Norway; New Zealand; Iceland; Austria,-0.042657
South Africa,1970,10,United Kingdom,0.38081,False,0.064492,1.007103,10,True,False,5,0.107464,Germany; Norway; New Zealand; Iceland; Austria,-0.042972
South Africa,1970,30,United Kingdom,0.38081,False,0.195441,1.007103,30,True,False,5,0.228846,Germany; Norway; New Zealand; Iceland; Austria,-0.033405
South Africa,1980,20,United States,0.242073,True,0.167666,1.484118,20,True,False,5,0.1004,Qatar; Switzerland; Canada; Luxembourg; Iceland,0.067266
South Africa,1980,10,United States,0.242073,False,0.162257,1.484118,10,True,False,5,0.010647,Qatar; Switzerland; Canada; Luxembourg; Iceland,0.151609
South Africa,1980,30,United States,0.242073,False,0.078215,1.484118,30,True,False,5,0.129403,Qatar; Switzerland; Canada; Luxembourg; Iceland,-0.051188
South Africa,1990,20,Italy,0.181211,True,-0.092623,1.491141,20,True,False,5,-0.009378,United Arab Emirates; Germany; Sweden; Iceland; Austria,-0.083245
South Africa,1990,10,Italy,0.181211,False,0.000631,1.491141,10,True,False,5,-0.010109,Germany; Sweden; Iceland; Austria; Belgium,0.01074
South Africa,1990,30,Italy,0.181211,False,-0.183499,1.491141,29,True,False,5,-0.057823,United Arab Emirates; Germany; Sweden; Iceland; Austria,-0.125676
South Korea,1950,20,India,0.706294,False,-0.203306,-0.104126,20,False,False,5,-0.126911,Niger; Gambia; Cape Verde; Romania; Democratic Republic of Congo,-0.076395
South Korea,1950,10,India,0.706294,False,-0.154618,-0.104126,10,False,False,5,-0.122761,Niger; Gambia; Cape Verde; Romania; Democratic Republic of Congo,-0.031858
South Korea,1950,30,India,0.706294,False,-0.416721,-0.104126,30,False,False,5,-0.351324,Niger; Gambia; Cape Verde; Romania; Democratic Republic of Congo,-0.065397
South Korea,1960,20,Japan,0.560345,True,-0.048866,1.518428,20,True,False,5,-0.263072,Uruguay; Ireland; Chile; Slovenia; Saudi Arabia,0.214206
South Korea,1960,10,Japan,0.560345,False,0.098712,1.518428,10,True,False,5,-0.092252,Uruguay; Ireland; Chile; Slovenia; Saudi Arabia,0.190964
South Korea,1960,30,Japan,0.560345,False,-0.206486,1.518428,30,True,False,5,-0.453103,Uruguay; Ireland; Chile; Slovenia; Saudi Arabia,0.246617
South Korea,1970,20,United States,0.492159,True,-0.362653,1.984167,20,True,False,5,-0.38445,Switzerland; Luxembourg; Denmark; Netherlands; Australia,0.021797
South Korea,1970,10,United States,0.492159,False,-0.239531,1.984167,10,True,False,5,-0.260083,Switzerland; Luxembourg; Denmark; Netherlands; Australia,0.020551
South Korea,1970,30,United States,0.492159,False,-0.496411,1.984167,30,True,False,5,-0.496602,Switzerland; Luxembourg; Denmark; Netherlands; Australia,0.000191
South Korea,1980,20,United States,0.34758,False,-0.355077,1.463067,20,True,False,5,-0.412517,Qatar; Switzerland; Luxembourg; Iceland; Denmark,0.05744
South Korea,1980,10,United States,0.34758,False,-0.234666,1.463067,10,True,False,5,-0.382402,Qatar; Switzerland; Luxembourg; Iceland; Denmark,0.147735
South Korea,1980,30,United States,0.34758,False,-0.382951,1.463067,30,True,False,5,-0.32309,Qatar; Switzerland; Luxembourg; Iceland; Denmark,-0.059861
South Korea,1990,20,United States,0.396153,False,-0.156059,0.867907,20,True,False,5,-0.087977,Luxembourg; Switzerland; Norway; Denmark; Hong Kong,-0.068082
South Korea,1990,10,United States,0.396153,False,-0.118609,0.867907,10,True,False,5,-0.083892,Luxembourg; Switzerland; Norway; Denmark; Hong Kong,-0.034717
South Korea,1990,30,United States,0.396153,False,-0.19427,0.867907,29,True,False,5,-0.108674,Luxembourg; Switzerland; Norway; Denmark; Hong Kong,-0.085595
Spain,1900,20,United Kingdom,0.424861,False,-0.003318,1.014067,20,True,False,4,0.034057,New Zealand; Switzerland; United States; Australia,-0.037375
Spain,1900,10,United Kingdom,0.424861,False,-0.018923,1.014067,10,True,False,4,0.0631,New Zealand; Switzerland; United States; Australia,-0.082022
Spain,1900,30,United Kingdom,0.424861,False,-0.086635,1.014067,30,True,False,4,-0.0257,New Zealand; Switzerland; United States; Australia,-0.060935
Spain,1910,20,United Kingdom,0.381618,False,-0.110081,0.992054,20,True,False,4,-0.102571,Switzerland; Australia; New Zealand; Canada,-0.007509
Spain,1910,10,United Kingdom,0.381618,False,0.016273,0.992054,10,True,False,4,-0.047751,Switzerland; Australia; New Zealand; Canada,0.064023
Spain,1910,30,United Kingdom,0.381618,False,-0.016114,0.992054,30,True,False,4,-0.039202,Switzerland; Australia; New Zealand; Canada,0.023088
Spain,1920,20,United States,0.388639,True,0.008194,1.120833,20,True,False,1,0.037394,New Zealand,-0.029199
Spain,1920,10,United States,0.388639,False,-0.015615,1.120833,10,True,False,1,-0.134433,New Zealand,0.118817
Spain,1920,30,United States,0.388639,False,0.136112,1.120833,30,True,False,1,0.133824,New Zealand,0.002288
Spain,1930,20,United Kingdom,0.255009,True,0.188945,0.800751,20,True,False,5,0.113794,Denmark; Netherlands; Belgium; Australia; New Zealand,0.07515
Spain,1930,10,United Kingdom,0.255009,False,0.261866,0.800751,10,True,False,5,0.239488,Denmark; Netherlands; Belgium; Australia; New Zealand,0.022378
Spain,1930,30,United Kingdom,0.255009,False,0.080771,0.800751,30,True,False,5,0.086854,Denmark; Netherlands; Belgium; Australia; New Zealand,-0.006083
Spain,1940,20,Germany,0.312782,True,-0.137157,0.996347,20,True,False,5,0.028343,Switzerland; Canada; New Zealand; Denmark; Sweden,-0.165501
Spain,1940,10,Germany,0.312782,False,-0.415158,0.996347,10,True,False,5,0.061563,Switzerland; Canada; New Zealand; Denmark; Sweden,-0.476721
Spain,1940,30,Germany,0.312782,False,-0.075533,0.996347,30,True,False,5,-0.048893,Switzerland; Canada; New Zealand; Denmark; Sweden,-0.02664
Spain,1950,20,United States,0.342731,True,-0.182934,1.41638,20,True,False,2,-0.182319,Luxembourg; New Zealand,-0.000615
Spain,1950,10,United States,0.342731,False,-0.115229,1.41638,10,True,False,2,-0.099185,Luxembourg; New Zealand,-0.016045
Spain,1950,30,United States,0.342731,False,-0.25942,1.41638,30,True,False,2,-0.272768,Luxembourg; New Zealand,0.013348
Spain,1960,20,United Kingdom,0.241616,True,-0.22516,0.869961,20,True,False,5,-0.166599,Australia; Canada; Netherlands; Sweden; Denmark,-0.05856
Spain,1960,10,United Kingdom,0.241616,False,-0.17273,0.869961,10,True,False,5,-0.123013,Australia; Canada; Netherlands; Sweden; Denmark,-0.049717
Spain,1960,30,United Kingdom,0.241616,False,-0.210837,0.869961,30,True,False,5,-0.166352,Australia; Canada; Netherlands; Sweden; Denmark,-0.044485
Spain,1970,20,United States,0.17606,True,-0.054194,0.852281,20,True,False,5,-0.066902,Switzerland; Luxembourg; Denmark; Sweden; Canada,0.012708
Spain,1970,10,United States,0.17606,False,-0.087431,0.852281,10,True,False,5,-0.101558,Switzerland; Luxembourg; Denmark; Sweden; Canada,0.014127
Spain,1970,30,United States,0.17606,False,-0.095809,0.852281,30,True,False,5,-0.103819,Switzerland; Luxembourg; Denmark; Sweden; Canada,0.008011
Spain,1980,20,France,0.197582,True,-0.11341,0.533005,20,True,False,5,-0.070058,Sweden; Norway; Australia; Belgium; Denmark,-0.043352
Spain,1980,10,France,0.197582,False,-0.042062,0.533005,10,True,False,5,-0.021534,Sweden; Norway; Australia; Belgium; Denmark,-0.020528
Spain,1980,30,France,0.197582,False,-0.160543,0.533005,30,True,False,5,-0.074849,Sweden; Norway; Australia; Belgium; Denmark,-0.085694
Spain,1990,20,France,0.216679,False,-0.105801,0.350601,20,True,False,5,-0.051355,Netherlands; Australia; Belgium; Austria; Iceland,-0.054446
Spain,1990,10,France,0.216679,False,-0.058111,0.350601,10,True,False,5,-0.024098,Netherlands; Australia; Belgium; Austria; Iceland,-0.034014
Spain,1990,30,France,0.216679,False,-0.083962,0.350601,29,True,False,5,-0.020051,Netherlands; Australia; Belgium; Austria; Iceland,-0.063911
Sri Lanka,1950,20,United Kingdom,0.339196,False,0.126973,1.721651,20,True,False,5,0.166916,Denmark; Sweden; Switzerland; New Zealand; Luxembourg,-0.039943
Sri Lanka,1950,10,United Kingdom,0.339196,False,0.066323,1.721651,10,True,False,5,0.080522,Denmark; Sweden; Switzerland; New Zealand; Luxembourg,-0.014199
Sri Lanka,1950,30,United Kingdom,0.339196,False,0.135919,1.721651,30,True,False,5,0.180774,Denmark; Sweden; Switzerland; New Zealand; Luxembourg,-0.044855
Sri Lanka,1960,20,United Kingdom,0.32085,False,0.051958,1.937876,20,True,False,5,0.115296,Canada; Netherlands; Sweden; Denmark; Germany,-0.063338
Sri Lanka,1960,10,United Kingdom,0.32085,False,0.046868,1.937876,10,True,False,5,0.096728,Canada; Netherlands; Sweden; Denmark; Germany,-0.049861
Sri Lanka,1960,30,United Kingdom,0.32085,False,-0.002305,1.937876,30,True,False,5,0.049367,Canada; Netherlands; Sweden; Denmark; Germany,-0.051672
Sri Lanka,1970,20,United Kingdom,0.266582,False,-0.054214,2.035485,20,True,False,5,-0.016937,Germany; Belgium; Norway; New Zealand; Iceland,-0.037277
Sri Lanka,1970,10,United Kingdom,0.266582,False,0.018489,2.035485,10,True,False,5,0.058115,Germany; Belgium; Norway; New Zealand; Iceland,-0.039626
Sri Lanka,1970,30,United Kingdom,0.266582,False,-0.104366,2.035485,30,True,False,5,-0.078084,Germany; Belgium; Norway; New Zealand; Iceland,-0.026282
Sri Lanka,1980,20,United States,0.106954,True,-0.077405,2.260613,20,True,False,5,-0.144671,Qatar; Switzerland; Canada; Luxembourg; Iceland,0.067266
Sri Lanka,1980,10,United States,0.106954,False,-0.009496,2.260613,10,True,False,5,-0.161105,Qatar; Switzerland; Canada; Luxembourg; Iceland,0.151609
Sri Lanka,1980,30,United States,0.106954,False,-0.118999,2.260613,30,True,False,5,-0.067811,Qatar; Switzerland; Canada; Luxembourg; Iceland,-0.051188
Sri Lanka,1990,20,United States,0.2835,False,-0.107756,2.196339,20,True,False,5,-0.039673,Luxembourg; Switzerland; Norway; Denmark; Hong Kong,-0.068082
Sri Lanka,1990,10,United States,0.2835,False,-0.090557,2.196339,10,True,False,5,-0.05584,Luxembourg; Switzerland; Norway; Denmark; Hong Kong,-0.034717
Sri Lanka,1990,30,United States,0.2835,False,-0.22012,2.196339,29,True,False,5,-0.134525,Luxembourg; Switzerland; Norway; Denmark; Hong Kong,-0.085595
Sudan,1960,20,United Kingdom,0.299982,False,0.170686,2.202782,20,True,False,5,0.229246,Australia; Canada; Netherlands; Sweden; Denmark,-0.05856
Sudan,1960,10,United Kingdom,0.299982,False,0.138951,2.202782,10,True,False,5,0.188668,Australia; Canada; Netherlands; Sweden; Denmark,-0.049717
Sudan,1960,30,United Kingdom,0.299982,False,0.243213,2.202782,30,True,False,5,0.287697,Australia; Canada; Netherlands; Sweden; Denmark,-0.044485
Sudan,1970,20,Italy,0.134803,True,0.188016,2.479099,20,True,False,5,0.168778,Finland; Austria; Iceland; Venezuela; Norway,0.019237
Sudan,1970,10,Italy,0.134803,False,0.023607,2.479099,10,True,False,5,0.04338,Finland; Austria; Iceland; Venezuela; Norway,-0.019773
Sudan,1970,30,Italy,0.134803,False,0.226657,2.479099,30,True,False,5,0.185183,Finland; Austria; Iceland; Venezuela; Norway,0.041475
Sudan,1980,20,Italy,0.143333,False,0.13262,2.655192,20,True,False,5,0.065305,Finland; United Kingdom; Slovenia; New Zealand; Austria,0.067316
Sudan,1980,10,Italy,0.143333,False,0.162898,2.655192,10,True,False,5,0.146143,Finland; United Kingdom; Slovenia; New Zealand; Austria,0.016755
Sudan,1980,30,Italy,0.143333,False,-0.035219,2.655192,30,True,False,5,-0.071371,Finland; United Kingdom; Slovenia; New Zealand; Austria,0.036153
Sudan,1990,20,Italy,0.119556,False,-0.248513,3.014832,20,True,False,5,-0.168056,Germany; United Arab Emirates; United Kingdom; Sweden; Iceland,-0.080457
Sudan,1990,10,Italy,0.119556,False,-0.099428,3.014832,10,True,False,5,-0.108839,Germany; United Kingdom; Sweden; Iceland; Austria,0.009411
Sudan,1990,30,Italy,0.119556,False,-0.324953,3.014832,29,True,False,5,-0.203301,Germany; United Arab Emirates; United Kingdom; Sweden; Iceland,-0.121652
Sweden,1900,20,United Kingdom,0.386815,False,-0.103595,0.783196,20,True,False,4,-0.06622,New Zealand; Switzerland; United States; Australia,-0.037375
Sweden,1900,10,United Kingdom,0.386815,False,-0.086205,0.783196,10,True,False,4,-0.004182,New Zealand; Switzerland; United States; Australia,-0.082022
Sweden,1900,30,United Kingdom,0.386815,False,-0.167148,0.783196,30,True,False,4,-0.106213,New Zealand; Switzerland; United States; Australia,-0.060935
Sweden,1910,20,United Kingdom,0.347931,False,-0.124851,0.606472,20,True,False,5,-0.105741,Switzerland; Australia; New Zealand; Canada; United States,-0.01911
Sweden,1910,10,United Kingdom,0.347931,False,-0.033473,0.606472,10,True,False,5,-0.087889,Switzerland; Australia; New Zealand; Canada; United States,0.054416
Sweden,1910,30,United Kingdom,0.347931,False,-0.158048,0.606472,30,True,False,5,-0.181729,Switzerland; Australia; New Zealand; Canada; United States,0.02368
Sweden,1920,20,United Kingdom,0.333605,False,-0.073903,0.398844,20,True,False,5,-0.133259,Switzerland; Belgium; Australia; New Zealand; Canada,0.059356
Sweden,1920,10,United Kingdom,0.333605,False,-0.035312,0.398844,10,True,False,5,-0.046401,Switzerland; Belgium; Australia; New Zealand; Canada,0.011089
Sweden,1920,30,United Kingdom,0.333605,False,-0.05833,0.398844,30,True,False,5,-0.116048,Switzerland; Belgium; Australia; New Zealand; Canada,0.057718
Sweden,1930,20,United Kingdom,0.272008,False,-0.001413,0.252898,20,True,False,5,-0.080912,Netherlands; Belgium; Australia; New Zealand; Switzerland,0.079498
Sweden,1930,10,United Kingdom,0.272008,False,-0.004763,0.252898,10,True,False,5,-0.039167,Netherlands; Belgium; Australia; New Zealand; Switzerland,0.034404
Sweden,1930,30,United Kingdom,0.272008,False,-0.091303,0.252898,30,True,False,5,-0.087746,Netherlands; Belgium; Australia; New Zealand; Switzerland,-0.003557
Sweden,1940,20,Germany,0.260868,True,-0.207252,0.174501,20,True,False,4,-0.086497,Switzerland; Canada; New Zealand; Australia,-0.120754
Sweden,1940,10,Germany,0.260868,False,-0.501154,0.174501,10,True,False,4,-0.053907,Switzerland; Canada; New Zealand; Australia,-0.447248
Sweden,1940,30,Germany,0.260868,False,-0.076299,0.174501,30,True,False,4,-0.101791,Switzerland; Canada; New Zealand; Australia,0.025492
Sweden,1950,20,United Kingdom,0.177861,True,-0.058389,0.024805,20,True,False,5,-0.041617,Australia; Switzerland; Canada; New Zealand; Luxembourg,-0.016772
Sweden,1950,10,United Kingdom,0.177861,False,-0.014911,0.024805,10,True,False,5,-0.007599,Australia; Switzerland; Canada; New Zealand; Luxembourg,-0.007312
Sweden,1950,30,United Kingdom,0.177861,False,-0.072325,0.024805,30,True,False,5,-0.044857,Australia; Switzerland; Canada; New Zealand; Luxembourg,-0.027469
Sweden,1960,20,United Kingdom,0.184917,False,-0.046424,-0.055405,20,False,False,5,-0.019645,Australia; Canada; Netherlands; New Zealand; Venezuela,-0.026778
Sweden,1960,10,United Kingdom,0.184917,False,-0.052212,-0.055405,10,False,False,5,-0.025832,Australia; Canada; Netherlands; New Zealand; Venezuela,-0.02638
Sweden,1960,30,United Kingdom,0.184917,False,-0.029298,-0.055405,30,False,False,5,-0.039986,Australia; Canada; Netherlands; New Zealand; Venezuela,0.010688
Sweden,1970,20,United Kingdom,0.155501,False,0.020756,-0.146605,20,False,False,5,0.047573,Germany; Belgium; New Zealand; Iceland; Austria,-0.026816
Sweden,1970,10,United Kingdom,0.155501,False,0.017005,-0.146605,10,False,False,5,0.052066,Germany; Belgium; New Zealand; Iceland; Austria,-0.035061
Sweden,1970,30,United Kingdom,0.155501,False,0.046585,-0.146605,30,False,False,5,0.051737,Germany; Belgium; New Zealand; Iceland; Austria,-0.005152
Sweden,1980,20,United Kingdom,0.130536,False,0.055959,-0.146607,20,False,False,5,-0.009334,Slovenia; New Zealand; Italy; Finland; Austria,0.065294
Sweden,1980,10,United Kingdom,0.130536,False,0.035245,-0.146607,10,False,False,5,-0.015187,Slovenia; New Zealand; Italy; Finland; Austria,0.050432
Sweden,1980,30,United Kingdom,0.130536,False,0.023634,-0.146607,30,False,False,5,-0.01678,Slovenia; New Zealand; Italy; Finland; Austria,0.040414
Sweden,1990,20,United Kingdom,0.126356,False,-0.029528,-0.041395,20,False,False,5,0.06199,Italy; Germany; Singapore; United Arab Emirates; Iceland,-0.091518
Sweden,1990,10,United Kingdom,0.126356,False,0.018015,-0.041395,10,False,False,5,0.040625,Italy; Germany; Singapore; Iceland; Finland,-0.02261
Sweden,1990,30,United Kingdom,0.126356,False,-0.054365,-0.041395,29,False,False,5,0.060041,Italy; Germany; Singapore; United Arab Emirates; Iceland,-0.114406
Switzerland,1900,20,Germany,0.308095,False,-0.056736,-0.332362,20,False,False,5,-0.001381,Argentina; Austria; Denmark; Canada; Netherlands,-0.055354
Switzerland,1900,10,Germany,0.308095,False,-0.030485,-0.332362,10,False,False,5,0.002572,Argentina; Austria; Denmark; Canada; Netherlands,-0.033057
Switzerland,1900,30,Germany,0.308095,False,-0.036533,-0.332362,30,False,False,5,0.021769,Argentina; Austria; Denmark; Canada; Netherlands,-0.058302
Switzerland,1910,20,Germany,0.259269,False,-0.002883,-0.395755,20,False,False,5,0.026566,Austria; Argentina; Denmark; Netherlands; Uruguay,-0.029449
Switzerland,1910,10,Germany,0.259269,False,-0.047427,-0.395755,10,False,False,5,-0.020742,Austria; Argentina; Denmark; Netherlands; Uruguay,-0.026685
Switzerland,1910,30,Germany,0.259269,False,0.017175,-0.395755,30,False,False,5,-0.005516,Austria; Argentina; Denmark; Netherlands; Uruguay,0.022691
Switzerland,1920,20,France,0.275324,True,-0.037434,-0.247639,20,False,False,5,-0.052827,Argentina; Canada; Sweden; Denmark; Belgium,0.015393
Switzerland,1920,10,France,0.275324,False,0.002018,-0.247639,10,False,False,5,-0.049294,Argentina; Canada; Sweden; Denmark; Belgium,0.051312
Switzerland,1920,30,France,0.275324,False,-0.11351,-0.247639,30,False,False,5,0.008212,Argentina; Canada; Sweden; Denmark; Belgium,-0.121722
Switzerland,1930,20,Germany,0.190724,True,0.005973,-0.530731,20,False,False,5,0.109483,Argentina; Norway; Canada; Sweden; Austria,-0.103509
Switzerland,1930,10,Germany,0.190724,False,0.16079,-0.530731,10,False,False,5,0.06546,Argentina; Norway; Canada; Sweden; Austria,0.09533
Switzerland,1930,30,Germany,0.190724,False,-0.007215,-0.530731,30,False,False,5,0.088769,Argentina; Norway; Canada; Sweden; Austria,-0.095985
Switzerland,1940,20,Germany,0.226325,False,-0.178327,0.014702,20,True,False,5,-0.036557,Canada; New Zealand; Denmark; Sweden; Australia,-0.14177
Switzerland,1940,10,Germany,0.226325,False,-0.447294,0.014702,10,True,False,5,0.020452,Canada; New Zealand; Denmark; Sweden; Australia,-0.467746
Switzerland,1940,30,Germany,0.226325,False,-0.06785,0.014702,30,True,False,5,-0.071857,Canada; New Zealand; Denmark; Sweden; Australia,0.004008
Switzerland,1950,20,France,0.219012,True,0.014826,-0.320429,20,False,False,5,-0.054679,Iceland; Belgium; Venezuela; Norway; Argentina,0.069505
Switzerland,1950,10,France,0.219012,False,0.00084,-0.320429,10,False,False,5,-0.029294,Iceland; Belgium; Venezuela; Norway; Argentina,0.030134
Switzerland,1950,30,France,0.219012,False,0.053096,-0.320429,30,False,False,5,-0.029337,Iceland; Belgium; Venezuela; Norway; Argentina,0.082433
Switzerland,1960,20,Germany,0.143618,True,0.029596,-0.307344,20,False,False,5,0.026174,Venezuela; Netherlands; Norway; Belgium; Australia,0.003422
Switzerland,1960,10,Germany,0.143618,False,-0.004653,-0.307344,10,False,False,5,0.000461,Venezuela; Netherlands; Norway; Belgium; Australia,-0.005114
Switzerland,1960,30,Germany,0.143618,False,0.041692,-0.307344,30,False,False,5,0.012443,Venezuela; Netherlands; Norway; Belgium; Australia,0.029249
Switzerland,1970,20,United States,0.127117,True,0.039299,0.012645,20,True,False,5,0.026894,Luxembourg; Denmark; Sweden; Canada; Netherlands,0.012404
Switzerland,1970,10,United States,0.127117,False,0.051997,0.012645,10,True,False,5,0.048299,Luxembourg; Denmark; Sweden; Canada; Netherlands,0.003698
Switzerland,1970,30,United States,0.127117,False,0.027699,0.012645,30,True,False,5,0.021516,Luxembourg; Denmark; Sweden; Canada; Netherlands,0.006184
Switzerland,1980,20,United Kingdom,0.126033,True,0.008521,-0.283438,20,False,False,5,-0.051328,Slovenia; New Zealand; Finland; Austria; Japan,0.05985
Switzerland,1980,10,United Kingdom,0.126033,False,0.024809,-0.283438,10,False,False,5,-0.018323,Slovenia; New Zealand; Finland; Austria; Japan,0.043132
Switzerland,1980,30,United Kingdom,0.126033,False,-0.025465,-0.283438,30,False,False,5,-0.069664,Slovenia; New Zealand; Finland; Austria; Japan,0.044198
Switzerland,1990,20,Italy,0.125676,True,-0.056001,-0.253543,20,False,False,5,0.027611,Germany; United Arab Emirates; Sweden; Iceland; Austria,-0.083613
Switzerland,1990,10,Italy,0.125676,False,0.00634,-0.253543,10,False,False,5,-0.0044,Germany; Sweden; Iceland; Austria; Belgium,0.01074
Switzerland,1990,30,Italy,0.125676,False,-0.124025,-0.253543,29,False,False,5,0.001786,Germany; United Arab Emirates; Sweden; Iceland; Austria,-0.125811
Syria,1950,20,United States,0.220804,False,0.010488,1.303886,20,True,False,2,0.011103,Luxembourg; New Zealand,-0.000615
Syria,1950,10,United States,0.220804,False,-0.107532,1.303886,10,True,False,2,-0.091488,Luxembourg; New Zealand,-0.016045
Syria,1950,30,United States,0.220804,False,-0.026284,1.303886,30,True,False,2,-0.039633,Luxembourg; New Zealand,0.013348
Syria,1960,20,Lebanon,0.235729,True,-0.280783,0.090104,20,True,False,5,0.121487,Spain; Russia; Barbados; Puerto Rico; Hong Kong,-0.40227
Syria,1960,10,Lebanon,0.235729,False,0.027571,0.090104,10,True,False,5,0.182799,Spain; Russia; Barbados; Puerto Rico; Hong Kong,-0.155228
Syria,1960,30,Lebanon,0.235729,False,-0.432837,0.090104,30,True,False,5,0.111994,Spain; Russia; Barbados; Puerto Rico; Hong Kong,-0.544832
Syria,1970,20,Netherlands,0.200656,True,-0.103711,1.126922,20,True,False,5,-0.077883,Australia; France; Canada; Sweden; Denmark,-0.025828
Syria,1970,10,Netherlands,0.200656,False,-0.172585,1.126922,10,True,False,5,-0.173518,Australia; France; Canada; Sweden; Denmark,0.000934
Syria,1970,30,Netherlands,0.200656,False,0.032751,1.126922,30,True,False,5,0.029428,Australia; France; Canada; Sweden; Denmark,0.003323
Syria,1980,20,Italy,0.274967,True,0.217633,0.705552,20,True,False,5,0.150317,Finland; United Kingdom; Slovenia; New Zealand; Austria,0.067316
Syria,1980,10,Italy,0.274967,False,0.160711,0.705552,10,True,False,5,0.143956,Finland; United Kingdom; Slovenia; New Zealand; Austria,0.016755
Syria,1980,30,Italy,0.274967,False,0.354464,0.705552,30,True,False,5,0.318312,Finland; United Kingdom; Slovenia; New Zealand; Austria,0.036153
Syria,1990,20,Former USSR,0.361323,True,0.294666,-0.071291,20,False,False,5,0.408717,Turkey; Seychelles; Malaysia; Hungary; Thailand,-0.114051
Syria,1990,10,Former USSR,0.361323,False,-0.189733,-0.071291,10,False,False,5,0.197139,Turkey; Seychelles; Malaysia; Hungary; Thailand,-0.386871
Syria,1990,30,Former USSR,0.361323,False,0.648743,-0.071291,29,False,False,5,0.676492,Turkey; Seychelles; Malaysia; Hungary; Thailand,-0.02775
Taiwan,1960,20,Japan,0.465065,False,-0.013534,1.167089,20,True,False,5,-0.22774,Uruguay; Ireland; Chile; Slovenia; Saudi Arabia,0.214206
Taiwan,1960,10,Japan,0.465065,False,0.088653,1.167089,10,True,False,5,-0.102311,Uruguay; Ireland; Chile; Slovenia; Saudi Arabia,0.190964
Taiwan,1960,30,Japan,0.465065,False,-0.150554,1.167089,30,True,False,5,-0.397172,Uruguay; Ireland; Chile; Slovenia; Saudi Arabia,0.246617
Taiwan,1970,20,United States,0.447012,True,-0.309672,1.651796,20,True,False,5,-0.332746,Switzerland; Luxembourg; Denmark; Sweden; Netherlands,0.023073
Taiwan,1970,10,United States,0.447012,False,-0.191398,1.651796,10,True,False,5,-0.213076,Switzerland; Luxembourg; Denmark; Sweden; Netherlands,0.021677
Taiwan,1970,30,United States,0.447012,False,-0.421427,1.651796,30,True,False,5,-0.429825,Switzerland; Luxembourg; Denmark; Sweden; Netherlands,0.008398
Taiwan,1980,20,United States,0.456831,False,-0.283769,1.192433,20,True,False,5,-0.341209,Qatar; Switzerland; Luxembourg; Iceland; Denmark,0.05744
Taiwan,1980,10,United States,0.456831,False,-0.165418,1.192433,10,True,False,5,-0.313153,Qatar; Switzerland; Luxembourg; Iceland; Denmark,0.147735
Taiwan,1980,30,United States,0.456831,False,-0.319638,1.192433,30,True,False,5,-0.259777,Qatar; Switzerland; Luxembourg; Iceland; Denmark,-0.059861
Taiwan,1990,20,United States,0.465443,False,-0.155943,0.733589,20,True,False,5,-0.08786,Luxembourg; Switzerland; Norway; Denmark; Hong Kong,-0.068082
Taiwan,1990,10,United States,0.465443,False,-0.129416,0.733589,10,True,False,5,-0.094699,Luxembourg; Switzerland; Norway; Denmark; Hong Kong,-0.034717
Taiwan,1990,30,United States,0.465443,False,-0.207322,0.733589,29,True,False,5,-0.121727,Luxembourg; Switzerland; Norway; Denmark; Hong Kong,-0.085595
Tanzania,1970,20,United Kingdom,0.286417,False,0.158069,2.970275,20,True,False,5,0.195346,Germany; Belgium; Norway; New Zealand; Iceland,-0.037277
Tanzania,1970,10,United Kingdom,0.286417,False,0.040339,2.970275,10,True,False,5,0.079965,Germany; Belgium; Norway; New Zealand; Iceland,-0.039626
Tanzania,1970,30,United Kingdom,0.286417,False,0.184306,2.970275,30,True,False,5,0.210589,Germany; Belgium; Norway; New Zealand; Iceland,-0.026282
Tanzania,1980,20,United Kingdom,0.159044,False,0.120565,3.142184,20,True,False,5,0.060716,Slovenia; New Zealand; Finland; Austria; Japan,0.05985
Tanzania,1980,10,United Kingdom,0.159044,False,0.159936,3.142184,10,True,False,5,0.116805,Slovenia; New Zealand; Finland; Austria; Japan,0.043132
Tanzania,1980,30,United Kingdom,0.159044,False,0.004277,3.142184,30,True,False,5,-0.039921,Slovenia; New Zealand; Finland; Austria; Japan,0.044198
Tanzania,1990,20,United Kingdom,0.126569,False,-0.138431,3.381246,20,True,False,5,-0.039671,Germany; Singapore; United Arab Emirates; Sweden; Iceland,-0.098759
Tanzania,1990,10,United Kingdom,0.126569,False,-0.014295,3.381246,10,True,False,5,0.003749,Germany; Singapore; Sweden; Iceland; Finland,-0.018044
Tanzania,1990,30,United Kingdom,0.126569,False,-0.280464,3.381246,29,True,False,5,-0.149301,Germany; Singapore; United Arab Emirates; Sweden; Iceland,-0.131163
Thailand,1950,20,United States,0.472882,False,-0.081367,2.457517,20,True,False,2,-0.080752,Luxembourg; New Zealand,-0.000615
Thailand,1950,10,United States,0.472882,False,-0.007835,2.457517,10,True,False,2,0.008209,Luxembourg; New Zealand,-0.016045
Thailand,1950,30,United States,0.472882,False,-0.143415,2.457517,30,True,False,2,-0.156763,Luxembourg; New Zealand,0.013348
Thailand,1960,20,United States,0.384693,False,-0.115357,2.334525,20,True,False,5,-0.124648,Switzerland; Luxembourg; New Zealand; Denmark; Sweden,0.009292
Thailand,1960,10,United States,0.384693,False,-0.046614,2.334525,10,True,False,5,-0.06705,Switzerland; Luxembourg; New Zealand; Denmark; Sweden,0.020436
Thailand,1960,30,United States,0.384693,False,-0.191528,2.334525,30,True,False,5,-0.208767,Switzerland; Luxembourg; New Zealand; Denmark; Sweden,0.017238
Thailand,1970,20,Japan,0.263447,True,-0.098043,1.779032,20,True,False,5,-0.098846,Austria; Finland; Iceland; Norway; Italy,0.000803
Thailand,1970,10,Japan,0.263447,False,-0.047091,1.779032,10,True,False,5,-0.029801,Austria; Finland; Iceland; Norway; Italy,-0.017289
Thailand,1970,30,Japan,0.263447,False,-0.207454,1.779032,30,True,False,5,-0.225604,Austria; Finland; Iceland; Norway; Italy,0.01815
Thailand,1980,20,Japan,0.226003,False,-0.199455,1.632347,20,True,False,5,-0.245389,Austria; Germany; Belgium; Australia; Finland,0.045934
Thailand,1980,10,Japan,0.226003,False,-0.07257,1.632347,10,True,False,5,-0.114531,Austria; Germany; Belgium; Australia; Finland,0.041961
Thailand,1980,30,Japan,0.226003,False,-0.234764,1.632347,30,True,False,5,-0.210145,Austria; Germany; Belgium; Australia; Finland,-0.024619
Thailand,1990,20,United States,0.23778,True,-0.041776,1.496064,20,True,False,5,0.026306,Luxembourg; Switzerland; Norway; Denmark; Hong Kong,-0.068082
Thailand,1990,10,United States,0.23778,False,-0.05142,1.496064,10,True,False,5,-0.016703,Luxembourg; Switzerland; Norway; Denmark; Hong Kong,-0.034717
Thailand,1990,30,United States,0.23778,False,-0.097506,1.496064,29,True,False,5,-0.011911,Luxembourg; Switzerland; Norway; Denmark; Hong Kong,-0.085595
Tunisia,1960,20,France,0.575098,False,-0.006261,1.709953,20,True,False,5,-0.04526,Venezuela; Norway; Belgium; Iceland; Australia,0.039
Tunisia,1960,10,France,0.575098,False,0.046999,1.709953,10,True,False,5,0.013526,Venezuela; Norway; Belgium; Iceland; Australia,0.033473
Tunisia,1960,30,France,0.575098,False,-0.035546,1.709953,30,True,False,5,-0.072483,Venezuela; Norway; Belgium; Iceland; Australia,0.036937
Tunisia,1970,20,France,0.279189,False,-0.062624,1.75497,20,True,False,5,-0.081013,Australia; New Zealand; Netherlands; Canada; Germany,0.018389
Tunisia,1970,10,France,0.279189,False,-0.076883,1.75497,10,True,False,5,-0.094828,Australia; New Zealand; Netherlands; Canada; Germany,0.017944
Tunisia,1970,30,France,0.279189,False,-0.076377,1.75497,30,True,False,5,-0.089376,Australia; New Zealand; Netherlands; Canada; Germany,0.012999
Tunisia,1980,20,Italy,0.283732,True,0.015209,1.489814,20,True,False,5,-0.052107,Finland; United Kingdom; Slovenia; New Zealand; Austria,0.067316
Tunisia,1980,10,Italy,0.283732,False,0.053764,1.489814,10,True,False,5,0.037008,Finland; United Kingdom; Slovenia; New Zealand; Austria,0.016755
Tunisia,1980,30,Italy,0.283732,False,-0.056897,1.489814,30,True,False,5,-0.09305,Finland; United Kingdom; Slovenia; New Zealand; Austria,0.036153
Tunisia,1990,20,France,0.273541,True,-0.13621,1.613647,20,True,False,5,-0.073437,Netherlands; Australia; Austria; Iceland; Sweden,-0.062773
Tunisia,1990,10,France,0.273541,False,-0.077089,1.613647,10,True,False,5,-0.045349,Netherlands; Australia; Austria; Iceland; Sweden,-0.03174
Tunisia,1990,30,France,0.273541,False,-0.171273,1.613647,29,True,False,5,-0.095546,Netherlands; Australia; Austria; Iceland; Sweden,-0.075727
Turkey,1920,20,United Kingdom,0.318125,False,-0.198362,1.91671,17,True,False,5,-0.236142,New Zealand; Switzerland; Belgium; Australia; Denmark,0.03778
Turkey,1920,30,United Kingdom,0.318125,False,-0.074361,1.91671,27,True,False,5,-0.14601,New Zealand; Switzerland; Belgium; Australia; Denmark,0.07165
Turkey,1930,20,Germany,0.259074,True,-0.055676,1.266299,20,True,False,5,0.047833,Argentina; Norway; Canada; Sweden; Austria,-0.103509
Turkey,1930,10,Germany,0.259074,False,-0.013849,1.266299,10,True,False,5,-0.109179,Argentina; Norway; Canada; Sweden; Austria,0.09533
Turkey,1930,30,Germany,0.259074,False,-0.060487,1.266299,30,True,False,5,0.035497,Argentina; Norway; Canada; Sweden; Austria,-0.095985
Turkey,1940,20,Germany,0.492315,False,-0.150444,1.572591,20,True,False,5,0.015057,Switzerland; Canada; New Zealand; Denmark; Sweden,-0.165501
Turkey,1940,10,Germany,0.492315,False,-0.324624,1.572591,10,True,False,5,0.152097,Switzerland; Canada; New Zealand; Denmark; Sweden,-0.476721
Turkey,1940,30,Germany,0.492315,False,-0.031507,1.572591,30,True,False,5,-0.004867,Switzerland; Canada; New Zealand; Denmark; Sweden,-0.02664
Turkey,1950,20,United States,0.2922,True,-0.075191,1.8957,20,True,False,2,-0.074576,Luxembourg; New Zealand,-0.000615
Turkey,1950,10,United States,0.2922,False,-0.099422,1.8957,10,True,False,2,-0.083378,Luxembourg; New Zealand,-0.016045
Turkey,1950,30,United States,0.2922,False,-0.128387,1.8957,30,True,False,2,-0.141735,Luxembourg; New Zealand,0.013348
Turkey,1960,20,United States,0.239025,False,-0.107093,1.780631,20,True,False,5,-0.116384,Switzerland; Luxembourg; New Zealand; Denmark; Sweden,0.009292
Turkey,1960,10,United States,0.239025,False,-0.016455,1.780631,10,True,False,5,-0.03689,Switzerland; Luxembourg; New Zealand; Denmark; Sweden,0.020436
Turkey,1960,30,United States,0.239025,False,-0.115007,1.780631,30,True,False,5,-0.132245,Switzerland; Luxembourg; New Zealand; Denmark; Sweden,0.017238
Turkey,1970,20,United States,0.187169,False,-0.057493,1.646376,20,True,False,5,-0.070201,Switzerland; Luxembourg; Denmark; Sweden; Canada,0.012708
Turkey,1970,10,United States,0.187169,False,-0.083972,1.646376,10,True,False,5,-0.098099,Switzerland; Luxembourg; Denmark; Sweden; Canada,0.014127
Turkey,1970,30,United States,0.187169,False,-0.102217,1.646376,30,True,False,5,-0.110228,Switzerland; Luxembourg; Denmark; Sweden; Canada,0.008011
Turkey,1980,20,Italy,0.118886,True,-0.089503,1.205255,20,True,False,5,-0.151038,Finland; Slovenia; New Zealand; Austria; Japan,0.061535
Turkey,1980,10,Italy,0.118886,False,-0.049697,1.205255,10,True,False,5,-0.064765,Finland; Slovenia; New Zealand; Austria; Japan,0.015068
Turkey,1980,30,Italy,0.118886,False,-0.123215,1.205255,30,True,False,5,-0.163862,Finland; Slovenia; New Zealand; Austria; Japan,0.040647
Turkey,1990,20,United States,0.107781,True,-0.091123,1.413857,20,True,False,5,-0.036556,Luxembourg; Switzerland; Norway; Japan; Denmark,-0.054568
Turkey,1990,10,United States,0.107781,False,-0.059534,1.413857,10,True,False,5,-0.028857,Luxembourg; Switzerland; Norway; Japan; Denmark,-0.030678
Turkey,1990,30,United States,0.107781,False,-0.154718,1.413857,29,True,False,5,-0.092429,Luxembourg; Switzerland; Norway; Japan; Denmark,-0.062288
Uganda,1970,20,United States,0.257553,False,0.339328,2.929295,20,True,False,5,0.316255,Switzerland; Luxembourg; Denmark; Sweden; Netherlands,0.023073
Uganda,1970,10,United States,0.257553,False,0.212746,2.929295,10,True,False,5,0.191068,Switzerland; Luxembourg; Denmark; Sweden; Netherlands,0.021677
Uganda,1970,30,United States,0.257553,False,0.320785,2.929295,30,True,False,5,0.312386,Switzerland; Luxembourg; Denmark; Sweden; Netherlands,0.008398
Uganda,1980,20,United States,0.317377,False,0.083425,3.467143,20,True,False,5,0.016159,Qatar; Switzerland; Canada; Luxembourg; Iceland,0.067266
Uganda,1980,10,United States,0.317377,False,0.120411,3.467143,10,True,False,5,-0.031199,Qatar; Switzerland; Canada; Luxembourg; Iceland,0.151609
Uganda,1980,30,United States,0.317377,False,0.013637,3.467143,30,True,False,5,0.064825,Qatar; Switzerland; Canada; Luxembourg; Iceland,-0.051188
Uganda,1990,20,United States,0.223354,False,-0.088823,3.67748,20,True,False,5,-0.034256,Luxembourg; Switzerland; Norway; Japan; Denmark,-0.054568
Uganda,1990,10,United States,0.223354,False,-0.032471,3.67748,10,True,False,5,-0.001793,Luxembourg; Switzerland; Norway; Japan; Denmark,-0.030678
Uganda,1990,30,United States,0.223354,False,-0.155046,3.67748,29,True,False,5,-0.092757,Luxembourg; Switzerland; Norway; Japan; Denmark,-0.062288
United Kingdom,1900,20,Germany,0.167507,False,-0.028681,-0.465952,20,False,False,5,0.028147,Argentina; Austria; Denmark; Canada; Uruguay,-0.056829
United Kingdom,1900,10,Germany,0.167507,False,0.049931,-0.465952,10,False,False,5,0.093966,Argentina; Austria; Denmark; Canada; Uruguay,-0.044034
United Kingdom,1900,30,Germany,0.167507,False,0.021584,-0.465952,30,False,False,5,0.06431,Argentina; Austria; Denmark; Canada; Uruguay,-0.042727
United Kingdom,1910,20,United States,0.153818,True,0.065515,0.196154,20,True,False,3,0.003737,New Zealand; Australia; Switzerland,0.061777
United Kingdom,1910,10,United States,0.153818,False,-0.015989,0.196154,10,True,False,3,-0.082633,New Zealand; Australia; Switzerland,0.066644
United Kingdom,1910,30,United States,0.153818,False,-0.026052,0.196154,30,True,False,3,-0.014231,New Zealand; Australia; Switzerland,-0.011821
United Kingdom,1920,20,France,0.256084,True,-0.006693,-0.257601,20,False,False,5,0.005142,Canada; Sweden; Germany; Denmark; Belgium,-0.011835
United Kingdom,1920,10,France,0.256084,False,0.068999,-0.257601,10,False,False,5,0.029473,Canada; Sweden; Germany; Denmark; Belgium,0.039526
United Kingdom,1920,30,France,0.256084,False,-0.163208,-0.257601,30,False,False,5,-0.033869,Canada; Sweden; Germany; Denmark; Belgium,-0.129339
United Kingdom,1930,20,Australia,0.094095,True,0.061195,-0.123913,20,False,False,5,-0.087107,Belgium; New Zealand; Netherlands; Denmark; Sweden,0.148302
United Kingdom,1930,10,Australia,0.094095,False,0.040976,-0.123913,10,False,False,5,-0.02962,Belgium; New Zealand; Netherlands; Denmark; Sweden,0.070596
United Kingdom,1930,30,Australia,0.094095,False,0.069727,-0.123913,30,False,False,5,0.010398,Belgium; New Zealand; Netherlands; Denmark; Sweden,0.059329
United Kingdom,1940,20,Australia,0.0856,False,0.04792,-0.046441,20,False,False,4,0.094084,New Zealand; Canada; Germany; Switzerland,-0.046164
United Kingdom,1940,10,Australia,0.0856,False,0.060048,-0.046441,10,False,False,4,0.004272,New Zealand; Canada; Germany; Switzerland,0.055777
United Kingdom,1940,30,Australia,0.0856,False,0.040523,-0.046441,30,False,False,4,0.121766,New Zealand; Canada; Germany; Switzerland,-0.081243
United Kingdom,1950,20,Australia,0.103524,False,-0.000869,0.041456,20,True,False,5,0.028623,Switzerland; Canada; Sweden; New Zealand; Luxembourg,-0.029492
United Kingdom,1950,10,Australia,0.103524,False,-0.015706,0.041456,10,True,False,5,0.013435,Switzerland; Canada; Sweden; New Zealand; Luxembourg,-0.029141
United Kingdom,1950,30,Australia,0.103524,False,0.019815,0.041456,30,True,False,5,0.037971,Switzerland; Canada; Sweden; New Zealand; Luxembourg,-0.018155
United Kingdom,1960,20,United States,0.117971,True,0.031499,0.279584,20,True,False,5,0.022207,Switzerland; Luxembourg; New Zealand; Denmark; Sweden,0.009292
United Kingdom,1960,10,United States,0.117971,False,0.04886,0.279584,10,True,False,5,0.028424,Switzerland; Luxembourg; New Zealand; Denmark; Sweden,0.020436
United Kingdom,1960,30,United States,0.117971,False,0.029864,0.279584,30,True,False,5,0.012625,Switzerland; Luxembourg; New Zealand; Denmark; Sweden,0.017238
United Kingdom,1970,20,United States,0.136315,False,0.011311,0.334291,20,True,False,4,-0.009513,Switzerland; Luxembourg; Denmark; Netherlands,0.020825
United Kingdom,1970,10,United States,0.136315,False,0.007328,0.334291,10,True,False,4,-0.013685,Switzerland; Luxembourg; Denmark; Netherlands,0.021014
United Kingdom,1970,30,United States,0.136315,False,0.008844,0.334291,30,True,False,4,0.012203,Switzerland; Luxembourg; Denmark; Netherlands,-0.003359
United Kingdom,1980,20,United States,0.109854,False,-0.006047,0.365652,20,True,False,5,-0.073313,Qatar; Switzerland; Canada; Luxembourg; Iceland,0.067266
United Kingdom,1980,10,United States,0.109854,False,-0.01087,0.365652,10,True,False,5,-0.16248,Qatar; Switzerland; Canada; Luxembourg; Iceland,0.151609
United Kingdom,1980,30,United States,0.109854,False,-0.012095,0.365652,30,True,False,5,0.039093,Qatar; Switzerland; Canada; Luxembourg; Iceland,-0.051188
United Kingdom,1990,20,United States,0.150777,False,-0.00902,0.354228,20,True,False,5,0.045547,Luxembourg; Switzerland; Norway; Japan; Denmark,-0.054568
United Kingdom,1990,10,United States,0.150777,False,0.00467,0.354228,10,True,False,5,0.035347,Luxembourg; Switzerland; Norway; Japan; Denmark,-0.030678
United Kingdom,1990,30,United States,0.150777,False,-0.001626,0.354228,29,True,False,5,0.060662,Luxembourg; Switzerland; Norway; Japan; Denmark,-0.062288
United States,1900,20,United Kingdom,0.529184,False,-0.030148,-0.133663,20,False,False,3,0.009636,New Zealand; Switzerland; Australia,-0.039784
United States,1900,10,United Kingdom,0.529184,False,-0.073334,-0.133663,10,False,False,3,0.011584,New Zealand; Switzerland; Australia,-0.084918
United States,1900,30,United Kingdom,0.529184,False,-0.072447,-0.133663,30,False,False,3,-0.01535,New Zealand; Switzerland; Australia,-0.057097
United States,1910,20,United Kingdom,0.373576,False,-0.065515,-0.196154,20,False,False,5,-0.047574,Switzerland; Australia; New Zealand; Canada; Belgium,-0.01794
United States,1910,10,United Kingdom,0.373576,False,0.015989,-0.196154,10,False,False,5,-0.064283,Switzerland; Australia; New Zealand; Canada; Belgium,0.080272
United States,1910,30,United Kingdom,0.373576,False,0.026052,-0.196154,30,False,False,5,0.015614,Switzerland; Australia; New Zealand; Canada; Belgium,0.010438
United States,1920,20,United Kingdom,0.212044,False,0.13595,-0.350804,20,False,False,5,0.107579,Netherlands; Switzerland; Belgium; Denmark; Australia,0.028371
United States,1920,10,United Kingdom,0.212044,False,0.021681,-0.350804,10,False,False,5,0.034391,Netherlands; Switzerland; Belgium; Denmark; Australia,-0.012709
United States,1920,30,United Kingdom,0.212044,False,0.058568,-0.350804,30,False,False,5,-0.041925,Netherlands; Switzerland; Belgium; Denmark; Australia,0.100494
United States,1930,20,United Kingdom,0.200023,False,-0.080451,-0.069673,20,False,False,5,-0.155602,Denmark; Netherlands; Belgium; Australia; New Zealand,0.07515
United States,1930,10,United Kingdom,0.200023,False,0.046897,-0.069673,10,False,False,5,0.024519,Denmark; Netherlands; Belgium; Australia; New Zealand,0.022378
United States,1930,30,United Kingdom,0.200023,False,-0.102921,-0.069673,30,False,False,5,-0.096838,Denmark; Netherlands; Belgium; Australia; New Zealand,-0.006083
United States,1940,20,United Kingdom,0.151274,False,-0.069558,-0.209832,20,False,False,2,0.012578,Australia; New Zealand,-0.082136
United States,1940,10,United Kingdom,0.151274,False,-0.105216,-0.209832,10,False,False,2,-0.018695,Australia; New Zealand,-0.086522
United States,1940,30,United Kingdom,0.151274,False,-0.050738,-0.209832,30,False,False,2,0.011207,Australia; New Zealand,-0.061945
United States,1950,20,Canada,0.166517,True,0.014678,-0.284539,20,False,False,5,0.035826,Switzerland; Australia; New Zealand; Luxembourg; Denmark,-0.021148
United States,1950,10,Canada,0.166517,False,0.020235,-0.284539,10,False,False,5,0.026774,Switzerland; Australia; New Zealand; Luxembourg; Denmark,-0.006539
United States,1950,30,Canada,0.166517,False,0.042779,-0.284539,30,False,False,5,0.032246,Switzerland; Australia; New Zealand; Luxembourg; Denmark,0.010532
United States,1960,20,Canada,0.24071,False,0.045765,-0.250836,20,False,False,5,0.003012,Australia; Sweden; Denmark; New Zealand; Netherlands,0.042753
United States,1960,10,Canada,0.24071,False,0.002153,-0.250836,10,False,False,5,-0.011564,Australia; Sweden; Denmark; New Zealand; Netherlands,0.013718
United States,1960,30,Canada,0.24071,False,0.042891,-0.250836,30,False,False,5,-0.013455,Australia; Sweden; Denmark; New Zealand; Netherlands,0.056346
United States,1970,20,Canada,0.264443,False,0.014045,-0.1907,20,False,False,5,-0.020351,Sweden; Denmark; Netherlands; Australia; Luxembourg,0.034396
United States,1970,10,Canada,0.264443,False,0.037901,-0.1907,10,False,False,5,-0.015018,Sweden; Denmark; Netherlands; Australia; Luxembourg,0.052919
United States,1970,30,Canada,0.264443,False,-0.016627,-0.1907,30,False,False,5,-0.005737,Sweden; Denmark; Netherlands; Australia; Luxembourg,-0.01089
United States,1980,20,Canada,0.231843,False,-0.043503,-0.152884,20,False,False,5,0.018623,Luxembourg; Iceland; Denmark; Norway; Sweden,-0.062126
United States,1980,10,Canada,0.231843,False,-0.020851,-0.152884,10,False,False,5,0.000637,Luxembourg; Iceland; Denmark; Norway; Sweden,-0.021487
United States,1980,30,Canada,0.231843,False,-0.025829,-0.152884,30,False,False,5,0.05753,Luxembourg; Iceland; Denmark; Norway; Sweden,-0.083359
United States,1990,20,Canada,0.241353,False,0.013468,-0.229996,20,False,False,5,0.028182,Hong Kong; Denmark; Netherlands; Australia; Belgium,-0.014714
United States,1990,10,Canada,0.241353,False,-0.011971,-0.229996,10,False,False,5,0.013866,Hong Kong; Denmark; Netherlands; Australia; Belgium,-0.025837
United States,1990,30,Canada,0.241353,False,0.019909,-0.229996,29,False,False,5,0.041858,Hong Kong; Denmark; Netherlands; Australia; Belgium,-0.021949
Uruguay,1900,20,Brazil,0.224387,False,0.012707,-1.419941,20,False,False,5,0.099976,Malaysia; India; Colombia; Taiwan; Philippines,-0.087269
Uruguay,1900,10,Brazil,0.224387,False,-0.043504,-1.419941,10,False,False,5,-0.056474,Malaysia; India; Colombia; Taiwan; Indonesia,0.012971
Uruguay,1900,30,Brazil,0.224387,False,0.084033,-1.419941,30,False,False,5,0.176989,Malaysia; India; Colombia; Taiwan; Philippines,-0.092956
Uruguay,1910,20,Germany,0.202692,True,0.020088,0.176195,20,True,False,5,0.060372,Austria; Denmark; Netherlands; Chile; Belgium,-0.040284
Uruguay,1910,10,Germany,0.202692,False,-0.016842,0.176195,10,True,False,5,0.021893,Austria; Denmark; Netherlands; Chile; Belgium,-0.038735
Uruguay,1910,30,Germany,0.202692,False,0.054761,0.176195,30,True,False,5,0.032523,Austria; Denmark; Netherlands; Chile; Belgium,0.022238
Uruguay,1920,20,France,0.547756,True,-0.013127,0.381867,20,True,False,5,-0.001292,Canada; Sweden; Germany; Denmark; Belgium,-0.011835
Uruguay,1920,10,France,0.547756,False,-0.002651,0.381867,10,True,False,5,-0.042177,Canada; Sweden; Germany; Denmark; Belgium,0.039526
Uruguay,1920,30,France,0.547756,False,-0.127402,0.381867,30,True,False,5,0.001936,Canada; Sweden; Germany; Denmark; Belgium,-0.129339
Uruguay,1930,20,United Kingdom,0.213813,True,0.083496,0.575036,20,True,False,5,0.014255,Denmark; Netherlands; Australia; New Zealand; Switzerland,0.069241
Uruguay,1930,10,United Kingdom,0.213813,False,0.112864,0.575036,10,True,False,5,0.085516,Denmark; Netherlands; Australia; New Zealand; Switzerland,0.027348
Uruguay,1930,30,United Kingdom,0.213813,False,-0.032321,0.575036,30,True,False,5,-0.019166,Denmark; Netherlands; Australia; New Zealand; Switzerland,-0.013154
Uruguay,1940,20,United Kingdom,0.245584,False,-0.188913,0.859426,20,True,False,3,-0.099101,Australia; New Zealand; Canada,-0.089811
Uruguay,1940,10,United Kingdom,0.245584,False,-0.131305,0.859426,10,True,False,3,-0.026444,Australia; New Zealand; Canada,-0.104861
Uruguay,1940,30,United Kingdom,0.245584,False,-0.068895,0.859426,30,True,False,3,0.00041,Australia; New Zealand; Canada,-0.069305
Uruguay,1950,20,United States,0.388133,True,0.140389,0.755208,20,True,False,2,0.141004,Luxembourg; New Zealand,-0.000615
Uruguay,1950,10,United States,0.388133,False,0.010051,0.755208,10,True,False,2,0.026096,Luxembourg; New Zealand,-0.016045
Uruguay,1950,30,United States,0.388133,False,0.170899,0.755208,30,True,False,2,0.157551,Luxembourg; New Zealand,0.013348
Uruguay,1960,20,United Kingdom,0.174495,True,0.083529,0.641173,20,True,False,5,0.117734,Australia; Canada; Sweden; Denmark; New Zealand,-0.034205
Uruguay,1960,10,United Kingdom,0.174495,False,0.099724,0.641173,10,True,False,5,0.136596,Australia; Canada; Sweden; Denmark; New Zealand,-0.036872
Uruguay,1960,30,United Kingdom,0.174495,False,0.086167,0.641173,30,True,False,5,0.107313,Australia; Canada; Sweden; Denmark; New Zealand,-0.021146
Uruguay,1970,20,United Kingdom,0.18192,False,0.02927,0.826068,20,True,False,5,0.066547,Germany; Belgium; Norway; New Zealand; Iceland,-0.037277
Uruguay,1970,10,United Kingdom,0.18192,False,-0.008532,0.826068,10,True,False,5,0.031094,Germany; Belgium; Norway; New Zealand; Iceland,-0.039626
Uruguay,1970,30,United Kingdom,0.18192,False,0.019956,0.826068,30,True,False,5,0.046239,Germany; Belgium; Norway; New Zealand; Iceland,-0.026282
Uruguay,1980,20,Brazil,0.225377,True,-0.046435,-0.237415,20,False,False,5,-0.313261,Azerbaijan; Iraq; Montenegro; Uzbekistan; Oman,0.266826
Uruguay,1980,10,Brazil,0.225377,False,0.042339,-0.237415,10,False,False,5,0.012058,Azerbaijan; Iraq; Montenegro; Uzbekistan; Oman,0.03028
Uruguay,1980,30,Brazil,0.225377,False,0.020531,-0.237415,30,False,False,5,-0.103218,Azerbaijan; Iraq; Montenegro; Uzbekistan; Oman,0.123749
Uruguay,1990,20,Brazil,0.25906,False,0.08768,-0.329958,20,False,False,5,0.153961,Bahrain; North Macedonia; Poland; Costa Rica; Colombia,-0.066281
Uruguay,1990,10,Brazil,0.25906,False,-0.028988,-0.329958,10,False,False,5,-0.006138,Bahrain; North Macedonia; Poland; Costa Rica; Colombia,-0.02285
Uruguay,1990,30,Brazil,0.25906,False,0.050879,-0.329958,29,False,False,5,0.14115,Bahrain; North Macedonia; Poland; Costa Rica; Colombia,-0.090271
Venezuela,1900,20,United States,0.961806,False,0.042461,1.585618,20,True,False,1,0.044895,New Zealand,-0.002434
Venezuela,1900,10,United States,0.961806,False,0.098732,1.585618,10,True,False,1,0.103022,New Zealand,-0.00429
Venezuela,1900,30,United States,0.961806,False,-0.009151,1.585618,30,True,False,1,-0.051988,New Zealand,0.042837
Venezuela,1910,20,United States,0.43338,False,-0.091053,1.715951,20,True,False,3,-0.152831,New Zealand; Australia; Switzerland,0.061777
Venezuela,1910,10,United States,0.43338,False,-0.081159,1.715951,10,True,False,3,-0.147803,New Zealand; Australia; Switzerland,0.066644
Venezuela,1910,30,United States,0.43338,False,-0.259863,1.715951,30,True,False,3,-0.248042,New Zealand; Australia; Switzerland,-0.011821
Venezuela,1920,20,France,0.361746,True,-0.177568,1.039357,20,True,False,5,-0.171611,Argentina; Canada; Sweden; Germany; Denmark,-0.005957
Venezuela,1920,10,France,0.361746,False,-0.01707,1.039357,10,True,False,5,-0.058759,Argentina; Canada; Sweden; Germany; Denmark,0.041689
Venezuela,1920,30,France,0.361746,False,-0.418504,1.039357,30,True,False,5,-0.277325,Argentina; Canada; Sweden; Germany; Denmark,-0.141178
Venezuela,1930,20,United States,0.450108,True,-0.13083,1.148986,20,True,False,5,-0.303879,United Kingdom; Switzerland; Netherlands; Belgium; Australia,0.173049
Venezuela,1930,10,United States,0.450108,False,-0.168409,1.148986,10,True,False,5,-0.168434,United Kingdom; Switzerland; Netherlands; Belgium; Australia,2.5e-05
Venezuela,1930,30,United States,0.450108,False,-0.268879,1.148986,30,True,False,5,-0.388785,United Kingdom; Switzerland; Netherlands; Belgium; Australia,0.119905
Venezuela,1940,20,United States,0.378381,False,-0.312072,1.173786,20,True,False,0,,,
Venezuela,1940,10,United States,0.378381,False,-0.173469,1.173786,10,True,False,0,,,
Venezuela,1940,30,United States,0.378381,False,-0.293013,1.173786,30,True,False,0,,,
Venezuela,1950,20,United States,0.511838,False,-0.064785,0.562534,20,True,False,2,-0.06417,Luxembourg; New Zealand,-0.000615
Venezuela,1950,10,United States,0.511838,False,-0.102573,0.562534,10,True,False,2,-0.086529,Luxembourg; New Zealand,-0.016045
Venezuela,1950,30,United States,0.511838,False,-0.026251,0.562534,30,True,False,2,-0.039599,Luxembourg; New Zealand,0.013348
Venezuela,1960,20,United States,0.474402,False,0.050753,0.389344,20,True,False,5,0.041461,Switzerland; Luxembourg; New Zealand; Denmark; Sweden,0.009292
Venezuela,1960,10,United States,0.474402,False,0.045023,0.389344,10,True,False,5,0.024587,Switzerland; Luxembourg; New Zealand; Denmark; Sweden,0.020436
Venezuela,1960,30,United States,0.474402,False,0.165777,0.389344,30,True,False,5,0.148539,Switzerland; Luxembourg; New Zealand; Denmark; Sweden,0.017238
Venezuela,1970,20,United States,0.471218,False,0.186582,0.495723,20,True,False,5,0.163509,Switzerland; Luxembourg; Denmark; Sweden; Netherlands,0.023073
Venezuela,1970,10,United States,0.471218,False,0.018425,0.495723,10,True,False,5,-0.003252,Switzerland; Luxembourg; Denmark; Sweden; Netherlands,0.021677
Venezuela,1970,30,United States,0.471218,False,0.242211,0.495723,30,True,False,5,0.233813,Switzerland; Luxembourg; Denmark; Sweden; Netherlands,0.008398
Venezuela,1980,20,United States,0.467729,False,0.17728,0.699667,20,True,False,5,0.11984,Qatar; Switzerland; Luxembourg; Iceland; Denmark,0.05744
Venezuela,1980,10,United States,0.467729,False,0.19363,0.699667,10,True,False,5,0.045894,Qatar; Switzerland; Luxembourg; Iceland; Denmark,0.147735
Venezuela,1980,30,United States,0.467729,False,0.193352,0.699667,30,True,False,5,0.253213,Qatar; Switzerland; Luxembourg; Iceland; Denmark,-0.059861
Venezuela,1990,20,United States,0.614742,False,0.089163,0.966869,20,True,False,5,0.157245,Luxembourg; Switzerland; Norway; Denmark; Hong Kong,-0.068082
Venezuela,1990,10,United States,0.614742,False,0.05895,0.966869,10,True,False,5,0.093667,Luxembourg; Switzerland; Norway; Denmark; Hong Kong,-0.034717
Venezuela,1990,30,United States,0.614742,False,0.077703,0.966869,29,True,False,5,0.163298,Luxembourg; Switzerland; Norway; Denmark; Hong Kong,-0.085595
Vietnam,1980,20,Japan,0.408246,False,-0.089346,2.852705,20,True,True,5,-0.12895,Austria; Germany; Belgium; Australia; Netherlands,0.039603
Vietnam,1980,10,Japan,0.408246,False,-0.010319,2.852705,10,True,True,5,-0.063141,Austria; Germany; Belgium; Australia; Netherlands,0.052822
Vietnam,1980,30,Japan,0.408246,False,-0.239816,2.852705,30,True,True,5,-0.20999,Austria; Germany; Belgium; Australia; Netherlands,-0.029827
Vietnam,1990,20,Former USSR,0.385839,True,-0.222003,1.6132,20,True,False,5,-0.174057,Turkey; Seychelles; Malaysia; Hungary; Syria,-0.047946
Vietnam,1990,10,Former USSR,0.385839,False,-0.452859,1.6132,10,True,False,5,-0.099691,Turkey; Seychelles; Malaysia; Hungary; Syria,-0.353167
Vietnam,1990,30,Former USSR,0.385839,False,-0.168503,1.6132,29,True,False,5,-0.257807,Turkey; Seychelles; Malaysia; Hungary; Syria,0.089304
Yemen,1990,20,Germany,0.288982,False,0.071914,1.984901,20,True,False,5,0.117827,Sweden; United Arab Emirates; Iceland; United Kingdom; Austria,-0.045913
Yemen,1990,10,Germany,0.288982,False,0.044405,1.984901,10,True,False,5,0.0176,Sweden; Iceland; United Kingdom; Austria; Belgium,0.026806
Yemen,1990,30,Germany,0.288982,False,0.232522,1.984901,29,True,False,5,0.247308,Sweden; United Arab Emirates; Iceland; United Kingdom; Austria,-0.014786
Zambia,1970,20,United Kingdom,0.300834,False,0.274702,2.35477,20,True,False,5,0.311979,Germany; Belgium; Norway; New Zealand; Iceland,-0.037277
Zambia,1970,10,United Kingdom,0.300834,False,0.132465,2.35477,10,True,False,5,0.172091,Germany; Belgium; Norway; New Zealand; Iceland,-0.039626
Zambia,1970,30,United Kingdom,0.300834,False,0.320046,2.35477,30,True,False,5,0.346328,Germany; Belgium; Norway; New Zealand; Iceland,-0.026282
Zambia,1980,20,Japan,0.199412,True,0.226002,2.784813,20,True,False,5,0.186399,Austria; Germany; Belgium; Australia; Netherlands,0.039603
Zambia,1980,10,Japan,0.199412,False,0.21917,2.784813,10,True,False,5,0.166348,Austria; Germany; Belgium; Australia; Netherlands,0.052822
Zambia,1980,30,Japan,0.199412,False,0.057599,2.784813,30,True,False,5,0.087426,Austria; Germany; Belgium; Australia; Netherlands,-0.029827
Zambia,1990,20,Japan,0.305835,False,-0.176266,3.191985,20,True,False,5,0.008213,Denmark; Hong Kong; Canada; United Arab Emirates; Norway,-0.184479
Zambia,1990,10,Japan,0.305835,False,0.034716,3.191985,10,True,False,5,0.114684,Denmark; Hong Kong; Canada; Norway; Netherlands,-0.079968
Zambia,1990,30,Japan,0.305835,False,-0.334386,3.191985,29,True,False,5,-0.144852,Denmark; Hong Kong; Canada; United Arab Emirates; Norway,-0.189535
Zimbabwe,1970,20,Zambia,0.451029,False,-0.134247,-0.247769,20,False,False,5,0.102012,Dominica; Haiti; Togo; Benin; Cameroon,-0.236259
Zimbabwe,1970,10,Zambia,0.451029,False,-0.020608,-0.247769,10,False,False,5,0.088338,Dominica; Haiti; Togo; Benin; Cameroon,-0.108946
Zimbabwe,1970,30,Zambia,0.451029,False,-0.139861,-0.247769,30,False,False,5,0.071487,Dominica; Haiti; Togo; Benin; Cameroon,-0.211348
Zimbabwe,1980,20,United States,0.241423,True,0.13139,2.638268,20,True,False,5,0.064124,Qatar; Switzerland; Canada; Luxembourg; Iceland,0.067266
Zimbabwe,1980,10,United States,0.241423,False,0.109496,2.638268,10,True,False,5,-0.042113,Qatar; Switzerland; Canada; Luxembourg; Iceland,0.151609
Zimbabwe,1980,30,United States,0.241423,False,0.297569,2.638268,30,True,False,5,0.348757,Qatar; Switzerland; Canada; Luxembourg; Iceland,-0.051188
Zimbabwe,1990,20,United Kingdom,0.098579,True,0.297101,2.536242,20,True,False,5,0.401746,Germany; Singapore; Sweden; United Arab Emirates; Iceland,-0.104645
Zimbabwe,1990,10,United Kingdom,0.098579,False,0.032948,2.536242,10,True,False,5,0.050992,Germany; Singapore; Sweden; Iceland; Finland,-0.018044
Zimbabwe,1990,30,United Kingdom,0.098579,False,0.303932,2.536242,29,True,False,5,0.437049,Germany; Singapore; Sweden; United Arab Emirates; Iceland,-0.133118
